temperature,humidity,heat_index,wbgt,vulnerability,population,synthetic_mortality_event,synthetic_hospitalization_event,label_source
28,35,28,25.015294215675482,15,10000,0,0,synthetic_demo
29.9,38.1,29.9,27.21021842977678,17.3,10047,1,1,synthetic_demo
31.8,41.2,31.896,29.582758432536426,19.6,10094,0,1,synthetic_demo
33.7,44.3,34.044000000000004,32.15510626403474,21.9,10141,1,1,synthetic_demo
35.6,47.4,36.192,34.95162173305419,24.2,10188,1,1,synthetic_demo
37.5,50.5,38.34,37.99898910124014,26.5,10235,1,1,synthetic_demo
39.4,53.6,40.488,41.32638087297865,28.8,10282,1,1,synthetic_demo
41.3,56.7,42.635999999999996,44.96562875690995,31.1,10329,1,1,synthetic_demo
43.2,59.8,44.784000000000006,48.95140185289628,33.4,10376,1,1,synthetic_demo
28.1,62.9,29.932000000000002,29.271118011317224,35.7,10423,0,1,synthetic_demo
30,66,32.08,31.95566214940913,38,10470,1,1,synthetic_demo
31.9,69.1,34.227999999999994,34.86672396119067,40.3,10517,1,1,synthetic_demo
33.8,72.2,36.376,38.030523448906834,42.6,10564,1,1,synthetic_demo
35.7,75.3,38.524,41.47570395472998,44.9,10611,1,1,synthetic_demo
37.6,78.4,40.672000000000004,45.23349948066675,47.2,10658,1,1,synthetic_demo
39.5,81.5,42.82,49.337909234976166,49.5,10705,1,1,synthetic_demo
41.4,84.6,44.967999999999996,53.825879457572825,51.8,10752,1,1,synthetic_demo
43.3,87.7,47.116,58.737492564474465,54.1,10799,1,1,synthetic_demo
28.2,90.8,32.263999999999996,33.57572839610479,56.4,10846,1,1,synthetic_demo
30.1,93.9,34.412,36.754791070793615,58.7,10893,1,1,synthetic_demo
32,36,32,28.811056230631213,61,10940,1,1,synthetic_demo
33.9,39.1,33.9,31.28963415228598,63.3,10987,1,1,synthetic_demo
35.8,42.2,35.976,33.983899999338895,65.6,11034,1,1,synthetic_demo
37.7,45.3,38.124,36.919908128433676,67.9,11081,1,1,synthetic_demo
39.6,48.4,40.272,40.1261652612489,70.2,11128,1,1,synthetic_demo
41.5,51.5,42.42,43.63380011423301,72.5,11175,1,1,synthetic_demo
43.4,54.6,44.568,47.47674024073437,74.8,11222,1,1,synthetic_demo
28.3,57.7,29.716,28.708374272641997,77.1,11269,1,1,synthetic_demo
30.2,60.8,31.863999999999997,31.31883596103234,79.4,11316,1,1,synthetic_demo
32.1,63.9,34.012,34.14886529933914,81.7,11363,1,1,synthetic_demo
34,67,36.16,37.22414405858204,84,11410,1,1,synthetic_demo
35.9,70.1,38.308,40.572745097494,86.3,11457,1,1,synthetic_demo
37.8,73.2,40.455999999999996,44.22529839277614,88.6,11504,1,1,synthetic_demo
39.7,76.3,42.604,48.215164278914415,90.9,11551,1,1,synthetic_demo
41.6,79.4,44.752,52.57861395129546,93.2,11598,1,1,synthetic_demo
43.5,82.5,46.9,57.35501727398137,15.5,11645,1,1,synthetic_demo
28.4,85.6,32.048,33.05796705150009,17.8,11692,1,1,synthetic_demo
30.3,88.7,34.196,36.16746758840249,20.1,11739,1,1,synthetic_demo
32.2,91.8,36.344,39.546218451753774,22.4,11786,1,1,synthetic_demo
34.1,94.9,38.492000000000004,43.22397929903255,24.7,11833,1,1,synthetic_demo
36,37,36,32.99080475793633,27,11880,1,1,synthetic_demo
37.9,40.1,37.908,35.81313354824515,29.3,11927,1,1,synthetic_demo
39.8,43.2,40.056,38.89576183272707,31.6,11974,1,1,synthetic_demo
41.7,46.3,42.204,42.269105363237855,33.9,12021,1,1,synthetic_demo
43.6,49.4,44.352000000000004,45.9663398091064,36.2,12068,1,1,synthetic_demo
28.5,52.5,29.5,28.128388817717894,38.5,12115,1,1,synthetic_demo
30.4,55.6,31.648,30.66308585454302,40.8,12162,1,1,synthetic_demo
32.3,58.7,33.796,33.41026491392041,43.1,12209,1,1,synthetic_demo
34.2,61.8,35.944,36.39506108325524,45.4,12256,1,1,synthetic_demo
36.1,64.9,38.092,39.6449679361677,47.7,12303,1,1,synthetic_demo
38,68,40.24,43.190002268708156,50,12350,1,1,synthetic_demo
39.9,71.1,42.388,47.062876028582735,52.3,12397,1,1,synthetic_demo
41.8,74.2,44.535999999999994,51.299175492399954,54.6,12444,1,1,synthetic_demo
43.7,77.3,46.684000000000005,55.93754773360892,56.9,12491,1,1,synthetic_demo
28.6,80.4,31.832,32.52337346122467,59.2,12538,1,1,synthetic_demo
30.5,83.5,33.98,35.56166390419159,61.5,12585,1,1,synthetic_demo
32.4,86.6,36.128,38.86249606522918,63.8,12632,1,1,synthetic_demo
34.3,89.7,38.275999999999996,42.455106976178726,66.1,12679,1,1,synthetic_demo
36.2,92.8,40.42400000000001,46.37135083665854,68.4,12726,1,1,synthetic_demo
38.1,95.9,42.572,50.64587442290777,70.7,12773,1,1,synthetic_demo
40,38,40,37.634741339878865,73,12820,1,1,synthetic_demo
41.9,41.1,41.988,40.87108357346045,75.3,12867,1,1,synthetic_demo
43.8,44.2,44.135999999999996,44.41970616940861,77.6,12914,1,1,synthetic_demo
28.7,47.3,29.284,27.530891719098207,79.9,12961,1,1,synthetic_demo
30.6,50.4,31.432000000000002,29.988119784700896,82.2,13008,1,1,synthetic_demo
32.5,53.5,33.58,32.65060723980157,84.5,13055,1,1,synthetic_demo
34.4,56.6,35.728,35.542933976815995,86.8,13102,1,1,synthetic_demo
36.3,59.7,37.876,38.69200542283184,89.1,13149,1,1,synthetic_demo
38.2,62.8,40.024,42.127215977465895,91.4,13196,1,1,synthetic_demo
40.1,65.9,42.172000000000004,45.88061962757939,93.7,13243,1,1,synthetic_demo
42,69,44.32,49.98710779514657,16,13290,1,1,synthetic_demo
43.9,72.1,46.467999999999996,54.484594462266486,18.3,13337,1,1,synthetic_demo
28.8,75.2,31.616,31.971680780869068,20.6,13384,0,1,synthetic_demo
30.7,78.3,33.763999999999996,34.93709125706102,22.9,13431,0,1,synthetic_demo
32.6,81.4,35.912,38.1582000573173,25.2,13478,1,1,synthetic_demo
34.5,84.5,38.06,41.66371317084858,27.5,13525,1,1,synthetic_demo
36.4,87.6,40.208,45.484921813206824,29.8,13572,1,1,synthetic_demo
38.3,90.7,42.355999999999995,49.65587654845434,32.1,13619,1,1,synthetic_demo
40.2,93.8,44.504000000000005,54.213568703801045,34.4,13666,1,1,synthetic_demo
42.1,35.9,42.1,39.43926910616755,36.7,13713,1,1,synthetic_demo
44,39,44,42.836339962823196,39,13760,1,1,synthetic_demo
28.9,42.1,29.067999999999998,26.915609943201552,41.3,13807,1,1,synthetic_demo
30.8,45.2,31.216,29.293642400692107,43.6,13854,1,1,synthetic_demo
32.7,48.3,33.364000000000004,31.869573198318204,45.9,13901,1,1,synthetic_demo
34.6,51.4,35.512,34.66741846303133,48.2,13948,1,1,synthetic_demo
36.5,54.5,37.66,37.7134865541167,50.5,13995,1,1,synthetic_demo
38.4,57.6,39.808,41.03654019844326,52.8,14042,1,1,synthetic_demo
40.3,60.7,41.955999999999996,44.66796578682123,55.1,14089,1,1,synthetic_demo
42.2,63.8,44.104,48.641949889056015,57.4,14136,1,1,synthetic_demo
44.1,66.9,46.252,52.995663033018715,59.7,14183,1,1,synthetic_demo
29,70,31.4,31.402619077836366,62,14230,1,1,synthetic_demo
30.9,73.1,33.548,34.29345759907097,64.3,14277,1,1,synthetic_demo
32.8,76.2,35.696,37.43301486281884,66.6,14324,1,1,synthetic_demo
34.7,79.3,37.844,40.84945733967948,68.9,14371,1,1,synthetic_demo
36.6,82.4,39.992000000000004,44.573504435514,71.2,14418,1,1,synthetic_demo
38.5,85.5,42.14,48.63860132257174,73.5,14465,1,1,synthetic_demo
40.4,88.6,44.288,53.081099046054774,75.8,14512,1,1,synthetic_demo
42.3,91.7,46.436,57.940441950107996,78.1,14559,1,1,synthetic_demo
44.2,94.8,48.584,63.25936245465567,80.4,14606,1,1,synthetic_demo
29.1,36.9,29.1,26.28226732407773,82.7,14653,1,1,synthetic_demo
31,40,31,28.579355018758413,85,14700,1,1,synthetic_demo
32.9,43.1,33.147999999999996,31.066840168751003,87.3,14747,1,1,synthetic_demo
34.8,46.2,35.296,33.76816650585539,89.6,14794,1,1,synthetic_demo
36.7,49.3,37.444,36.7090363403315,91.9,14841,1,1,synthetic_demo
38.6,52.4,39.592,39.917571389362735,94.2,14888,1,1,synthetic_demo
40.5,55.5,41.74,43.42448075127923,16.5,14935,1,1,synthetic_demo
42.4,58.6,43.888,47.26323608443417,18.8,14982,1,1,synthetic_demo
44.3,61.7,46.035999999999994,51.47025403739228,21.1,15029,1,1,synthetic_demo
29.2,64.8,31.183999999999997,30.815915305177523,23.4,15076,1,1,synthetic_demo
31.1,67.9,33.332,33.63046756814127,25.7,15123,1,1,synthetic_demo
33,71,35.48,36.68662139408179,28,15170,1,1,synthetic_demo
34.9,74.1,37.628,40.01199519990576,30.3,15217,1,1,synthetic_demo
36.8,77.2,39.775999999999996,43.636727696306934,32.6,15264,1,1,synthetic_demo
38.7,80.3,41.924,47.593649423551355,34.9,15311,1,1,synthetic_demo
40.6,83.4,44.072,51.91846154607087,37.2,15358,1,1,synthetic_demo
42.5,86.5,46.22,56.64992195112691,39.5,15405,1,1,synthetic_demo
44.4,89.6,48.367999999999995,61.83003868427807,41.8,15452,1,1,synthetic_demo
29.3,92.7,33.516,35.40113837799989,44.1,15499,1,1,synthetic_demo
31.2,95.8,35.664,38.738285803744745,46.4,15546,1,1,synthetic_demo
33.1,37.9,33.1,30.242081959653934,48.7,15593,1,1,synthetic_demo
35,41,35.08,32.844826279588794,51,15640,1,1,synthetic_demo
36.9,44.1,37.228,35.678275774442106,53.3,15687,1,1,synthetic_demo
38.8,47.2,39.376,38.76990175405973,55.6,15734,1,1,synthetic_demo
40.7,50.3,41.524,42.149726266559746,57.9,15781,1,1,synthetic_demo
42.6,53.4,43.672000000000004,45.850495937741485,60.2,15828,1,1,synthetic_demo
44.5,56.5,45.82,49.90786304952633,62.5,15875,1,1,synthetic_demo
29.4,59.6,30.968,30.211293275282156,64.8,15922,1,1,synthetic_demo
31.3,62.7,33.116,32.94782246060444,67.1,15969,1,1,synthetic_demo
33.2,65.8,35.264,35.91869701240084,69.4,16016,1,1,synthetic_demo
35.1,68.9,37.412,39.150978699590375,71.7,16063,1,1,synthetic_demo
37,72,39.56,42.6742165922684,74,16110,1,1,synthetic_demo
38.9,75.1,41.708,46.52061729792153,76.3,16157,1,1,synthetic_demo
40.8,78.2,43.855999999999995,50.725222440222986,78.6,16204,1,1,synthetic_demo
42.7,81.3,46.004000000000005,55.3260934269553,80.9,16251,1,1,synthetic_demo
44.6,84.4,48.152,60.36450354111574,83.2,16298,1,1,synthetic_demo
29.5,87.5,33.3,34.84407240783453,85.5,16345,1,1,synthetic_demo
31.4,90.6,35.448,38.1079312793089,87.8,16392,1,1,synthetic_demo
33.3,93.7,37.596,41.658149073062305,90.1,16439,1,1,synthetic_demo
35.2,35.8,35.2,31.897042138887432,92.4,16486,1,1,synthetic_demo
37.1,38.9,37.1,34.62082180089661,94.7,16533,1,1,synthetic_demo
39,42,39.16,37.593119210113635,17,16580,1,1,synthetic_demo
40.9,45.1,41.308,40.84325954533099,19.3,16627,1,1,synthetic_demo
42.8,48.2,43.455999999999996,44.403254216806744,21.6,16674,1,1,synthetic_demo
44.7,51.3,45.604,48.30798059016655,23.9,16721,1,1,synthetic_demo
29.6,54.4,30.752000000000002,29.588473633424666,26.2,16768,0,1,synthetic_demo
31.5,57.5,32.9,32.24522020361188,28.5,16815,1,1,synthetic_demo
33.4,60.6,35.048,35.12891549926816,30.8,16862,1,1,synthetic_demo
35.3,63.7,37.196,38.2660559877058,33.1,16909,1,1,synthetic_demo
37.2,66.8,39.344,41.685592092935536,35.4,16956,1,1,synthetic_demo
39.1,69.9,41.492000000000004,45.41909712815212,37.7,17003,1,1,synthetic_demo
41,73,43.64,49.500943454975996,40,17050,1,1,synthetic_demo
42.9,76.1,45.788,53.968485917293606,42.3,17097,1,1,synthetic_demo
44.8,79.2,47.936,58.86225258508223,44.6,17144,1,1,synthetic_demo
29.7,82.3,33.083999999999996,34.2692378668715,46.9,17191,1,1,synthetic_demo
31.6,85.4,35.232,37.45808416167591,49.2,17238,1,1,synthetic_demo
33.5,88.5,37.38,40.926283567946804,51.5,17285,1,1,synthetic_demo
35.4,91.6,39.528,44.70458301691618,53.8,17332,1,1,synthetic_demo
37.3,94.7,41.675999999999995,48.82644824400796,56.1,17379,1,1,synthetic_demo
39.2,36.8,39.2,36.38680735632508,58.4,17426,1,1,synthetic_demo
41.1,39.9,41.1,39.504633233594845,60.7,17473,1,1,synthetic_demo
43,43,43.24,42.921030865885,63,17520,1,1,synthetic_demo
44.9,46.1,45.388,46.67009209050275,65.3,17567,1,1,synthetic_demo
29.8,49.2,30.536,28.947173831165326,67.6,17614,1,1,synthetic_demo
31.7,52.3,32.684,31.522355327393054,69.9,17661,1,1,synthetic_demo
33.6,55.4,34.832,34.31694702747524,72.2,17708,1,1,synthetic_demo
35.5,58.5,36.98,37.35687138406449,74.5,17755,1,1,synthetic_demo
37.4,61.6,39.128,40.670471109446154,76.8,17802,1,1,synthetic_demo
39.3,64.7,41.275999999999996,44.2886768002054,79.1,17849,1,1,synthetic_demo
41.2,67.8,43.424,48.24518177323188,81.4,17896,1,1,synthetic_demo
43.1,70.9,45.572,52.57662416220954,83.7,17943,1,1,synthetic_demo
28,74,30.72,30.808793484571023,86,17990,1,1,synthetic_demo
29.9,77.1,32.867999999999995,33.67635540513883,88.3,18037,1,1,synthetic_demo
31.8,80.2,35.016,36.78844238566556,90.6,18084,1,1,synthetic_demo
33.7,83.3,37.164,40.172737060814754,92.9,18131,1,1,synthetic_demo
35.6,86.4,39.312000000000005,43.85943708303549,15.2,18178,1,1,synthetic_demo
37.5,89.5,41.46,47.88142622893056,17.5,18225,1,1,synthetic_demo
39.4,92.6,43.608,52.27445277682506,19.8,18272,1,1,synthetic_demo
41.3,95.7,45.756,57.07731520346178,22.1,18319,1,1,synthetic_demo
43.2,37.8,43.2,41.40334097055985,24.4,18366,1,1,synthetic_demo
28.1,40.9,28.172,25.98391298351152,26.7,18413,0,1,synthetic_demo
30,44,30.32,28.287108099606083,29,18460,1,1,synthetic_demo
31.9,47.1,32.467999999999996,30.778918937367305,31.3,18507,1,1,synthetic_demo
33.8,50.2,34.616,33.48245813206542,33.6,18554,1,1,synthetic_demo
35.7,53.3,36.764,36.42306534909838,35.9,18601,1,1,synthetic_demo
37.6,56.4,38.912,39.62846646313271,38.2,18648,1,1,synthetic_demo
39.5,59.5,41.06,43.128939870933515,40.5,18695,1,1,synthetic_demo
41.4,62.6,43.208,46.95749000052079,42.8,18742,1,1,synthetic_demo
43.3,65.7,45.355999999999995,51.150028067114846,45.1,18789,1,1,synthetic_demo
28.2,68.8,30.503999999999998,30.26934926929526,47.4,18836,1,1,synthetic_demo
30.1,71.9,32.652,33.065142470607675,49.7,18883,1,1,synthetic_demo
32,75,34.8,36.09870048048169,52,18930,1,1,synthetic_demo
33.9,78.1,36.948,39.39717972617736,54.3,18977,1,1,synthetic_demo
35.8,81.2,39.096,42.990219903941195,56.6,19024,1,1,synthetic_demo
37.7,84.3,41.244,46.910113801919636,58.9,19071,1,1,synthetic_demo
39.6,87.4,43.392,51.191984376718054,61.2,19118,1,1,synthetic_demo
41.5,90.5,45.54,55.87396913277841,63.5,19165,1,1,synthetic_demo
43.4,93.6,47.687999999999995,60.997411841258916,65.8,19212,1,1,synthetic_demo
28.3,35.7,28.3,25.382723770074858,68.1,19259,1,1,synthetic_demo
30.2,38.8,30.2,27.6079874225009,70.4,19306,1,1,synthetic_demo
32.1,41.9,32.252,30.01459868610814,72.7,19353,1,1,synthetic_demo
34,45,34.4,32.62511168113719,75,19400,1,1,synthetic_demo
35.9,48.1,36.548,35.46427445348732,77.3,19447,1,1,synthetic_demo
37.8,51.2,38.696,38.55918685396363,79.6,19494,1,1,synthetic_demo
39.7,54.3,40.844,41.93946553532179,81.9,19541,1,1,synthetic_demo
41.6,57.4,42.992000000000004,45.63741613103727,84.2,19588,1,1,synthetic_demo
43.5,60.5,45.14,49.688212667586335,86.5,19635,1,1,synthetic_demo
28.4,63.6,30.288,29.71294748218932,88.8,19682,1,1,synthetic_demo
30.3,66.7,32.436,32.43531328237256,91.1,19729,1,1,synthetic_demo
32.2,69.8,34.584,35.38854954174743,93.4,19776,1,1,synthetic_demo
34.1,72.9,36.732,38.59927809166989,15.7,19823,1,1,synthetic_demo
36,76,38.88,42.09657193522057,18,19870,1,1,synthetic_demo
37.9,79.1,41.028,45.912123782199274,20.3,19917,1,1,synthetic_demo
39.8,82.2,43.175999999999995,50.080421820605665,22.6,19964,1,1,synthetic_demo
41.7,85.3,45.324000000000005,54.638932775036494,24.9,20011,1,1,synthetic_demo
43.6,88.4,47.472,59.62829228997988,27.2,20058,1,1,synthetic_demo
28.5,91.5,32.62,34.09270622516547,29.5,20105,1,1,synthetic_demo
30.4,94.6,34.768,37.31713528488794,31.8,20152,1,1,synthetic_demo
32.3,36.7,32.3,29.22907874515978,34.1,20199,0,1,synthetic_demo
34.2,39.8,34.2,31.744566846497715,36.4,20246,1,1,synthetic_demo
36.1,42.9,36.332,34.480131347636274,38.7,20293,1,1,synthetic_demo
38,46,38.48,37.46223682883199,41,20340,1,1,synthetic_demo
39.9,49.1,40.628,40.71982859357823,43.3,20387,1,1,synthetic_demo
41.8,52.2,42.775999999999996,44.28450351352126,45.6,20434,1,1,synthetic_demo
43.7,55.3,44.924,48.190688094030705,47.9,20481,1,1,synthetic_demo
28.6,58.4,30.072000000000003,29.13932102158608,50.2,20528,1,1,synthetic_demo
30.5,61.5,32.22,31.786578803686023,52.5,20575,1,1,synthetic_demo
32.4,64.6,34.367999999999995,34.657677203392666,54.8,20622,1,1,synthetic_demo
34.3,67.7,36.516,37.778695008777035,57.1,20669,1,1,synthetic_demo
36.2,70.8,38.664,41.17812973314035,59.4,20716,1,1,synthetic_demo
38.1,73.9,40.812000000000005,44.887064857694305,61.7,20763,1,1,synthetic_demo
40,77,42.96,48.939344293965064,64,20810,1,1,synthetic_demo
41.9,80.1,45.108,53.371754117620014,66.3,20857,1,1,synthetic_demo
43.8,83.2,47.256,58.22421161300447,68.6,20904,1,1,synthetic_demo
28.7,86.3,32.403999999999996,33.564753813069245,70.9,20951,1,1,synthetic_demo
30.6,89.4,34.552,36.718652951433725,73.2,20998,1,1,synthetic_demo
32.5,92.5,36.7,40.14670410619898,75.5,21045,1,1,synthetic_demo
34.4,95.6,38.848,43.87910403151253,77.8,21092,1,1,synthetic_demo
36.3,37.7,36.3,33.47026473100101,80.1,21139,1,1,synthetic_demo
38.2,40.8,38.264,36.337216749691216,82.4,21186,1,1,synthetic_demo
40.1,43.9,40.412,39.469599418068825,84.7,21233,1,1,synthetic_demo
42,47,42.56,42.8982908169839,87,21280,1,1,synthetic_demo
43.9,50.1,44.708,46.6569595361935,89.3,21327,1,1,synthetic_demo
28.8,53.2,29.856,28.548199701359504,91.6,21374,1,1,synthetic_demo
30.7,56.3,32.004,31.118646714847195,93.9,21421,1,1,synthetic_demo
32.6,59.4,34.152,33.905767609393706,16.2,21468,1,1,synthetic_demo
34.5,62.5,36.3,36.935089623408714,18.5,21515,1,1,synthetic_demo
36.4,65.6,38.448,40.234525924045286,20.8,21562,1,1,synthetic_demo
38.3,68.7,40.596,43.8345415532394,23.1,21609,1,1,synthetic_demo
40.2,71.8,42.744,47.768326577109974,25.4,21656,1,1,synthetic_demo
42.1,74.9,44.892,52.07197649169777,27.7,21703,1,1,synthetic_demo
44,78,47.04,56.7846799256464,30,21750,1,1,synthetic_demo
28.9,81.1,32.187999999999995,33.01972129201059,32.3,21797,1,1,synthetic_demo
30.8,84.2,34.336,36.10142234819193,34.6,21844,1,1,synthetic_demo
32.7,87.3,36.484,39.45048944540743,36.9,21891,1,1,synthetic_demo
34.6,90.4,38.632000000000005,43.096592005020085,39.2,21938,1,1,synthetic_demo
36.5,93.5,40.78,47.0720457396314,41.5,21985,1,1,synthetic_demo
38.4,35.6,38.4,35.183722761537844,43.8,22032,1,1,synthetic_demo
40.3,38.7,40.3,38.18834392009854,46.1,22079,1,1,synthetic_demo
42.2,41.8,42.344,41.47831199627808,48.4,22126,1,1,synthetic_demo
44.1,44.9,44.492000000000004,45.086527207511814,50.7,22173,1,1,synthetic_demo
29,48,29.64,27.93931022480208,53,22220,1,1,synthetic_demo
30.9,51.1,31.788,30.43122138594428,55.3,22267,1,1,synthetic_demo
32.8,54.2,33.936,33.13250138536458,57.6,22314,1,1,synthetic_demo
34.7,57.3,36.084,36.06811734632578,59.9,22361,1,1,synthetic_demo
36.6,60.4,38.232,39.26538917360492,62.2,22408,1,1,synthetic_demo
38.5,63.5,40.38,42.75415419863515,64.5,22455,1,1,synthetic_demo
40.4,66.6,42.528,46.566939012045694,66.8,22502,1,1,synthetic_demo
42.3,69.7,44.675999999999995,50.73913853786834,69.1,22549,1,1,synthetic_demo
44.2,72.8,46.824000000000005,55.30920239133896,71.4,22596,1,1,synthetic_demo
29.1,75.9,31.972,32.45733847960703,73.7,22643,1,1,synthetic_demo
31,79,34.12,35.46515116204786,76,22690,1,1,synthetic_demo
32.9,82.1,36.268,38.733407838850525,78.3,22737,1,1,synthetic_demo
34.8,85.2,38.416,42.29124212768137,80.6,22784,1,1,synthetic_demo
36.7,88.3,40.564,46.17040180225703,82.9,22831,1,1,synthetic_demo
38.6,91.4,42.712,50.40542414098768,85.2,22878,1,1,synthetic_demo
40.5,94.5,44.86,55.033818576502476,87.5,22925,1,1,synthetic_demo
42.4,36.6,42.4,40.024096257513484,89.8,22972,1,1,synthetic_demo
44.3,39.7,44.3,43.47888630931075,92.1,23019,1,1,synthetic_demo
29.2,42.8,29.424,27.312376158357992,94.4,23066,1,1,synthetic_demo
31.1,45.9,31.572000000000003,29.724003849450433,16.7,23113,0,1,synthetic_demo
33,49,33.72,32.33755561000011,19,23160,0,1,synthetic_demo
34.9,52.1,35.868,35.17742982341552,21.3,23207,1,1,synthetic_demo
36.8,55.2,38.016,38.27034415590858,23.6,23254,1,1,synthetic_demo
38.7,58.3,40.164,41.64549889655098,25.9,23301,1,1,synthetic_demo
40.6,61.4,42.312000000000005,45.334747469169685,28.2,23348,1,1,synthetic_demo
42.5,64.5,44.46,49.37277417164955,30.5,23395,1,1,synthetic_demo
44.4,67.6,46.608,53.79727918590623,32.8,23442,1,1,synthetic_demo
29.3,70.7,31.756,31.877332074698952,35.1,23489,1,1,synthetic_demo
31.2,73.8,33.903999999999996,34.80954376113113,37.4,23536,1,1,synthetic_demo
33.1,76.9,36.052,37.995139912859834,39.7,23583,1,1,synthetic_demo
35,80,38.2,41.46270981383181,42,23630,1,1,synthetic_demo
36.9,83.1,40.348,45.24342441850656,44.3,23677,1,1,synthetic_demo
38.8,86.2,42.495999999999995,49.37121040677859,46.6,23724,1,1,synthetic_demo
40.7,89.3,44.644000000000005,53.88293152293808,48.9,23771,1,1,synthetic_demo
42.6,92.4,46.792,58.81857724058641,51.2,23818,1,1,synthetic_demo
44.5,95.5,48.94,64.22145878282771,53.5,23865,1,1,synthetic_demo
29.4,37.6,29.4,26.667117905211562,55.8,23912,1,1,synthetic_demo
31.3,40.7,31.356,28.99669177267306,58.1,23959,1,1,synthetic_demo
33.2,43.8,33.504000000000005,31.520603786370163,60.4,24006,1,1,synthetic_demo
35.1,46.9,35.652,34.26267490581696,62.7,24053,1,1,synthetic_demo
37,50,37.8,37.24901152240861,65,24100,1,1,synthetic_demo
38.9,53.1,39.948,40.50816749027475,67.3,24147,1,1,synthetic_demo
40.8,56.2,42.096,44.07131331381754,69.6,24194,1,1,synthetic_demo
42.7,59.3,44.244,47.972412548812414,71.9,24241,1,1,synthetic_demo
44.6,62.4,46.392,52.24840546167798,74.2,24288,1,1,synthetic_demo
29.5,65.5,31.54,31.279425631007566,76.5,24335,1,1,synthetic_demo
31.4,68.6,33.687999999999995,34.13430116733544,78.8,24382,1,1,synthetic_demo
33.3,71.7,35.836,37.23536273787158,81.1,24429,1,1,synthetic_demo
35.2,74.8,37.984,40.6106467035972,83.4,24476,1,1,synthetic_demo
37.1,77.9,40.132000000000005,44.290738259379076,85.7,24523,1,1,synthetic_demo
39,81,42.28,48.308944190933445,88,24570,1,1,synthetic_demo
40.9,84.1,44.428,52.701472899386616,90.3,24617,1,1,synthetic_demo
42.8,87.2,46.576,57.50762173662963,92.6,24664,1,1,synthetic_demo
44.7,90.3,48.724000000000004,62.76997168210603,94.9,24711,1,1,synthetic_demo
29.6,93.4,33.872,35.94409259856367,17.2,24758,1,1,synthetic_demo
31.5,35.5,31.5,28.248979430056032,19.5,24805,1,1,synthetic_demo
33.4,38.6,33.4,30.6813158130652,21.8,24852,1,1,synthetic_demo
35.3,41.7,35.436,33.323496619895316,24.1,24899,1,1,synthetic_demo
37.2,44.8,37.584,36.201007870711265,26.4,24946,1,1,synthetic_demo
39.1,47.9,39.732,39.34174753130882,28.7,24993,1,1,synthetic_demo
41,51,41.88,42.77619337265446,31,25040,1,1,synthetic_demo
42.9,54.1,44.028,46.53757803055959,33.3,25087,1,1,synthetic_demo
44.8,57.2,46.175999999999995,50.66207131144827,35.6,25134,1,1,synthetic_demo
29.7,60.3,31.323999999999998,30.66333953064826,37.9,25181,1,1,synthetic_demo
31.6,63.4,33.472,33.43912102869148,40.2,25228,1,1,synthetic_demo
33.5,66.5,35.62,36.453749799643646,42.5,25275,1,1,synthetic_demo
35.4,69.6,37.768,39.73470063294068,44.8,25322,1,1,synthetic_demo
37.3,72.7,39.916,43.311963963457,47.1,25369,1,1,synthetic_demo
39.2,75.8,42.064,47.218217326343506,49.4,25416,1,1,synthetic_demo
41.1,78.9,44.212,51.4890040634244,51.7,25463,1,1,synthetic_demo
43,82,46.36,56.16291932564117,54,25510,1,1,synthetic_demo
44.9,85.1,48.507999999999996,61.28180340350941,56.3,25557,1,1,synthetic_demo
29.8,88.2,33.656,35.37628723391832,58.6,25604,1,1,synthetic_demo
31.7,91.3,35.804,38.687360256041785,60.9,25651,1,1,synthetic_demo
33.6,94.4,37.952,42.289945837430736,63.2,25698,1,1,synthetic_demo
35.5,36.5,35.5,32.359535137065876,65.5,25745,1,1,synthetic_demo
37.4,39.6,37.4,35.12594571321538,67.8,25792,1,1,synthetic_demo
39.3,42.7,39.516,38.14582224681253,70.1,25839,1,1,synthetic_demo
41.2,45.8,41.664,41.4489398999118,72.4,25886,1,1,synthetic_demo
43.1,48.9,43.812000000000005,45.0677901485479,74.7,25933,1,1,synthetic_demo
28,52,28.96,27.54066569186072,77,25980,1,1,synthetic_demo
29.9,55.1,31.107999999999997,30.028790957498703,79.3,26027,1,1,synthetic_demo
31.8,58.2,33.256,32.72369759159272,81.6,26074,1,1,synthetic_demo
33.7,61.3,35.404,35.649970970323466,83.9,26121,1,1,synthetic_demo
35.6,64.4,37.552,38.834515603558856,86.2,26168,1,1,synthetic_demo
37.5,67.5,39.7,42.30671810561802,88.5,26215,1,1,synthetic_demo
39.4,70.6,41.848,46.09861734388606,90.8,26262,1,1,synthetic_demo
41.3,73.7,43.995999999999995,50.24508182335562,93.1,26309,1,1,synthetic_demo
43.2,76.8,46.144000000000005,54.783994352883525,15.4,26356,1,1,synthetic_demo
28.1,79.9,31.292,31.811230987348907,17.7,26403,0,1,synthetic_demo
30,83,33.44,34.790453915166026,20,26450,1,1,synthetic_demo
31.9,86.1,35.588,38.02548238869055,22.3,26497,1,1,synthetic_demo
33.8,89.2,37.736,41.544937557375206,24.6,26544,1,1,synthetic_demo
35.7,92.3,39.884,45.38001560453621,26.9,26591,1,1,synthetic_demo
37.6,95.4,42.032000000000004,49.564661357852145,29.2,26638,1,1,synthetic_demo
39.5,37.5,39.5,36.91997050689087,31.5,26685,1,1,synthetic_demo
41.4,40.6,41.448,40.08910054346875,33.8,26732,1,1,synthetic_demo
43.3,43.7,43.596,43.562563569755234,36.1,26779,1,1,synthetic_demo
28.2,46.8,28.744,26.96297014248573,38.4,26826,1,1,synthetic_demo
30.1,49.9,30.892000000000003,29.37549387042174,40.7,26873,1,1,synthetic_demo
32,53,33.04,31.98772167287373,43,26920,1,1,synthetic_demo
33.9,56.1,35.187999999999995,34.82369247936684,45.3,26967,1,1,synthetic_demo
35.8,59.2,37.336,37.90973175262708,47.6,27014,1,1,synthetic_demo
37.7,62.3,39.484,41.274613165594225,49.9,27061,1,1,synthetic_demo
39.6,65.4,41.632000000000005,44.949727439786734,52.2,27108,1,1,synthetic_demo
41.5,68.5,43.78,48.96925840436819,54.5,27155,1,1,synthetic_demo
43.4,71.6,45.928,53.3703663230143,56.8,27202,1,1,synthetic_demo
28.3,74.7,31.076,31.278195115534785,59.1,27249,1,1,synthetic_demo
30.2,77.8,33.224,34.186309831715725,61.4,27296,1,1,synthetic_demo
32.1,80.9,35.372,37.34352586410856,63.7,27343,1,1,synthetic_demo
34,84,37.52,40.77794180478942,66,27390,1,1,synthetic_demo
35.9,87.1,39.668,44.52019968604461,68.3,27437,1,1,synthetic_demo
37.8,90.2,41.815999999999995,48.60365730913125,70.6,27484,1,1,synthetic_demo
39.7,93.3,43.964000000000006,53.06456785350872,72.9,27531,1,1,synthetic_demo
41.6,35.4,41.6,38.69621831077908,75.2,27578,1,1,synthetic_demo
43.5,38.5,43.5,42.0214080611913,77.5,27625,1,1,synthetic_demo
28.4,41.6,28.528,26.367927912878553,79.8,27672,1,1,synthetic_demo
30.3,44.7,30.676000000000002,28.703158976342632,82.1,27719,1,1,synthetic_demo
32.2,47.8,32.824000000000005,31.230880631741076,84.4,27766,1,1,synthetic_demo
34.1,50.9,34.972,33.97457688430723,86.7,27813,1,1,synthetic_demo
36,54,37.12,36.959985322393564,89,27860,1,1,synthetic_demo
37.9,57.1,39.268,40.215257496379,91.3,27907,1,1,synthetic_demo
39.8,60.2,41.416,43.77112644282799,93.6,27954,1,1,synthetic_demo
41.7,63.3,43.564,47.661081414534706,15.9,28001,1,1,synthetic_demo
43.6,66.4,45.712,51.921549864871764,18.2,28048,1,1,synthetic_demo
28.5,69.5,30.86,30.728219482502737,20.5,28095,0,1,synthetic_demo
30.4,72.6,33.007999999999996,33.563568939565165,22.8,28142,1,1,synthetic_demo
32.3,75.7,35.156,36.6411814988718,25.1,28189,1,1,synthetic_demo
34.2,78.8,37.304,39.98862481165879,27.4,28236,1,1,synthetic_demo
36.1,81.9,39.452,43.63597802730562,29.7,28283,1,1,synthetic_demo
38,85,41.6,47.6160028358852,32,28330,1,1,synthetic_demo
39.9,88.1,43.748,51.96432177381348,34.3,28377,1,1,synthetic_demo
41.8,91.2,45.896,56.719603839715305,36.6,28424,1,1,synthetic_demo
43.7,94.3,48.044000000000004,61.92375745510118,38.9,28471,1,1,synthetic_demo
28.6,36.4,28.6,25.755268581947494,41.2,28518,0,1,synthetic_demo
30.5,39.5,30.5,28.011493703180452,43.5,28565,1,1,synthetic_demo
32.4,42.6,32.608,30.452858341556155,45.8,28612,1,1,synthetic_demo
34.3,45.7,34.756,33.10228304137534,48.1,28659,1,1,synthetic_demo
36.2,48.8,36.904,35.98490862962217,50.4,28706,1,1,synthetic_demo
38.1,51.9,39.052,39.128255292480844,52.7,28753,1,1,synthetic_demo
40,55,41.2,42.56238878140362,55,28800,1,1,synthetic_demo
41.9,58.1,43.348,46.32009381065821,57.3,28847,1,1,synthetic_demo
43.8,61.2,45.495999999999995,50.43705469610424,59.6,28894,1,1,synthetic_demo
28.7,64.3,30.644,30.161036734418918,61.9,28941,1,1,synthetic_demo
30.6,67.4,32.792,32.92194193430238,64.2,28988,1,1,synthetic_demo
32.5,70.5,34.94,35.918136643103004,66.5,29035,1,1,synthetic_demo
34.4,73.6,37.088,39.176649128863204,68.8,29082,1,1,synthetic_demo
36.3,76.7,39.236,42.726986866519304,71.1,29129,1,1,synthetic_demo
38.2,79.8,41.384,46.60130628983724,73.4,29176,1,1,synthetic_demo
40.1,82.9,43.532000000000004,50.83458978947394,75.7,29223,1,1,synthetic_demo
42,86,45.68,55.46483000554501,78,29270,1,1,synthetic_demo
43.9,89.1,47.827999999999996,60.53322145059562,80.3,29317,1,1,synthetic_demo
28.8,92.2,32.976,34.617097978671914,82.6,29364,1,1,synthetic_demo
30.7,95.3,35.123999999999995,37.88770749422625,84.9,29411,1,1,synthetic_demo
32.6,37.4,32.6,29.653335161470114,87.2,29458,1,1,synthetic_demo
34.5,40.5,34.54,32.20646607596885,89.5,29505,1,1,synthetic_demo
36.4,43.6,36.687999999999995,34.98413003488376,91.8,29552,1,1,synthetic_demo
38.3,46.7,38.836,38.01320655802445,94.1,29599,1,1,synthetic_demo
40.2,49.8,40.984,41.32308445041889,16.4,29646,1,1,synthetic_demo
42.1,52.9,43.132,44.945833863962775,18.7,29693,1,1,synthetic_demo
44,56,45.28,48.91638558764356,21,29740,1,1,synthetic_demo
28.9,59.1,30.427999999999997,29.57637642857985,23.3,29787,1,1,synthetic_demo
30.8,62.2,32.576,32.26113622396126,25.6,29834,1,1,synthetic_demo
32.7,65.3,34.724000000000004,35.17407515217761,27.9,29881,1,1,synthetic_demo
34.6,68.4,36.872,38.341673596718735,30.2,29928,1,1,synthetic_demo
36.5,71.5,39.02,41.79285850677695,32.5,29975,1,1,synthetic_demo
38.4,74.6,41.168,45.5591718542338,34.8,30022,1,1,synthetic_demo
40.3,77.7,43.315999999999995,49.67494632019785,37.1,30069,1,1,synthetic_demo
42.2,80.8,45.464000000000006,54.17748826074805,39.4,30116,1,1,synthetic_demo
44.1,83.9,47.612,59.107267989092236,41.7,30163,1,1,synthetic_demo
29,87,32.76,34.07881228245377,44,30210,1,1,synthetic_demo
30.9,90.1,34.908,37.27791285466887,46.3,30257,1,1,synthetic_demo
32.8,93.2,37.056,40.75613891357895,48.6,30304,1,1,synthetic_demo
34.7,35.3,34.7,31.286777352972077,50.9,30351,1,1,synthetic_demo
36.6,38.4,36.6,33.95727391169585,53.2,30398,1,1,synthetic_demo
38.5,41.5,38.62,36.86970707469856,55.5,30445,1,1,synthetic_demo
40.4,44.6,40.768,40.0527789780366,57.8,30492,1,1,synthetic_demo
42.3,47.7,42.916,43.537835125628696,60.1,30539,1,1,synthetic_demo
44.2,50.8,45.064,47.35904232802224,62.4,30586,1,1,synthetic_demo
29.1,53.9,30.212,28.97396500725717,64.7,30633,1,1,synthetic_demo
31,57,32.36,31.58085590173074,67,30680,1,1,synthetic_demo
32.9,60.1,34.507999999999996,34.408677358281565,69.3,30727,1,1,synthetic_demo
34.8,63.2,36.656,37.48335331536928,71.6,30774,1,1,synthetic_demo
36.7,66.3,38.804,40.833221285273396,73.9,30821,1,1,synthetic_demo
38.6,69.4,40.952,44.48919951186592,76.2,30868,1,1,synthetic_demo
40.5,72.5,43.1,48.48496134176115,78.5,30915,1,1,synthetic_demo
42.4,75.6,45.248,52.857116859781954,80.8,30962,1,1,synthetic_demo
44.3,78.7,47.396,57.64540182727347,83.1,31009,1,1,synthetic_demo
29.2,81.8,32.544,33.52319555499261,85.4,31056,1,1,synthetic_demo
31.1,84.9,34.692,36.64909862349329,87.7,31103,1,1,synthetic_demo
33,88,36.84,40.04726313632673,90,31150,1,1,synthetic_demo
34.9,91.1,38.988,43.74779571810277,92.3,31197,1,1,synthetic_demo
36.8,94.2,41.135999999999996,47.78347861388748,94.6,31244,1,1,synthetic_demo
38.7,36.3,38.7,35.69734836955061,16.9,31291,1,1,synthetic_demo
40.6,39.4,40.6,38.75103339226849,19.2,31338,1,1,synthetic_demo
42.5,42.5,42.7,42.09562639217218,21.5,31385,1,1,synthetic_demo
44.4,45.6,44.848,45.764519687534374,23.8,31432,1,1,synthetic_demo
29.3,48.7,29.996000000000002,28.353525771398004,26.1,31479,0,1,synthetic_demo
31.2,51.8,32.144,30.880801718517514,28.4,31526,1,1,synthetic_demo
33.1,54.9,34.292,33.621620041820606,30.7,31573,1,1,synthetic_demo
35,58,36.44,36.60133961502805,33,31620,1,1,synthetic_demo
36.9,61.1,38.588,39.847699542367636,35.3,31667,1,1,synthetic_demo
38.8,64.2,40.736,43.39098501293718,37.6,31714,1,1,synthetic_demo
40.7,67.3,42.884,47.26420035267337,39.9,31761,1,1,synthetic_demo
42.6,70.4,45.032000000000004,51.50324932616107,42.2,31808,1,1,synthetic_demo
44.5,73.5,47.18,56.14712272814488,44.5,31855,1,1,synthetic_demo
29.4,76.6,32.327999999999996,32.94997424306398,46.8,31902,1,1,synthetic_demo
31.3,79.7,34.476,36.000968901278696,49.1,31949,1,1,synthetic_demo
33.2,82.8,36.624,39.31722359615181,51.4,31996,1,1,synthetic_demo
35.1,85.9,38.772000000000006,42.92830435841529,53.7,32043,1,1,synthetic_demo
37,89,40.92,46.866420509887334,56,32090,1,1,synthetic_demo
38.9,92.1,43.068,51.166601240194055,58.3,32137,1,1,synthetic_demo
40.8,95.2,45.215999999999994,55.86687949244538,60.6,32184,1,1,synthetic_demo
42.7,37.3,42.7,40.61873167066953,62.9,32231,1,1,synthetic_demo
44.6,40.4,44.632,44.132307382240235,65.2,32278,1,1,synthetic_demo
29.5,43.5,29.78,27.714778854180597,67.5,32325,1,1,synthetic_demo
31.4,46.6,31.927999999999997,30.160671055361977,69.8,32372,1,1,synthetic_demo
33.3,49.7,34.076,32.812576402680854,72.1,32419,1,1,synthetic_demo
35.2,52.8,36.224000000000004,35.695280026068616,74.4,32466,1,1,synthetic_demo
37.1,55.9,38.372,38.83591359049153,76.7,32513,1,1,synthetic_demo
39,59,40.52,42.26411984277868,79,32560,1,1,synthetic_demo
40.9,62.1,42.668,46.01222434068857,81.3,32607,1,1,synthetic_demo
42.8,65.2,44.815999999999995,50.11541441775518,83.6,32654,1,1,synthetic_demo
44.7,68.3,46.964000000000006,54.61192542511453,85.9,32701,1,1,synthetic_demo
29.6,71.4,32.112,32.358871643869875,88.2,32748,1,1,synthetic_demo
31.5,74.5,34.26,35.33322443772322,90.5,32795,1,1,synthetic_demo
33.4,77.6,36.408,38.565697074970444,92.8,32842,1,1,synthetic_demo
35.3,80.7,38.556,42.08530640828662,15.1,32889,1,1,synthetic_demo
37.2,83.8,40.704,45.92367990101795,17.4,32936,1,1,synthetic_demo
39.1,86.9,42.852000000000004,50.115230907531036,19.7,32983,1,1,synthetic_demo
41,90,45,54.69734124586083,22,33030,1,1,synthetic_demo
42.9,93.1,47.147999999999996,59.71055110249717,24.3,33077,1,1,synthetic_demo
44.8,35.2,44.8,42.461890037814314,26.6,33124,1,1,synthetic_demo
29.7,38.3,29.7,27.057441194425014,28.9,33171,1,1,synthetic_demo
31.6,41.4,31.712,29.420157895707057,31.2,33218,1,1,synthetic_demo
33.5,44.5,33.86,31.981216031340484,33.5,33265,1,1,synthetic_demo
35.4,47.6,36.007999999999996,34.76481824896518,35.8,33312,1,1,synthetic_demo
37.3,50.7,38.156,37.79747968290606,38.1,33359,1,1,synthetic_demo
39.2,53.8,40.304,41.108191189410036,40.4,33406,1,1,synthetic_demo
41.1,56.9,42.452,44.72858974916157,42.7,33453,1,1,synthetic_demo
43,60,44.6,48.69313609193256,45,33500,1,1,synthetic_demo
44.9,63.1,46.748,53.039299585915906,47.3,33547,1,1,synthetic_demo
29.8,66.2,31.896,31.749607878519196,49.6,33594,1,1,synthetic_demo
31.7,69.3,34.044,34.64556260398353,51.9,33641,1,1,synthetic_demo
33.6,72.4,36.192,37.79235676514815,54.2,33688,1,1,synthetic_demo
35.5,75.5,38.34,41.21844939310887,56.5,33735,1,1,synthetic_demo
37.4,78.6,40.488,44.95487709744266,58.8,33782,1,1,synthetic_demo
39.3,81.7,42.635999999999996,49.03542804600899,61.1,33829,1,1,synthetic_demo
41.2,84.8,44.784000000000006,53.49682322079739,63.4,33876,1,1,synthetic_demo
43.1,87.9,46.932,58.37890499094807,65.7,33923,1,1,synthetic_demo
28,91,32.08,33.334164960756254,68,33970,1,1,synthetic_demo
29.9,94.1,34.227999999999994,36.49492793286076,70.3,34017,1,1,synthetic_demo
31.8,36.2,31.8,28.65895279751987,72.6,34064,1,1,synthetic_demo
33.7,39.3,33.7,31.127204879832174,74.9,34111,1,1,synthetic_demo
35.6,42.4,35.792,33.809594124082224,77.2,34158,1,1,synthetic_demo
37.5,45.5,37.94,36.73200998230548,79.5,34205,1,1,synthetic_demo
39.4,48.6,40.088,39.922781910947066,81.8,34252,1,1,synthetic_demo
41.3,51.7,42.236,43.412848443249466,84.1,34299,1,1,synthetic_demo
43.2,54.8,44.384,47.235933470547096,86.4,34346,1,1,synthetic_demo
28.1,57.9,29.532,28.5240259595432,88.7,34393,1,1,synthetic_demo
30,61,31.68,31.12189986536298,91,34440,1,1,synthetic_demo
31.9,64.1,33.827999999999996,33.93767736486718,93.3,34487,1,1,synthetic_demo
33.8,67.2,35.976,36.99687224053379,15.6,34534,1,1,synthetic_demo
35.7,70.3,38.124,40.32737699890461,17.9,34581,1,1,synthetic_demo
37.6,73.4,40.272000000000006,43.959628340318105,20.2,34628,1,1,synthetic_demo
39.5,76.5,42.42,47.926779834057385,22.5,34675,1,1,synthetic_demo
41.4,79.6,44.568,52.26488185369736,24.8,34722,1,1,synthetic_demo
43.3,82.7,46.715999999999994,57.01306881507456,27.1,34769,1,1,synthetic_demo
28.2,85.8,31.863999999999997,32.82427859455717,29.4,34816,0,1,synthetic_demo
30.1,88.9,34.012,35.91623457075136,31.7,34863,1,1,synthetic_demo
32,92,36.16,39.275365922724205,34,34910,1,1,synthetic_demo
33.9,95.1,38.308,42.93123805325823,36.3,34957,1,1,synthetic_demo
35.8,37.2,35.8,32.82924360131296,38.6,35004,1,1,synthetic_demo
37.7,40.3,37.724000000000004,35.639112529268814,40.9,35051,1,1,synthetic_demo
39.6,43.4,39.872,38.707470502855415,43.2,35098,1,1,synthetic_demo
41.5,46.5,42.02,42.06454767595797,45.5,35145,1,1,synthetic_demo
43.4,49.6,44.168,45.74332080476968,47.8,35192,1,1,synthetic_demo
28.3,52.7,29.316000000000003,27.952544612967646,50.1,35239,1,1,synthetic_demo
30.2,55.8,31.464,30.475461293184285,52.4,35286,1,1,synthetic_demo
32.1,58.9,33.612,33.20925925087755,54.7,35333,1,1,synthetic_demo
34,62,35.76,36.17890942734457,57,35380,1,1,synthetic_demo
35.9,65.1,37.908,39.41172904203793,59.3,35427,1,1,synthetic_demo
37.8,68.2,40.056,42.93754577031875,61.6,35474,1,1,synthetic_demo
39.7,71.3,42.204,46.78886910991609,63.9,35521,1,1,synthetic_demo
41.6,74.4,44.352000000000004,51.001068992145875,66.2,35568,1,1,synthetic_demo
43.5,77.5,46.5,55.612561681618864,68.5,35615,1,1,synthetic_demo
28.4,80.6,31.648,32.29773533120219,70.8,35662,1,1,synthetic_demo
30.3,83.7,33.796,35.31925070066842,73.1,35709,1,1,synthetic_demo
32.2,86.8,35.944,38.60129369947961,75.4,35756,1,1,synthetic_demo
34.1,89.9,38.092,42.172910842813764,77.7,35803,1,1,synthetic_demo
36,93,40.24,46.0657524996778,80,35850,1,1,synthetic_demo
37.9,35.1,37.9,34.51839121055872,82.3,35897,1,1,synthetic_demo
39.8,38.2,39.8,37.46183106505032,84.6,35944,1,1,synthetic_demo
41.7,41.3,41.804,40.683230054032904,86.9,35991,1,1,synthetic_demo
43.6,44.4,43.952,44.21480743976365,89.2,36038,1,1,synthetic_demo
28.5,47.5,29.1,27.36373273984,91.5,36085,1,1,synthetic_demo
30.4,50.6,31.247999999999998,29.810002594242388,93.8,36132,1,1,synthetic_demo
32.3,53.7,33.396,32.45999533011118,16.1,36179,0,1,synthetic_demo
34.2,56.8,35.544000000000004,35.338130574901264,18.4,36226,1,1,synthetic_demo
36.1,59.9,37.692,38.47114143877419,20.7,36273,1,1,synthetic_demo
38,63,39.84,41.88823739600903,23,36320,1,1,synthetic_demo
39.9,66.1,41.988,45.62127433880898,25.3,36367,1,1,synthetic_demo
41.8,69.2,44.135999999999996,49.70493186083661,27.6,36414,1,1,synthetic_demo
43.7,72.3,46.284000000000006,54.17689781552296,29.9,36461,1,1,synthetic_demo
28.6,75.4,31.432000000000002,31.75427063403409,32.2,36508,1,1,synthetic_demo
30.5,78.5,33.58,34.70369001771305,34.5,36555,1,1,synthetic_demo
32.4,81.6,35.727999999999994,37.90685541481179,36.8,36602,1,1,synthetic_demo
34.3,84.7,37.876,41.392286074496525,39.1,36649,1,1,synthetic_demo
36.2,87.8,40.024,45.19107331313168,41.4,36696,1,1,synthetic_demo
38.1,90.9,42.172000000000004,49.337054067177434,43.7,36743,1,1,synthetic_demo
40,94,44.32,53.86699173548982,46,36790,1,1,synthetic_demo
41.9,36.1,41.9,39.26843350369641,48.3,36837,1,1,synthetic_demo
43.8,39.2,43.8,42.649897779204025,50.6,36884,1,1,synthetic_demo
28.7,42.3,28.884,26.757319655768587,52.9,36931,1,1,synthetic_demo
30.6,45.4,31.032,29.125230917171045,55.2,36978,1,1,synthetic_demo
32.5,48.5,33.18,31.68956918000703,57.5,37025,1,1,synthetic_demo
34.4,51.6,35.327999999999996,34.474194226213875,59.8,37072,1,1,synthetic_demo
36.3,54.7,37.476,37.50524617468847,62.1,37119,1,1,synthetic_demo
38.2,57.8,39.624,40.81130706206256,64.4,37166,1,1,synthetic_demo
40.1,60.9,41.772,44.423569579963356,66.7,37213,1,1,synthetic_demo
42,64,43.92,48.37601302738233,69,37260,1,1,synthetic_demo
43.9,67.1,46.068,52.70558652452263,71.3,37307,1,1,synthetic_demo
28.8,70.2,31.216,31.19361689916235,73.6,37354,1,1,synthetic_demo
30.7,73.3,33.364,34.06926295201242,75.9,37401,1,1,synthetic_demo
32.6,76.4,35.512,37.19173813733467,78.2,37448,1,1,synthetic_demo
34.5,79.5,37.66,40.58902600097589,80.5,37495,1,1,synthetic_demo
36.4,82.6,39.808,44.29165002021557,82.8,37542,1,1,synthetic_demo
38.3,85.7,41.955999999999996,48.33284586772366,85.1,37589,1,1,synthetic_demo
40.2,88.8,44.104,52.748740947734895,87.4,37636,1,1,synthetic_demo
42.1,91.9,46.252,57.578541249492986,89.7,37683,1,1,synthetic_demo
44,95,48.4,62.86472555046676,92,37730,1,1,synthetic_demo
28.9,37.1,28.9,26.13303156514911,94.3,37777,1,1,synthetic_demo
30.8,40.2,30.816000000000003,28.42085009973059,16.6,37824,0,1,synthetic_demo
32.7,43.3,32.964000000000006,30.89766085894779,18.9,37871,1,1,synthetic_demo
34.6,46.4,35.112,33.586755188417385,21.2,37918,1,1,synthetic_demo
36.5,49.5,37.26,36.513671273922505,23.5,37965,1,1,synthetic_demo
38.4,52.6,39.408,39.70635441732839,25.8,38012,1,1,synthetic_demo
40.3,55.7,41.556,43.195324453475166,28.1,38059,1,1,synthetic_demo
42.2,58.8,43.704,47.01385036797012,30.4,38106,1,1,synthetic_demo
44.1,61.9,45.852000000000004,51.19813216358533,32.7,38153,1,1,synthetic_demo
29,65,31,30.615503429419483,35,38200,1,1,synthetic_demo
30.9,68.1,33.147999999999996,33.41567664154218,37.3,38247,1,1,synthetic_demo
32.8,71.2,35.296,36.45562543612469,39.6,38294,1,1,synthetic_demo
34.7,74.3,37.444,39.76278915937182,41.9,38341,1,1,synthetic_demo
36.6,77.4,39.592,43.36711460326194,44.2,38388,1,1,synthetic_demo
38.5,80.5,41.74,47.30122697622251,46.5,38435,1,1,synthetic_demo
40.4,83.6,43.888,51.60060812923453,48.8,38482,1,1,synthetic_demo
42.3,86.7,46.035999999999994,56.30378208368989,51.1,38529,1,1,synthetic_demo
44.2,89.8,48.184000000000005,61.45250789481097,53.4,38576,1,1,synthetic_demo
29.1,92.9,33.332,35.14903616278647,55.7,38623,1,1,synthetic_demo
31,35,31,27.69656064141361,58,38670,1,1,synthetic_demo
32.9,38.1,32.9,30.083946877712606,60.3,38717,1,1,synthetic_demo
34.8,41.2,34.896,32.675464503057185,62.6,38764,1,1,synthetic_demo
36.7,44.3,37.044000000000004,35.49604076828977,64.9,38811,1,1,synthetic_demo
38.6,47.4,39.192,38.57297488274415,67.2,38858,1,1,synthetic_demo
40.5,50.5,41.34,41.93610410701984,69.5,38905,1,1,synthetic_demo
42.4,53.6,43.488,45.61797703286128,71.8,38952,1,1,synthetic_demo
44.3,56.7,45.635999999999996,49.65403409919194,74.1,38999,1,1,synthetic_demo
29.2,59.8,30.784,30.01965640817308,76.4,39046,1,1,synthetic_demo
31.1,62.9,32.932,32.74263490480244,78.7,39093,1,1,synthetic_demo
33,66,35.08,35.698197352245046,81,39140,1,1,synthetic_demo
34.9,69.1,37.227999999999994,38.913230341612525,83.3,39187,1,1,synthetic_demo
36.8,72.2,39.376,42.41709507348912,85.6,39234,1,1,synthetic_demo
38.7,75.3,41.524,46.24179703105128,87.9,39281,1,1,synthetic_demo
40.6,78.4,43.672000000000004,50.42216289222969,90.2,39328,1,1,synthetic_demo
42.5,81.5,45.82,54.996024728518414,92.5,39375,1,1,synthetic_demo
44.4,84.6,47.967999999999996,60.0044115255572,94.8,39422,1,1,synthetic_demo
29.3,87.7,33.116,34.60027330906786,17.1,39469,1,1,synthetic_demo
31.2,90.8,35.263999999999996,37.845389884968924,19.4,39516,1,1,synthetic_demo
33.1,93.9,37.412,41.37467799502651,21.7,39563,1,1,synthetic_demo
35,36,35,31.739969416224316,24,39610,1,1,synthetic_demo
36.9,39.1,36.9,34.451974666228715,26.3,39657,1,1,synthetic_demo
38.8,42.2,38.976,37.41075961909578,28.6,39704,1,1,synthetic_demo
40.7,45.3,41.124,40.645469182408675,30.9,39751,1,1,synthetic_demo
42.6,48.4,43.272,44.18792141173573,33.2,39798,1,1,synthetic_demo
44.5,51.5,45.42,48.07278667346206,35.5,39845,1,1,synthetic_demo
29.4,54.6,30.567999999999998,29.405798872993383,37.8,39892,1,1,synthetic_demo
31.3,57.7,32.716,32.04983821334731,40.1,39939,1,1,synthetic_demo
33.2,60.8,34.864000000000004,34.91913037012114,42.4,39986,1,1,synthetic_demo
35.1,63.9,37.012,38.04000056464187,44.7,40033,1,1,synthetic_demo
37,67,39.16,41.44121544002754,47,40080,1,1,synthetic_demo
38.9,70.1,41.308,45.154151432547266,49.3,40127,1,1,synthetic_demo
40.8,73.2,43.455999999999996,49.212970366039926,51.6,40174,1,1,synthetic_demo
42.7,76.3,45.604,53.65480231828647,53.9,40221,1,1,synthetic_demo
44.6,79.4,47.752,58.519935795788975,56.2,40268,1,1,synthetic_demo
29.5,82.5,32.9,34.03392541310113,58.5,40315,1,1,synthetic_demo
31.4,85.6,35.048,37.20483352658766,60.8,40362,1,1,synthetic_demo
33.3,88.7,37.196,40.65297036051896,63.1,40409,1,1,synthetic_demo
35.2,91.8,39.344,44.408884590778385,65.4,40456,1,1,synthetic_demo
37.1,94.9,41.492000000000004,48.50583004897399,67.7,40503,1,1,synthetic_demo
39,37,39,36.21929549462392,70,40550,1,1,synthetic_demo
40.9,40.1,40.908,39.32297578199052,72.3,40597,1,1,synthetic_demo
42.8,43.2,43.056,42.723207098880735,74.6,40644,1,1,synthetic_demo
44.7,46.3,45.204,46.453879168123024,76.9,40691,1,1,synthetic_demo
29.6,49.4,30.352,28.773650689176076,79.2,40738,1,1,synthetic_demo
31.5,52.5,32.5,31.336983664167374,81.5,40785,1,1,synthetic_demo
33.4,55.6,34.647999999999996,34.11809738876749,83.8,40832,1,1,synthetic_demo
35.3,58.7,36.796,37.14274704047614,86.1,40879,1,1,synthetic_demo
37.2,61.8,38.944,40.43909567879366,88.4,40926,1,1,synthetic_demo
39.1,64.9,41.092,44.03788131068773,90.7,40973,1,1,synthetic_demo
41,68,43.24,47.97259116353929,93,41020,1,1,synthetic_demo
42.9,71.1,45.388,52.279643215763144,15.3,41067,1,1,synthetic_demo
44.8,74.2,47.535999999999994,56.998575022892695,17.6,41114,1,1,synthetic_demo
29.7,77.3,32.684,33.44971551772986,19.9,41161,0,1,synthetic_demo
31.6,80.4,34.832,36.54468344963399,22.2,41208,1,1,synthetic_demo
33.5,83.5,36.98,39.90979862060517,24.5,41255,1,1,synthetic_demo
35.4,86.6,39.128,43.57506429328539,26.8,41302,1,1,synthetic_demo
37.3,89.7,41.275999999999996,47.573156362064566,29.1,41349,1,1,synthetic_demo
39.2,92.8,43.42400000000001,51.93960115942846,31.4,41396,1,1,synthetic_demo
41.1,95.9,45.572,56.71296057899113,33.7,41443,1,1,synthetic_demo
43,38,43,41.223352858223954,36,41490,1,1,synthetic_demo
44.9,41.1,44.988,44.7967957683224,38.3,41537,1,1,synthetic_demo
29.8,44.2,30.136,28.122928523120066,40.6,41584,1,1,synthetic_demo
31.7,47.3,32.284,30.603764951925267,42.9,41631,1,1,synthetic_demo
33.6,50.4,34.432,33.29476769286556,45.2,41678,1,1,synthetic_demo
35.5,53.5,36.58,36.221113146110255,47.5,41725,1,1,synthetic_demo
37.4,56.6,38.728,39.41035170121189,49.8,41772,1,1,synthetic_demo
39.3,59.7,40.876,42.89257349261611,52.1,41819,1,1,synthetic_demo
41.2,62.8,43.024,46.70058134747731,54.4,41866,1,1,synthetic_demo
43.1,65.9,45.172000000000004,50.87007097728643,56.7,41913,1,1,synthetic_demo
28,69,30.32,30.066037168045952,59,41960,1,1,synthetic_demo
29.9,72.1,32.467999999999996,32.84736348522062,61.3,42007,1,1,synthetic_demo
31.8,75.2,34.616,35.86463675064901,63.6,42054,1,1,synthetic_demo
33.7,78.3,36.764,39.14483567661219,65.9,42101,1,1,synthetic_demo
35.6,81.4,38.912,42.71740947406352,68.2,42148,1,1,synthetic_demo
37.5,84.5,41.06,46.614447109995886,70.5,42195,1,1,synthetic_demo
39.4,87.6,43.208,50.87085381479347,72.8,42242,1,1,synthetic_demo
41.3,90.7,45.355999999999995,55.52453488980129,75.1,42289,1,1,synthetic_demo
43.2,93.8,47.504000000000005,60.61658685287076,77.4,42336,1,1,synthetic_demo
28.1,35.9,28.1,25.236820931737494,79.7,42383,1,1,synthetic_demo
30,39,30,27.45334581555994,82,42430,1,1,synthetic_demo
31.9,42.1,32.068,29.849872341043813,84.3,42477,1,1,synthetic_demo
33.8,45.2,34.215999999999994,32.448806923692366,86.6,42524,1,1,synthetic_demo
35.7,48.3,36.364000000000004,35.27473839327301,88.9,42571,1,1,synthetic_demo
37.6,51.4,38.512,38.354595322784064,91.2,42618,1,1,synthetic_demo
39.5,54.5,40.66,41.71781047001474,93.5,42665,1,1,synthetic_demo
41.4,57.6,42.808,45.39649239664533,15.8,42712,1,1,synthetic_demo
43.3,60.7,44.955999999999996,49.42560431771494,18.1,42759,1,1,synthetic_demo
28.2,63.8,30.104,29.517899467747643,20.4,42806,1,1,synthetic_demo
30.1,66.9,32.252,32.22658597056542,22.7,42853,1,1,synthetic_demo
32,70,34.4,35.16438711511625,25,42900,1,1,synthetic_demo
33.9,73.1,36.548,38.3577508064477,27.3,42947,1,1,synthetic_demo
35.8,76.2,38.696,41.83556350591526,29.6,42994,1,1,synthetic_demo
37.7,79.3,40.844,45.62931820275476,31.9,43041,1,1,synthetic_demo
39.6,82.4,42.992000000000004,49.77328961832457,34.2,43088,1,1,synthetic_demo
41.5,85.5,45.14,54.304716694503355,36.5,43135,1,1,synthetic_demo
43.4,88.6,47.288,59.26399240529423,38.8,43182,1,1,synthetic_demo
28.3,91.7,32.436,33.848015958427574,41.1,43229,1,1,synthetic_demo
30.2,94.8,34.583999999999996,37.05378370239911,43.4,43276,1,1,synthetic_demo
32.1,36.9,32.1,29.074992637646545,45.7,43323,1,1,synthetic_demo
34,40,34,31.579877049899725,48,43370,1,1,synthetic_demo
35.9,43.1,36.147999999999996,34.30325839803126,50.3,43417,1,1,synthetic_demo
37.8,46.2,38.296,37.27143423150625,52.6,43464,1,1,synthetic_demo
39.7,49.3,40.444,40.513170366323465,54.9,43511,1,1,synthetic_demo
41.6,52.4,42.592,44.059871171887686,57.2,43558,1,1,synthetic_demo
43.5,55.5,44.74,47.94575707522383,59.5,43605,1,1,synthetic_demo
28.4,58.6,29.887999999999998,28.952715761891422,61.8,43652,1,1,synthetic_demo
30.3,61.7,32.036,31.58709639463849,64.1,43699,1,1,synthetic_demo
32.2,64.8,34.184000000000005,34.443624789473255,66.4,43746,1,1,synthetic_demo
34.1,67.9,36.332,37.54820963545111,68.7,43793,1,1,synthetic_demo
36,71,38.48,40.92916588685079,71,43840,1,1,synthetic_demo
37.9,74.1,40.628,44.61738144451285,73.3,43887,1,1,synthetic_demo
39.8,77.2,42.775999999999996,48.64649105292892,75.6,43934,1,1,synthetic_demo
41.7,80.3,44.924,53.053057465831536,77.9,43981,1,1,synthetic_demo
43.6,83.4,47.072,57.87675992063714,80.2,44028,1,1,synthetic_demo
28.5,86.5,32.22,33.32805014728758,82.5,44075,1,1,synthetic_demo
30.4,89.6,34.367999999999995,36.4640520245873,84.8,44122,1,1,synthetic_demo
32.3,92.7,36.516,39.872098083823204,87.1,44169,1,1,synthetic_demo
34.2,95.8,38.664,43.58218854006233,89.4,44216,1,1,synthetic_demo
36.1,37.9,36.1,33.30630485024277,91.7,44263,1,1,synthetic_demo
38,41,38.08,36.16047195613285,94,44310,1,1,synthetic_demo
39.9,44.1,40.228,39.27822690380448,16.3,44357,1,1,synthetic_demo
41.8,47.2,42.376,42.69025988195792,18.6,44404,1,1,synthetic_demo
43.7,50.3,44.524,46.430038175944745,20.9,44451,1,1,synthetic_demo
28.6,53.4,29.672,28.370218194395495,23.2,44498,1,1,synthetic_demo
30.5,56.5,31.82,30.928604917207483,25.5,44545,0,1,synthetic_demo
32.4,59.6,33.967999999999996,33.70203655297528,27.8,44592,1,1,synthetic_demo
34.3,62.7,36.116,36.715874107094834,30.1,44639,1,1,synthetic_demo
36.2,65.8,38.264,39.99785220961349,32.4,44686,1,1,synthetic_demo
38.1,68.9,40.412,43.57824450196397,34.7,44733,1,1,synthetic_demo
40,72,42.56,47.49003622292837,37,44780,1,1,synthetic_demo
41.9,75.1,44.708,51.76910404785596,39.3,44827,1,1,synthetic_demo
43.8,78.2,46.855999999999995,56.45440322279987,41.6,44874,1,1,synthetic_demo
28.7,81.3,32.004,32.79118174973963,43.9,44921,1,1,synthetic_demo
30.6,84.4,34.152,35.85576408390388,46.2,44968,1,1,synthetic_demo
32.5,87.5,36.3,39.185666046404435,48.5,45015,1,1,synthetic_demo
34.4,90.6,38.448,42.810364280910406,50.8,45062,1,1,synthetic_demo
36.3,93.7,40.596,46.76196831020677,53.1,45109,1,1,synthetic_demo
38.2,35.8,38.2,35.02130783428788,55.4,45156,1,1,synthetic_demo
40.1,38.9,40.1,38.01254937045279,57.7,45203,1,1,synthetic_demo
42,42,42.16,41.28719604921965,60,45250,1,1,synthetic_demo
43.9,45.1,44.308,44.877951598449634,62.3,45297,1,1,synthetic_demo
28.8,48.2,29.456,27.770135819652783,64.6,45344,1,1,synthetic_demo
30.7,51.3,31.604,30.2508184097986,66.9,45391,1,1,synthetic_demo
32.6,54.4,33.752,32.93930568941107,69.2,45438,1,1,synthetic_demo
34.5,57.5,35.9,35.86040245353602,71.5,45485,1,1,synthetic_demo
36.4,60.6,38.048,39.04125413105403,73.8,45532,1,1,synthetic_demo
38.3,63.7,40.196,42.51151087250872,76.1,45579,1,1,synthetic_demo
40.2,66.8,42.344,46.30349882104382,78.4,45626,1,1,synthetic_demo
42.1,69.9,44.492000000000004,50.452398621758,80.7,45673,1,1,synthetic_demo
44,73,46.64,54.99643121246393,83,45720,1,1,synthetic_demo
28.9,76.1,31.787999999999997,32.237142913958145,85.3,45767,1,1,synthetic_demo
30.8,79.2,33.936,35.22863004723042,87.6,45814,1,1,synthetic_demo
32.7,82.3,36.084,38.478577106037015,89.9,45861,1,1,synthetic_demo
34.6,85.4,38.232,42.015928730406145,92.2,45908,1,1,synthetic_demo
36.5,88.5,40.38,45.872230459437205,94.5,45955,1,1,synthetic_demo
38.4,91.6,42.528,50.08180351002435,16.8,46002,1,1,synthetic_demo
40.3,94.7,44.675999999999995,54.68192685357448,19.1,46049,1,1,synthetic_demo
42.2,36.8,42.2,39.85021247519218,21.4,46096,1,1,synthetic_demo
44.1,39.9,44.1,43.28899633807843,23.7,46143,1,1,synthetic_demo
29,43,29.24,27.152194576385195,26,46190,0,1,synthetic_demo
30.9,46.1,31.387999999999998,29.553440428415488,28.3,46237,1,1,synthetic_demo
32.8,49.2,33.535999999999994,32.15511195867043,30.6,46284,1,1,synthetic_demo
34.7,52.3,35.684000000000005,34.98144916601812,32.9,46331,1,1,synthetic_demo
36.6,55.4,37.832,38.05899934135286,35.2,46378,1,1,synthetic_demo
38.5,58.5,39.98,41.41677985228593,37.5,46425,1,1,synthetic_demo
40.4,61.6,42.128,45.08644809522545,39.8,46472,1,1,synthetic_demo
42.3,64.7,44.275999999999996,49.10247867145024,42.1,46519,1,1,synthetic_demo
44.2,67.8,46.424,53.50234783149425,44.4,46566,1,1,synthetic_demo
29.1,70.9,31.572000000000003,31.665662690436612,46.7,46613,1,1,synthetic_demo
31,74,33.72,34.58235678470306,49,46660,1,1,synthetic_demo
32.9,77.1,35.867999999999995,37.75051454781212,51.3,46707,1,1,synthetic_demo
34.8,80.2,38.016,41.198540124883166,53.6,46754,1,1,synthetic_demo
36.7,83.3,40.164,44.9574062302153,55.9,46801,1,1,synthetic_demo
38.6,86.4,42.312000000000005,49.06082763436909,58.2,46848,1,1,synthetic_demo
40.5,89.5,44.46,53.54544193224309,60.5,46895,1,1,synthetic_demo
42.4,92.6,46.608,58.45099763512975,62.8,46942,1,1,synthetic_demo
44.3,95.7,48.756,63.820549617154654,65.1,46989,1,1,synthetic_demo
29.2,37.8,29.2,26.516117261353553,67.4,47036,1,1,synthetic_demo
31.1,40.9,31.172,28.836171186111606,69.7,47083,1,1,synthetic_demo
33,44,33.32,31.349131568163365,72,47130,1,1,synthetic_demo
34.9,47.1,35.467999999999996,34.078664965122286,74.3,47177,1,1,synthetic_demo
36.8,50.2,37.616,37.05071153309078,76.6,47224,1,1,synthetic_demo
38.7,53.3,39.764,40.2936465040509,78.9,47271,1,1,synthetic_demo
40.6,56.4,41.912,43.838448815328505,81.2,47318,1,1,synthetic_demo
42.5,59.5,44.06,47.718876949041054,83.5,47365,1,1,synthetic_demo
44.4,62.6,46.208,51.97165202718535,85.8,47412,1,1,synthetic_demo
29.3,65.7,31.356,31.07646700576692,88.1,47459,1,1,synthetic_demo
31.2,68.8,33.504,33.91664784235531,90.4,47506,1,1,synthetic_demo
33.1,71.9,35.652,37.00115812398728,92.7,47553,1,1,synthetic_demo
35,75,37.8,40.35785295046732,15,47600,1,1,synthetic_demo
36.9,78.1,39.948,44.017123310293165,17.3,47647,1,1,synthetic_demo
38.8,81.2,42.096,48.01206827181463,19.6,47694,1,1,synthetic_demo
40.7,84.3,44.244,52.37867443878701,21.9,47741,1,1,synthetic_demo
42.6,87.4,46.392,57.15600271458065,24.2,47788,1,1,synthetic_demo
44.5,90.5,48.54,62.386382406763424,26.5,47835,1,1,synthetic_demo
29.4,93.6,33.687999999999995,35.688655210845795,28.8,47882,1,1,synthetic_demo
31.3,35.7,31.3,28.09870752541593,31.1,47929,1,1,synthetic_demo
33.2,38.8,33.2,30.521037144090467,33.4,47976,1,1,synthetic_demo
35.1,41.9,35.252,33.151696770868455,35.7,48023,1,1,synthetic_demo
37,45,37.4,36.01601037016775,38,48070,1,1,synthetic_demo
38.9,48.1,39.548,39.14170162490048,40.3,48117,1,1,synthetic_demo
40.8,51.2,41.696,42.55906123963449,42.6,48164,1,1,synthetic_demo
42.7,54.3,43.844,46.301121440143575,44.9,48211,1,1,synthetic_demo
44.6,57.4,45.992000000000004,50.40383771635122,47.2,48258,1,1,synthetic_demo
29.5,60.5,31.14,30.469278636274165,49.5,48305,1,1,synthetic_demo
31.4,63.6,33.288,33.2312034146142,51.8,48352,1,1,synthetic_demo
33.3,66.7,35.436,36.230184025328235,54.1,48399,1,1,synthetic_demo
35.2,69.8,37.584,39.493517913249796,56.4,48446,1,1,synthetic_demo
37.1,72.9,39.732,43.05100538008645,58.7,48493,1,1,synthetic_demo
39,76,41.88,46.935120475443725,61,48540,1,1,synthetic_demo
40.9,79.1,44.028,51.18118913604614,63.3,48587,1,1,synthetic_demo
42.8,82.2,46.175999999999995,55.82757461870362,65.6,48634,1,1,synthetic_demo
44.7,85.3,48.324000000000005,60.915870260062505,67.9,48681,1,1,synthetic_demo
29.6,88.4,33.472,35.12926965431508,70.2,48728,1,1,synthetic_demo
31.5,91.5,35.62,38.421228671834555,72.5,48775,1,1,synthetic_demo
33.4,94.6,37.768,42.00247865067274,74.8,48822,1,1,synthetic_demo
35.3,36.7,35.3,32.20018767266566,77.1,48869,1,1,synthetic_demo
37.2,39.8,37.2,34.95451145656938,79.4,48916,1,1,synthetic_demo
39.1,42.9,39.332,37.96053171384443,81.7,48963,1,1,synthetic_demo
41,46,41.48,41.24784108121775,84,49010,1,1,synthetic_demo
42.9,49.1,43.628,44.84873532902912,86.3,49057,1,1,synthetic_demo
44.8,52.2,45.775999999999996,48.798393749258736,88.6,49104,1,1,synthetic_demo
29.7,55.3,30.924,29.843817181506612,90.9,49151,1,1,synthetic_demo
31.6,58.4,33.072,32.52572031664957,93.2,49198,1,1,synthetic_demo
33.5,61.5,35.22,35.437264852302015,15.5,49245,1,1,synthetic_demo
35.4,64.6,37.367999999999995,38.60518190930988,17.8,49292,1,1,synthetic_demo
37.3,67.7,39.516,42.058672081513606,20.1,49339,1,1,synthetic_demo
39.2,70.8,41.664,45.82957502249499,22.4,49386,1,1,synthetic_demo
41.1,73.9,43.812000000000005,49.95254626472831,24.7,49433,1,1,synthetic_demo
43,77,45.96,54.465241317980116,27,49480,1,1,synthetic_demo
44.9,80.1,48.108,59.40850708132906,29.3,49527,1,1,synthetic_demo
29.8,83.2,33.256,34.55204192587306,31.6,49574,1,1,synthetic_demo
31.7,86.3,35.403999999999996,37.768769880574006,33.9,49621,1,1,synthetic_demo
33.6,89.4,37.552,41.267766502821054,36.2,49668,1,1,synthetic_demo
35.5,92.5,39.7,45.08002740215325,38.5,49715,1,1,synthetic_demo
37.4,95.6,41.848,49.23928308543916,40.8,49762,1,1,synthetic_demo
39.3,37.7,39.3,36.749718939223236,43.1,49809,1,1,synthetic_demo
41.2,40.8,41.264,39.90433947415723,45.4,49856,1,1,synthetic_demo
43.1,43.9,43.412,43.361236963624805,47.7,49903,1,1,synthetic_demo
28,47,28.56,26.797909375335646,50,49950,1,1,synthetic_demo
29.9,50.1,30.708,29.19979903758049,52.3,49997,1,1,synthetic_demo
31.8,53.2,32.856,31.799891956576165,54.6,50044,1,1,synthetic_demo
33.7,56.3,35.004000000000005,34.6220695861209,56.9,50091,1,1,synthetic_demo
35.6,59.4,37.152,37.69248799458689,59.2,50138,1,1,synthetic_demo
37.5,62.5,39.3,41.039738986683346,61.5,50185,1,1,synthetic_demo
39.4,65.6,41.448,44.69501838185447,63.8,50232,1,1,synthetic_demo
41.3,68.7,43.596,48.69230150969513,66.1,50279,1,1,synthetic_demo
43.2,71.8,45.744,53.06852597053434,68.4,50326,1,1,synthetic_demo
28.1,74.9,30.892000000000003,31.064138935574885,70.7,50373,1,1,synthetic_demo
30,78,33.04,33.956691631119874,73,50420,1,1,synthetic_demo
31.9,81.1,35.187999999999995,37.09643579236705,75.3,50467,1,1,synthetic_demo
33.8,84.2,37.336,40.51128634900216,77.6,50514,1,1,synthetic_demo
35.7,87.3,39.484,44.23168864871086,79.9,50561,1,1,synthetic_demo
37.6,90.4,41.632000000000005,48.2907902175035,82.2,50608,1,1,synthetic_demo
39.5,93.5,43.78,52.72461979718125,84.5,50655,1,1,synthetic_demo
41.4,35.6,41.4,38.52810293959329,86.8,50702,1,1,synthetic_demo
43.3,38.7,43.3,41.83813982035532,89.1,50749,1,1,synthetic_demo
28.2,41.8,28.343999999999998,26.21152034093811,91.4,50796,1,1,synthetic_demo
30.1,44.9,30.492,28.536937370379484,93.7,50843,1,1,synthetic_demo
32,48,32.64,31.053408307508285,16,50890,0,1,synthetic_demo
33.9,51.1,34.788,33.784263559637175,18.3,50937,1,1,synthetic_demo
35.8,54.2,36.936,36.755075354601146,20.6,50984,1,1,synthetic_demo
37.7,57.3,39.084,39.99381756642936,22.9,51031,1,1,synthetic_demo
39.6,60.4,41.232,43.531032681393256,25.2,51078,1,1,synthetic_demo
41.5,63.5,43.38,47.40000596609313,27.5,51125,1,1,synthetic_demo
43.4,66.6,45.528,51.63694688704961,29.8,51172,1,1,synthetic_demo
28.3,69.7,30.676000000000002,30.522365455860434,32.1,51219,1,1,synthetic_demo
30.2,72.8,32.824,33.34293516386767,34.4,51266,1,1,synthetic_demo
32.1,75.9,34.972,36.40391981564696,36.7,51313,1,1,synthetic_demo
34,79,37.12,39.73270717355196,39,51360,1,1,synthetic_demo
35.9,82.1,39.268,43.35918363058855,41.3,51407,1,1,synthetic_demo
37.8,85.2,41.416,47.31590468667386,43.6,51454,1,1,synthetic_demo
39.7,88.3,43.564,51.6382726845104,45.9,51501,1,1,synthetic_demo
41.6,91.4,45.712,56.364721853254466,48.2,51548,1,1,synthetic_demo
43.5,94.5,47.86,61.536910695651386,50.5,51595,1,1,synthetic_demo
28.4,36.6,28.4,25.607696192580647,52.8,51642,1,1,synthetic_demo
30.3,39.7,30.3,27.854942088608556,55.1,51689,1,1,synthetic_demo
32.2,42.8,32.424,30.285955879466908,57.4,51736,1,1,synthetic_demo
34.1,45.9,34.572,32.92350842808845,59.7,51783,1,1,synthetic_demo
36,49,36.72,35.79257927402379,62,51830,1,1,synthetic_demo
37.9,52.1,38.868,38.920515158692574,64.3,51877,1,1,synthetic_demo
39.8,55.2,41.016,42.33719567515125,66.6,51924,1,1,synthetic_demo
41.7,58.3,43.164,46.07520610532974,68.9,51971,1,1,synthetic_demo
43.6,61.4,45.312000000000005,50.17001749552902,71.2,52018,1,1,synthetic_demo
28.5,64.5,30.46,29.963563404624846,73.5,52065,1,1,synthetic_demo
30.4,67.6,32.608,32.71048567926453,75.8,52112,1,1,synthetic_demo
32.3,70.7,34.756,35.69091191506257,78.1,52159,1,1,synthetic_demo
34.2,73.8,36.904,38.93169430330481,80.4,52206,1,1,synthetic_demo
36.1,76.9,39.052,42.46215152991211,82.7,52253,1,1,synthetic_demo
38,80,41.2,46.314237963186066,85,52300,1,1,synthetic_demo
39.9,83.1,43.348,50.52272008403973,87.3,52347,1,1,synthetic_demo
41.8,86.2,45.495999999999995,55.12536020815196,89.6,52394,1,1,synthetic_demo
43.7,89.3,47.644000000000005,60.16310753701522,91.9,52441,1,1,synthetic_demo
28.6,92.4,32.792,34.36922024648209,94.2,52488,1,1,synthetic_demo
30.5,95.5,34.94,37.620801231740074,16.5,52535,1,1,synthetic_demo
32.4,37.6,32.4,29.49721769113877,18.8,52582,1,1,synthetic_demo
34.3,40.7,34.355999999999995,32.039462139693136,21.1,52629,1,1,synthetic_demo
36.2,43.8,36.504000000000005,34.80463110609531,23.4,52676,1,1,synthetic_demo
38.1,46.9,38.652,37.81943493675051,25.7,52723,1,1,synthetic_demo
40,50,40.8,41.11308071036692,28,52770,1,1,synthetic_demo
41.9,53.1,42.948,44.71744374089417,30.3,52817,1,1,synthetic_demo
43.8,56.2,45.096,48.667246305899646,32.6,52864,1,1,synthetic_demo
28.7,59.3,30.244,29.3874646710893,34.9,52911,1,1,synthetic_demo
30.6,62.4,32.392,32.059053066772535,37.2,52958,1,1,synthetic_demo
32.5,65.5,34.54,34.957098583308465,39.5,53005,1,1,synthetic_demo
34.4,68.6,36.687999999999995,38.107909378261084,41.8,53052,1,1,synthetic_demo
36.3,71.7,38.836,41.54022761837594,44.1,53099,1,1,synthetic_demo
38.2,74.8,40.984,45.285397374433906,46.4,53146,1,1,synthetic_demo
40.1,77.9,43.132000000000005,49.377539741857895,48.7,53193,1,1,synthetic_demo
42,81,45.28,53.85373523778077,51,53240,1,1,synthetic_demo
43.9,84.1,47.428,58.754213512851756,53.3,53287,1,1,synthetic_demo
28.8,87.2,32.576,33.83903409696519,55.6,53334,1,1,synthetic_demo
30.7,90.3,34.724,37.01987918917765,57.9,53381,1,1,synthetic_demo
32.6,93.4,36.872,40.47770866527563,60.2,53428,1,1,synthetic_demo
34.5,35.5,34.5,31.13177890609615,62.5,53475,1,1,synthetic_demo
36.4,38.6,36.4,33.7908582418925,64.8,53522,1,1,synthetic_demo
38.3,41.7,38.436,36.69017587729378,67.1,53569,1,1,synthetic_demo
40.2,44.8,40.584,39.85825669435274,69.4,53616,1,1,synthetic_demo
42.1,47.9,42.732,43.326255994023,71.7,53663,1,1,synthetic_demo
44,51,44.88,47.128136874461106,74,53710,1,1,synthetic_demo
28.9,54.1,30.028,28.79379805052741,76.3,53757,1,1,synthetic_demo
30.8,57.2,32.176,31.38834392299975,78.6,53804,1,1,synthetic_demo
32.7,60.3,34.324000000000005,34.202162812807195,80.9,53851,1,1,synthetic_demo
34.6,63.4,36.472,37.261010322104795,83.2,53898,1,1,synthetic_demo
36.5,66.5,38.62,40.59304322658276,85.5,53945,1,1,synthetic_demo
38.4,69.6,40.768,44.22898607311894,87.8,53992,1,1,synthetic_demo
40.3,72.7,42.916,48.202304986851786,90.1,54039,1,1,synthetic_demo
42.2,75.8,45.064,52.54938873966216,92.4,54086,1,1,synthetic_demo
44.1,78.9,47.212,57.30973711965885,94.7,54133,1,1,synthetic_demo
29,82,32.36,33.29169663403689,17,54180,1,1,synthetic_demo
30.9,85.1,34.507999999999996,36.400131897140085,19.3,54227,1,1,synthetic_demo
32.8,88.2,36.656,39.7787494868848,21.6,54274,1,1,synthetic_demo
34.7,91.3,38.804,43.45746097241786,23.9,54321,1,1,synthetic_demo
36.6,94.4,40.952,47.46884003291896,26.2,54368,1,1,synthetic_demo
38.5,36.5,38.5,35.53233272834934,28.5,54415,1,1,synthetic_demo
40.4,39.6,40.4,38.572288061216355,30.8,54462,1,1,synthetic_demo
42.3,42.7,42.516,41.90117525921059,33.1,54509,1,1,synthetic_demo
44.2,45.8,44.664,45.55218776817753,35.4,54556,1,1,synthetic_demo
29.1,48.9,29.812,28.182289218086744,37.7,54603,1,1,synthetic_demo
31,52,31.96,30.69806152438594,40,54650,1,1,synthetic_demo
32.9,55.1,34.108,33.425784067243164,42.3,54697,1,1,synthetic_demo
34.8,58.2,36.256,36.39065131257107,44.6,54744,1,1,synthetic_demo
36.7,61.3,38.404,39.62022571323166,46.9,54791,1,1,synthetic_demo
38.6,64.4,40.552,43.14460300524733,49.2,54838,1,1,synthetic_demo
40.5,67.5,42.7,46.996584697501774,51.5,54885,1,1,synthetic_demo
42.4,70.6,44.848,51.211857808209075,53.8,54932,1,1,synthetic_demo
44.3,73.7,46.995999999999995,55.82918188907311,56.1,54979,1,1,synthetic_demo
29.2,76.8,32.144,32.72693665798817,58.4,55026,1,1,synthetic_demo
31.1,79.9,34.292,35.76126596015446,60.7,55073,1,1,synthetic_demo
33,83,36.44,39.05883909448998,63,55120,1,1,synthetic_demo
34.9,86.1,38.588,42.649030859809535,65.3,55167,1,1,synthetic_demo
36.8,89.2,40.736,46.56384599106967,67.6,55214,1,1,synthetic_demo
38.7,92.3,42.884,50.83809516555156,69.9,55261,1,1,synthetic_demo
40.6,95.4,45.032000000000004,55.5095783152897,72.2,55308,1,1,synthetic_demo
42.5,37.5,42.5,40.441729169563686,74.5,55355,1,1,synthetic_demo
44.4,40.6,44.448,43.9388925288135,76.8,55402,1,1,synthetic_demo
29.3,43.7,29.596,27.55266070246597,79.1,55449,1,1,synthetic_demo
31.2,46.8,31.744,29.987905799741693,81.4,55496,1,1,synthetic_demo
33.1,49.9,33.892,32.62763825294805,83.7,55543,1,1,synthetic_demo
35,53,36.04,35.49648275166357,86,55590,1,1,synthetic_demo
36.9,56.1,38.187999999999995,38.621398434154244,88.3,55637,1,1,synthetic_demo
38.8,59.2,40.336,42.03184287797323,90.6,55684,1,1,synthetic_demo
40.7,62.3,42.484,45.759943268522306,92.9,55731,1,1,synthetic_demo
42.6,65.4,44.632000000000005,49.84067480015531,15.2,55778,1,1,synthetic_demo
44.5,68.5,46.78,54.3120463520806,17.5,55825,1,1,synthetic_demo
29.4,71.6,31.927999999999997,32.144479840775205,19.8,55872,0,1,synthetic_demo
31.3,74.7,34.076,35.10298465402156,22.1,55919,1,1,synthetic_demo
33.2,77.8,36.224000000000004,38.31765695387212,24.4,55966,1,1,synthetic_demo
35.1,80.9,38.372,41.817326223466786,26.7,56013,1,1,synthetic_demo
37,84,40.52,45.633419357646474,29,56060,1,1,synthetic_demo
38.9,87.1,42.668,49.80013537481979,31.3,56107,1,1,synthetic_demo
40.8,90.2,44.815999999999995,54.35462741826232,33.6,56154,1,1,synthetic_demo
42.7,93.3,46.964000000000006,59.33719208776051,35.9,56201,1,1,synthetic_demo
44.6,35.4,44.6,42.28773963691347,38.2,56248,1,1,synthetic_demo
29.5,38.5,29.5,26.904631859447196,40.5,56295,1,1,synthetic_demo
31.4,41.6,31.528,29.257573302640736,42.8,56342,1,1,synthetic_demo
33.3,44.7,33.675999999999995,31.807397690137513,45.1,56389,1,1,synthetic_demo
35.2,47.8,35.824000000000005,34.57815123572121,47.4,56436,1,1,synthetic_demo
37.1,50.9,37.972,37.596180711198905,49.7,56483,1,1,synthetic_demo
39,54,40.12,40.89029612728896,52,56530,1,1,synthetic_demo
40.9,57.1,42.268,44.4919405773481,54.3,56577,1,1,synthetic_demo
42.8,60.2,44.416,48.43536729982917,56.6,56624,1,1,synthetic_demo
44.7,63.3,46.564,52.75782400307101,58.9,56671,1,1,synthetic_demo
29.6,66.4,31.712000000000003,31.544048699621285,61.2,56718,1,1,synthetic_demo
31.5,69.5,33.86,34.42498789827871,63.5,56765,1,1,synthetic_demo
33.4,72.6,36.007999999999996,37.55487896446978,65.8,56812,1,1,synthetic_demo
35.3,75.7,38.156,40.96199746105697,68.1,56859,1,1,synthetic_demo
37.2,78.8,40.304,44.67718348687606,70.4,56906,1,1,synthetic_demo
39.1,81.9,42.452,48.73401509006665,72.7,56953,1,1,synthetic_demo
41,85,44.6,53.16898895442411,75,57000,1,1,synthetic_demo
42.9,88.1,46.748,58.02170840096671,77.3,57047,1,1,synthetic_demo
44.8,91.2,48.896,63.33507873433711,79.6,57094,1,1,synthetic_demo
29.7,94.3,34.044,36.236091504811455,81.9,57141,1,1,synthetic_demo
31.6,36.4,31.6,28.50675718366514,84.2,57188,1,1,synthetic_demo
33.5,39.5,33.5,30.96473108399886,86.5,57235,1,1,synthetic_demo
35.4,42.6,35.608,33.63529952533438,88.8,57282,1,1,synthetic_demo
37.3,45.7,37.756,36.54418780096265,91.1,57329,1,1,synthetic_demo
39.2,48.8,39.904,39.71954888556152,93.4,57376,1,1,synthetic_demo
41.1,51.9,42.052,43.19213195046548,15.7,57423,1,1,synthetic_demo
43,55,44.2,46.99545808427152,18,57470,1,1,synthetic_demo
44.9,58.1,46.348,51.16600326373556,20.3,57517,1,1,synthetic_demo
29.8,61.2,31.496000000000002,30.92536257047394,22.6,57564,1,1,synthetic_demo
31.7,64.3,33.644,33.72697222851574,24.9,57611,1,1,synthetic_demo
33.6,67.4,35.792,36.77017743053847,27.2,57658,1,1,synthetic_demo
35.5,70.5,37.94,40.082691155154635,29.5,57705,1,1,synthetic_demo
37.4,73.6,40.088,43.69475768920839,31.8,57752,1,1,synthetic_demo
39.3,76.7,42.236,47.6393247384197,34.1,57799,1,1,synthetic_demo
41.2,79.8,44.384,51.95222279504283,36.4,57846,1,1,synthetic_demo
43.1,82.9,46.532000000000004,56.67235180602498,38.7,57893,1,1,synthetic_demo
28,86,31.68,32.59140864423119,41,57940,1,1,synthetic_demo
29.9,89.1,33.827999999999996,35.665936012942545,43.3,57987,1,1,synthetic_demo
31.8,92.2,35.976,39.0055759097053,45.6,58034,1,1,synthetic_demo
33.7,95.3,38.124,42.63970038290092,47.9,58081,1,1,synthetic_demo
35.6,37.4,35.6,32.667566515110266,50.2,58128,1,1,synthetic_demo
37.5,40.5,37.54,35.46503086337081,52.5,58175,1,1,synthetic_demo
39.4,43.6,39.687999999999995,38.51918294891547,54.8,58222,1,1,synthetic_demo
41.3,46.7,41.836,41.860068129588974,57.1,58269,1,1,synthetic_demo
43.2,49.8,43.984,45.52046508819791,59.4,58316,1,1,synthetic_demo
28.1,52.9,29.132,27.776933907769177,61.7,58363,1,1,synthetic_demo
30,56,31.28,30.288137581316835,64,58410,1,1,synthetic_demo
31.9,59.1,33.428,33.00863076854369,66.3,58457,1,1,synthetic_demo
33.8,62.2,35.576,35.96322103216074,68.6,58504,1,1,synthetic_demo
35.7,65.3,37.724000000000004,39.17905004307925,70.9,58551,1,1,synthetic_demo
37.6,68.4,39.872,42.68575719996946,73.2,58598,1,1,synthetic_demo
39.5,71.5,42.02,46.515650433138596,75.5,58645,1,1,synthetic_demo
41.4,74.6,44.168,50.7038842498219,77.8,58692,1,1,synthetic_demo
43.3,77.7,46.315999999999995,55.28864506567464,80.1,58739,1,1,synthetic_demo
28.2,80.8,31.464,32.07282879300955,82.4,58786,1,1,synthetic_demo
30.1,83.9,33.612,35.0776780707091,84.7,58833,1,1,synthetic_demo
32,87,35.76,38.341052557358765,87,58880,1,1,synthetic_demo
33.9,90.1,37.908,41.891809133528554,89.3,58927,1,1,synthetic_demo
35.8,93.2,40.056,45.76139525920345,91.6,58974,1,1,synthetic_demo
37.7,35.3,37.7,34.358316930103946,93.9,59021,1,1,synthetic_demo
39.6,38.4,39.6,37.28877574446194,16.2,59068,1,1,synthetic_demo
41.5,41.5,41.62,40.49529523768291,18.5,59115,1,1,synthetic_demo
43.4,44.6,43.768,44.00990136880499,20.8,59162,1,1,synthetic_demo
28.3,47.7,28.916,27.1967149532933,23.1,59209,0,1,synthetic_demo
30.2,50.8,31.064,29.632086625336232,25.4,59256,0,1,synthetic_demo
32.1,53.9,33.212,32.26965320241596,27.7,59303,1,1,synthetic_demo
34,57,35.36,35.13367479610711,30,59350,1,1,synthetic_demo
35.9,60.1,37.507999999999996,38.250712986581874,32.3,59397,1,1,synthetic_demo
37.8,63.2,39.656,41.64979314786136,34.6,59444,1,1,synthetic_demo
39.7,66.3,41.804,45.36257394091777,36.9,59491,1,1,synthetic_demo
41.6,69.4,43.952,49.42352403299628,39.2,59538,1,1,synthetic_demo
43.5,72.5,46.1,53.87010608925635,41.5,59585,1,1,synthetic_demo
28.4,75.6,31.247999999999998,31.537503610904285,43.8,59632,1,1,synthetic_demo
30.3,78.7,33.396,34.47103381293434,46.1,59679,1,1,synthetic_demo
32.2,81.8,35.544000000000004,37.656368947205436,48.4,59726,1,1,synthetic_demo
34.1,84.9,37.692,41.12184238659498,50.7,59773,1,1,synthetic_demo
36,88,39.84,44.89834645130802,53,59820,1,1,synthetic_demo
37.9,91.1,41.988,49.01950539264671,55.3,59867,1,1,synthetic_demo
39.8,94.2,44.135999999999996,53.521855663029854,57.6,59914,1,1,synthetic_demo
41.7,36.3,41.7,39.09735474482795,59.9,59961,1,1,synthetic_demo
43.6,39.4,43.6,42.46327507042089,62.2,60008,1,1,synthetic_demo
28.5,42.5,28.7,26.599076661962105,64.5,60055,1,1,synthetic_demo
30.4,45.6,30.848,28.95691933394176,66.8,60102,1,1,synthetic_demo
32.3,48.7,32.995999999999995,31.509725746301942,69.1,60149,1,1,synthetic_demo
34.2,51.8,35.144000000000005,34.28120006654728,71.4,60196,1,1,synthetic_demo
36.1,54.9,37.292,37.297314941380684,73.7,60243,1,1,synthetic_demo
38,58,39.44,40.586472523309894,76,60290,1,1,synthetic_demo
39.9,61.1,41.588,44.17967264903523,78.3,60337,1,1,synthetic_demo
41.8,64.2,43.736,48.11068822927327,80.6,60384,1,1,synthetic_demo
43.7,67.3,45.884,52.416247897437,82.9,60431,1,1,synthetic_demo
28.6,70.4,31.032000000000004,30.9851678068435,85.2,60478,1,1,synthetic_demo
30.5,73.5,33.18,33.84571613123451,87.5,60525,1,1,synthetic_demo
32.4,76.6,35.327999999999996,36.9512147643944,89.8,60572,1,1,synthetic_demo
34.3,79.7,37.476,40.329465172814324,92.1,60619,1,1,synthetic_demo
36.2,82.8,39.624,44.01079578960482,94.4,60666,1,1,synthetic_demo
38.1,85.9,41.772000000000006,48.0282337114471,16.7,60713,1,1,synthetic_demo
40,89,43.92,52.41768366445312,19,60760,1,1,synthetic_demo
41.9,92.1,46.068,57.21811428505372,21.3,60807,1,1,synthetic_demo
43.8,95.2,48.215999999999994,62.471751749495496,23.6,60854,1,1,synthetic_demo
28.7,37.3,28.7,25.983747592438966,25.9,60901,0,1,synthetic_demo
30.6,40.4,30.632,28.262342049641195,28.2,60948,1,1,synthetic_demo
32.5,43.5,32.78,30.728531120212494,30.5,60995,1,1,synthetic_demo
34.4,46.6,34.928,33.405454475611755,32.8,61042,1,1,synthetic_demo
36.3,49.7,37.076,36.318486926545106,35.1,61089,1,1,synthetic_demo
38.2,52.8,39.224000000000004,39.49539814665923,37.4,61136,1,1,synthetic_demo
40.1,55.9,41.372,42.96651953234732,39.7,61183,1,1,synthetic_demo
42,59,43.52,46.764918259618085,42,61230,1,1,synthetic_demo
43.9,62.1,45.668,50.92657858677876,44.3,61277,1,1,synthetic_demo
28.8,65.2,30.816000000000003,30.41555301745563,46.6,61324,1,1,synthetic_demo
30.7,68.3,32.964,33.201434646963826,48.9,61371,1,1,synthetic_demo
32.6,71.4,35.112,36.22527621735203,51.2,61418,1,1,synthetic_demo
34.5,74.5,37.26,39.51433883110319,53.5,61465,1,1,synthetic_demo
36.4,77.6,39.408,43.09837822722431,55.8,61512,1,1,synthetic_demo
38.3,80.7,41.556,47.009815186992995,58.1,61559,1,1,synthetic_demo
40.2,83.8,43.704,51.283913191668745,60.4,61606,1,1,synthetic_demo
42.1,86.9,45.852000000000004,55.958963379553225,62.7,61653,1,1,synthetic_demo
44,90,48,61.076476837284304,65,61700,1,1,synthetic_demo
28.9,93.1,33.147999999999996,34.89790939933644,67.3,61747,1,1,synthetic_demo
30.8,35.2,30.8,27.548057798769076,69.6,61794,1,1,synthetic_demo
32.7,38.3,32.7,29.925748519577375,71.9,61841,1,1,synthetic_demo
34.6,41.4,34.712,32.506091913803445,74.2,61888,1,1,synthetic_demo
36.5,44.5,36.86,35.31385599372831,76.5,61935,1,1,synthetic_demo
38.4,47.6,39.007999999999996,38.37616863621353,78.8,61982,1,1,synthetic_demo
40.3,50.7,41.156,41.7226831201291,81.1,62029,1,1,synthetic_demo
42.2,53.8,43.304,45.38575084688422,83.4,62076,1,1,synthetic_demo
44.1,56.9,45.452,49.40060129415194,85.7,62123,1,1,synthetic_demo
29,60,30.6,29.8283877810026,88,62170,1,1,synthetic_demo
30.9,63.1,32.748,32.537895684013385,90.3,62217,1,1,synthetic_demo
32.8,66.2,34.896,35.47823600943054,92.6,62264,1,1,synthetic_demo
34.7,69.3,37.044000000000004,38.676120979064166,94.9,62311,1,1,synthetic_demo
36.6,72.4,39.192,42.16072477100988,17.2,62358,1,1,synthetic_demo
38.5,75.5,41.34,45.96385262987329,19.5,62405,1,1,synthetic_demo
40.4,78.6,43.488,50.120117212414286,21.8,62452,1,1,synthetic_demo
42.3,81.7,45.635999999999996,54.66712221727179,24.1,62499,1,1,synthetic_demo
44.2,84.8,47.784000000000006,59.645653334966255,26.4,62546,1,1,synthetic_demo
29.1,87.9,32.932,34.35736037361605,28.7,62593,1,1,synthetic_demo
31,91,35.08,37.58385766767539,31,62640,1,1,synthetic_demo
32.9,94.1,37.227999999999994,41.09235173734268,33.3,62687,1,1,synthetic_demo
34.8,36.2,34.8,31.582762500258987,35.6,62734,1,1,synthetic_demo
36.7,39.3,36.7,34.28304519624803,37.9,62781,1,1,synthetic_demo
38.6,42.4,38.792,37.22837837612557,40.2,62828,1,1,synthetic_demo
40.5,45.5,40.94,40.44772746276045,42.5,62875,1,1,synthetic_demo
42.4,48.6,43.088,43.972717981288405,44.8,62922,1,1,synthetic_demo
44.3,51.7,45.236,47.83781416099159,47.1,62969,1,1,synthetic_demo
29.2,54.8,30.384,29.223397511168645,49.4,63016,1,1,synthetic_demo
31.1,57.9,32.532000000000004,31.85480224146362,51.7,63063,1,1,synthetic_demo
33,61,34.68,34.7097733104083,54,63110,1,1,synthetic_demo
34.9,64.1,36.827999999999996,37.81446548331929,56.3,63157,1,1,synthetic_demo
36.8,67.2,38.976,41.197462450671324,58.6,63204,1,1,synthetic_demo
38.7,70.3,41.124,44.889944638551185,60.9,63251,1,1,synthetic_demo
40.6,73.4,43.272000000000006,48.92586423838851,63.2,63298,1,1,synthetic_demo
42.5,76.5,45.42,53.34212750590993,65.5,63345,1,1,synthetic_demo
44.4,79.6,47.568,58.17878436683632,67.8,63392,1,1,synthetic_demo
29.3,82.7,32.716,33.799408240135826,70.1,63439,1,1,synthetic_demo
31.2,85.8,34.864,36.9524939661931,72.4,63486,1,1,synthetic_demo
33.1,88.9,37.012,40.38069620615396,74.7,63533,1,1,synthetic_demo
35,92,39.16,44.11436628590658,77,63580,1,1,synthetic_demo
36.9,95.1,41.308,48.186547078218695,79.3,63627,1,1,synthetic_demo
38.8,37.2,38.8,36.051617484131825,81.6,63674,1,1,synthetic_demo
40.7,40.3,40.724000000000004,39.14121209825761,83.9,63721,1,1,synthetic_demo
42.6,43.4,42.872,42.525346885729974,86.2,63768,1,1,synthetic_demo
44.5,46.5,45.02,46.23771029739778,88.5,63815,1,1,synthetic_demo
29.4,49.6,30.168,28.60030447070461,90.8,63862,1,1,synthetic_demo
31.3,52.7,32.316,31.151853966090183,93.1,63909,1,1,synthetic_demo
33.2,55.8,34.464000000000006,33.91956372784144,15.4,63956,1,1,synthetic_demo
35.1,58.9,36.612,36.92902242969337,17.7,64003,1,1,synthetic_demo
37,62,38.76,40.208214287786674,20,64050,1,1,synthetic_demo
38.9,65.1,40.908,43.78768556717299,22.3,64097,1,1,synthetic_demo
40.8,68.2,43.056,47.70071829185687,24.6,64144,1,1,synthetic_demo
42.7,71.3,45.204,51.983511209617625,26.9,64191,1,1,synthetic_demo
44.6,74.4,47.352000000000004,56.67536805046221,29.2,64238,1,1,synthetic_demo
29.5,77.5,32.5,33.22377841836773,31.5,64285,1,1,synthetic_demo
31.4,80.6,34.647999999999996,36.30173577386642,33.8,64332,1,1,synthetic_demo
33.3,83.7,36.796,39.64779164797561,36.1,64379,1,1,synthetic_demo
35.2,86.8,38.944,43.29175580043098,38.4,64426,1,1,synthetic_demo
37.1,89.9,41.092,47.26609716968137,40.7,64473,1,1,synthetic_demo
39,93,43.24,51.606121108108766,43,64520,1,1,synthetic_demo
40.9,35.1,40.9,37.80269201865006,45.3,64567,1,1,synthetic_demo
42.8,38.2,42.8,41.04315998095472,47.6,64614,1,1,synthetic_demo
44.7,41.3,44.804,44.5997777460795,49.9,64661,1,1,synthetic_demo
29.6,44.4,29.952,27.958827744927486,52.2,64708,1,1,synthetic_demo
31.5,47.5,32.1,30.428747124722857,54.5,64755,1,1,synthetic_demo
33.4,50.6,34.248,33.107279278266816,56.8,64802,1,1,synthetic_demo
35.3,53.7,36.396,36.019438093246485,59.1,64849,1,1,synthetic_demo
37.2,56.8,38.544000000000004,39.192599264651776,61.4,64896,1,1,synthetic_demo
39.1,59.9,40.692,42.65666549322334,63.7,64943,1,1,synthetic_demo
41,63,42.84,46.444238872102574,66,64990,1,1,synthetic_demo
42.9,66.1,44.988,50.59080051423268,68.3,65037,1,1,synthetic_demo
44.8,69.2,47.135999999999996,55.13489746070316,70.6,65084,1,1,synthetic_demo
29.7,72.3,32.284,32.63019316858821,72.9,65131,1,1,synthetic_demo
31.6,75.4,34.432,35.63128273759207,75.2,65178,1,1,synthetic_demo
33.5,78.5,36.58,38.89331367326355,77.5,65225,1,1,synthetic_demo
35.4,81.6,38.727999999999994,42.44554556965459,79.8,65272,1,1,synthetic_demo
37.3,84.7,40.876,46.31986448012117,82.1,65319,1,1,synthetic_demo
39.2,87.8,43.024,50.55095885557995,84.4,65366,1,1,synthetic_demo
41.1,90.9,45.172000000000004,55.17650278029504,86.7,65413,1,1,synthetic_demo
43,94,47.32,60.23734654402769,89,65460,1,1,synthetic_demo
44.9,36.1,44.9,42.92349944614206,91.3,65507,1,1,synthetic_demo
29.8,39.2,29.8,27.29868321507481,93.6,65554,1,1,synthetic_demo
31.7,42.3,31.884,29.68517457645748,15.9,65601,0,1,synthetic_demo
33.6,45.4,34.032000000000004,32.27258835825588,18.2,65648,1,1,synthetic_demo
35.5,48.5,36.18,35.08535490815603,20.5,65695,1,1,synthetic_demo
37.4,51.6,38.327999999999996,38.15023229297762,22.8,65742,1,1,synthetic_demo
39.3,54.7,40.476,41.49647018502682,25.1,65789,1,1,synthetic_demo
41.2,57.8,42.624,45.155980921722744,27.4,65836,1,1,synthetic_demo
43.1,60.9,44.772,49.163517792363336,29.7,65883,1,1,synthetic_demo
28,64,29.92,29.32328085152088,32,65930,1,1,synthetic_demo
29.9,67.1,32.068,32.01837156530241,34.3,65977,1,1,synthetic_demo
31.8,70.2,34.216,34.940831115632456,36.6,66024,1,1,synthetic_demo
33.7,73.3,36.364000000000004,38.116934292409624,38.9,66071,1,1,synthetic_demo
35.6,76.4,38.512,41.575381865091565,41.2,66118,1,1,synthetic_demo
37.5,79.5,40.66,45.34746799106122,43.5,66165,1,1,synthetic_demo
39.4,82.6,42.808,49.46725485276188,45.8,66212,1,1,synthetic_demo
41.3,85.7,44.955999999999996,53.971754576140796,48.1,66259,1,1,synthetic_demo
43.2,88.8,47.104,58.90111847052157,50.4,66306,1,1,synthetic_demo
28.1,91.9,32.252,33.60425191160656,52.7,66353,1,1,synthetic_demo
30,95,34.4,36.79148339687677,55,66400,1,1,synthetic_demo
31.9,37.1,31.9,28.920825744720318,57.3,66447,1,1,synthetic_demo
33.8,40.2,33.815999999999995,31.415155715319322,59.6,66494,1,1,synthetic_demo
35.7,43.3,35.964000000000006,34.12641143744765,61.9,66541,1,1,synthetic_demo
37.6,46.4,38.112,37.08072418243542,64.2,66588,1,1,synthetic_demo
39.5,49.5,40.26,40.30668106909595,66.5,66635,1,1,synthetic_demo
41.4,52.6,42.408,43.835494792769865,68.8,66682,1,1,synthetic_demo
43.3,55.7,44.556,47.701180568315024,71.1,66729,1,1,synthetic_demo
28.2,58.8,29.704,28.76644966620002,73.4,66776,1,1,synthetic_demo
30.1,61.9,31.852,31.38802947052316,75.7,66823,1,1,synthetic_demo
32,65,34,34.2300737497508,78,66870,1,1,synthetic_demo
33.9,68.1,36.147999999999996,37.31832188671803,80.3,66917,1,1,synthetic_demo
35.8,71.2,38.296,40.680907107889325,82.6,66964,1,1,synthetic_demo
37.7,74.3,40.444,44.3485226035899,84.9,67011,1,1,synthetic_demo
39.6,77.4,42.592,48.35459485993109,87.2,67058,1,1,synthetic_demo
41.5,80.5,44.74,52.73546425622831,89.5,67105,1,1,synthetic_demo
43.4,83.6,46.888,57.53057296932954,91.8,67152,1,1,synthetic_demo
28.3,86.7,32.036,33.09218629875322,94.1,67199,1,1,synthetic_demo
30.2,89.8,34.184,36.210409034551056,16.4,67246,1,1,synthetic_demo
32.1,92.9,36.332,39.59858038041638,18.7,67293,1,1,synthetic_demo
34,35,34,30.534642418662262,21,67340,1,1,synthetic_demo
35.9,38.1,35.9,33.142242342575194,23.3,67387,1,1,synthetic_demo
37.8,41.2,37.896,35.98368160904886,25.6,67434,1,1,synthetic_demo
39.7,44.3,40.044000000000004,39.08687519732514,27.9,67481,1,1,synthetic_demo
41.6,47.4,42.192,42.482326212738094,30.2,67528,1,1,synthetic_demo
43.5,50.5,44.34,46.20330148286132,32.5,67575,1,1,synthetic_demo
28.4,53.6,29.488,28.19248404159352,34.8,67622,1,1,synthetic_demo
30.3,56.7,31.636000000000003,30.738879506904414,37.1,67669,1,1,synthetic_demo
32.2,59.8,33.784000000000006,33.498700037199086,39.4,67716,1,1,synthetic_demo
34.1,62.9,35.932,36.497141179232315,41.7,67763,1,1,synthetic_demo
36,66,38.08,39.76175983848102,44,67810,1,1,synthetic_demo
37.9,69.1,40.227999999999994,43.32263910682643,46.3,67857,1,1,synthetic_demo
39.8,72.2,42.376,47.21256028525218,48.6,67904,1,1,synthetic_demo
41.7,75.3,44.524,51.46718215662659,50.9,67951,1,1,synthetic_demo
43.6,78.4,46.672000000000004,56.12522755129439,53.2,67998,1,1,synthetic_demo
28.5,81.5,31.82,32.56339406940968,55.5,68045,1,1,synthetic_demo
30.4,84.6,33.967999999999996,35.61096876428668,57.8,68092,1,1,synthetic_demo
32.3,87.7,36.116,38.921828500013966,60.1,68139,1,1,synthetic_demo
34.2,90.8,38.264,42.525258031708354,62.4,68186,1,1,synthetic_demo
36.1,93.9,40.412,46.45316162105003,64.7,68233,1,1,synthetic_demo
38,36,38,34.85870708343373,67,68280,1,1,synthetic_demo
39.9,39.1,39.9,37.836625214030725,69.3,68327,1,1,synthetic_demo
41.8,42.2,41.976,41.096016250394584,71.6,68374,1,1,synthetic_demo
43.7,45.3,44.124,44.669388257858785,73.9,68421,1,1,synthetic_demo
28.6,48.4,29.272000000000002,27.601115367204905,76.2,68468,1,1,synthetic_demo
30.5,51.5,31.42,30.070631030728947,78.5,68515,1,1,synthetic_demo
32.4,54.6,33.568,32.746395902557886,80.8,68562,1,1,synthetic_demo
34.3,57.7,35.715999999999994,35.653053205412625,83.1,68609,1,1,synthetic_demo
36.2,60.8,37.864000000000004,38.81757468608663,85.4,68656,1,1,synthetic_demo
38.1,63.9,40.012,42.26942414623364,87.7,68703,1,1,synthetic_demo
40,67,42.16,46.040728151891685,90,68750,1,1,synthetic_demo
41.9,70.1,44.308,50.166453978091916,92.3,68797,1,1,synthetic_demo
43.8,73.2,46.455999999999996,54.684594832595266,94.6,68844,1,1,synthetic_demo
28.7,76.3,31.604,32.017609686410005,16.9,68891,1,1,synthetic_demo
30.6,79.4,33.752,34.992875216374024,19.2,68938,1,1,synthetic_demo
32.5,82.5,35.9,38.224627986609896,21.5,68985,1,1,synthetic_demo
34.4,85.6,38.048,41.74162453030829,23.8,69032,1,1,synthetic_demo
36.3,88.7,40.196,45.575209062063394,26.1,69079,1,1,synthetic_demo
38.2,91.8,42.344,49.759487686805244,28.4,69126,1,1,synthetic_demo
40.1,94.9,44.492000000000004,54.33150990375243,30.7,69173,1,1,synthetic_demo
42,37,42,39.67610128145541,33,69220,1,1,synthetic_demo
43.9,40.1,43.908,43.09894366070577,35.3,69267,1,1,synthetic_demo
28.8,43.2,29.056,26.99207193794606,37.6,69314,1,1,synthetic_demo
30.7,46.3,31.204,29.382990104750004,39.9,69361,1,1,synthetic_demo
32.6,49.4,33.352000000000004,31.972843769428437,42.2,69408,1,1,synthetic_demo
34.5,52.5,35.5,34.78571528366332,44.5,69455,1,1,synthetic_demo
36.4,55.6,37.647999999999996,37.84798233806278,46.8,69502,1,1,synthetic_demo
38.3,58.7,39.796,41.188480191778055,49.1,69549,1,1,synthetic_demo
40.2,61.8,41.944,44.83867106497766,51.4,69596,1,1,synthetic_demo
42.1,64.9,44.092,48.832820751818225,53.7,69643,1,1,synthetic_demo
44,68,46.24,53.20818249928147,56,69690,1,1,synthetic_demo
28.9,71.1,31.387999999999998,31.454564535905707,58.3,69737,1,1,synthetic_demo
30.8,74.2,33.536,34.3558377462689,60.6,69784,1,1,synthetic_demo
32.7,77.3,35.684000000000005,37.5066647666666,62.9,69831,1,1,synthetic_demo
34.6,80.4,37.832,40.935265455792205,65.2,69878,1,1,synthetic_demo
36.5,83.5,39.98,44.67241517924302,67.5,69925,1,1,synthetic_demo
38.4,86.6,42.128,48.75161772890949,69.8,69972,1,1,synthetic_demo
40.3,89.7,44.275999999999996,53.209285520228406,72.1,70019,1,1,synthetic_demo
42.2,92.8,46.42400000000001,58.084927111354204,74.4,70066,1,1,synthetic_demo
44.1,95.9,48.572,63.42134207573237,76.7,70113,1,1,synthetic_demo
29,38,29,26.365078927968316,79,70160,1,1,synthetic_demo
30.9,41.1,30.988,28.67565947088669,81.3,70207,1,1,synthetic_demo
32.8,44.2,33.135999999999996,31.177722531976283,83.6,70254,1,1,synthetic_demo
34.7,47.3,35.284000000000006,33.89478098571046,85.9,70301,1,1,synthetic_demo
36.6,50.4,37.432,36.852609509100795,88.2,70348,1,1,synthetic_demo
38.5,53.5,39.58,40.0794055059367,90.5,70395,1,1,synthetic_demo
40.4,56.6,41.728,43.6059571784052,92.8,70442,1,1,synthetic_demo
42.3,59.7,43.876,47.46581880503214,15.1,70489,1,1,synthetic_demo
44.2,62.8,46.024,51.69549327164954,17.4,70536,1,1,synthetic_demo
29.1,65.9,31.172,30.87398690126619,19.7,70583,0,1,synthetic_demo
31,69,33.32,33.69956240735826,22,70630,1,1,synthetic_demo
32.9,72.1,35.467999999999996,36.76762125677372,24.3,70677,1,1,synthetic_demo
34.8,75.2,37.616,40.10583812208496,26.6,70724,1,1,synthetic_demo
36.7,78.3,39.764,43.74441065817356,28.9,70771,1,1,synthetic_demo
38.6,81.4,41.912,47.716231127750504,31.2,70818,1,1,synthetic_demo
40.5,84.5,44.06,52.0570652879837,33.5,70865,1,1,synthetic_demo
42.4,87.6,46.208,56.805738583556874,35.8,70912,1,1,synthetic_demo
44.3,90.7,48.355999999999995,62.004329678954306,38.1,70959,1,1,synthetic_demo
29.2,93.8,33.504,35.43421690780326,40.4,71006,1,1,synthetic_demo
31.1,35.9,31.1,27.94833852277278,42.7,71053,1,1,synthetic_demo
33,39,33,30.36070752632662,45,71100,1,1,synthetic_demo
34.9,42.1,35.068,32.97990010682905,47.3,71147,1,1,synthetic_demo
36.8,45.2,37.215999999999994,35.83107891027297,49.6,71194,1,1,synthetic_demo
38.7,48.3,39.364000000000004,38.94179411155081,51.9,71241,1,1,synthetic_demo
40.6,51.4,41.512,42.342150161487325,54.2,71288,1,1,synthetic_demo
42.5,54.5,43.66,46.06497972643256,56.5,71335,1,1,synthetic_demo
44.4,57.6,45.808,50.14602486846448,58.8,71382,1,1,synthetic_demo
29.3,60.7,30.956,30.275601936834885,61.1,71429,1,1,synthetic_demo
31.2,63.8,33.104,33.02375192357949,63.4,71476,1,1,synthetic_demo
33.1,66.9,35.252,36.00717633511473,65.7,71523,1,1,synthetic_demo
35,70,37.4,39.25299608710283,68,71570,1,1,synthetic_demo
36.9,73.1,39.548,42.790822202079774,70.3,71617,1,1,synthetic_demo
38.8,76.2,41.696,46.652926136850674,72.6,71664,1,1,synthetic_demo
40.7,79.3,43.844,50.87441735463594,74.9,71711,1,1,synthetic_demo
42.6,82.4,45.992000000000004,55.49342818857488,77.2,71758,1,1,synthetic_demo
44.5,85.5,48.14,60.55130603069915,79.5,71805,1,1,synthetic_demo
29.4,88.6,33.288,34.88316080855702,81.8,71852,1,1,synthetic_demo
31.3,91.7,35.436,38.15613109469581,84.1,71899,1,1,synthetic_demo
33.2,94.8,37.584,41.716183537623095,86.4,71946,1,1,synthetic_demo
35.1,36.9,35.1,32.04071863591995,88.7,71993,1,1,synthetic_demo
37,40,37,34.78300921792689,91,72040,1,1,synthetic_demo
38.9,43.1,39.147999999999996,37.775235759526204,93.3,72087,1,1,synthetic_demo
40.8,46.2,41.296,41.04680916545143,15.6,72134,1,1,synthetic_demo
42.7,49.3,43.444,44.629830331474736,17.9,72181,1,1,synthetic_demo
44.6,52.4,45.592,48.55926997102446,20.2,72228,1,1,synthetic_demo
29.5,55.5,30.74,29.659131641540764,22.5,72275,1,1,synthetic_demo
31.4,58.6,32.888,32.328105661892955,24.8,72322,1,1,synthetic_demo
33.3,61.7,35.035999999999994,35.22500531278489,27.1,72369,1,1,synthetic_demo
35.2,64.8,37.184000000000005,38.37638912290239,29.4,72416,1,1,synthetic_demo
37.1,67.9,39.332,41.811272500793834,31.7,72463,1,1,synthetic_demo
39,71,41.48,45.561296759954004,34,72510,1,1,synthetic_demo
40.9,74.1,43.628,49.660905372705685,36.3,72557,1,1,synthetic_demo
42.8,77.2,45.775999999999996,54.14752750077761,38.6,72604,1,1,synthetic_demo
44.7,80.3,47.924,59.06176883801898,40.9,72651,1,1,synthetic_demo
29.6,83.4,33.072,34.31444671006649,43.2,72698,1,1,synthetic_demo
31.5,86.5,35.22,37.512992132390046,45.5,72745,1,1,synthetic_demo
33.4,89.6,37.367999999999995,40.99166054017206,47.8,72792,1,1,synthetic_demo
35.3,92.7,39.516,44.781247881637796,50.1,72839,1,1,synthetic_demo
37.2,95.8,41.664,48.91527129495846,52.4,72886,1,1,synthetic_demo
39.1,37.9,39.1,36.579315896380045,54.7,72933,1,1,synthetic_demo
41,41,41.08,39.71948878978104,57,72980,1,1,synthetic_demo
42.9,44.1,43.228,43.15989262749866,59.3,73027,1,1,synthetic_demo
44.8,47.2,45.376,46.9347161870692,61.6,73074,1,1,synthetic_demo
29.7,50.3,30.524,29.024294832364966,63.9,73121,1,1,synthetic_demo
31.6,53.4,32.672000000000004,31.612319604607652,66.2,73168,1,1,synthetic_demo
33.5,56.5,34.82,34.42077990496038,68.5,73215,1,1,synthetic_demo
35.4,59.6,36.967999999999996,37.47566318567909,70.8,73262,1,1,synthetic_demo
37.3,62.7,39.116,40.80538019957021,73.1,73309,1,1,synthetic_demo
39.2,65.8,41.264,44.44093271864647,75.4,73356,1,1,synthetic_demo
41.1,68.9,43.412,48.41608846603221,77.7,73403,1,1,synthetic_demo
43,72,45.56,52.767563310319076,80,73450,1,1,synthetic_demo
44.9,75.1,47.708,57.53521075914872,82.3,73497,1,1,synthetic_demo
29.8,78.2,32.856,33.727796617827806,84.6,73544,1,1,synthetic_demo
31.7,81.3,35.004,36.85017950510622,86.9,73591,1,1,synthetic_demo
33.6,84.4,37.152,40.24558716821137,89.2,73638,1,1,synthetic_demo
35.5,87.5,39.3,43.94426916419903,91.5,73685,1,1,synthetic_demo
37.4,90.6,41.448,47.979163677204895,93.8,73732,1,1,synthetic_demo
39.3,93.7,43.596,52.38607598422328,16.1,73779,1,1,synthetic_demo
41.2,35.8,41.2,38.35973904840267,18.4,73826,1,1,synthetic_demo
43.1,38.9,43.1,41.65468377870171,20.7,73873,1,1,synthetic_demo
28,42,28.16,26.05515305881058,23,73920,0,1,synthetic_demo
29.9,45.1,30.308,28.370807117662277,25.3,73967,0,1,synthetic_demo
31.8,48.2,32.456,30.876086321559608,27.6,74014,1,1,synthetic_demo
33.7,51.3,34.604,33.594168201918336,29.9,74061,1,1,synthetic_demo
35.6,54.4,36.752,36.55046038561493,32.2,74108,1,1,synthetic_demo
37.5,57.5,38.9,39.772759867748675,34.5,74155,1,1,synthetic_demo
39.4,60.6,41.048,43.29141941982288,36.8,74202,1,1,synthetic_demo
41.3,63.7,43.196,47.139521196034636,39.1,74249,1,1,synthetic_demo
43.2,66.8,45.344,51.353057588185145,41.4,74296,1,1,synthetic_demo
28.1,69.9,30.492,30.31704688380086,43.7,74343,1,1,synthetic_demo
30,73,32.64,33.12292934707373,46,74390,1,1,synthetic_demo
31.9,76.1,34.788,36.16738919604356,48.3,74437,1,1,synthetic_demo
33.8,79.2,36.936,39.47763514062911,50.6,74484,1,1,synthetic_demo
35.7,82.3,39.084,43.08336169288549,52.9,74531,1,1,synthetic_demo
37.6,85.4,41.232,47.01691907715485,55.2,74578,1,1,synthetic_demo
39.5,88.5,43.38,51.31349039626246,57.5,74625,1,1,synthetic_demo
41.4,91.6,45.528,56.01127610299847,59.8,74672,1,1,synthetic_demo
43.3,94.7,47.675999999999995,61.151685813634344,62.1,74719,1,1,synthetic_demo
28.2,36.8,28.2,25.46007053939049,64.4,74766,1,1,synthetic_demo
30.1,39.9,30.1,27.698380870337225,66.7,74813,1,1,synthetic_demo
32,43,32.24,30.119094942142837,69,74860,1,1,synthetic_demo
33.9,46.1,34.388,32.74483463990751,71.3,74907,1,1,synthetic_demo
35.8,49.2,36.535999999999994,35.60041895657521,73.6,74954,1,1,synthetic_demo
37.7,52.3,38.684000000000005,38.713021967264496,75.9,75001,1,1,synthetic_demo
39.6,55.4,40.832,42.11233792299977,78.2,75048,1,1,synthetic_demo
41.5,58.5,42.98,45.83075352781809,80.5,75095,1,1,synthetic_demo
43.4,61.6,45.128,49.903527451084926,82.8,75142,1,1,synthetic_demo
28.3,64.7,30.276,29.766535796186087,85.1,75189,1,1,synthetic_demo
30.2,67.8,32.424,32.49956049601961,87.4,75236,1,1,synthetic_demo
32.1,70.9,34.572,35.46431376718537,89.7,75283,1,1,synthetic_demo
34,74,36.72,38.687472542314495,92,75330,1,1,synthetic_demo
35.9,77.1,38.867999999999995,42.19816757513249,94.3,75377,1,1,synthetic_demo
37.8,80.2,41.016,46.02815206421648,16.6,75424,1,1,synthetic_demo
39.7,83.3,43.164,50.21197751551207,18.9,75471,1,1,synthetic_demo
41.6,86.4,45.312000000000005,54.78717689410489,21.2,75518,1,1,synthetic_demo
43.5,89.5,47.46,59.79445510328888,23.5,75565,1,1,synthetic_demo
28.4,92.6,32.608,34.12229145991715,25.8,75612,1,1,synthetic_demo
30.3,95.7,34.756,37.354971231230195,28.1,75659,1,1,synthetic_demo
32.2,37.8,32.2,29.341031127192736,30.4,75706,1,1,synthetic_demo
34.1,40.9,34.172000000000004,31.872439971869664,32.7,75753,1,1,synthetic_demo
36,44,36.32,34.62517322565401,35,75800,1,1,synthetic_demo
37.9,47.1,38.467999999999996,37.625772821006144,37.3,75847,1,1,synthetic_demo
39.8,50.2,40.616,40.90326490747451,39.6,75894,1,1,synthetic_demo
41.7,53.3,42.764,44.48933079612479,41.9,75941,1,1,synthetic_demo
43.6,56.4,44.912,48.418485126186255,44.2,75988,1,1,synthetic_demo
28.5,59.5,30.06,29.198907326746948,46.5,76035,1,1,synthetic_demo
30.4,62.6,32.208,31.857402418963904,48.8,76082,1,1,synthetic_demo
32.3,65.7,34.355999999999995,34.74064233125333,51.1,76129,1,1,synthetic_demo
34.2,68.8,36.504000000000005,37.87476379495082,53.4,76176,1,1,synthetic_demo
36.1,71.9,38.652,41.28832503251861,55.7,76223,1,1,synthetic_demo
38,75,40.8,45.012473090486935,58,76270,1,1,synthetic_demo
39.9,78.1,42.948,49.081118394265985,60.3,76317,1,1,synthetic_demo
41.8,81.2,45.096,53.53111657658863,62.6,76364,1,1,synthetic_demo
43.7,84.3,47.244,58.40245761892927,64.9,76411,1,1,synthetic_demo
28.6,87.4,32.392,33.6001174192915,67.2,76458,1,1,synthetic_demo
30.5,90.5,34.54,36.76282734526154,69.5,76505,1,1,synthetic_demo
32.4,93.6,36.687999999999995,40.20039297581353,71.8,76552,1,1,synthetic_demo
34.3,35.7,34.3,30.976641238010934,74.1,76599,1,1,synthetic_demo
36.2,38.8,36.2,33.624353582568446,76.4,76646,1,1,synthetic_demo
38.1,41.9,38.252,36.51061458102018,78.7,76693,1,1,synthetic_demo
40,45,40.4,39.66377263933023,81,76740,1,1,synthetic_demo
41.9,48.1,42.548,43.114793671130116,83.3,76787,1,1,synthetic_demo
43.8,51.2,44.696,46.89743791569505,85.6,76834,1,1,synthetic_demo
28.7,54.3,29.843999999999998,28.613892607759677,87.9,76881,1,1,synthetic_demo
30.6,57.4,31.992,31.196164199242684,90.2,76928,1,1,synthetic_demo
32.5,60.5,34.14,33.996060523513925,92.5,76975,1,1,synthetic_demo
34.4,63.6,36.288,37.039169627658964,94.8,77022,1,1,synthetic_demo
36.3,66.7,38.436,40.35346837023256,17.1,77069,1,1,synthetic_demo
38.2,69.8,40.584,43.96948845903057,19.4,77116,1,1,synthetic_demo
40.1,72.9,42.732,47.92048969424185,21.7,77163,1,1,synthetic_demo
42,76,44.88,52.242640470016525,24,77210,1,1,synthetic_demo
43.9,79.1,47.028,56.97520557510789,26.3,77257,1,1,synthetic_demo
28.8,82.2,32.176,33.06097021525848,28.6,77304,1,1,synthetic_demo
30.7,85.3,34.324,36.15205088412905,30.9,77351,1,1,synthetic_demo
32.6,88.4,36.472,39.511246745292986,33.2,77398,1,1,synthetic_demo
34.5,91.5,38.62,43.168275208670366,35.5,77445,1,1,synthetic_demo
36.4,94.6,40.768,47.155502323394586,37.8,77492,1,1,synthetic_demo
38.3,36.7,38.3,35.36714519656311,40.1,77539,1,1,synthetic_demo
40.2,39.8,40.2,38.39342893828658,42.4,77586,1,1,synthetic_demo
42.1,42.9,42.332,41.70667812408323,44.7,77633,1,1,synthetic_demo
44,46,44.48,45.339888161278644,47,77680,1,1,synthetic_demo
28.9,49.1,29.628,28.01121967247497,49.3,77727,1,1,synthetic_demo
30.8,52.2,31.776,30.51555162203823,51.6,77774,1,1,synthetic_demo
32.7,55.3,33.924,33.23025047343678,53.9,77821,1,1,synthetic_demo
34.6,58.4,36.072,36.18034704749085,56.2,77868,1,1,synthetic_demo
36.5,61.5,38.22,39.39322794638856,58.5,77915,1,1,synthetic_demo
38.4,64.6,40.367999999999995,42.89880029200407,60.8,77962,1,1,synthetic_demo
40.3,67.7,42.516,46.72966365350572,63.1,78009,1,1,synthetic_demo
42.2,70.8,44.664,50.92128921857627,65.4,78056,1,1,synthetic_demo
44.1,73.9,46.812000000000005,55.51220625022546,67.7,78103,1,1,synthetic_demo
29,77,31.96,32.50458098562,70,78150,1,1,synthetic_demo
30.9,80.1,34.108,35.522350939611286,72.3,78197,1,1,synthetic_demo
32.8,83.2,36.256,38.801360060190646,74.6,78244,1,1,synthetic_demo
34.7,86.3,38.404,42.37079279211021,76.9,78291,1,1,synthetic_demo
36.6,89.4,40.552,46.26245020066689,79.2,78338,1,1,synthetic_demo
38.5,92.5,42.7,50.51092540746065,81.5,78385,1,1,synthetic_demo
40.4,95.6,44.848,55.15378632960312,83.8,78432,1,1,synthetic_demo
42.3,37.7,42.3,40.26451539279249,86.1,78479,1,1,synthetic_demo
44.2,40.8,44.264,43.74533320833282,88.4,78526,1,1,synthetic_demo
29.1,43.9,29.412000000000003,27.39061342891632,90.7,78573,1,1,synthetic_demo
31,47,31.56,29.815267147041137,93,78620,1,1,synthetic_demo
32.9,50.1,33.708,32.44289077620476,15.3,78667,1,1,synthetic_demo
34.8,53.2,35.855999999999995,35.297949309772875,17.6,78714,1,1,synthetic_demo
36.7,56.3,38.004000000000005,38.40723014118993,19.9,78761,1,1,synthetic_demo
38.6,59.4,40.152,41.80000649862875,22.2,78808,1,1,synthetic_demo
40.5,62.5,42.3,45.50820805324238,24.5,78855,1,1,synthetic_demo
42.4,65.6,44.448,49.566598756636196,26.8,78902,1,1,synthetic_demo
44.3,68.7,46.596,54.01296195087278,29.1,78949,1,1,synthetic_demo
29.2,71.8,31.744,31.930677760983734,31.4,78996,1,1,synthetic_demo
31.1,74.9,33.892,34.873433296815634,33.7,79043,1,1,synthetic_demo
33,78,36.04,38.07041505265324,36,79090,1,1,synthetic_demo
34.9,81.1,38.187999999999995,41.55026600151629,38.3,79137,1,1,synthetic_demo
36.8,84.2,40.336,45.34421336825187,40.6,79184,1,1,synthetic_demo
38.7,87.3,42.484,49.48624277305147,42.9,79231,1,1,synthetic_demo
40.6,90.4,44.632000000000005,54.01327966144852,45.2,79278,1,1,synthetic_demo
42.5,93.5,46.78,58.965378062778804,47.5,79325,1,1,synthetic_demo
44.4,35.6,44.4,42.11326537009263,49.8,79372,1,1,synthetic_demo
29.3,38.7,29.3,26.751795633533938,52.1,79419,1,1,synthetic_demo
31.2,41.8,31.343999999999998,29.095009880965872,54.4,79466,1,1,synthetic_demo
33.1,44.9,33.492000000000004,31.63365646407551,56.7,79513,1,1,synthetic_demo
35,48,35.64,34.39162588829908,59,79560,1,1,synthetic_demo
36.9,51.1,37.788,37.39509732594085,61.3,79607,1,1,synthetic_demo
38.8,54.2,39.936,40.67270074300927,63.6,79654,1,1,synthetic_demo
40.7,57.3,42.084,44.25568618437124,65.9,79701,1,1,synthetic_demo
42.6,60.4,44.232,48.17810027414955,68.2,79748,1,1,synthetic_demo
44.5,63.5,46.38,52.47696997601632,70.5,79795,1,1,synthetic_demo
29.4,66.6,31.528,31.338985438486436,72.8,79842,1,1,synthetic_demo
31.3,69.7,33.676,34.20500040676443,75.1,79889,1,1,synthetic_demo
33.2,72.8,35.824000000000005,37.318090311592414,77.4,79936,1,1,synthetic_demo
35.1,75.9,37.972,40.70634808851828,79.7,79983,1,1,synthetic_demo
37,79,40.12,44.40041820540561,82,80030,1,1,synthetic_demo
38.9,82.1,42.268,48.43366950944551,84.3,80077,1,1,synthetic_demo
40.8,85.2,44.416,52.84237534407926,86.6,80124,1,1,synthetic_demo
42.7,88.3,46.564,57.66590097909168,88.9,80171,1,1,synthetic_demo
44.6,91.4,48.712,62.9468983845732,91.2,80218,1,1,synthetic_demo
29.5,94.5,33.86,35.9782782004613,93.5,80265,1,1,synthetic_demo
31.4,36.6,31.4,28.354475549919492,15.8,80312,0,1,synthetic_demo
33.3,39.7,33.3,30.802218977594165,18.1,80359,0,1,synthetic_demo
35.2,42.8,35.424,33.4610224453738,20.4,80406,1,1,synthetic_demo
37.1,45.9,37.572,36.35644783190628,22.7,80453,1,1,synthetic_demo
39,49,39.72,39.51647241179924,25,80500,1,1,synthetic_demo
40.9,52.1,41.868,42.97165681400764,27.3,80547,1,1,synthetic_demo
42.8,55.2,44.016,46.75532018190316,29.6,80594,1,1,synthetic_demo
44.7,58.3,46.164,50.90372258102748,31.9,80641,1,1,synthetic_demo
29.6,61.4,31.312,30.729225755372692,34.2,80688,1,1,synthetic_demo
31.5,64.5,33.46,33.5167513588342,36.5,80735,1,1,synthetic_demo
33.4,67.6,35.608,36.54406085396911,38.8,80782,1,1,synthetic_demo
35.3,70.7,37.756,39.838688513827314,41.1,80829,1,1,synthetic_demo
37.2,73.8,39.904,43.43068707273418,43.4,80876,1,1,synthetic_demo
39.1,76.9,42.052,47.35279927260226,45.7,80923,1,1,synthetic_demo
41,80,44.2,51.6406366629874,48,80970,1,1,synthetic_demo
42.9,83.1,46.348,56.332865699436255,50.3,81017,1,1,synthetic_demo
44.8,86.2,48.495999999999995,61.47140117214757,52.6,81064,1,1,synthetic_demo
29.7,89.3,33.644,35.416569155669805,54.9,81111,1,1,synthetic_demo
31.6,92.4,35.792,38.73684515853459,57.2,81158,1,1,synthetic_demo
33.5,95.5,37.94,42.349362494225076,59.5,81205,1,1,synthetic_demo
35.4,37.6,35.4,32.50578080170359,61.8,81252,1,1,synthetic_demo
37.3,40.7,37.355999999999995,35.290895919019256,64.1,81299,1,1,synthetic_demo
39.2,43.8,39.504000000000005,38.330906581713,66.4,81346,1,1,synthetic_demo
41.1,46.9,41.652,41.65567415176938,68.7,81393,1,1,synthetic_demo
43,50,43.8,45.297780076610465,71,81440,1,1,synthetic_demo
44.9,53.1,45.948,49.292706941555224,73.3,81487,1,1,synthetic_demo
29.8,56.2,31.096,30.101117262428684,75.6,81534,1,1,synthetic_demo
31.7,59.3,33.244,32.808381853047955,77.9,81581,1,1,synthetic_demo
33.6,62.4,35.392,35.74799809592879,80.2,81628,1,1,synthetic_demo
35.5,65.5,37.54,38.94693291720041,82.5,81675,1,1,synthetic_demo
37.4,68.6,39.687999999999995,42.43463828097413,84.8,81722,1,1,synthetic_demo
39.3,71.7,41.836,46.24322143083041,87.1,81769,1,1,synthetic_demo
41.2,74.8,43.984,50.40762236928826,89.4,81816,1,1,synthetic_demo
43.1,77.9,46.132000000000005,54.965798621101875,91.7,81863,1,1,synthetic_demo
28,81,31.28,31.84865232770612,94,81910,1,1,synthetic_demo
29.9,84.1,33.428,34.836944093024336,16.3,81957,1,1,synthetic_demo
31.8,87.2,35.576,38.08177027468874,18.6,82004,1,1,synthetic_demo
33.7,90.3,37.724000000000004,41.611798998698355,20.9,82051,1,1,synthetic_demo
35.6,93.4,39.872,45.45827573559623,23.2,82098,1,1,synthetic_demo
37.5,35.5,37.5,34.19805174443614,25.5,82145,1,1,synthetic_demo
39.4,38.6,39.4,37.11558398688388,27.8,82192,1,1,synthetic_demo
41.3,41.7,41.436,40.30728781592849,30.1,82239,1,1,synthetic_demo
43.2,44.8,43.584,43.80499670584872,32.4,82286,1,1,synthetic_demo
28.1,47.9,28.732000000000003,27.02984185599515,34.7,82333,1,1,synthetic_demo
30,51,30.88,29.45437529727069,37,82380,1,1,synthetic_demo
31.9,54.1,33.028,32.079584172220194,39.3,82427,1,1,synthetic_demo
33.8,57.2,35.175999999999995,34.92956982378769,41.6,82474,1,1,synthetic_demo
35.7,60.3,37.324000000000005,38.03072308725389,43.9,82521,1,1,synthetic_demo
37.6,63.4,39.472,41.41188605962081,46.2,82568,1,1,synthetic_demo
39.5,66.5,41.62,45.104521032219814,48.5,82615,1,1,synthetic_demo
41.4,69.6,43.768,49.14288664594644,50.8,82662,1,1,synthetic_demo
43.3,72.7,45.916,53.564221316274725,53.1,82709,1,1,synthetic_demo
28.2,75.8,31.064,31.32137899146193,55.4,82756,1,1,synthetic_demo
30.1,78.9,33.212,34.23912157066684,57.7,82803,1,1,synthetic_demo
32,82,35.36,37.40673919199331,60,82850,1,1,synthetic_demo
33.9,85.1,37.507999999999996,40.852380213798895,62.3,82897,1,1,synthetic_demo
35.8,88.2,39.656,44.606738861177504,64.6,82944,1,1,synthetic_demo
37.7,91.3,41.804,48.70322764075044,66.9,82991,1,1,synthetic_demo
39.6,94.4,43.952,53.17815703846893,69.2,83038,1,1,synthetic_demo
41.5,36.5,41.5,38.92604279940786,71.5,83085,1,1,synthetic_demo
43.4,39.6,43.4,42.27648193284031,73.8,83132,1,1,synthetic_demo
28.3,42.7,28.516000000000002,26.440885293618948,76.1,83179,1,1,synthetic_demo
30.2,45.8,30.663999999999998,28.78871195748818,78.4,83226,1,1,synthetic_demo
32.1,48.9,32.812000000000005,31.330047153954368,80.7,83273,1,1,synthetic_demo
34,52,34.96,34.088440164869645,83,83320,1,1,synthetic_demo
35.9,55.1,37.108,37.089696931125815,85.3,83367,1,1,synthetic_demo
37.8,58.2,39.256,40.362040525403984,87.6,83414,1,1,synthetic_demo
39.7,61.3,41.404,43.93627877191945,89.9,83461,1,1,synthetic_demo
41.6,64.4,43.552,47.84597907384669,92.2,83508,1,1,synthetic_demo
43.5,67.5,45.7,52.12765049689385,94.5,83555,1,1,synthetic_demo
28.4,70.6,30.848,30.777271890606386,16.8,83602,0,1,synthetic_demo
30.3,73.7,32.996,33.62281692520026,19.1,83649,1,1,synthetic_demo
32.2,76.8,35.144000000000005,36.71144419493127,21.4,83696,1,1,synthetic_demo
34.1,79.9,37.292,40.07077393037619,23.7,83743,1,1,synthetic_demo
36,83,39.44,43.730940402938245,26,83790,1,1,synthetic_demo
37.9,86.1,41.588,47.72476305496028,28.3,83837,1,1,synthetic_demo
39.8,89.2,43.736,52.08792489535311,30.6,83884,1,1,synthetic_demo
41.7,92.3,45.884,56.85915820792343,32.9,83931,1,1,synthetic_demo
43.6,95.4,48.032000000000004,62.08043760705975,35.2,83978,1,1,synthetic_demo
28.5,37.5,28.5,25.83442058408421,37.5,84025,1,1,synthetic_demo
30.4,40.6,30.448,28.103836073641126,39.8,84072,1,1,synthetic_demo
32.3,43.7,32.596,30.559456162492708,42.1,84119,1,1,synthetic_demo
34.2,46.8,34.744,33.22426955819329,44.4,84166,1,1,synthetic_demo
36.1,49.9,36.892,36.12348844398718,46.7,84213,1,1,synthetic_demo
38,53,39.04,39.28470765061077,49,84260,1,1,synthetic_demo
39.9,56.1,41.187999999999995,42.738070959261485,51.3,84307,1,1,synthetic_demo
41.8,59.2,43.336,46.516444597709935,53.6,84354,1,1,synthetic_demo
43.7,62.3,45.484,50.65559797935104,55.9,84401,1,1,synthetic_demo
28.6,65.4,30.632,30.21606497965291,58.2,84448,1,1,synthetic_demo
30.5,68.5,32.78,32.98774224475597,60.5,84495,1,1,synthetic_demo
32.4,71.6,34.928,35.995574113977014,62.8,84542,1,1,synthetic_demo
34.3,74.7,37.076,39.26664427113212,65.1,84589,1,1,synthetic_demo
36.2,77.8,39.224000000000004,42.83051826607796,67.4,84636,1,1,synthetic_demo
38.1,80.9,41.372,46.71941335571677,69.7,84683,1,1,synthetic_demo
40,84,43.52,50.96837559341643,72,84730,1,1,synthetic_demo
41.9,87.1,45.668,55.61546421528968,74.3,84777,1,1,synthetic_demo
43.8,90.2,47.815999999999995,60.701943359290894,76.6,84824,1,1,synthetic_demo
28.7,93.3,32.964,34.64775470173072,78.9,84871,1,1,synthetic_demo
30.6,35.4,30.6,27.399453182111344,81.2,84918,1,1,synthetic_demo
32.5,38.5,32.5,29.76749306041795,83.5,84965,1,1,synthetic_demo
34.4,41.6,34.528,32.336714725009635,85.8,85012,1,1,synthetic_demo
36.3,44.7,36.675999999999995,35.13172767840173,88.1,85059,1,1,synthetic_demo
38.2,47.8,38.824000000000005,38.17948923125589,90.4,85106,1,1,synthetic_demo
40.1,50.9,40.972,41.509469484731284,92.7,85153,1,1,synthetic_demo
42,54,43.12,45.15382349185384,15,85200,1,1,synthetic_demo
43.9,57.1,45.268,49.147570649034904,17.3,85247,1,1,synthetic_demo
28.8,60.2,30.416,29.63748913574891,19.6,85294,0,1,synthetic_demo
30.7,63.3,32.564,32.33360634191523,21.9,85341,1,1,synthetic_demo
32.6,66.4,34.712,35.25881429736939,24.2,85388,1,1,synthetic_demo
34.5,69.5,36.86,38.43965166123049,26.5,85435,1,1,synthetic_demo
36.4,72.6,39.007999999999996,41.90510643423305,28.8,85482,1,1,synthetic_demo
38.3,75.7,41.156,45.686784506262335,31.1,85529,1,1,synthetic_demo
40.2,78.8,43.304,49.81908543560259,33.4,85576,1,1,synthetic_demo
42.1,81.9,45.452,54.33938550961345,35.7,85623,1,1,synthetic_demo
44,85,47.6,59.288228124101835,38,85670,1,1,synthetic_demo
28.9,88.1,32.748,34.115331021284,40.3,85717,1,1,synthetic_demo
30.8,91.2,34.896,37.323331569538055,42.6,85764,1,1,synthetic_demo
32.7,94.3,37.044000000000004,40.81116672052601,44.9,85811,1,1,synthetic_demo
34.6,36.4,34.6,31.425428639189505,47.2,85858,1,1,synthetic_demo
36.5,39.5,36.5,34.114040713534116,49.5,85905,1,1,synthetic_demo
38.4,42.6,38.608,37.04598285509866,51.8,85952,1,1,synthetic_demo
40.3,45.7,40.756,40.25004178678303,54.1,85999,1,1,synthetic_demo
42.2,48.8,42.904,43.757651325798335,56.4,86046,1,1,synthetic_demo
44.1,51.9,45.052,47.60307042471855,58.7,86093,1,1,synthetic_demo
29,55,30.2,29.041272132585718,61,86140,1,1,synthetic_demo
30.9,58.1,32.348,31.66011472648459,63.3,86187,1,1,synthetic_demo
32.8,61.2,34.495999999999995,34.500846582736386,65.6,86234,1,1,synthetic_demo
34.7,64.3,36.644000000000005,37.589452798756504,67.9,86281,1,1,synthetic_demo
36.6,67.4,38.792,40.95433493875781,70.2,86328,1,1,synthetic_demo
38.5,70.5,40.94,44.62647828352406,72.5,86375,1,1,synthetic_demo
40.4,73.6,43.088,48.63962629559404,74.8,86422,1,1,synthetic_demo
42.3,76.7,45.236,53.03046235085368,77.1,86469,1,1,synthetic_demo
44.2,79.8,47.384,57.83879877512155,79.4,86516,1,1,synthetic_demo
29.1,82.9,32.532000000000004,33.56568458444563,81.7,86563,1,1,synthetic_demo
31,86,34.68,36.70106329033058,84,86610,1,1,synthetic_demo
32.9,89.1,36.827999999999996,40.10945844630428,86.3,86657,1,1,synthetic_demo
34.8,92.2,38.976,43.821024931598856,88.6,86704,1,1,synthetic_demo
36.7,95.3,41.124,47.86859560311545,90.9,86751,1,1,synthetic_demo
38.6,37.4,38.6,35.88378186950699,93.2,86798,1,1,synthetic_demo
40.5,40.5,40.54,38.95935081850106,15.5,86845,1,1,synthetic_demo
42.4,43.6,42.687999999999995,42.32745892971552,17.8,86892,1,1,synthetic_demo
44.3,46.7,44.836,46.021594222791244,20.1,86939,1,1,synthetic_demo
29.2,49.8,29.983999999999998,28.427138614164207,22.4,86986,1,1,synthetic_demo
31.1,52.9,32.132,30.966969578124793,24.7,87033,1,1,synthetic_demo
33,56,34.28,33.72134926857156,27,87080,1,1,synthetic_demo
34.9,59.1,36.428,36.71570062502605,29.3,87127,1,1,synthetic_demo
36.8,62.2,38.576,39.97782982785351,31.6,87174,1,1,synthetic_demo
38.7,65.3,40.724000000000004,43.53809224605111,33.9,87221,1,1,synthetic_demo
40.6,68.4,42.872,47.42956558454733,36.2,87268,1,1,synthetic_demo
42.5,71.5,45.02,51.688230283301436,38.5,87315,1,1,synthetic_demo
44.4,74.6,47.168,56.35315720811545,40.8,87362,1,1,synthetic_demo
29.3,77.7,32.316,32.99854317120379,43.1,87409,1,1,synthetic_demo
31.2,80.8,34.464,36.05959804741728,45.4,87456,1,1,synthetic_demo
33.1,83.9,36.612,39.38671441728141,47.7,87503,1,1,synthetic_demo
35,87,38.76,43.00950942254208,50,87550,1,1,synthetic_demo
36.9,90.1,40.908,46.9602459700053,52.3,87597,1,1,synthetic_demo
38.8,93.2,43.056,51.27400939572813,54.6,87644,1,1,synthetic_demo
40.7,35.3,40.7,37.63695501410654,56.9,87691,1,1,synthetic_demo
42.6,38.4,42.6,40.86277235972422,59.2,87738,1,1,synthetic_demo
44.5,41.5,44.62,44.4026339213335,61.5,87785,1,1,synthetic_demo
29.4,44.6,29.767999999999997,27.79481006841584,63.8,87832,1,1,synthetic_demo
31.3,47.7,31.916,30.253869718833048,66.1,87879,1,1,synthetic_demo
33.2,50.8,34.064,32.91999708556174,68.4,87926,1,1,synthetic_demo
35.1,53.9,36.212,35.818044294744865,70.7,87973,1,1,synthetic_demo
37,57,38.36,38.975213135545815,73,88020,1,1,synthetic_demo
38.9,60.1,40.507999999999996,42.42121970179873,75.3,88067,1,1,synthetic_demo
40.8,63.2,42.656,46.18846621767382,77.6,88114,1,1,synthetic_demo
42.7,66.3,44.804,50.31222010094879,79.9,88161,1,1,synthetic_demo
44.6,69.4,46.952,54.830800305135455,82.2,88208,1,1,synthetic_demo
29.5,72.5,32.1,32.41363142363433,84.5,88255,1,1,synthetic_demo
31.4,75.6,34.248,35.39863802114518,86.8,88302,1,1,synthetic_demo
33.3,78.7,36.396,38.64261293543227,89.1,88349,1,1,synthetic_demo
35.2,81.8,38.544000000000004,42.17462701008357,91.4,88396,1,1,synthetic_demo
37.1,84.9,40.692,46.02636429038875,93.7,88443,1,1,synthetic_demo
39,88,42.84,50.232297392619046,16,88490,1,1,synthetic_demo
40.9,91.1,44.988,54.829870168063266,18.3,88537,1,1,synthetic_demo
42.8,94.2,47.135999999999996,59.85968770172605,20.6,88584,1,1,synthetic_demo
44.7,36.3,44.7,42.745676324035976,22.9,88631,1,1,synthetic_demo
29.6,39.4,29.6,27.144004800678896,25.2,88678,0,1,synthetic_demo
31.5,42.5,31.7,29.52051058527835,27.5,88725,1,1,synthetic_demo
33.4,45.6,33.848,32.09646116776614,29.8,88772,1,1,synthetic_demo
35.3,48.7,35.995999999999995,34.89612914601683,32.1,88819,1,1,synthetic_demo
37.2,51.8,38.144000000000005,37.9461028505099,34.4,88866,1,1,synthetic_demo
39.1,54.9,40.292,41.275449675758956,36.7,88913,1,1,synthetic_demo
41,58,42.44,44.91588658066586,39,88960,1,1,synthetic_demo
42.9,61.1,44.588,48.90195781270222,41.3,89007,1,1,synthetic_demo
44.8,64.2,46.736,53.27121989851362,43.6,89054,1,1,synthetic_demo
29.7,67.3,31.884,31.810670819446564,45.9,89101,1,1,synthetic_demo
31.6,70.4,34.032000000000004,34.71788202555016,48.2,89148,1,1,synthetic_demo
33.5,73.5,36.18,37.876828725921925,50.5,89195,1,1,synthetic_demo
35.4,76.6,38.327999999999996,41.31602684602379,52.8,89242,1,1,synthetic_demo
37.3,79.7,40.476,45.066572598177764,55.1,89289,1,1,synthetic_demo
39.2,82.8,42.624,49.16231655173143,57.4,89336,1,1,synthetic_demo
41.1,85.9,44.772000000000006,53.64004498159893,59.7,89383,1,1,synthetic_demo
43,89,46.92,58.53966853636664,62,89430,1,1,synthetic_demo
44.9,92.1,49.068,63.90441825456189,64.3,89477,1,1,synthetic_demo
29.8,95.2,34.216,36.53023066518168,66.6,89524,1,1,synthetic_demo
31.7,37.3,31.7,28.76658420098969,68.9,89571,1,1,synthetic_demo
33.6,40.4,33.632,31.250409023646203,71.2,89618,1,1,synthetic_demo
35.5,43.5,35.78,33.9495966702018,73.5,89665,1,1,synthetic_demo
37.4,46.6,37.928,36.89011288474336,75.8,89712,1,1,synthetic_demo
39.3,49.7,40.076,40.10036687743754,78.1,89759,1,1,synthetic_demo
41.2,52.8,42.224000000000004,43.611380495968184,80.4,89806,1,1,synthetic_demo
43.1,55.9,44.372,47.45696460744024,82.7,89853,1,1,synthetic_demo
28,59,29.52,28.580524534995813,85,89900,1,1,synthetic_demo
29.9,62.1,31.668,31.1893796453842,87.3,89947,1,1,synthetic_demo
31.8,65.2,33.816,34.0170254806159,89.6,89994,1,1,synthetic_demo
33.7,68.3,35.964000000000006,37.08903290820706,91.9,90041,1,1,synthetic_demo
35.6,71.4,38.112,40.4333542561196,94.2,90088,1,1,synthetic_demo
37.5,74.5,40.26,44.08048887212655,16.5,90135,1,1,synthetic_demo
39.4,77.6,42.408,48.06365589073029,18.8,90182,1,1,synthetic_demo
41.3,80.7,44.556,52.418974262480305,21.1,90229,1,1,synthetic_demo
43.2,83.8,46.704,57.18565008817239,23.4,90276,1,1,synthetic_demo
28.1,86.9,31.852000000000004,32.857159859832535,25.7,90323,1,1,synthetic_demo
30,90,34,35.957721112830626,28,90370,1,1,synthetic_demo
31.9,93.1,36.147999999999996,39.326147623543434,30.3,90417,1,1,synthetic_demo
33.8,35.2,33.8,30.38150450694627,32.6,90464,1,1,synthetic_demo
35.7,38.3,35.7,32.97808448162229,34.9,90511,1,1,synthetic_demo
37.6,41.4,37.712,35.80685304208678,37.2,90558,1,1,synthetic_demo
39.5,44.5,39.86,38.89555166817717,39.5,90605,1,1,synthetic_demo
41.4,47.6,42.007999999999996,42.2744971888944,41.8,90652,1,1,synthetic_demo
43.3,50.7,44.156,45.97675681891511,44.1,90699,1,1,synthetic_demo
28.2,53.8,29.304,28.0149998646524,46.4,90746,1,1,synthetic_demo
30.1,56.9,31.452,30.549472970480902,48.7,90793,1,1,synthetic_demo
32,60,33.6,33.29576038438535,51,90840,1,1,synthetic_demo
33.9,63.1,35.748,36.27889296698837,53.3,90887,1,1,synthetic_demo
35.8,66.2,37.896,39.52625070986339,55.6,90934,1,1,synthetic_demo
37.7,69.3,40.044000000000004,43.06772700442503,57.9,90981,1,1,synthetic_demo
39.6,72.4,42.192,46.93590010153761,60.2,91028,1,1,synthetic_demo
41.5,75.5,44.34,51.166211817953254,62.5,91075,1,1,synthetic_demo
43.4,78.6,46.488,55.797153533364856,64.8,91122,1,1,synthetic_demo
28.3,81.7,31.636000000000003,32.33635663907887,67.1,91169,1,1,synthetic_demo
30.2,84.8,33.784,35.367034366703,69.4,91216,1,1,synthetic_demo
32.1,87.9,35.932,38.65897433195478,71.7,91263,1,1,synthetic_demo
34,91,38.08,42.241270288521875,74,91310,1,1,synthetic_demo
35.9,94.1,40.227999999999994,46.1456221636831,76.3,91357,1,1,synthetic_demo
37.8,36.2,37.8,34.695928986591476,78.6,91404,1,1,synthetic_demo
39.7,39.3,39.7,37.66058002832682,80.9,91451,1,1,synthetic_demo
41.6,42.4,41.792,40.90478125358851,83.2,91498,1,1,synthetic_demo
43.5,45.5,43.94,44.46084589049882,85.5,91545,1,1,synthetic_demo
28.4,48.6,29.087999999999997,27.432252321295614,87.8,91592,1,1,synthetic_demo
30.3,51.7,31.236,29.89066261917034,90.1,91639,1,1,synthetic_demo
32.2,54.8,33.384,32.55377528492492,92.4,91686,1,1,synthetic_demo
34.1,57.9,35.532000000000004,35.44607272301353,94.7,91733,1,1,synthetic_demo
36,61,37.68,38.59435379011124,17,91780,1,1,synthetic_demo
37.9,64.1,39.827999999999996,42.02789676914,19.3,91827,1,1,synthetic_demo
39.8,67.2,41.976,45.77862951757544,21.6,91874,1,1,synthetic_demo
41.7,70.3,44.124,49.881306847421634,23.9,91921,1,1,synthetic_demo
43.6,73.4,46.272000000000006,54.373695181951625,26.2,91968,1,1,synthetic_demo
28.5,76.5,31.42,31.79873799153179,28.5,92015,1,1,synthetic_demo
30.4,79.6,33.568,34.757885503986046,30.8,92062,1,1,synthetic_demo
32.3,82.7,35.715999999999994,37.97155891620473,33.1,92109,1,1,synthetic_demo
34.2,85.8,37.864000000000004,41.468327523354375,35.4,92156,1,1,synthetic_demo
36.1,88.9,40.012,45.27933512365652,37.7,92203,1,1,synthetic_demo
38,92,42.16,49.43847365766398,40,92250,1,1,synthetic_demo
39.9,95.1,44.308,53.98256413949673,42.3,92297,1,1,synthetic_demo
41.8,37.2,41.8,39.50177261883124,44.6,92344,1,1,synthetic_demo
43.7,40.3,43.724000000000004,42.908738339772825,46.9,92391,1,1,synthetic_demo
28.6,43.4,28.872,26.832012540014315,49.2,92438,1,1,synthetic_demo
30.5,46.5,31.02,29.212657144250407,51.5,92485,1,1,synthetic_demo
32.4,49.6,33.168,31.790755252140503,53.8,92532,1,1,synthetic_demo
34.3,52.7,35.315999999999995,34.590232303730424,56.1,92579,1,1,synthetic_demo
36.2,55.8,37.464000000000006,37.637297162559776,58.4,92626,1,1,synthetic_demo
38.1,58.9,39.612,40.960603790503306,60.7,92673,1,1,synthetic_demo
40,62,41.76,44.59142008085499,63,92720,1,1,synthetic_demo
41.9,65.1,43.908,48.56380390832787,65.3,92767,1,1,synthetic_demo
43.8,68.2,46.056,52.91478644239068,67.6,92814,1,1,synthetic_demo
28.7,71.3,31.204,31.244037623080384,69.9,92861,1,1,synthetic_demo
30.6,74.4,33.352000000000004,34.12998634884417,72.2,92908,1,1,synthetic_demo
32.5,77.5,35.5,37.26358992681536,74.5,92955,1,1,synthetic_demo
34.4,80.6,37.647999999999996,40.67288477970617,76.8,93002,1,1,synthetic_demo
36.3,83.7,39.796,44.388449813920026,79.1,93049,1,1,synthetic_demo
38.2,86.8,41.944,48.44357877140191,81.4,93096,1,1,synthetic_demo
40.1,89.9,44.092,52.87445985613639,83.7,93143,1,1,synthetic_demo
42,93,46.24,57.72036268041495,86,93190,1,1,synthetic_demo
43.9,35.1,43.9,41.31993572296191,88.3,93237,1,1,synthetic_demo
28.8,38.2,28.8,26.21400805623934,90.6,93284,1,1,synthetic_demo
30.7,41.3,30.804,28.515161799701406,92.9,93331,1,1,synthetic_demo
32.6,44.4,32.952,31.0063818494458,15.2,93378,1,1,synthetic_demo
34.5,47.5,35.1,33.711028113790626,17.5,93425,1,1,synthetic_demo
36.4,50.6,37.248,36.654710545071524,19.8,93472,1,1,synthetic_demo
38.3,53.7,39.396,39.86544951104739,22.1,93519,1,1,synthetic_demo
40.2,56.8,41.544000000000004,43.3738433089115,24.4,93566,1,1,synthetic_demo
42.1,59.9,43.692,47.21324288187846,26.7,93613,1,1,synthetic_demo
44,63,45.84,51.41993378609901,29,93660,1,1,synthetic_demo
28.9,66.1,30.988,30.671986157853265,31.3,93707,1,1,synthetic_demo
30.8,69.2,33.136,33.48304544530738,33.6,93754,1,1,synthetic_demo
32.7,72.3,35.284000000000006,36.53475242729619,35.9,93801,1,1,synthetic_demo
34.6,75.4,37.432,39.85460218117825,38.2,93848,1,1,synthetic_demo
36.5,78.5,39.58,43.472599899048824,40.5,93895,1,1,synthetic_demo
38.4,81.6,41.727999999999994,47.421431947794616,42.8,93942,1,1,synthetic_demo
40.3,84.7,43.876,51.736644186882344,45.1,93989,1,1,synthetic_demo
42.2,87.8,46.024,56.45682759026832,47.4,94036,1,1,synthetic_demo
44.1,90.9,48.172000000000004,61.623811206298974,49.7,94083,1,1,synthetic_demo
29,94,33.32,35.1807741902374,52,94130,1,1,synthetic_demo
30.9,36.1,30.9,27.797878513357897,54.3,94177,1,1,synthetic_demo
32.8,39.2,32.8,30.200333105282134,56.6,94224,1,1,synthetic_demo
34.7,42.3,34.884,32.8081128054028,58.9,94271,1,1,synthetic_demo
36.6,45.4,37.032000000000004,35.64621967684874,61.2,94318,1,1,synthetic_demo
38.5,48.5,39.18,38.74203115958747,63.5,94365,1,1,synthetic_demo
40.4,51.6,41.327999999999996,42.12546626158495,65.8,94412,1,1,synthetic_demo
42.3,54.7,43.476,45.829158938614036,68.1,94459,1,1,synthetic_demo
44.2,57.8,45.624,49.88863871180483,70.4,94506,1,1,synthetic_demo
29.1,60.9,30.772000000000002,30.082311112095763,72.7,94553,1,1,synthetic_demo
31,64,32.92,32.816768030013456,75,94600,1,1,synthetic_demo
32.9,67.1,35.068,35.78472796573532,77.3,94647,1,1,synthetic_demo
34.8,70.2,37.215999999999994,39.01313611928676,79.6,94694,1,1,synthetic_demo
36.7,73.3,39.364000000000004,42.53141508613182,81.9,94741,1,1,synthetic_demo
38.6,76.4,41.512,46.37163462113193,84.2,94788,1,1,synthetic_demo
40.5,79.5,43.66,50.56868864372431,86.5,94835,1,1,synthetic_demo
42.4,82.6,45.808,55.160479531983995,88.8,94882,1,1,synthetic_demo
44.3,85.7,47.955999999999996,60.18810974075396,91.1,94929,1,1,synthetic_demo
29.2,88.8,33.104,34.63795801079882,93.4,94976,1,1,synthetic_demo
31.1,91.9,35.252,37.892064352167644,15.7,95023,1,1,synthetic_demo
33,95,37.4,41.43105679489817,18,95070,1,1,synthetic_demo
34.9,37.1,34.9,31.881135248535816,20.3,95117,1,1,synthetic_demo
36.8,40.2,36.815999999999995,34.611446287455166,22.6,95164,1,1,synthetic_demo
38.7,43.3,38.964000000000006,37.58994171905073,24.9,95211,1,1,synthetic_demo
40.6,46.4,41.112,40.845851507646145,27.2,95258,1,1,synthetic_demo
42.5,49.5,43.26,44.41108250382406,29.5,95305,1,1,synthetic_demo
44.4,52.6,45.408,48.3203977097436,31.8,95352,1,1,synthetic_demo
29.3,55.7,30.556,29.474736867902852,34.1,95399,1,1,synthetic_demo
31.2,58.8,32.704,32.13085600480366,36.4,95446,1,1,synthetic_demo
33.1,61.9,34.852000000000004,35.01319454624218,38.7,95493,1,1,synthetic_demo
35,65,37,38.14813922373834,41,95540,1,1,synthetic_demo
36.9,68.1,39.147999999999996,41.56452109386638,43.3,95587,1,1,synthetic_demo
38.8,71.2,41.296,45.29378400188672,45.6,95634,1,1,synthetic_demo
40.7,74.3,43.444,49.370160270484874,47.9,95681,1,1,synthetic_demo
42.6,77.4,45.592,53.830853662569126,50.2,95728,1,1,synthetic_demo
44.5,80.5,47.74,58.71622965463487,52.5,95775,1,1,synthetic_demo
29.4,83.6,32.888,34.07766640626826,54.8,95822,1,1,synthetic_demo
31.3,86.7,35.036,37.25814684743868,57.1,95869,1,1,synthetic_demo
33.2,89.8,37.184000000000005,40.71661689534339,59.4,95916,1,1,synthetic_demo
35.1,92.9,39.332,44.48367374734319,61.7,95963,1,1,synthetic_demo
37,35,37,33.55000806568603,64,96010,1,1,synthetic_demo
38.9,38.1,38.9,36.40876989415193,66.3,96057,1,1,synthetic_demo
40.8,41.2,40.896,39.534557091268375,68.6,96104,1,1,synthetic_demo
42.7,44.3,43.044000000000004,42.9585392228059,70.9,96151,1,1,synthetic_demo
44.6,47.4,45.192,46.7147022256977,73.2,96198,1,1,synthetic_demo
29.5,50.5,30.34,28.848984646807363,75.5,96245,1,1,synthetic_demo
31.4,53.6,32.488,31.42500790917172,77.8,96292,1,1,synthetic_demo
33.3,56.7,34.635999999999996,34.21982660024154,80.1,96339,1,1,synthetic_demo
35.2,59.8,36.784000000000006,37.25926033255498,82.4,96386,1,1,synthetic_demo
37.1,62.9,38.932,40.5715396215012,84.7,96433,1,1,synthetic_demo
39,66,41.08,44.187473044464284,87,96480,1,1,synthetic_demo
40.9,69.1,43.227999999999994,48.14062160936522,89.3,96527,1,1,synthetic_demo
42.8,72.2,45.376,52.4674803828516,91.6,96574,1,1,synthetic_demo
44.7,75.3,47.524,57.207667415975465,93.9,96621,1,1,synthetic_demo
29.6,78.4,32.672000000000004,33.4996237658179,16.2,96668,1,1,synthetic_demo
31.5,81.5,34.82,36.60475559294554,18.5,96715,1,1,synthetic_demo
33.4,84.6,36.967999999999996,39.9808424296714,20.8,96762,1,1,synthetic_demo
35.3,87.7,39.116,43.657938934408136,23.1,96809,1,1,synthetic_demo
37.2,90.8,41.264,47.66877488081658,25.4,96856,1,1,synthetic_demo
39.1,93.9,43.412,52.04893305198117,27.7,96903,1,1,synthetic_demo
41,36,41,38.19113649834433,30,96950,1,1,synthetic_demo
42.9,39.1,42.9,41.4710499259682,32.3,96997,1,1,synthetic_demo
44.8,42.2,44.976,45.07103862487967,34.6,97044,1,1,synthetic_demo
29.7,45.3,30.124,28.204772483223316,36.9,97091,1,1,synthetic_demo
31.6,48.4,32.272,30.69891889256574,39.2,97138,1,1,synthetic_demo
33.5,51.5,34.42,33.40429495761876,41.5,97185,1,1,synthetic_demo
35.4,54.6,36.568,36.346144462048294,43.8,97232,1,1,synthetic_demo
37.3,57.7,38.715999999999994,39.55208831762681,46.1,97279,1,1,synthetic_demo
39.2,60.8,40.864000000000004,43.05229041479795,48.4,97326,1,1,synthetic_demo
41.1,63.9,43.012,46.879630667336116,50.7,97373,1,1,synthetic_demo
43,67,45.16,51.06988530265804,53,97420,1,1,synthetic_demo
44.9,70.1,47.308,55.661914436968374,55.3,97467,1,1,synthetic_demo
29.8,73.2,32.456,32.90355130978255,57.6,97514,1,1,synthetic_demo
31.7,76.3,34.604,35.93158912963843,59.9,97561,1,1,synthetic_demo
33.6,79.4,36.752,39.2234078336017,62.2,97608,1,1,synthetic_demo
35.5,82.5,38.9,42.80851092624479,64.5,97655,1,1,synthetic_demo
37.4,85.6,41.048,46.71904426897063,66.8,97702,1,1,synthetic_demo
39.3,88.7,43.196,50.989972676634,69.1,97749,1,1,synthetic_demo
41.2,91.8,45.344,55.65926381685377,71.4,97796,1,1,synthetic_demo
43.1,94.9,47.492000000000004,60.768079449840414,73.7,97843,1,1,synthetic_demo
28,37,28,25.31239674228551,76,97890,1,1,synthetic_demo
29.9,40.1,29.907999999999998,27.541815197744064,78.3,97937,1,1,synthetic_demo
31.8,43.2,32.056,29.95228068654305,80.6,97984,1,1,synthetic_demo
33.7,46.3,34.204,32.566266817715764,82.9,98031,1,1,synthetic_demo
35.6,49.4,36.352000000000004,35.408432776642975,85.2,98078,1,1,synthetic_demo
37.5,52.5,38.5,38.50578074881402,87.5,98125,1,1,synthetic_demo
39.4,55.6,40.647999999999996,41.88782045779129,89.8,98172,1,1,synthetic_demo
41.3,58.7,42.796,45.58674088237415,92.1,98219,1,1,synthetic_demo
43.2,61.8,44.944,49.637589205835965,94.4,98266,1,1,synthetic_demo
28.1,64.9,30.092000000000002,29.569954832026834,16.7,98313,0,1,synthetic_demo
30,68,32.24,32.289167063027584,19,98360,0,1,synthetic_demo
31.9,71.1,34.388,35.23834259972007,21.3,98407,1,1,synthetic_demo
33.8,74.2,36.535999999999994,38.44398393225606,23.6,98454,1,1,synthetic_demo
35.7,77.3,38.684000000000005,41.93503473706013,25.9,98501,1,1,synthetic_demo
37.6,80.4,40.832,45.74304793680621,28.2,98548,1,1,synthetic_demo
39.5,83.5,42.98,49.90236099534368,30.5,98595,1,1,synthetic_demo
41.4,86.6,45.128,54.450278499123016,32.8,98642,1,1,synthetic_demo
43.3,89.7,47.275999999999996,59.427262064234434,35.1,98689,1,1,synthetic_demo
28.2,92.8,32.424,33.876308316723836,37.4,98736,1,1,synthetic_demo
30.1,95.9,34.572,37.09021367081051,39.7,98783,1,1,synthetic_demo
32,38,32,29.184781576777393,42,98830,1,1,synthetic_demo
33.9,41.1,33.988,31.705405720177847,44.3,98877,1,1,synthetic_demo
35.8,44.2,36.135999999999996,34.44576255854927,46.6,98924,1,1,synthetic_demo
37.7,47.3,38.284000000000006,37.43222636809962,48.9,98971,1,1,synthetic_demo
39.6,50.4,40.432,40.69364316460629,51.2,99018,1,1,synthetic_demo
41.5,53.5,42.58,44.26150108954303,53.5,99065,1,1,synthetic_demo
43.4,56.6,44.728,48.17010801512024,55.8,99112,1,1,synthetic_demo
28.3,59.7,29.876,29.010706136511736,58.1,99159,1,1,synthetic_demo
30.2,62.8,32.024,31.656185828171562,60.4,99206,1,1,synthetic_demo
32.1,65.9,34.172000000000004,34.524707718723775,62.7,99253,1,1,synthetic_demo
34,69,36.32,37.642237911077025,65,99300,1,1,synthetic_demo
35.9,72.1,38.467999999999996,41.03715151967642,67.3,99347,1,1,synthetic_demo
37.8,75.2,40.616,44.740399441759095,69.6,99394,1,1,synthetic_demo
39.7,78.3,42.764,48.78568234651374,71.9,99441,1,1,synthetic_demo
41.6,81.4,44.912,53.2096319349553,74.2,99488,1,1,synthetic_demo
43.5,84.5,47.06,58.05199951092637,76.5,99535,1,1,synthetic_demo
28.4,87.6,32.208,33.36205973961925,78.8,99582,1,1,synthetic_demo
30.3,90.7,34.356,36.50675434349612,81.1,99629,1,1,synthetic_demo
32.2,93.8,36.504000000000005,39.92418835266345,83.4,99676,1,1,synthetic_demo
34.1,35.9,34.1,30.821371515650878,85.7,99723,1,1,synthetic_demo
36,39,36,33.45776717728424,88,99770,1,1,synthetic_demo
37.9,42.1,38.068,36.331030483319715,90.3,99817,1,1,synthetic_demo
39.8,45.2,40.215999999999994,39.46933413979776,92.6,99864,1,1,synthetic_demo
41.7,48.3,42.364000000000004,42.90345548691984,94.9,99911,1,1,synthetic_demo
43.6,51.4,44.512,46.66695275684351,17.2,99958,1,1,synthetic_demo
28.5,54.5,29.66,28.434251248869057,19.5,10005,0,1,synthetic_demo
30.4,57.6,31.808,31.004319158663275,21.8,10052,1,1,synthetic_demo
32.3,60.7,33.955999999999996,33.7903727474441,24.1,10099,1,1,synthetic_demo
34.2,63.8,36.104,36.81783328659684,26.4,10146,1,1,synthetic_demo
36.1,66.9,38.252,40.1144985351251,28.7,10193,1,1,synthetic_demo
38,70,40.4,43.71070821778781,31,10240,1,1,synthetic_demo
39.9,73.1,42.548,47.63951670449224,33.3,10287,1,1,synthetic_demo
41.8,76.2,44.696,51.936872945025286,35.6,10334,1,1,synthetic_demo
43.7,79.3,46.844,56.64180770084331,37.9,10381,1,1,synthetic_demo
28.6,82.4,31.992,32.831014592100914,40.2,10428,1,1,synthetic_demo
30.5,85.5,34.14,35.904853458783,42.5,10475,1,1,synthetic_demo
32.4,88.6,36.288,39.244752325396135,44.8,10522,1,1,synthetic_demo
34.3,91.7,38.436,42.88023533685161,47.1,10569,1,1,synthetic_demo
36.2,94.8,40.584,46.84346184606929,49.4,10616,1,1,synthetic_demo
38.1,36.9,38.1,35.201794225289845,51.7,10663,1,1,synthetic_demo
40,40,40,38.214464568293536,54,10710,1,1,synthetic_demo
41.9,43.1,42.147999999999996,41.51214360136607,56.3,10757,1,1,synthetic_demo
43.8,46.2,44.296,45.127629525490455,58.6,10804,1,1,synthetic_demo
28.7,49.3,29.444,27.840320544430057,60.9,10851,1,1,synthetic_demo
30.6,52.4,31.592000000000002,30.333275331712834,63.2,10898,1,1,synthetic_demo
32.5,55.5,33.74,33.035022463719386,65.5,10945,1,1,synthetic_demo
34.4,58.6,35.888,35.970429877056844,67.8,10992,1,1,synthetic_demo
36.3,61.7,38.035999999999994,39.166709122089195,70.1,11039,1,1,synthetic_demo
38.2,64.8,40.184000000000005,42.65357954362723,72.4,11086,1,1,synthetic_demo
40.1,67.9,42.332,46.463439646625815,74.7,11133,1,1,synthetic_demo
42,71,44.48,50.631545702252275,77,11180,1,1,synthetic_demo
43.9,74.1,46.628,55.19619763736404,79.3,11227,1,1,synthetic_demo
28.8,77.2,31.776,32.28290633355176,81.6,11274,1,1,synthetic_demo
30.7,80.3,33.924,35.284222579080456,83.9,11321,1,1,synthetic_demo
32.6,83.4,36.072,38.54478482531036,86.2,11368,1,1,synthetic_demo
34.5,86.5,38.22,42.09358803879766,88.5,11415,1,1,synthetic_demo
36.4,89.6,40.367999999999995,45.962230530403325,90.8,11462,1,1,synthetic_demo
38.3,92.7,42.516,50.18508882074661,93.1,11509,1,1,synthetic_demo
40.2,95.8,44.664,54.799499806227516,15.4,11556,1,1,synthetic_demo
42.1,37.9,42.1,40.08710025414346,17.7,11603,1,1,synthetic_demo
44,41,44.08,43.55163944809618,20,11650,1,1,synthetic_demo
28.9,44.1,29.227999999999998,27.228641294422527,22.3,11697,1,1,synthetic_demo
30.8,47.2,31.376,29.642759321076714,24.6,11744,0,1,synthetic_demo
32.7,50.3,33.524,32.25833813406637,26.9,11791,1,1,synthetic_demo
34.6,53.4,35.672000000000004,35.09968377287691,29.2,11838,1,1,synthetic_demo
36.5,56.5,37.82,38.19341266619437,31.5,11885,1,1,synthetic_demo
38.4,59.6,39.967999999999996,41.568614510889205,33.8,11932,1,1,synthetic_demo
40.3,62.7,42.116,45.25702232015965,36.1,11979,1,1,synthetic_demo
42.2,65.8,44.264,49.29318969749038,38.4,12026,1,1,synthetic_demo
44.1,68.9,46.412,53.71467538079207,40.7,12073,1,1,synthetic_demo
29,72,31.56,31.71746533720312,43,12120,1,1,synthetic_demo
30.9,75.1,33.708,34.64456998208249,45.3,12167,1,1,synthetic_demo
32.8,78.2,35.855999999999995,37.8239706334965,47.6,12214,1,1,synthetic_demo
34.7,81.3,38.004000000000005,41.28412461180255,49.9,12261,1,1,synthetic_demo
36.6,84.4,40.152,45.05606036841483,52.2,12308,1,1,synthetic_demo
38.5,87.5,42.3,49.173551061111425,54.5,12355,1,1,synthetic_demo
40.4,90.6,44.448,53.67329541278288,56.8,12402,1,1,synthetic_demo
42.3,93.7,46.596,58.595105896675236,59.1,12449,1,1,synthetic_demo
44.2,35.8,44.2,41.938478648488115,61.4,12496,1,1,synthetic_demo
29.1,38.9,29.1,26.5989376397459,63.7,12543,1,1,synthetic_demo
31,42,31.16,28.932472769696332,66,12590,1,1,synthetic_demo
32.9,45.1,33.308,31.459997485166365,68.3,12637,1,1,synthetic_demo
34.8,48.2,35.455999999999996,34.20524730697467,70.6,12684,1,1,synthetic_demo
36.7,51.3,37.604,37.19423456914819,72.9,12731,1,1,synthetic_demo
38.6,54.4,39.752,40.45540999201017,75.2,12778,1,1,synthetic_demo
40.5,57.5,41.9,44.01983140898298,77.5,12825,1,1,synthetic_demo
42.4,60.6,44.048,47.92133970506332,79.8,12872,1,1,synthetic_demo
44.3,63.7,46.196,52.19674201267242,82.1,12919,1,1,synthetic_demo
29.2,66.8,31.343999999999998,31.134418863979295,84.4,12966,1,1,synthetic_demo
31.1,69.9,33.492000000000004,33.98560063347681,86.7,13013,1,1,synthetic_demo
33,73,35.64,37.081991010816495,89,13060,1,1,synthetic_demo
34.9,76.1,37.788,40.451501143223055,91.3,13107,1,1,synthetic_demo
36.8,79.2,39.936,44.12458074543406,93.6,13154,1,1,synthetic_demo
38.7,82.3,42.084,48.13439038055139,15.9,13201,1,1,synthetic_demo
40.6,85.4,44.232,52.51698100760734,18.2,13248,1,1,synthetic_demo
42.5,88.5,46.38,57.311480840170304,20.5,13295,1,1,synthetic_demo
44.4,91.6,48.528,62.56028954776642,22.8,13342,1,1,synthetic_demo
29.3,94.7,33.676,35.72148440557271,25.1,13389,1,1,synthetic_demo
31.2,36.8,31.2,28.20211396219005,27.4,13436,0,1,synthetic_demo
33.1,39.9,33.1,30.639674675202958,29.7,13483,1,1,synthetic_demo
35,43,35.24,33.28676902493459,32,13530,1,1,synthetic_demo
36.9,46.1,37.388,36.16879621772746,34.3,13577,1,1,synthetic_demo
38.8,49.2,39.535999999999994,39.31355860804532,36.6,13624,1,1,synthetic_demo
40.7,52.3,41.684000000000005,42.75142910022017,38.9,13671,1,1,synthetic_demo
42.6,55.4,43.832,46.51552574814379,41.2,13718,1,1,synthetic_demo
44.5,58.5,45.98,50.64189359995204,43.5,13765,1,1,synthetic_demo
29.4,61.6,31.128,30.533491036197663,45.8,13812,1,1,synthetic_demo
31.3,64.7,33.276,33.3070161595073,48.1,13859,1,1,synthetic_demo
33.2,67.8,35.424,36.31852366931271,50.4,13906,1,1,synthetic_demo
35.1,70.9,37.572,39.59536995356978,52.7,13953,1,1,synthetic_demo
37,74,39.72,43.16741705316475,55,14000,1,1,synthetic_demo
38.9,77.1,41.867999999999995,47.06720364407124,57.3,14047,1,1,synthetic_demo
40.8,80.2,44.016,51.330123269896205,59.6,14094,1,1,synthetic_demo
42.7,83.3,46.164,55.994609870422835,61.9,14141,1,1,synthetic_demo
44.6,86.4,48.312000000000005,61.102330639246446,64.2,14188,1,1,synthetic_demo
29.5,89.5,33.46,35.168131205727896,66.5,14235,1,1,synthetic_demo
31.4,92.6,35.608,38.4691703803974,68.8,14282,1,1,synthetic_demo
33.3,95.7,37.756,42.060220558079635,71.1,14329,1,1,synthetic_demo
35.2,37.8,35.2,32.34389365502639,73.4,14376,1,1,synthetic_demo
37.1,40.9,37.172000000000004,35.11671495261366,75.7,14423,1,1,synthetic_demo
39,44,39.32,38.14264869630952,78,14470,1,1,synthetic_demo
40.9,47.1,41.467999999999996,41.45137305066717,80.3,14517,1,1,synthetic_demo
42.8,50.2,43.616,45.07527306397715,82.6,14564,1,1,synthetic_demo
44.7,53.3,45.764,49.04962115898395,84.9,14611,1,1,synthetic_demo
29.6,56.4,30.912000000000003,29.914402811124102,87.2,14658,1,1,synthetic_demo
31.5,59.5,33.06,32.60851481938968,89.5,14705,1,1,synthetic_demo
33.4,62.6,35.208,35.53324274346843,91.8,14752,1,1,synthetic_demo
35.3,65.7,37.355999999999995,38.715379566597655,94.1,14799,1,1,synthetic_demo
37.2,68.8,39.504000000000005,42.1841906585923,16.4,14846,1,1,synthetic_demo
39.1,71.9,41.652,45.971583455137875,18.7,14893,1,1,synthetic_demo
41,75,43.8,50.112284371550686,21,14940,1,1,synthetic_demo
42.9,78.1,45.948,54.64402299790579,23.3,14987,1,1,synthetic_demo
44.8,81.2,48.096,59.60772360995804,25.6,15034,1,1,synthetic_demo
29.7,84.3,33.244,34.59704680652816,27.9,15081,1,1,synthetic_demo
31.6,87.4,35.392,37.82344444649267,30.2,15128,1,1,synthetic_demo
33.5,90.5,37.54,41.33287754688345,32.5,15175,1,1,synthetic_demo
35.4,93.6,39.687999999999995,45.1563905063685,34.8,15222,1,1,synthetic_demo
37.3,35.7,37.3,34.03760403707586,37.1,15269,1,1,synthetic_demo
39.2,38.8,39.2,36.94226427786448,39.4,15316,1,1,synthetic_demo
41.1,41.9,41.252,40.119216353073284,41.7,15363,1,1,synthetic_demo
43,45,43.4,43.60010206894942,44,15410,1,1,synthetic_demo
44.9,48.1,45.548,47.41941061937488,46.3,15457,1,1,synthetic_demo
29.8,51.2,30.696,29.276871954383427,48.6,15504,1,1,synthetic_demo
31.7,54.3,32.844,31.889791477580168,50.9,15551,1,1,synthetic_demo
33.6,57.4,34.992000000000004,34.72581876131911,53.2,15598,1,1,synthetic_demo
35.5,60.5,37.14,37.81117467924618,55.5,15645,1,1,synthetic_demo
37.4,63.6,39.288,41.17451887273986,57.8,15692,1,1,synthetic_demo
39.3,66.7,41.436,44.84711812324112,60.1,15739,1,1,synthetic_demo
41.2,69.8,43.584,48.863021943533695,62.4,15786,1,1,synthetic_demo
43.1,72.9,45.732,53.25924543617877,64.7,15833,1,1,synthetic_demo
28,76,30.88,31.10589601118105,67,15880,1,1,synthetic_demo
29.9,79.1,33.028,34.00795217310612,69.3,15927,1,1,synthetic_demo
31.8,82.2,35.176,37.15796463967219,71.6,15974,1,1,synthetic_demo
33.7,85.3,37.324000000000005,40.58389761449578,73.9,16021,1,1,synthetic_demo
35.6,88.4,39.472,44.31624812662427,76.2,16068,1,1,synthetic_demo
37.5,91.5,41.62,48.38821787650443,78.5,16115,1,1,synthetic_demo
39.4,94.6,43.768,52.835892361637704,80.8,16162,1,1,synthetic_demo
41.3,36.7,41.3,38.75450750226799,83.1,16209,1,1,synthetic_demo
43.2,39.8,43.2,42.08952832349953,85.4,16256,1,1,synthetic_demo
28.1,42.9,28.332,26.28274980422113,87.7,16303,1,1,synthetic_demo
30,46,30.48,28.620613013224546,90,16350,1,1,synthetic_demo
31.9,49.1,32.628,31.150537575896703,92.3,16397,1,1,synthetic_demo
33.8,52.2,34.775999999999996,33.895918615414644,94.6,16444,1,1,synthetic_demo
35.7,55.3,36.924,36.88239613142852,16.9,16491,1,1,synthetic_demo
37.6,58.4,39.072,40.138014919272166,19.2,16538,1,1,synthetic_demo
39.5,61.5,41.22,43.693391631301026,21.5,16585,1,1,synthetic_demo
41.4,64.6,43.367999999999995,47.58188904207097,23.8,16632,1,1,synthetic_demo
43.3,67.7,45.516,51.83979756687482,26.1,16679,1,1,synthetic_demo
28.2,70.8,30.663999999999998,30.569929189914312,28.4,16726,1,1,synthetic_demo
30.1,73.9,32.812000000000005,33.40056507062458,30.7,16773,1,1,synthetic_demo
32,77,34.96,36.47242582662787,33,16820,1,1,synthetic_demo
33.9,80.1,37.108,39.81295129406923,35.3,16867,1,1,synthetic_demo
35.8,83.2,39.256,43.45208246315157,37.6,16914,1,1,synthetic_demo
37.7,86.3,41.404,47.42243204158558,39.9,16961,1,1,synthetic_demo
39.6,89.4,43.552,51.75946228007545,42.2,17008,1,1,synthetic_demo
41.5,92.5,45.7,56.50167010808843,44.5,17055,1,1,synthetic_demo
43.4,95.6,47.848,61.69077961564479,46.8,17102,1,1,synthetic_demo
28.3,37.7,28.3,25.685055633944597,49.1,17149,1,1,synthetic_demo
30.2,40.8,30.264,27.945337289640122,51.4,17196,1,1,synthetic_demo
32.1,43.9,32.412,30.390441105492776,53.7,17243,1,1,synthetic_demo
34,47,34.56,33.043205533632175,56,17290,1,1,synthetic_demo
35.9,50.1,36.708,35.92868087566975,58.3,17337,1,1,synthetic_demo
37.8,53.2,38.855999999999995,39.074287902946594,60.6,17384,1,1,synthetic_demo
39.7,56.3,41.004000000000005,42.50998360292112,62.9,17431,1,1,synthetic_demo
41.6,59.4,43.152,46.2684341146971,65.2,17478,1,1,synthetic_demo
43.5,62.5,45.3,50.38519490453134,67.5,17525,1,1,synthetic_demo
28.4,65.6,30.447999999999997,30.01704017030848,69.8,17572,1,1,synthetic_demo
30.3,68.7,32.596000000000004,32.77460003746619,72.1,17619,1,1,synthetic_demo
32.2,71.8,34.744,35.7665194426571,74.4,17666,1,1,synthetic_demo
34.1,74.9,36.892,39.019705474157405,76.7,17713,1,1,synthetic_demo
36,78,39.04,42.563534354568475,79,17760,1,1,synthetic_demo
37.9,81.1,41.187999999999995,46.43002071727385,81.3,17807,1,1,synthetic_demo
39.8,84.2,43.336,50.65399412767637,83.6,17854,1,1,synthetic_demo
41.7,87.3,45.484,55.27328289871848,85.9,17901,1,1,synthetic_demo
43.6,90.4,47.632000000000005,60.32890523771699,88.2,17948,1,1,synthetic_demo
28.5,93.5,32.78,34.398568656316634,90.5,17995,1,1,synthetic_demo
30.4,35.6,30.4,27.250752813340494,92.8,18042,1,1,synthetic_demo
32.3,38.7,32.3,29.609186578683474,15.1,18089,0,1,synthetic_demo
34.2,41.8,34.344,32.167339049839306,17.4,18136,0,1,synthetic_demo
36.1,44.9,36.492000000000004,34.94966194659368,19.7,18183,1,1,synthetic_demo
38,48,38.64,37.98294277791164,22,18230,1,1,synthetic_demo
39.9,51.1,40.788,41.29646926948773,24.3,18277,1,1,synthetic_demo
41.8,54.2,42.936,44.92220096614659,26.6,18324,1,1,synthetic_demo
43.7,57.3,45.084,48.89494806126508,28.9,18371,1,1,synthetic_demo
28.6,60.4,30.232000000000003,29.44696215246232,31.2,18418,1,1,synthetic_demo
30.5,63.5,32.38,32.12976835827744,33.5,18465,1,1,synthetic_demo
32.4,66.6,34.528,35.03993346355962,35.8,18512,1,1,synthetic_demo
34.3,69.7,36.675999999999995,38.20382336944992,38.1,18559,1,1,synthetic_demo
36.2,72.8,38.824000000000005,41.650240742551105,40.4,18606,1,1,synthetic_demo
38.1,75.9,40.972,45.410592999986434,42.7,18653,1,1,synthetic_demo
40,79,43.12,49.51906752237974,45,18700,1,1,synthetic_demo
41.9,82.1,45.268,54.012814145525624,47.3,18747,1,1,synthetic_demo
43.8,85.2,47.416,58.9321349690863,49.6,18794,1,1,synthetic_demo
28.7,88.3,32.564,33.874182638401095,51.9,18841,1,1,synthetic_demo
30.6,91.4,34.712,37.06380849844567,54.2,18888,1,1,synthetic_demo
32.5,94.5,36.86,40.531119330116795,56.5,18935,1,1,synthetic_demo
34.4,36.6,34.4,31.26797497440752,58.8,18982,1,1,synthetic_demo
36.3,39.7,36.3,33.94496843025836,61.1,19029,1,1,synthetic_demo
38.2,42.8,38.424,36.86358031585255,63.4,19076,1,1,synthetic_demo
40.1,45.9,40.572,40.05241943711524,65.7,19123,1,1,synthetic_demo
42,49,42.72,43.5427287240896,68,19170,1,1,synthetic_demo
43.9,52.1,44.868,47.36856271129105,70.3,19217,1,1,synthetic_demo
28.8,55.2,30.016000000000002,28.85942525404219,72.6,19264,1,1,synthetic_demo
30.7,58.3,32.164,31.465778036866634,74.9,19311,1,1,synthetic_demo
32.6,61.4,34.312000000000005,34.292352377386756,77.2,19358,1,1,synthetic_demo
34.5,64.5,36.46,37.364964491357796,79.5,19405,1,1,synthetic_demo
36.4,67.6,38.608,40.71183464124179,81.8,19452,1,1,synthetic_demo
38.3,70.7,40.756,44.36375382553166,84.1,19499,1,1,synthetic_demo
40.2,73.8,42.904,48.35425767953643,86.4,19546,1,1,synthetic_demo
42.1,76.9,45.052,52.719807639673675,88.7,19593,1,1,synthetic_demo
44,80,47.2,57.49997941091938,91,19640,1,1,synthetic_demo
28.9,83.1,32.348,33.33275264323156,93.3,19687,1,1,synthetic_demo
30.8,86.2,34.496,36.450539268576534,15.6,19734,1,1,synthetic_demo
32.7,89.3,36.644000000000005,39.8392543811556,17.9,19781,1,1,synthetic_demo
34.6,92.4,38.792,43.52885731486566,20.2,19828,1,1,synthetic_demo
36.5,95.5,40.94,47.55197185170908,22.5,19875,1,1,synthetic_demo
38.4,37.6,38.4,35.71579707398379,24.8,19922,1,1,synthetic_demo
40.3,40.7,40.355999999999995,38.77740045343697,27.1,19969,1,1,synthetic_demo
42.2,43.8,42.504000000000005,42.129551804712435,29.4,20016,1,1,synthetic_demo
44.1,46.9,44.652,45.805539555285165,31.7,20063,1,1,synthetic_demo
29,50,29.8,28.254156484168835,34,20110,0,1,synthetic_demo
30.9,53.1,31.948,30.782333768955798,36.3,20157,1,1,synthetic_demo
32.8,56.2,34.096,33.52345715604224,38.6,20204,1,1,synthetic_demo
34.7,59.3,36.244,36.50278461844884,40.9,20251,1,1,synthetic_demo
36.6,62.4,38.392,39.747945106505746,43.2,20298,1,1,synthetic_demo
38.5,65.5,40.54,43.289103937174836,45.5,20345,1,1,synthetic_demo
40.4,68.6,42.687999999999995,47.15913537877379,47.8,20392,1,1,synthetic_demo
42.3,71.7,44.836,51.39380248443558,50.1,20439,1,1,synthetic_demo
44.2,74.8,46.984,56.031944215276845,52.4,20486,1,1,synthetic_demo
29.1,77.9,32.132000000000005,32.7740087952752,54.7,20533,1,1,synthetic_demo
31,81,34.28,35.818268912985786,57,20580,1,1,synthetic_demo
32.9,84.1,36.428,39.12656515526588,59.3,20627,1,1,synthetic_demo
34.8,87.2,38.576,42.72832292880065,61.6,20674,1,1,synthetic_demo
36.7,90.3,40.724000000000004,46.655600031073725,63.9,20721,1,1,synthetic_demo
38.6,93.4,42.872,50.9432627436351,66.2,20768,1,1,synthetic_demo
40.5,35.5,40.5,37.47097417424167,68.5,20815,1,1,synthetic_demo
42.4,38.6,42.4,40.68219987814264,70.8,20862,1,1,synthetic_demo
44.3,41.7,44.436,44.205374284590896,73.1,20909,1,1,synthetic_demo
29.2,44.8,29.584,27.630879717159768,75.4,20956,1,1,synthetic_demo
31.1,47.9,31.732000000000003,30.079136914785966,77.7,21003,1,1,synthetic_demo
33,51,33.88,32.73292522673481,80,21050,1,1,synthetic_demo
34.9,54.1,36.028,35.61693576673282,82.3,21097,1,1,synthetic_demo
36.8,57.2,38.175999999999995,38.75819720503571,84.6,21144,1,1,synthetic_demo
38.7,60.3,40.324000000000005,42.186239853551015,86.9,21191,1,1,synthetic_demo
40.6,63.4,42.472,45.933266930706154,89.2,21238,1,1,synthetic_demo
42.5,66.5,44.62,50.034333060692944,91.5,21285,1,1,synthetic_demo
44.4,69.6,46.768,54.52753004939457,93.8,21332,1,1,synthetic_demo
29.3,72.7,31.916,32.19767810227176,16.1,21379,1,1,synthetic_demo
31.2,75.8,34.064,35.16670212864146,18.4,21426,1,1,synthetic_demo
33.1,78.9,36.212,38.39273262840886,20.7,21473,1,1,synthetic_demo
35,82,38.36,41.90465255917759,23,21520,1,1,synthetic_demo
36.9,85.1,40.507999999999996,45.73394486179191,25.3,21567,1,1,synthetic_demo
38.8,88.2,42.656,49.91486726076417,27.6,21614,1,1,synthetic_demo
40.7,91.3,44.804,54.484634356598505,29.9,21661,1,1,synthetic_demo
42.6,94.4,46.952,59.48360705098871,32.2,21708,1,1,synthetic_demo
44.5,36.5,44.5,42.567557545269224,34.5,21755,1,1,synthetic_demo
29.4,39.6,29.4,26.98931566612707,36.8,21802,1,1,synthetic_demo
31.3,42.7,31.516000000000002,29.355885471575913,39.1,21849,1,1,synthetic_demo
33.2,45.8,33.664,31.920430443282047,41.4,21896,1,1,synthetic_demo
35.1,48.9,35.812000000000005,34.70706615979636,43.7,21943,1,1,synthetic_demo
37,52,37.96,37.742211983304955,46,21990,1,1,synthetic_demo
38.9,55.1,40.108,41.05475383642445,48.3,22037,1,1,synthetic_demo
40.8,58.2,42.256,44.67621414349077,50.6,22084,1,1,synthetic_demo
42.7,61.3,44.404,48.64092899227995,52.9,22131,1,1,synthetic_demo
44.6,64.4,46.552,52.986232559808684,55.2,22178,1,1,synthetic_demo
29.5,67.5,31.7,31.60348442890093,57.5,22225,1,1,synthetic_demo
31.4,70.6,33.848,34.49554026842394,59.8,22272,1,1,synthetic_demo
33.3,73.7,35.995999999999995,37.63743422288891,62.1,22319,1,1,synthetic_demo
35.2,76.8,38.144000000000005,41.05749821973617,64.4,22366,1,1,synthetic_demo
37.1,79.9,40.292,44.786631411096124,66.7,22413,1,1,synthetic_demo
39,83,42.44,48.85847367712933,69,22460,1,1,synthetic_demo
40.9,86.1,44.588,53.30958640472279,71.3,22507,1,1,synthetic_demo
42.8,89.2,46.736,58.17964058380004,73.6,22554,1,1,synthetic_demo
44.7,92.3,48.884,63.511612250923434,75.9,22601,1,1,synthetic_demo
29.6,95.4,34.032000000000004,36.27002177626311,78.2,22648,1,1,synthetic_demo
31.5,37.5,31.5,28.61227404583384,80.5,22695,1,1,synthetic_demo
33.4,40.6,33.448,31.085643057265468,82.8,22742,1,1,synthetic_demo
35.3,43.7,35.596,33.77282019878718,85.1,22789,1,1,synthetic_demo
37.2,46.8,37.744,36.699606436368015,87.4,22836,1,1,synthetic_demo
39.1,49.9,39.892,39.89423385829457,89.7,22883,1,1,synthetic_demo
41,53,42.04,43.38753428922915,92,22930,1,1,synthetic_demo
42.9,56.1,44.187999999999995,47.21311511117177,94.3,22977,1,1,synthetic_demo
44.8,59.2,46.336,51.40754233632409,16.6,23024,1,1,synthetic_demo
29.7,62.3,31.483999999999998,30.991148470304918,18.9,23071,0,1,synthetic_demo
31.6,65.4,33.632000000000005,33.80448131350825,21.2,23118,1,1,synthetic_demo
33.5,68.5,35.78,36.860343778580294,23.5,23165,1,1,synthetic_demo
35.4,71.6,37.928,40.186508122393,25.8,23212,1,1,synthetic_demo
37.3,74.7,40.076,43.81328071623437,28.1,23259,1,1,synthetic_demo
39.2,77.8,42.224000000000004,47.77367424788291,30.4,23306,1,1,synthetic_demo
41.1,80.9,44.372,52.10358718290284,32.7,23353,1,1,synthetic_demo
43,84,46.52,56.84199052870558,35,23400,1,1,synthetic_demo
44.9,87.1,48.668,62.03112193238155,37.3,23447,1,1,synthetic_demo
29.8,90.2,33.816,35.70598535713642,39.6,23494,1,1,synthetic_demo
31.7,93.3,35.964,39.0547964062289,41.9,23541,1,1,synthetic_demo
33.6,35.4,33.6,30.228229689036528,44.2,23588,1,1,synthetic_demo
35.5,38.5,35.5,32.81383843224757,46.5,23635,1,1,synthetic_demo
37.4,41.6,37.528,35.62999347650909,48.8,23682,1,1,synthetic_demo
39.3,44.7,39.675999999999995,38.704263569848244,51.1,23729,1,1,synthetic_demo
41.2,47.8,41.824000000000005,42.066780070213625,53.4,23776,1,1,synthetic_demo
43.1,50.9,43.972,45.750411422517146,55.7,23823,1,1,synthetic_demo
28,54,29.12,27.837768218470746,58,23870,1,1,synthetic_demo
29.9,57.1,31.267999999999997,30.360387725465987,60.3,23917,1,1,synthetic_demo
31.8,60.2,33.416000000000004,33.09321984559934,62.6,23964,1,1,synthetic_demo
33.7,63.3,35.564,36.061131524004495,64.9,24011,1,1,synthetic_demo
35.6,66.4,37.712,39.29132664714764,67.2,24058,1,1,synthetic_demo
37.5,69.5,39.86,42.81350975319188,69.5,24105,1,1,synthetic_demo
39.4,72.6,42.007999999999996,46.660056928698694,71.8,24152,1,1,synthetic_demo
41.3,75.7,44.156,50.86619394881981,74.1,24199,1,1,synthetic_demo
43.2,78.8,46.304,55.470181705823194,76.4,24246,1,1,synthetic_demo
28.1,81.9,31.452,32.11006780805852,78.7,24293,1,1,synthetic_demo
30,85,33.6,35.12395882878448,81,24340,1,1,synthetic_demo
31.9,88.1,35.748,38.397101027219946,83.3,24387,1,1,synthetic_demo
33.8,91.2,37.896,41.95839804072443,85.6,24434,1,1,synthetic_demo
35.7,94.3,40.044000000000004,45.83934638686636,87.9,24481,1,1,synthetic_demo
37.6,36.4,37.6,34.53298190173813,90.2,24528,1,1,synthetic_demo
39.5,39.5,39.5,37.48442226725838,92.5,24575,1,1,synthetic_demo
41.4,42.6,41.608,40.71349958501894,94.8,24622,1,1,synthetic_demo
43.3,45.7,43.756,44.2523330695152,17.1,24669,1,1,synthetic_demo
28.2,48.8,28.904,27.26355006310478,19.4,24716,0,1,synthetic_demo
30.1,51.9,31.052,29.710916470438644,21.7,24763,1,1,synthetic_demo
32,55,33.2,32.361447019019906,24,24810,1,1,synthetic_demo
33.9,58.1,35.348,35.2394640472587,26.3,24857,1,1,synthetic_demo
35.8,61.2,37.495999999999995,38.371594311837455,28.6,24904,1,1,synthetic_demo
37.7,64.3,39.644000000000005,41.78693140526017,30.9,24951,1,1,synthetic_demo
39.6,67.4,41.792,45.51720534314413,33.2,24998,1,1,synthetic_demo
41.5,70.5,43.94,49.5969593796782,35.5,25045,1,1,synthetic_demo
43.4,73.6,46.088,54.06373409740017,37.8,25092,1,1,synthetic_demo
28.3,76.7,31.236,31.580526979404524,40.1,25139,1,1,synthetic_demo
30.2,79.8,33.384,34.52365969885494,42.4,25186,1,1,synthetic_demo
32.1,82.9,35.532000000000004,37.71936828349319,44.7,25233,1,1,synthetic_demo
34,86,37.68,41.19603565728441,47,25280,1,1,synthetic_demo
35.9,89.1,39.827999999999996,44.98460610822704,49.3,25327,1,1,synthetic_demo
37.8,92.2,41.976,49.118758358114206,51.6,25374,1,1,synthetic_demo
39.7,95.3,44.124,53.63508592110804,53.9,25421,1,1,synthetic_demo
41.6,37.4,41.6,39.32723629443892,56.2,25468,1,1,synthetic_demo
43.5,40.5,43.54,42.718390298136306,58.5,25515,1,1,synthetic_demo
28.4,43.6,28.688,26.672020600997712,60.8,25562,1,1,synthetic_demo
30.3,46.7,30.836000000000002,29.042445731436263,63.1,25609,1,1,synthetic_demo
32.2,49.8,32.984,31.608850532650745,65.4,25656,1,1,synthetic_demo
34.1,52.9,35.132,34.39500426679475,67.7,25703,1,1,synthetic_demo
36,56,37.28,37.42694774174147,70,25750,1,1,synthetic_demo
37.9,59.1,39.428,40.73315443145357,72.3,25797,1,1,synthetic_demo
39.8,62.2,41.576,44.34469874989869,74.6,25844,1,1,synthetic_demo
41.7,65.3,43.724000000000004,48.29543153821668,76.9,25891,1,1,synthetic_demo
43.6,68.4,45.872,52.62216281260887,79.2,25938,1,1,synthetic_demo
28.5,71.5,31.02,31.034081913653896,81.5,25985,1,1,synthetic_demo
30.4,74.6,33.168,33.90480224368542,83.8,26032,1,1,synthetic_demo
32.3,77.7,35.315999999999995,37.0212893323955,86.1,26079,1,1,synthetic_demo
34.2,80.8,37.464000000000006,40.41139701500038,88.4,26126,1,1,synthetic_demo
36.1,83.9,39.612,44.10550862626302,90.7,26173,1,1,synthetic_demo
38,87,41.76,48.13670878496485,93,26220,1,1,synthetic_demo
39.9,90.1,43.908,52.54096244972298,15.3,26267,1,1,synthetic_demo
41.8,93.2,46.056,57.357301292340644,17.6,26314,1,1,synthetic_demo
43.7,35.3,43.7,41.148088421686865,19.9,26361,1,1,synthetic_demo
28.6,38.4,28.6,26.06290971282373,22.2,26408,0,1,synthetic_demo
30.5,41.5,30.62,28.35468325777187,24.5,26455,0,1,synthetic_demo
32.4,44.6,32.768,30.835114601723113,26.8,26502,1,1,synthetic_demo
34.3,47.7,34.916,33.52741140204822,29.1,26549,1,1,synthetic_demo
36.2,50.8,37.064,36.45701963903291,31.4,26596,1,1,synthetic_demo
38.1,53.9,39.212,39.65178343477298,33.7,26643,1,1,synthetic_demo
40,57,41.36,43.14211200981829,36,26690,1,1,synthetic_demo
41.9,60.1,43.507999999999996,46.96115383856383,38.3,26737,1,1,synthetic_demo
43.8,63.2,45.656,51.144978052186076,40.6,26784,1,1,synthetic_demo
28.7,66.3,30.804,30.470465559750767,42.9,26831,1,1,synthetic_demo
30.6,69.4,32.952,33.26709748131432,45.2,26878,1,1,synthetic_demo
32.5,72.5,35.1,36.30255186702082,47.5,26925,1,1,synthetic_demo
34.4,75.6,37.248,39.604145029104046,49.8,26972,1,1,synthetic_demo
36.3,78.7,39.396,43.20169056577665,52.1,27019,1,1,synthetic_demo
38.2,81.8,41.544000000000004,47.127669855998576,54.4,27066,1,1,synthetic_demo
40.1,84.9,43.692,51.417409808520354,56.7,27113,1,1,synthetic_demo
42,88,45.84,56.10926791265071,59,27160,1,1,synthetic_demo
43.9,91.1,47.988,61.244824625693155,61.3,27207,1,1,synthetic_demo
28.8,94.2,33.136,34.92832353135461,63.6,27254,1,1,synthetic_demo
30.7,36.3,30.7,27.64733349465281,65.9,27301,1,1,synthetic_demo
32.6,39.4,32.6,30.039919929463164,68.2,27348,1,1,synthetic_demo
34.5,42.5,34.7,32.63634094391793,70.5,27395,1,1,synthetic_demo
36.4,45.6,36.848,35.46143875208026,72.8,27442,1,1,synthetic_demo
38.3,48.7,38.995999999999995,38.54241883031672,75.1,27489,1,1,synthetic_demo
40.2,51.8,41.144000000000005,41.909015552845354,77.4,27536,1,1,synthetic_demo
42.1,54.9,43.292,45.59366501193868,79.7,27583,1,1,synthetic_demo
44,58,45.44,49.63168507291655,82,27630,1,1,synthetic_demo
28.9,61.1,30.587999999999997,29.889407779800823,84.3,27677,1,1,synthetic_demo
30.8,64.2,32.736000000000004,32.61025314434587,86.6,27724,1,1,synthetic_demo
32.7,67.3,34.884,35.56284008792577,88.9,27771,1,1,synthetic_demo
34.6,70.4,37.032000000000004,38.77393890656431,91.2,27818,1,1,synthetic_demo
36.5,73.5,39.18,42.27278461885463,93.5,27865,1,1,synthetic_demo
38.4,76.6,41.327999999999996,46.09124616667975,15.8,27912,1,1,synthetic_demo
40.3,79.7,43.476,50.26400285353628,18.1,27959,1,1,synthetic_demo
42.2,82.8,45.624,54.82872806918242,20.4,28006,1,1,synthetic_demo
44.1,85.9,47.772000000000006,59.826280336865594,22.7,28053,1,1,synthetic_demo
29,89,32.92,34.39365854182052,25,28100,1,1,synthetic_demo
30.9,92.1,35.068,37.629025237680395,27.3,28147,1,1,synthetic_demo
32.8,95.2,37.215999999999994,41.147094684256615,29.6,28194,1,1,synthetic_demo
34.7,37.3,34.7,31.721444625095142,31.9,28241,1,1,synthetic_demo
36.6,40.4,36.632,34.43982984459667,34.2,28288,1,1,synthetic_demo
38.5,43.5,38.78,37.40465681323825,36.5,28335,1,1,synthetic_demo
40.4,46.6,40.928,40.6449753447647,38.8,28382,1,1,synthetic_demo
42.3,49.7,43.076,44.192499072195936,41.1,28429,1,1,synthetic_demo
44.2,52.8,45.224000000000004,48.08178415196012,43.4,28476,1,1,synthetic_demo
29.1,55.9,30.372,29.290635322925336,45.7,28523,1,1,synthetic_demo
31,59,32.52,31.93397365266866,48,28570,1,1,synthetic_demo
32.9,62.1,34.668,34.80183467469692,50.3,28617,1,1,synthetic_demo
34.8,65.2,36.815999999999995,37.92043411648856,52.6,28664,1,1,synthetic_demo
36.7,68.3,38.964000000000006,41.318419514090095,54.9,28711,1,1,synthetic_demo
38.6,71.4,41.112,45.027038114513346,57.2,28758,1,1,synthetic_demo
40.5,74.5,43.26,49.08031199946491,59.5,28805,1,1,synthetic_demo
42.4,77.6,45.408,53.51522048041112,61.8,28852,1,1,synthetic_demo
44.3,80.7,47.556,58.3718898025536,64.1,28899,1,1,synthetic_demo
29.2,83.8,32.704,33.841699113794384,66.4,28946,1,1,synthetic_demo
31.1,86.9,34.852000000000004,37.00423168882882,68.7,28993,1,1,synthetic_demo
33,90,37,40.442632753061424,71,29040,1,1,synthetic_demo
34.9,93.1,39.147999999999996,44.187301661420065,73.3,29087,1,1,synthetic_demo
36.8,35.2,36.8,33.391813664637354,75.6,29134,1,1,synthetic_demo
38.7,38.3,38.7,36.23808932655064,77.9,29181,1,1,synthetic_demo
40.6,41.4,40.712,39.349552853804965,80.2,29228,1,1,synthetic_demo
42.5,44.5,42.86,42.75718528121558,82.5,29275,1,1,synthetic_demo
44.4,47.6,45.007999999999996,46.494770551022725,84.8,29322,1,1,synthetic_demo
29.3,50.7,30.156000000000002,28.67387179897082,87.1,29369,1,1,synthetic_demo
31.2,53.8,32.304,31.237960086027844,89.4,29416,1,1,synthetic_demo
33.1,56.9,34.452,34.01921275736963,91.7,29463,1,1,synthetic_demo
35,60,36.6,37.04328236037385,94,29510,1,1,synthetic_demo
36.9,63.1,38.748,40.338219985653,16.3,29557,1,1,synthetic_demo
38.8,66.2,40.896,43.93464186692277,18.6,29604,1,1,synthetic_demo
40.7,69.3,43.044000000000004,47.8659031863338,20.9,29651,1,1,synthetic_demo
42.6,72.4,45.192,52.16827913656337,23.2,29698,1,1,synthetic_demo
44.5,75.5,47.34,56.881153278570594,25.5,29745,1,1,synthetic_demo
29.4,78.6,32.488,33.272172003979485,27.8,29792,1,1,synthetic_demo
31.3,81.7,34.636,36.360162600181546,30.1,29839,1,1,synthetic_demo
33.2,84.8,36.784000000000006,39.71705025306369,32.4,29886,1,1,synthetic_demo
35.1,87.9,38.932,43.37269561239469,34.7,29933,1,1,synthetic_demo
37,91,41.08,47.35962097078368,37,29980,1,1,synthetic_demo
38.9,94.1,43.227999999999994,51.713187586343764,39.3,30027,1,1,synthetic_demo
40.8,36.2,40.8,38.022305017085316,41.6,30074,1,1,synthetic_demo
42.7,39.3,42.7,41.287248114137064,43.9,30121,1,1,synthetic_demo
44.6,42.4,44.792,44.870134480370936,46.2,30168,1,1,synthetic_demo
29.5,45.5,29.94,28.03883765207396,48.5,30215,1,1,synthetic_demo
31.4,48.6,32.088,30.521910156450474,50.8,30262,1,1,synthetic_demo
33.3,51.7,34.236,33.2146478876982,53.1,30309,1,1,synthetic_demo
35.2,54.8,36.384,36.14213154220758,55.4,30356,1,1,synthetic_demo
37.1,57.9,38.532000000000004,39.33180674220858,57.7,30403,1,1,synthetic_demo
39,61,40.68,42.81364932897456,60,30450,1,1,synthetic_demo
40.9,64.1,42.827999999999996,46.62033784602475,62.3,30497,1,1,synthetic_demo
42.8,67.2,44.976,50.78743326492559,64.6,30544,1,1,synthetic_demo
44.7,70.3,47.124,55.35356599393194,66.9,30591,1,1,synthetic_demo
29.6,73.4,32.272000000000006,32.68480082156931,69.2,30638,1,1,synthetic_demo
31.5,76.5,34.42,35.69651905350103,71.5,30685,1,1,synthetic_demo
33.4,79.6,36.568,38.97002431917072,73.8,30732,1,1,synthetic_demo
35.3,82.7,38.715999999999994,42.53462998717848,76.1,30779,1,1,synthetic_demo
37.2,85.8,40.864000000000004,46.4222784666747,78.4,30826,1,1,synthetic_demo
39.1,88.9,43.012,50.667717234516786,80.7,30873,1,1,synthetic_demo
41,92,45.16,55.30868216243551,83,30920,1,1,synthetic_demo
42.9,95.1,47.308,60.38608818310935,85.3,30967,1,1,synthetic_demo
44.8,37.2,44.8,43.20736106269013,87.6,31014,1,1,synthetic_demo
29.7,40.3,29.724,27.38525013408167,89.9,31061,1,1,synthetic_demo
31.6,43.4,31.872,29.785518180523823,92.2,31108,1,1,synthetic_demo
33.5,46.5,34.02,32.387810010277136,94.5,31155,1,1,synthetic_demo
35.4,49.6,36.168,35.2166257384175,16.8,31202,1,1,synthetic_demo
37.3,52.7,38.315999999999995,38.298796435683414,19.1,31249,1,1,synthetic_demo
39.2,55.8,40.464000000000006,41.66364811094944,21.4,31296,1,1,synthetic_demo
41.1,58.9,42.612,45.34317286864002,23.7,31343,1,1,synthetic_demo
43,62,44.76,49.37220729499698,26,31390,1,1,synthetic_demo
44.9,65.1,46.908,53.78861811478804,28.3,31437,1,1,synthetic_demo
29.8,68.2,32.056,32.079306001737294,30.6,31484,0,1,synthetic_demo
31.7,71.3,34.204,35.01299875417064,32.9,31531,1,1,synthetic_demo
33.6,74.4,36.352000000000004,38.201228498992016,35.2,31578,1,1,synthetic_demo
35.5,77.5,38.5,41.672752688290565,37.5,31625,1,1,synthetic_demo
37.4,80.6,40.647999999999996,45.45892486073636,39.8,31672,1,1,synthetic_demo
39.3,83.7,42.796,49.593869369044704,42.1,31719,1,1,synthetic_demo
41.2,86.8,44.944,54.114663391099214,44.4,31766,1,1,synthetic_demo
43.1,89.9,47.092,59.06152626491731,46.7,31813,1,1,synthetic_demo
28,93,32.24,33.63126748736628,49,31860,1,1,synthetic_demo
29.9,35.1,29.9,26.71282327782585,51.3,31907,1,1,synthetic_demo
31.8,38.2,31.8,29.028475051526495,53.6,31954,1,1,synthetic_demo
33.7,41.3,33.804,31.538365433513203,55.9,32001,1,1,synthetic_demo
35.6,44.4,35.952,34.26640516767101,58.2,32048,1,1,synthetic_demo
37.5,47.5,38.1,37.23880162987935,60.5,32095,1,1,synthetic_demo
39.4,50.6,40.248,40.4842214957597,62.8,32142,1,1,synthetic_demo
41.3,53.7,42.396,44.03396056871366,65.1,32189,1,1,synthetic_demo
43.2,56.8,44.544000000000004,47.922120823486765,67.4,32236,1,1,synthetic_demo
28.1,59.9,29.692,28.82286278025281,69.7,32283,1,1,synthetic_demo
30,63,31.84,31.455404778981443,72,32330,1,1,synthetic_demo
31.9,66.1,33.988,34.309296003396575,74.3,32377,1,1,synthetic_demo
33.8,69.2,36.135999999999996,37.41033272388301,76.6,32424,1,1,synthetic_demo
35.7,72.3,38.284000000000006,40.78670778123476,78.9,32471,1,1,synthetic_demo
37.6,75.4,40.432,44.46917679645756,81.2,32518,1,1,synthetic_demo
39.5,78.5,42.58,48.491231594424896,83.5,32565,1,1,synthetic_demo
41.4,81.6,44.727999999999994,52.88928089524755,85.8,32612,1,1,synthetic_demo
43.3,84.7,46.876,57.70283831483452,88.1,32659,1,1,synthetic_demo
28.2,87.8,32.024,33.12485851517622,90.4,32706,1,1,synthetic_demo
30.1,90.9,34.172000000000004,36.251657170768254,92.7,32753,1,1,synthetic_demo
32,94,36.32,39.649091268870386,15,32800,1,1,synthetic_demo
33.9,36.1,33.9,30.66597680044818,17.3,32847,0,1,synthetic_demo
35.8,39.2,35.8,33.291106160523334,19.6,32894,1,1,synthetic_demo
37.7,42.3,37.884,36.15143076893476,21.9,32941,1,1,synthetic_demo
39.6,45.4,40.032000000000004,39.27494840621281,24.2,32988,1,1,synthetic_demo
41.5,48.5,42.18,42.69224865126798,26.5,33035,1,1,synthetic_demo
43.4,51.6,44.327999999999996,46.43668857915556,28.8,33082,1,1,synthetic_demo
28.3,54.7,29.476,28.254876476837385,31.1,33129,1,1,synthetic_demo
30.2,57.8,31.624,30.81281116032351,33.4,33176,1,1,synthetic_demo
32.1,60.9,33.772,33.58510167026218,35.7,33223,1,1,synthetic_demo
34,64,35.92,36.59700327983956,38,33270,1,1,synthetic_demo
35.9,67.1,38.068,39.87613546422036,40.3,33317,1,1,synthetic_demo
37.8,70.2,40.215999999999994,43.452646819301705,42.6,33364,1,1,synthetic_demo
39.7,73.3,42.364000000000004,47.359387177515416,44.9,33411,1,1,synthetic_demo
41.6,76.4,44.512,51.632086975805706,47.2,33458,1,1,synthetic_demo
43.5,79.5,46.66,56.30954391856386,49.5,33505,1,1,synthetic_demo
28.4,82.6,31.808,32.60182801932135,51.8,33552,1,1,synthetic_demo
30.3,85.7,33.956,35.658537455762044,54.1,33599,1,1,synthetic_demo
32.2,88.8,36.104,38.979263600389274,56.4,33646,1,1,synthetic_demo
34.1,91.9,38.252,42.593338225301274,58.7,33693,1,1,synthetic_demo
36,95,40.4,46.53271491902571,61,33740,1,1,synthetic_demo
37.9,37.1,37.9,35.036288145633286,63.3,33787,1,1,synthetic_demo
39.8,40.2,39.815999999999995,38.03540337212102,65.6,33834,1,1,synthetic_demo
41.7,43.3,41.964000000000006,41.31758017771489,67.9,33881,1,1,synthetic_demo
43.6,46.4,44.112,44.91542038750075,70.2,33928,1,1,synthetic_demo
28.5,49.5,29.26,27.66959517099116,72.5,33975,1,1,synthetic_demo
30.4,52.6,31.407999999999998,30.151235898362643,74.8,34022,1,1,synthetic_demo
32.3,55.7,33.556,32.840103163634865,77.1,34069,1,1,synthetic_demo
34.2,58.8,35.704,35.76090277824285,79.4,34116,1,1,synthetic_demo
36.1,61.9,37.852000000000004,38.940672037731595,81.7,34163,1,1,synthetic_demo
38,65,40,42.40894334508867,84,34210,1,1,synthetic_demo
39.9,68.1,42.147999999999996,46.19791501471848,86.3,34257,1,1,synthetic_demo
41.8,71.2,44.296,50.34262931346195,88.6,34304,1,1,synthetic_demo
43.7,74.3,46.444,54.881157782757356,90.9,34351,1,1,synthetic_demo
28.6,77.4,31.592000000000002,32.06191176491032,93.2,34398,1,1,synthetic_demo
30.5,80.5,33.74,35.04687957230447,15.5,34445,1,1,synthetic_demo
32.4,83.6,35.888,38.28911167497874,17.8,34492,1,1,synthetic_demo
34.3,86.7,38.035999999999994,41.81741443516941,20.1,34539,1,1,synthetic_demo
36.2,89.8,40.184000000000005,45.66318432254243,22.4,34586,1,1,synthetic_demo
38.1,92.9,42.332,49.86058220946956,24.7,34633,1,1,synthetic_demo
40,35,40,36.76515649725685,27,34680,1,1,synthetic_demo
41.9,38.1,41.9,39.909493531602024,29.3,34727,1,1,synthetic_demo
43.8,41.2,43.896,43.35782113528586,31.6,34774,1,1,synthetic_demo
28.7,44.3,29.044,27.066748481100436,33.9,34821,0,1,synthetic_demo
30.6,47.4,31.192,29.470386464182983,36.2,34868,1,1,synthetic_demo
32.5,50.5,33.34,32.07398440392485,38.5,34915,1,1,synthetic_demo
34.4,53.6,35.488,34.901690126454724,40.8,34962,1,1,synthetic_demo
36.3,56.7,37.635999999999996,37.97994987394583,43.1,35009,1,1,synthetic_demo
38.2,59.8,39.784000000000006,41.3376706282239,45.4,35056,1,1,synthetic_demo
40.1,62.9,41.932,45.00638959900977,47.7,35103,1,1,synthetic_demo
42,66,44.08,49.02045093448803,50,35150,1,1,synthetic_demo
43.9,69.1,46.227999999999994,53.417189699620174,52.3,35197,1,1,synthetic_demo
28.8,72.2,31.376,31.504842451845036,54.6,35244,1,1,synthetic_demo
30.7,75.3,33.524,34.41639427403186,56.9,35291,1,1,synthetic_demo
32.6,78.4,35.672000000000004,37.57832290532772,59.2,35338,1,1,synthetic_demo
34.5,81.5,37.82,41.01890086892496,61.5,35385,1,1,synthetic_demo
36.4,84.6,39.967999999999996,44.76895873741207,63.8,35432,1,1,synthetic_demo
38.3,87.7,42.116,48.86205814001593,66.1,35479,1,1,synthetic_demo
40.2,90.8,44.264,53.33467205016136,68.4,35526,1,1,synthetic_demo
42.1,93.9,46.412,58.2263723974689,70.7,35573,1,1,synthetic_demo
44,36,44,41.76339073491371,73,35620,1,1,synthetic_demo
28.9,39.1,28.9,26.446062916370085,75.3,35667,1,1,synthetic_demo
30.8,42.2,30.976000000000003,28.7699670201152,77.6,35714,1,1,synthetic_demo
32.7,45.3,33.124,31.286425794695955,79.9,35761,1,1,synthetic_demo
34.6,48.4,35.272,34.01902049826297,82.2,35808,1,1,synthetic_demo
36.5,51.5,37.42,36.99359738600018,84.5,35855,1,1,synthetic_demo
38.4,54.6,39.568,40.23842872977434,86.8,35902,1,1,synthetic_demo
40.3,57.7,41.715999999999994,43.78438098681359,89.1,35949,1,1,synthetic_demo
42.2,60.8,43.864000000000004,47.665090176404476,91.4,35996,1,1,synthetic_demo
44.1,63.9,46.012,51.917144511358686,93.7,36043,1,1,synthetic_demo
29,67,31.16,30.93034968878624,16,36090,1,1,synthetic_demo
30.9,70.1,33.308,33.766789024553695,18.3,36137,0,1,synthetic_demo
32.8,73.2,35.455999999999996,36.84658120680235,20.6,36184,1,1,synthetic_demo
34.7,76.3,37.604,40.197456431494885,22.9,36231,1,1,synthetic_demo
36.6,79.4,39.752,43.84967053616276,25.2,36278,1,1,synthetic_demo
38.5,82.5,41.9,47.8361767147622,27.5,36325,1,1,synthetic_demo
40.4,85.6,44.048,52.19280449596263,29.8,36372,1,1,synthetic_demo
42.3,88.7,46.196,56.958446030257136,32.1,36419,1,1,synthetic_demo
44.2,91.8,48.344,62.175249718748844,34.4,36466,1,1,synthetic_demo
29.1,94.9,33.492000000000004,35.46570647845464,36.7,36513,1,1,synthetic_demo
31,37,31,28.04967839235153,39,36560,1,1,synthetic_demo
32.9,40.1,32.908,30.477104194127968,41.3,36607,1,1,synthetic_demo
34.8,43.2,35.056,33.112545304176464,43.6,36654,1,1,synthetic_demo
36.7,46.3,37.204,35.98123899710646,45.9,36701,1,1,synthetic_demo
38.6,49.4,39.352000000000004,39.11081348539159,48.2,36748,1,1,synthetic_demo
40.5,52.5,41.5,42.5314547647236,50.5,36795,1,1,synthetic_demo
42.4,55.6,43.647999999999996,46.27608065349044,52.8,36842,1,1,synthetic_demo
44.3,58.7,45.796,50.38052207447208,55.1,36889,1,1,synthetic_demo
29.2,61.8,30.944,30.338159966974857,57.4,36936,1,1,synthetic_demo
31.1,64.9,33.092,33.09776797013798,59.7,36983,1,1,synthetic_demo
33,68,35.24,36.093566968979744,62,37030,1,1,synthetic_demo
34.9,71.1,37.388,39.35273628492982,64.3,37077,1,1,synthetic_demo
36.8,74.2,39.535999999999994,42.90494812261625,66.6,37124,1,1,synthetic_demo
38.7,77.3,41.684000000000005,46.7825379880513,68.9,37171,1,1,synthetic_demo
40.6,80.4,43.832,51.02068235376616,71.2,37218,1,1,synthetic_demo
42.5,83.5,45.98,55.65758361756182,73.5,37265,1,1,synthetic_demo
44.4,86.6,48.128,60.73466238904555,75.8,37312,1,1,synthetic_demo
29.3,89.7,33.276,34.92061933664068,78.1,37359,1,1,synthetic_demo
31.2,92.8,35.424,38.202548252479254,80.4,37406,1,1,synthetic_demo
33.1,95.9,37.572,41.772270710575526,82.7,37453,1,1,synthetic_demo
35,38,35,32.181912161570104,85,37500,1,1,synthetic_demo
36.9,41.1,36.988,34.94249510951407,87.3,37547,1,1,synthetic_demo
38.8,44.2,39.135999999999996,37.95441647308136,89.6,37594,1,1,synthetic_demo
40.7,47.3,41.284000000000006,41.2471720160691,91.9,37641,1,1,synthetic_demo
42.6,50.4,43.432,44.85295122213803,94.2,37688,1,1,synthetic_demo
44.5,53.5,45.58,48.80681722388777,16.5,37735,1,1,synthetic_demo
29.4,56.6,30.727999999999998,29.72799663390889,18.8,37782,0,1,synthetic_demo
31.3,59.7,32.876,32.409031912250164,21.1,37829,1,1,synthetic_demo
33.2,62.8,35.024,35.31895702703302,23.4,37876,1,1,synthetic_demo
35.1,65.9,37.172000000000004,38.484391818621276,25.7,37923,1,1,synthetic_demo
37,69,39.32,41.93441590092388,28,37970,1,1,synthetic_demo
38.9,72.1,41.467999999999996,45.700737778696976,30.3,38017,1,1,synthetic_demo
40.8,75.2,43.616,49.81787119571315,32.6,38064,1,1,synthetic_demo
42.7,78.3,45.764,54.323318761753995,34.9,38111,1,1,synthetic_demo
44.6,81.4,47.912,59.25776289391968,37.2,38158,1,1,synthetic_demo
29.5,84.5,33.06,34.357984210994495,39.5,38205,1,1,synthetic_demo
31.4,87.6,35.208,37.566072627676164,41.8,38252,1,1,synthetic_demo
33.3,90.7,37.355999999999995,41.055041845536294,44.1,38299,1,1,synthetic_demo
35.2,93.8,39.504000000000005,44.85573610691735,46.4,38346,1,1,synthetic_demo
37.1,35.9,37.1,33.87698207332104,48.7,38393,1,1,synthetic_demo
39,39,39,36.7688249808198,51,38440,1,1,synthetic_demo
40.9,42.1,41.068,39.931089287326714,53.3,38487,1,1,synthetic_demo
42.8,45.2,43.215999999999994,43.395225946051134,55.6,38534,1,1,synthetic_demo
44.7,48.3,45.364000000000004,47.195519736940426,57.9,38581,1,1,synthetic_demo
29.6,51.4,30.512,29.099579866875512,60.2,38628,1,1,synthetic_demo
31.5,54.5,32.66,31.700278279945177,62.5,38675,1,1,synthetic_demo
33.4,57.6,34.808,34.522424632967756,64.8,38722,1,1,synthetic_demo
35.3,60.7,36.955999999999996,37.592070619368,67.1,38769,1,1,synthetic_demo
37.2,63.8,39.104,40.93769424445041,69.4,38816,1,1,synthetic_demo
39.1,66.9,41.252,44.59036763767349,71.7,38863,1,1,synthetic_demo
41,70,43.4,48.583932080113975,74,38910,1,1,synthetic_demo
42.9,73.1,45.548,52.95518029637533,76.3,38957,1,1,synthetic_demo
44.8,76.2,47.696,57.74404604776851,78.6,39004,1,1,synthetic_demo
29.7,79.3,32.844,33.77752445738651,80.9,39051,1,1,synthetic_demo
31.6,82.4,34.992000000000004,36.91004373445076,83.2,39098,1,1,synthetic_demo
33.5,85.5,37.14,40.31639259954183,85.5,39145,1,1,synthetic_demo
35.4,88.6,39.288,44.0268717827377,87.8,39192,1,1,synthetic_demo
37.3,91.7,41.436,48.07447311484192,90.1,39239,1,1,synthetic_demo
39.2,94.8,43.584,52.495058080967866,92.4,39286,1,1,synthetic_demo
41.1,36.9,41.1,38.58275855437719,94.7,39333,1,1,synthetic_demo
43,40,43,41.90242406128837,17,39380,1,1,synthetic_demo
44.9,43.1,45.147999999999996,45.546114297194535,19.3,39427,1,1,synthetic_demo
29.8,46.2,30.296,28.45262664633817,21.6,39474,1,1,synthetic_demo
31.7,49.3,32.444,30.97120110211238,23.9,39521,1,1,synthetic_demo
33.6,52.4,34.592,33.70363942670943,26.2,39568,1,1,synthetic_demo
35.5,55.5,36.74,36.67541644129195,28.5,39615,1,1,synthetic_demo
37.4,58.6,38.888,39.91439946450559,30.8,39662,1,1,synthetic_demo
39.3,61.7,41.035999999999994,43.45101481565183,33.1,39709,1,1,synthetic_demo
41.2,64.8,43.184000000000005,47.318421517779136,35.4,39756,1,1,synthetic_demo
43.1,67.9,45.332,51.55269225125568,37.7,39803,1,1,synthetic_demo
28,71,30.48,30.36313969465598,40,39850,1,1,synthetic_demo
29.9,74.1,32.628,33.1789602531879,42.3,39897,1,1,synthetic_demo
31.8,77.2,34.776,36.23415900465563,44.6,39944,1,1,synthetic_demo
33.7,80.3,36.924,39.55599623029322,46.9,39991,1,1,synthetic_demo
35.6,83.4,39.072,43.17422051765231,49.2,40038,1,1,synthetic_demo
37.5,86.5,41.22,47.121238757569756,51.5,40085,1,1,synthetic_demo
39.4,89.6,43.367999999999995,51.43229339960611,53.8,40132,1,1,synthetic_demo
41.3,92.7,45.516,56.14564701526548,56.1,40179,1,1,synthetic_demo
43.2,95.8,47.664,61.30277420581044,58.4,40226,1,1,synthetic_demo
28.1,37.9,28.1,25.535657752447104,60.7,40273,1,1,synthetic_demo
30,41,30.08,27.786850729178397,63,40320,1,1,synthetic_demo
31.9,44.1,32.228,30.221490979573208,65.3,40367,1,1,synthetic_demo
33.8,47.2,34.376,32.86226740704159,67.6,40414,1,1,synthetic_demo
35.7,50.3,36.524,35.73406917560316,69.9,40461,1,1,synthetic_demo
37.6,53.4,38.672000000000004,38.86414377892353,72.2,40508,1,1,synthetic_demo
39.5,56.5,40.82,42.282262230382244,74.5,40555,1,1,synthetic_demo
41.4,59.6,42.967999999999996,46.02089143819551,76.8,40602,1,1,synthetic_demo
43.3,62.7,45.116,50.115373817474904,79.1,40649,1,1,synthetic_demo
28.2,65.8,30.264,29.81847938836669,81.4,40696,1,1,synthetic_demo
30.1,68.9,32.412,32.56200857058232,83.7,40743,1,1,synthetic_demo
32,72,34.56,35.53811246126242,86,40790,1,1,synthetic_demo
33.9,75.1,36.708,38.773522374339564,88.3,40837,1,1,synthetic_demo
35.8,78.2,38.855999999999995,42.297426065125634,90.6,40884,1,1,synthetic_demo
37.7,81.3,41.004000000000005,46.14163644242071,92.9,40931,1,1,synthetic_demo
39.6,84.4,43.152,50.34076752168197,15.2,40978,1,1,synthetic_demo
41.5,87.5,45.3,54.932417669813375,17.5,41025,1,1,synthetic_demo
43.4,90.6,47.448,59.95736017968011,19.8,41072,1,1,synthetic_demo
28.3,93.7,32.596000000000004,34.15034782229731,22.1,41119,1,1,synthetic_demo
30.2,35.8,30.2,27.10196262179207,24.4,41166,0,1,synthetic_demo
32.1,38.9,32.1,29.450835057031185,26.7,41213,1,1,synthetic_demo
34,42,34.16,31.997970902394712,29,41260,1,1,synthetic_demo
35.9,45.1,36.308,34.76766482021368,31.3,41307,1,1,synthetic_demo
37.8,48.2,38.455999999999996,37.786535280489204,33.6,41354,1,1,synthetic_demo
39.7,51.3,40.604,41.0836884339228,35.9,41401,1,1,synthetic_demo
41.6,54.4,42.752,44.69088915554752,38.2,41448,1,1,synthetic_demo
43.5,57.5,44.9,48.64273931216883,40.5,41495,1,1,synthetic_demo
28.4,60.6,30.048,29.25680845001058,42.8,41542,1,1,synthetic_demo
30.3,63.7,32.196,31.926383149732118,45.1,41589,1,1,synthetic_demo
32.2,66.8,34.344,34.82159469038292,47.4,41636,1,1,synthetic_demo
34.1,69.9,36.492000000000004,37.96863701793862,49.7,41683,1,1,synthetic_demo
36,73,38.64,41.3961283061987,52,41730,1,1,synthetic_demo
37.9,76.1,40.788,45.13527837958742,54.3,41777,1,1,synthetic_demo
39.8,79.2,42.936,49.22006335999963,56.6,41824,1,1,synthetic_demo
41.7,82.3,45.084,53.68740758951351,58.9,41871,1,1,synthetic_demo
43.6,85.4,47.232,58.57737286837424,61.2,41918,1,1,synthetic_demo
28.5,88.5,32.38,33.63391257843874,63.5,41965,1,1,synthetic_demo
30.4,91.6,34.528,36.80528532870756,65.8,42012,1,1,synthetic_demo
32.3,94.7,36.675999999999995,40.2522059173469,68.1,42059,1,1,synthetic_demo
34.2,36.8,34.2,31.110408541485327,70.4,42106,1,1,synthetic_demo
36.1,39.9,36.1,33.77583544920017,72.7,42153,1,1,synthetic_demo
38,43,38.24,36.68117790521251,75,42200,1,1,synthetic_demo
39.9,46.1,40.388,39.85486757971398,77.3,42247,1,1,synthetic_demo
41.8,49.2,42.535999999999994,43.32795733458326,79.6,42294,1,1,synthetic_demo
43.7,52.3,44.684000000000005,47.13429814317913,81.9,42341,1,1,synthetic_demo
28.6,55.4,29.832,28.67785932527173,84.2,42388,1,1,synthetic_demo
30.5,58.5,31.98,31.271794471798902,86.5,42435,1,1,synthetic_demo
32.4,61.6,34.128,34.084292813142234,88.8,42482,1,1,synthetic_demo
34.3,64.7,36.275999999999996,37.14100246776771,91.1,42529,1,1,synthetic_demo
36.2,67.8,38.424,40.46996321902424,93.4,42576,1,1,synthetic_demo
38.1,70.9,40.572,44.1017726442561,15.7,42623,1,1,synthetic_demo
40,74,42.72,48.069759451343046,18,42670,1,1,synthetic_demo
41.9,77.1,44.867999999999995,52.41016407576158,20.3,42717,1,1,synthetic_demo
43.8,80.2,47.016,57.162326578881704,22.6,42764,1,1,synthetic_demo
28.7,83.3,32.164,33.10061057507147,24.9,42811,1,1,synthetic_demo
30.6,86.4,34.312000000000005,36.20091963091581,27.2,42858,1,1,synthetic_demo
32.5,89.5,36.46,39.570081270322255,29.5,42905,1,1,synthetic_demo
34.4,92.6,38.608,43.23786018115126,31.8,42952,1,1,synthetic_demo
36.3,95.7,40.756,47.236672009464115,34.1,42999,1,1,synthetic_demo
38.2,37.8,38.2,35.54767140044922,36.4,43046,1,1,synthetic_demo
40.1,40.9,40.172000000000004,38.5953693894992,38.7,43093,1,1,synthetic_demo
42,44,42.32,41.931633956325356,41,43140,1,1,synthetic_demo
43.9,47.1,44.467999999999996,45.58955477354718,43.3,43187,1,1,synthetic_demo
28.8,50.2,29.616,28.08136137233547,45.6,43234,1,1,synthetic_demo
30.7,53.3,31.764,30.597949731818037,47.9,43281,1,1,synthetic_demo
32.6,56.4,33.912,33.32589045740412,50.2,43328,1,1,synthetic_demo
34.5,59.5,36.06,36.29027732148509,52.5,43375,1,1,synthetic_demo
36.4,62.6,38.208,39.51856284825054,54.8,43422,1,1,synthetic_demo
38.3,65.7,40.355999999999995,43.04072314480099,57.1,43469,1,1,synthetic_demo
40.2,68.8,42.504000000000005,46.88942992347028,59.4,43516,1,1,synthetic_demo
42.1,71.9,44.652,51.10022976973391,61.7,43563,1,1,synthetic_demo
44,75,46.8,55.71173069773691,64,43610,1,1,synthetic_demo
28.9,78.1,31.947999999999997,32.55017426517912,66.3,43657,1,1,synthetic_demo
30.8,81.2,34.096000000000004,35.57774696761502,68.6,43704,1,1,synthetic_demo
32.7,84.3,36.244,38.86734204178518,70.9,43751,1,1,synthetic_demo
34.6,87.4,38.392,42.44819404025172,73.2,43798,1,1,synthetic_demo
36.5,90.5,40.54,46.35215657151488,75.5,43845,1,1,synthetic_demo
38.4,93.6,42.687999999999995,50.6138778224703,77.8,43892,1,1,synthetic_demo
40.3,35.7,40.3,37.3047591200909,80.1,43939,1,1,synthetic_demo
42.2,38.8,42.2,40.50145228362654,82.4,43986,1,1,synthetic_demo
44.1,41.9,44.252,44.00800868585178,84.7,44033,1,1,synthetic_demo
29,45,29.4,27.46704083575195,87,44080,1,1,synthetic_demo
30.9,48.1,31.548,29.904552811427006,89.3,44127,1,1,synthetic_demo
32.8,51.2,33.696,32.54606772934809,91.6,44174,1,1,synthetic_demo
34.7,54.3,35.844,35.41611643814118,93.9,44221,1,1,synthetic_demo
36.6,57.4,37.992000000000004,38.54155527425368,16.2,44268,1,1,synthetic_demo
38.5,60.5,40.14,41.95172959082561,18.5,44315,1,1,synthetic_demo
40.4,63.6,42.288,45.678644461953546,20.8,44362,1,1,synthetic_demo
42.3,66.7,44.436,49.75714261801748,23.1,44409,1,1,synthetic_demo
44.2,69.8,46.584,54.22508965543213,25.4,44456,1,1,synthetic_demo
29.1,72.9,31.732000000000003,31.98233300610478,27.7,44503,0,1,synthetic_demo
31,76,33.88,34.935474535640985,30,44550,1,1,synthetic_demo
32.9,79.1,36.028,38.14367186422748,32.3,44597,1,1,synthetic_demo
34.8,82.2,38.175999999999995,41.635620926002446,34.6,44644,1,1,synthetic_demo
36.7,85.3,40.324000000000005,45.44260445903198,36.9,44691,1,1,synthetic_demo
38.6,88.4,42.472,49.59866623701652,39.2,44738,1,1,synthetic_demo
40.5,91.5,44.62,54.14079258994684,41.5,44785,1,1,synthetic_demo
42.4,94.6,46.768,59.1091012557589,43.8,44832,1,1,synthetic_demo
44.3,36.7,44.3,42.38915434639055,46.1,44879,1,1,synthetic_demo
29.2,39.8,29.2,26.83462082015533,48.4,44926,1,1,synthetic_demo
31.1,42.9,31.332,29.19130425144714,50.7,44973,1,1,synthetic_demo
33,46,33.48,31.744501184898066,53,45020,1,1,synthetic_demo
34.9,49.1,35.628,34.51817090843958,55.3,45067,1,1,synthetic_demo
36.8,52.2,37.775999999999996,37.5385645822179,57.6,45114,1,1,synthetic_demo
38.7,55.3,39.924,40.83438746105093,59.9,45161,1,1,synthetic_demo
40.6,58.4,42.072,44.436968276864974,62.2,45208,1,1,synthetic_demo
42.5,61.5,44.22,48.38043583808445,64.5,45255,1,1,synthetic_demo
44.4,64.6,46.367999999999995,52.70190289067369,66.8,45302,1,1,synthetic_demo
29.3,67.7,31.516000000000002,31.39681303333973,69.1,45349,1,1,synthetic_demo
31.2,70.8,33.664,34.27380620986564,71.4,45396,1,1,synthetic_demo
33.1,73.9,35.812000000000005,37.398750839536305,73.7,45443,1,1,synthetic_demo
35,77,37.96,40.79979569581311,76,45490,1,1,synthetic_demo
36.9,80.1,40.108,44.50764375357852,78.3,45537,1,1,synthetic_demo
38.8,83.2,42.256,48.555725125800215,80.6,45584,1,1,synthetic_demo
40.7,86.3,44.404,52.98037727244744,82.9,45631,1,1,synthetic_demo
42.6,89.4,46.552,57.82103252498294,85.2,45678,1,1,synthetic_demo
44.5,92.5,48.7,63.12041295718914,87.5,45725,1,1,synthetic_demo
29.4,95.6,33.848,36.0108529717613,89.8,45772,1,1,synthetic_demo
31.3,37.7,31.3,28.457901224318782,92.1,45819,1,1,synthetic_demo
33.2,40.8,33.264,30.920863801002344,94.4,45866,1,1,synthetic_demo
35.1,43.9,35.412,33.59608802484786,16.7,45913,1,1,synthetic_demo
37,47,37.56,36.509210831064095,19,45960,1,1,synthetic_demo
38.9,50.1,39.708,39.68828797105019,21.3,46007,1,1,synthetic_demo
40.8,53.2,41.855999999999995,43.16396206930771,23.6,46054,1,1,synthetic_demo
42.7,56.3,44.004000000000005,46.969637883611114,25.9,46101,1,1,synthetic_demo
44.6,59.4,46.152,51.14166481448193,28.2,46148,1,1,synthetic_demo
29.5,62.5,31.3,30.793337434167526,30.5,46195,0,1,synthetic_demo
31.4,65.6,33.448,33.59244251570269,32.8,46242,1,1,synthetic_demo
33.3,68.7,35.596,36.63225551034557,35.1,46289,1,1,synthetic_demo
35.2,71.8,37.744,39.94036942938875,37.4,46336,1,1,synthetic_demo
37.1,74.9,39.892,43.5468985318035,39.7,46383,1,1,synthetic_demo
39,78,42.04,47.48464996163961,42,46430,1,1,synthetic_demo
40.9,81.1,44.187999999999995,51.789302641382335,44.3,46477,1,1,synthetic_demo
42.8,84.2,46.336,56.49959346587403,46.6,46524,1,1,synthetic_demo
44.7,87.3,48.484,61.65751082887991,48.9,46571,1,1,synthetic_demo
29.6,90.4,33.632000000000005,35.45519883201452,51.2,46618,1,1,synthetic_demo
31.5,93.5,35.78,38.784523287612366,53.5,46665,1,1,synthetic_demo
33.4,35.6,33.4,30.074824946764796,55.8,46712,1,1,synthetic_demo
35.3,38.7,35.3,32.64951125155752,58.1,46759,1,1,synthetic_demo
37.2,41.8,37.344,35.453110022226134,60.4,46806,1,1,synthetic_demo
39.1,44.9,39.492000000000004,38.51301804083019,62.7,46853,1,1,synthetic_demo
41,48,41.64,41.85918199779243,65,46900,1,1,synthetic_demo
42.9,51.1,43.788,45.524272409641306,67.3,46947,1,1,synthetic_demo
44.8,54.2,45.936,49.54386477413455,69.6,46994,1,1,synthetic_demo
29.7,57.3,31.084,30.171626121163268,71.9,47041,1,1,synthetic_demo
31.6,60.4,33.232,32.89108060146633,74.2,47088,1,1,synthetic_demo
33.5,63.5,35.38,35.84385883123867,76.5,47135,1,1,synthetic_demo
35.4,66.6,37.528,39.0569893987622,78.8,47182,1,1,synthetic_demo
37.3,69.7,39.675999999999995,42.55998883429097,81.1,47229,1,1,synthetic_demo
39.2,72.8,41.824000000000005,46.385031944034395,83.4,47276,1,1,synthetic_demo
41.1,75.9,43.972,50.567129384206744,85.7,47323,1,1,synthetic_demo
43,79,46.12,55.14431252104454,88,47370,1,1,synthetic_demo
44.9,82.1,48.268,60.1578256102012,90.3,47417,1,1,synthetic_demo
29.8,85.2,33.416000000000004,34.881740049091164,92.6,47464,1,1,synthetic_demo
31.7,88.3,35.564,38.136206030761116,94.9,47511,1,1,synthetic_demo
33.6,91.4,37.712,41.67663823666493,17.2,47558,1,1,synthetic_demo
35.5,94.5,39.86,45.534330697334944,19.5,47605,1,1,synthetic_demo
37.4,36.6,37.4,34.369874068274825,21.8,47652,1,1,synthetic_demo
39.3,39.7,39.3,37.30816026225895,24.1,47699,1,1,synthetic_demo
41.2,42.8,41.424,40.52217964445906,26.4,47746,1,1,synthetic_demo
43.1,45.9,43.572,44.043858237594044,28.7,47793,1,1,synthetic_demo
28,49,28.72,27.095011901945675,31,47840,1,1,synthetic_demo
29.9,52.1,30.868,29.531395805547778,33.3,47887,1,1,synthetic_demo
31.8,55.2,33.016,32.16941421058279,35.6,47934,1,1,synthetic_demo
33.7,58.3,35.164,35.03323013980192,37.9,47981,1,1,synthetic_demo
35.6,61.4,37.312000000000005,38.149299038175684,40.2,48028,1,1,synthetic_demo
37.5,64.5,39.46,41.546530634257216,42.5,48075,1,1,synthetic_demo
39.4,67.6,41.608,45.256457966667114,44.8,48122,1,1,synthetic_demo
41.3,70.7,43.756,49.31341363515933,47.1,48169,1,1,synthetic_demo
43.2,73.8,45.904,53.75471332347401,49.4,48216,1,1,synthetic_demo
28.1,76.9,31.052000000000003,31.362975756284495,51.7,48263,1,1,synthetic_demo
30,80,33.2,34.290196544738336,54,48310,1,1,synthetic_demo
31.9,83.1,35.348,37.46805443089645,56.3,48357,1,1,synthetic_demo
33.8,86.2,37.495999999999995,40.92474683235138,58.6,48404,1,1,synthetic_demo
35.7,89.3,39.644000000000005,44.691019431041,60.9,48451,1,1,synthetic_demo
37.6,92.4,41.792,48.800338673642955,63.2,48498,1,1,synthetic_demo
39.5,95.5,43.94,53.28907155754875,65.5,48545,1,1,synthetic_demo
41.4,37.6,41.4,39.15250198114347,67.8,48592,1,1,synthetic_demo
43.3,40.7,43.355999999999995,42.527909320115285,70.1,48639,1,1,synthetic_demo
28.2,43.8,28.503999999999998,26.51210026155716,72.4,48686,1,1,synthetic_demo
30.1,46.9,30.652,28.872359970396385,74.7,48733,1,1,synthetic_demo
32,50,32.8,31.42713365365446,77,48780,1,1,synthetic_demo
33.9,53.1,34.948,34.20003512752904,79.3,48827,1,1,synthetic_demo
35.8,56.2,37.096,37.21693791381151,81.6,48874,1,1,synthetic_demo
37.7,59.3,39.244,40.5061358060953,83.9,48921,1,1,synthetic_demo
39.6,62.4,41.392,44.09851058475064,86.2,48968,1,1,synthetic_demo
41.5,65.5,43.54,48.02770694140315,88.5,49015,1,1,synthetic_demo
43.4,68.6,45.687999999999995,52.33031466143549,90.8,49062,1,1,synthetic_demo
28.3,71.7,30.836000000000002,30.824697319730177,93.1,49109,1,1,synthetic_demo
30.2,74.8,32.984,33.68028503100689,15.4,49156,1,1,synthetic_demo
32.1,77.9,35.132000000000005,36.7797622350316,17.7,49203,1,1,synthetic_demo
34,81,37.28,40.15080102604694,20,49250,1,1,synthetic_demo
35.9,84.1,39.428,43.823590052770975,22.3,49297,1,1,synthetic_demo
37.8,87.2,41.576,47.83100573565682,24.6,49344,1,1,synthetic_demo
39.7,90.3,43.724000000000004,52.20879075210972,26.9,49391,1,1,synthetic_demo
41.6,93.4,45.872,56.99573983691431,29.2,49438,1,1,synthetic_demo
43.5,35.5,43.5,40.975934705773795,31.5,49485,1,1,synthetic_demo
28.4,38.6,28.4,25.91178888069981,33.8,49532,0,1,synthetic_demo
30.3,41.7,30.436,28.194228843702188,36.1,49579,0,1,synthetic_demo
32.2,44.8,32.584,30.663925780376577,38.4,49626,1,1,synthetic_demo
34.1,47.9,34.732,33.343935810575964,40.7,49673,1,1,synthetic_demo
36,51,36.88,36.259541693371695,43,49720,1,1,synthetic_demo
37.9,54.1,39.028,39.43841209376714,45.3,49767,1,1,synthetic_demo
39.8,57.2,41.175999999999995,42.91076798222195,47.6,49814,1,1,synthetic_demo
41.7,60.3,43.324000000000005,46.709556229011724,49.9,49861,1,1,synthetic_demo
43.6,63.4,45.472,50.870630443266116,52.2,49908,1,1,synthetic_demo
28.5,66.5,30.62,30.269425835776,54.5,49955,1,1,synthetic_demo
30.4,69.6,32.768,33.05171898338479,56.8,50002,1,1,synthetic_demo
32.3,72.7,34.916,36.07101974858626,59.1,50049,1,1,synthetic_demo
34.2,75.8,37.064,39.3544665066464,61.4,50096,1,1,synthetic_demo
36.1,78.9,39.212,42.93168212886951,63.7,50143,1,1,synthetic_demo
38,82,41.36,46.834943912265715,66,50190,1,1,synthetic_demo
39.9,85.1,43.507999999999996,51.099360759949235,68.3,50237,1,1,synthetic_demo
41.8,88.2,45.656,55.76305766077731,70.6,50284,1,1,synthetic_demo
43.7,91.3,47.804,60.8673675042496,72.9,50331,1,1,synthetic_demo
28.6,94.4,32.952,34.67686137735833,75.2,50378,1,1,synthetic_demo
30.5,36.5,30.5,27.49670937129333,77.5,50425,1,1,synthetic_demo
32.4,39.6,32.4,29.879473951305723,79.8,50472,1,1,synthetic_demo
34.3,42.7,34.516,32.464590500366015,82.1,50519,1,1,synthetic_demo
36.2,45.8,36.664,35.276742115506046,84.4,50566,1,1,synthetic_demo
38.1,48.9,38.812000000000005,38.34296307904264,86.7,50613,1,1,synthetic_demo
40,52,40.96,41.6928039387816,89,50660,1,1,synthetic_demo
41.9,55.1,43.108,45.35850376879978,91.3,50707,1,1,synthetic_demo
43.8,58.2,45.256,49.37516966198149,93.6,50754,1,1,synthetic_demo
28.7,61.3,30.404,29.696893496421147,15.9,50801,0,1,synthetic_demo
30.6,64.4,32.552,32.40420861378447,18.2,50848,0,1,synthetic_demo
32.5,67.5,34.7,35.341513807226285,20.5,50895,1,1,synthetic_demo
34.4,70.6,36.848,38.535405278501926,22.8,50942,1,1,synthetic_demo
36.3,73.7,38.995999999999995,42.014931317633284,25.1,50989,1,1,synthetic_demo
38.2,76.8,41.144000000000005,45.811760940595235,27.4,51036,1,1,synthetic_demo
40.1,79.9,43.292,49.96035976090431,29.7,51083,1,1,synthetic_demo
42,83,45.44,54.498173144886465,32,51130,1,1,synthetic_demo
43.9,86.1,47.588,59.46581668794931,34.3,51177,1,1,synthetic_demo
28.8,89.2,32.736000000000004,34.15025964964788,36.6,51224,1,1,synthetic_demo
30.7,92.3,34.884,37.36701051119709,38.9,51271,1,1,synthetic_demo
32.6,95.4,37.032000000000004,40.86429343326868,41.2,51318,1,1,synthetic_demo
34.5,37.5,34.5,31.56165377404523,43.5,51365,1,1,synthetic_demo
36.4,40.6,36.448,34.26816695908901,45.8,51412,1,1,synthetic_demo
38.3,43.7,38.596,37.219388149586045,48.1,51459,1,1,synthetic_demo
40.2,46.8,40.744,40.4441877967792,50.4,51506,1,1,synthetic_demo
42.1,49.9,42.892,43.97408714199891,52.7,51553,1,1,synthetic_demo
44,53,45.04,47.843436359734085,55,51600,1,1,synthetic_demo
28.9,56.1,30.188,29.106829401748385,57.3,51647,1,1,synthetic_demo
30.8,59.2,32.336,31.737460843384355,59.6,51694,1,1,synthetic_demo
32.7,62.3,34.484,34.59092774855536,61.9,51741,1,1,synthetic_demo
34.6,65.4,36.632000000000005,37.69327563195037,64.2,51788,1,1,synthetic_demo
36.5,68.5,38.78,41.072969338660435,66.5,51835,1,1,synthetic_demo
38.4,71.6,40.928,44.76106038556489,68.8,51882,1,1,synthetic_demo
40.3,74.7,43.076,48.79136152019021,71.1,51929,1,1,synthetic_demo
42.2,77.8,45.224000000000004,53.200628548096525,73.4,51976,1,1,synthetic_demo
44.1,80.9,47.372,58.028749467432206,75.7,52023,1,1,synthetic_demo
29,84,32.52,33.60654289340364,78,52070,1,1,synthetic_demo
30.9,87.1,34.668,36.751244280151596,80.3,52117,1,1,synthetic_demo
32.8,90.2,36.815999999999995,40.169705257562455,82.6,52164,1,1,synthetic_demo
34.7,93.3,38.964000000000006,43.89212824454093,84.9,52211,1,1,synthetic_demo
36.6,35.4,36.6,33.23344001234461,87.2,52258,1,1,synthetic_demo
38.5,38.5,38.5,36.067282466889026,89.5,52305,1,1,synthetic_demo
40.4,41.6,40.528,39.16448442794446,91.8,52352,1,1,synthetic_demo
42.3,44.7,42.675999999999995,42.55583920577783,94.1,52399,1,1,synthetic_demo
44.2,47.8,44.824000000000005,46.27492959211541,16.4,52446,1,1,synthetic_demo
29.1,50.9,29.972,28.498959533754917,18.7,52493,0,1,synthetic_demo
31,54,32.12,31.051179275323857,21,52540,1,1,synthetic_demo
32.9,57.1,34.268,33.818941383658526,23.3,52587,1,1,synthetic_demo
34.8,60.2,36.416,36.82773211369036,25.6,52634,1,1,synthetic_demo
36.7,63.3,38.564,40.10542394204836,27.9,52681,1,1,synthetic_demo
38.6,66.4,40.712,43.682441607894766,30.2,52728,1,1,synthetic_demo
40.5,69.5,42.86,47.59193535520552,32.5,52775,1,1,synthetic_demo
42.4,72.6,45.007999999999996,51.86996142883823,34.8,52822,1,1,synthetic_demo
44.3,75.7,47.156,56.55566986435326,37.1,52869,1,1,synthetic_demo
29.2,78.8,32.304,33.04544021678995,39.4,52916,1,1,synthetic_demo
31.1,81.9,34.452,36.11639902548999,41.7,52963,1,1,synthetic_demo
33,85,36.6,39.45420871122468,44,53010,1,1,synthetic_demo
34.9,88.1,38.748,43.08853680312683,46.3,53057,1,1,synthetic_demo
36.8,91.2,40.896,47.051699040196794,48.6,53104,1,1,synthetic_demo
38.7,94.3,43.044000000000004,51.37883612255159,50.9,53151,1,1,synthetic_demo
40.6,36.4,40.6,37.853254199963786,53.2,53198,1,1,synthetic_demo
42.5,39.5,42.5,41.103288058607085,55.5,53245,1,1,synthetic_demo
44.4,42.6,44.608,44.66914339230185,57.8,53292,1,1,synthetic_demo
29.3,45.7,29.756,27.873006730038785,60.1,53339,1,1,synthetic_demo
31.2,48.8,31.904,30.345064167252023,62.4,53386,1,1,synthetic_demo
33.1,51.9,34.052,33.02523096849708,64.7,53433,1,1,synthetic_demo
35,55,36.2,35.93842549700936,67,53480,1,1,synthetic_demo
36.9,58.1,38.348,39.1119188774396,69.3,53527,1,1,synthetic_demo
38.8,61.2,40.495999999999995,42.57549973195881,71.6,53574,1,1,synthetic_demo
40.7,64.3,42.644000000000005,46.36164610218274,73.9,53621,1,1,synthetic_demo
42.6,67.4,44.792,50.505704610557615,76.2,53668,1,1,synthetic_demo
44.5,70.5,46.94,55.046076902506314,78.5,53715,1,1,synthetic_demo
29.4,73.6,32.088,32.46667760169071,80.8,53762,1,1,synthetic_demo
31.3,76.7,34.236000000000004,35.46217835292441,83.1,53809,1,1,synthetic_demo
33.2,79.8,36.384,38.717483610783994,85.4,53856,1,1,synthetic_demo
35.1,82.9,38.532000000000004,42.26171747744619,87.7,53903,1,1,synthetic_demo
37,86,40.68,46.126619818542814,90,53950,1,1,synthetic_demo
38.9,89.1,42.827999999999996,50.34672172096949,92.3,53997,1,1,synthetic_demo
40.8,92.2,44.976,54.959528247935545,94.6,54044,1,1,synthetic_demo
42.7,95.3,47.124,60.00570853122805,16.9,54091,1,1,synthetic_demo
44.6,37.4,44.6,43.02556673504418,19.2,54138,1,1,synthetic_demo
29.5,40.5,29.54,27.228690657340557,21.5,54185,0,1,synthetic_demo
31.4,43.6,31.688,29.618812403729233,23.8,54232,1,1,synthetic_demo
33.3,46.7,33.836,32.20946917515485,26.1,54279,1,1,synthetic_demo
35.2,49.8,35.984,35.02500275186017,28.4,54326,1,1,synthetic_demo
37.1,52.9,38.132,38.09207386291595,30.7,54373,1,1,synthetic_demo
39,56,40.28,41.43982561348485,33,54420,1,1,synthetic_demo
40.9,59.1,42.428,45.100054082684295,35.3,54467,1,1,synthetic_demo
42.8,62.2,44.576,49.10738614699957,37.6,54514,1,1,synthetic_demo
44.7,65.3,46.724000000000004,53.49946457188841,39.9,54561,1,1,synthetic_demo
29.6,68.4,31.872000000000003,31.86997787732072,42.2,54608,1,1,synthetic_demo
31.5,71.5,34.02,34.78828251405651,44.5,54655,1,1,synthetic_demo
33.4,74.6,36.168,37.95920620867005,46.8,54702,1,1,synthetic_demo
35.3,77.7,38.315999999999995,41.41132103994883,49.1,54749,1,1,synthetic_demo
37.2,80.8,40.464000000000006,45.17578205253281,51.4,54796,1,1,synthetic_demo
39.1,83.9,42.612,49.2865014170524,53.7,54843,1,1,synthetic_demo
41,87,44.76,53.7803298709988,56,54890,1,1,synthetic_demo
42.9,90.1,46.908,58.69724548157889,58.3,54937,1,1,synthetic_demo
44.8,93.2,49.056,64.08054975921293,60.6,54984,1,1,synthetic_demo
29.7,35.3,29.7,26.565727784940027,62.9,55031,1,1,synthetic_demo
31.6,38.4,31.6,28.872117468481907,65.2,55078,1,1,synthetic_demo
33.5,41.5,33.62,31.371325062935508,67.5,55125,1,1,synthetic_demo
35.4,44.6,35.768,34.087107014786696,69.8,55172,1,1,synthetic_demo
37.3,47.7,37.916,37.04550455374002,72.1,55219,1,1,synthetic_demo
39.2,50.8,40.064,40.275005807100925,74.4,55266,1,1,synthetic_demo
41.1,53.9,42.212,43.80671506994392,76.7,55313,1,1,synthetic_demo
43,57,44.36,47.67452928733593,79,55360,1,1,synthetic_demo
44.9,60.1,46.507999999999996,51.9153217926077,81.3,55407,1,1,synthetic_demo
29.8,63.2,31.656000000000002,31.25506069369204,83.6,55454,1,1,synthetic_demo
31.7,66.3,33.804,34.09440837870285,85.9,55501,1,1,synthetic_demo
33.6,69.4,35.952,37.17904916438234,88.2,55548,1,1,synthetic_demo
35.5,72.5,38.1,40.53699445033633,90.5,55595,1,1,synthetic_demo
37.4,75.6,40.248,44.19880545250209,92.8,55642,1,1,synthetic_demo
39.3,78.7,42.396,48.19776606145541,15.1,55689,1,1,synthetic_demo
41.2,81.8,44.544000000000004,52.570062965344654,17.4,55736,1,1,synthetic_demo
43.1,84.9,46.692,57.35497307999422,19.7,55783,1,1,synthetic_demo
28,88,31.84,32.88851117084121,22,55830,1,1,synthetic_demo
29.9,91.1,33.988,35.99753278090983,24.3,55877,1,1,synthetic_demo
31.8,94.2,36.136,39.375098163711925,26.6,55924,1,1,synthetic_demo
33.7,36.3,33.7,30.510464049310638,28.9,55971,1,1,synthetic_demo
35.6,39.4,35.6,33.12437755869905,31.2,56018,1,1,synthetic_demo
37.5,42.5,37.7,35.971822510944676,33.5,56065,1,1,synthetic_demo
39.4,45.6,39.848,39.0806225337281,35.8,56112,1,1,synthetic_demo
41.3,48.7,41.995999999999995,42.48118025505317,38.1,56159,1,1,synthetic_demo
43.2,51.8,44.144000000000005,46.20665244113758,40.4,56206,1,1,synthetic_demo
28.1,54.9,29.292,28.075770728478783,42.7,56253,1,1,synthetic_demo
30,58,31.44,30.621642494935294,45,56300,1,1,synthetic_demo
31.9,61.1,33.588,33.38024940707309,47.3,56347,1,1,synthetic_demo
33.8,64.2,35.736,36.37668151550996,49.6,56394,1,1,synthetic_demo
35.7,67.3,37.884,39.6383808254094,51.9,56441,1,1,synthetic_demo
37.6,70.4,40.032000000000004,43.195305656108914,54.2,56488,1,1,synthetic_demo
39.5,73.5,42.18,47.08010219350611,56.5,56535,1,1,synthetic_demo
41.4,76.6,44.327999999999996,51.32828329137209,58.8,56582,1,1,synthetic_demo
43.3,79.7,46.476,55.97841456543461,61.1,56629,1,1,synthetic_demo
28.2,82.8,31.624,32.3734087136286,63.4,56676,1,1,synthetic_demo
30.1,85.9,33.772000000000006,35.413100670725996,65.7,56723,1,1,synthetic_demo
32,89,35.92,38.71477790350494,68,56770,1,1,synthetic_demo
33.9,92.1,38.068,42.30758070142043,70.3,56817,1,1,synthetic_demo
35.8,95.2,40.215999999999994,46.22325781841382,72.6,56864,1,1,synthetic_demo
37.7,37.3,37.7,34.87063516976989,74.9,56911,1,1,synthetic_demo
39.6,40.4,39.632,37.85625364781933,77.2,56958,1,1,synthetic_demo
41.5,43.5,41.78,41.12299621299293,79.5,57005,1,1,synthetic_demo
43.4,46.6,43.928,44.70326914319087,81.8,57052,1,1,synthetic_demo
28.3,49.7,29.076,27.499046817163038,84.1,57099,1,1,synthetic_demo
30.2,52.8,31.224,29.969436492475456,86.4,57146,1,1,synthetic_demo
32.1,55.9,33.372,32.64549562180059,88.7,57193,1,1,synthetic_demo
34,59,35.52,35.55176864860209,91,57240,1,1,synthetic_demo
35.9,62.1,37.668,38.715119408764295,93.3,57287,1,1,synthetic_demo
37.8,65.2,39.815999999999995,42.164894196844315,15.6,57334,1,1,synthetic_demo
39.7,68.3,41.964000000000006,45.93309200851709,17.9,57381,1,1,synthetic_demo
41.6,71.4,44.112,50.05454201665612,20.2,57428,1,1,synthetic_demo
43.5,74.5,46.26,54.56708832620136,22.5,57475,1,1,synthetic_demo
28.4,77.6,31.407999999999998,31.841596299023447,24.8,57522,1,1,synthetic_demo
30.3,80.7,33.556,34.81032056802797,27.1,57569,1,1,synthetic_demo
32.2,83.8,35.704,38.03433884811511,29.4,57616,1,1,synthetic_demo
34.1,86.9,37.852000000000004,41.542269769082495,31.7,57663,1,1,synthetic_demo
36,90,40,45.36530887065593,34,57710,1,1,synthetic_demo
37.9,93.1,42.147999999999996,49.53740232772128,36.3,57757,1,1,synthetic_demo
39.8,35.2,39.8,36.601472604444275,38.6,57804,1,1,synthetic_demo
41.7,38.3,41.7,39.73170486850994,40.9,57851,1,1,synthetic_demo
43.6,41.4,43.712,43.163888018158,43.2,57898,1,1,synthetic_demo
28.5,44.5,28.86,26.904939093113263,45.5,57945,1,1,synthetic_demo
30.4,47.6,31.008,29.29815263806201,47.8,57992,1,1,synthetic_demo
32.3,50.7,33.156,31.889833579825638,50.1,58039,1,1,synthetic_demo
34.2,53.8,35.304,34.70397226988887,52.4,58086,1,1,synthetic_demo
36.1,56.9,37.452,37.76684554033809,54.7,58133,1,1,synthetic_demo
38,60,39.6,41.10717847238955,57,58180,1,1,synthetic_demo
39.9,63.1,41.748,44.75631332494473,59.3,58227,1,1,synthetic_demo
41.8,66.2,43.896,48.74838568189861,61.6,58274,1,1,synthetic_demo
43.7,69.3,46.044000000000004,53.12050786467139,63.9,58321,1,1,synthetic_demo
28.6,72.4,31.192,31.292808937719737,66.2,58368,1,1,synthetic_demo
30.5,75.5,33.34,34.18890568582593,68.5,58415,1,1,synthetic_demo
32.4,78.6,35.488,37.333471024561355,70.8,58462,1,1,synthetic_demo
34.3,81.7,37.635999999999996,40.75459353348721,73.1,58509,1,1,synthetic_demo
36.2,84.8,39.784000000000006,44.482906799015566,75.4,58556,1,1,synthetic_demo
38.1,87.9,41.932,48.55176185373924,77.7,58603,1,1,synthetic_demo
40,91,44.08,52.9974068928678,80,58650,1,1,synthetic_demo
41.9,94.1,46.227999999999994,57.85917431295934,82.3,58697,1,1,synthetic_demo
43.8,36.2,43.8,41.588012745081265,84.6,58744,1,1,synthetic_demo
28.7,39.3,28.7,26.293176417770816,86.9,58791,1,1,synthetic_demo
30.6,42.4,30.792,28.607497596653133,89.2,58838,1,1,synthetic_demo
32.5,45.5,32.94,31.11294634413031,91.5,58885,1,1,synthetic_demo
34.4,48.6,35.088,33.832950375852604,93.8,58932,1,1,synthetic_demo
36.3,51.7,37.236,36.79319062580245,16.1,58979,1,1,synthetic_demo
38.2,54.8,39.384,40.02176171282056,18.4,59026,1,1,synthetic_demo
40.1,57.9,41.532000000000004,43.54933955139373,20.7,59073,1,1,synthetic_demo
42,61,43.68,47.40935616672378,23,59120,1,1,synthetic_demo
43.9,64.1,45.827999999999996,51.63818176187631,25.3,59167,1,1,synthetic_demo
28.8,67.2,30.976,30.72677857013832,27.6,59214,1,1,synthetic_demo
30.7,70.3,33.124,33.54856596898326,29.9,59261,1,1,synthetic_demo
32.6,73.4,35.272000000000006,36.61186098534509,32.2,59308,1,1,synthetic_demo
34.5,76.5,37.42,39.94421369905227,34.5,59355,1,1,synthetic_demo
36.4,79.6,39.568,43.57568694442081,36.8,59402,1,1,synthetic_demo
38.3,82.7,41.715999999999994,47.539027459285265,39.1,59449,1,1,synthetic_demo
40.2,85.8,43.864000000000004,51.8698442940952,41.4,59496,1,1,synthetic_demo
42.1,88.9,46.012,56.606794527529125,43.7,59543,1,1,synthetic_demo
44,92,48.16,61.7917763225573,46,59590,1,1,synthetic_demo
28.9,95.1,33.308,35.21094075055742,48.3,59637,1,1,synthetic_demo
30.8,37.2,30.8,27.897174719153682,50.6,59684,1,1,synthetic_demo
32.7,40.3,32.724000000000004,30.314513455325542,52.9,59731,1,1,synthetic_demo
34.6,43.4,34.872,32.93835722364902,55.2,59778,1,1,synthetic_demo
36.5,46.5,37.02,35.79378210580599,57.5,59825,1,1,synthetic_demo
38.4,49.6,39.168,38.90824294865947,59.8,59872,1,1,synthetic_demo
40.3,52.7,41.315999999999995,42.31173965346753,62.1,59919,1,1,synthetic_demo
42.2,55.8,43.464000000000006,46.03699065531858,64.4,59966,1,1,synthetic_demo
44.1,58.9,45.612,50.1196136419253,66.7,60013,1,1,synthetic_demo
29,62,30.76,30.143234040369354,69,60060,1,1,synthetic_demo
30.9,65.1,32.908,32.8890080670249,71.3,60107,1,1,synthetic_demo
32.8,68.2,35.056,35.8691917801082,73.6,60154,1,1,synthetic_demo
34.7,71.3,37.204,39.11078825118723,75.9,60201,1,1,synthetic_demo
36.6,74.4,39.352000000000004,42.643280703910705,78.2,60248,1,1,synthetic_demo
38.5,77.5,41.5,46.498802368412974,80.5,60295,1,1,synthetic_demo
40.4,80.6,43.647999999999996,50.71231357914239,82.8,60342,1,1,synthetic_demo
42.3,83.7,45.796,55.321786163839036,85.1,60389,1,1,synthetic_demo
44.2,86.8,47.944,60.36839515890414,87.4,60436,1,1,synthetic_demo
29.1,89.9,33.092,34.674030689284216,89.7,60483,1,1,synthetic_demo
31,93,35.24,37.9369754186133,92,60530,1,1,synthetic_demo
32.9,35.1,32.9,29.494210903089567,94.3,60577,1,1,synthetic_demo
34.8,38.2,34.8,32.019843301378266,16.6,60624,0,1,synthetic_demo
36.7,41.3,36.804,34.768243425064725,18.9,60671,1,1,synthetic_demo
38.6,44.4,38.952,37.766216978773,21.2,60718,1,1,synthetic_demo
40.5,47.5,41.1,41.0430781204642,23.5,60765,1,1,synthetic_demo
42.4,50.6,43.248,44.63082160191755,25.8,60812,1,1,synthetic_demo
44.3,53.7,45.396,48.564302136271735,28.1,60859,1,1,synthetic_demo
29.2,56.8,30.544,29.541901069970418,30.4,60906,1,1,synthetic_demo
31.1,59.9,32.692,32.209935306799146,32.7,60953,1,1,synthetic_demo
33,63,34.84,35.105142927143,35,61000,1,1,synthetic_demo
34.9,66.1,36.988,38.25397142663658,37.3,61047,1,1,synthetic_demo
36.8,69.2,39.135999999999996,41.68531549979844,39.6,61094,1,1,synthetic_demo
38.7,72.3,41.284000000000006,45.430685595551225,41.9,61141,1,1,synthetic_demo
40.6,75.4,43.432,49.52438369992498,44.2,61188,1,1,synthetic_demo
42.5,78.5,45.58,54.00368639495333,46.5,61235,1,1,synthetic_demo
44.4,81.6,47.727999999999994,58.909035230324676,48.8,61282,1,1,synthetic_demo
29.3,84.7,32.876000000000005,34.11975426770864,51.1,61329,1,1,synthetic_demo
31.2,87.8,35.024,37.30965233370343,53.4,61376,1,1,synthetic_demo
33.1,90.9,37.172000000000004,40.77828892170297,55.7,61423,1,1,synthetic_demo
35,94,39.32,44.55630903125237,58,61470,1,1,synthetic_demo
36.9,36.1,36.9,33.71619400130068,60.3,61517,1,1,synthetic_demo
38.8,39.2,38.8,36.595274338117406,62.6,61564,1,1,synthetic_demo
40.7,42.3,40.884,39.74291493191804,64.9,61611,1,1,synthetic_demo
42.6,45.4,43.032000000000004,43.190376696132276,67.2,61658,1,1,synthetic_demo
44.5,48.5,45.18,46.97174084782348,69.5,61705,1,1,synthetic_demo
29.4,51.6,30.328,28.92250223162012,71.8,61752,1,1,synthetic_demo
31.3,54.7,32.476,31.511047664993033,74.1,61799,1,1,synthetic_demo
33.2,57.8,34.624,34.31939038475332,76.4,61846,1,1,synthetic_demo
35.1,60.9,36.772,37.373413683672766,78.7,61893,1,1,synthetic_demo
37,64,38.92,40.70141474868302,81,61940,1,1,synthetic_demo
38.9,67.1,41.068,44.3342719133227,83.3,61987,1,1,synthetic_demo
40.8,70.2,43.215999999999994,48.3056191215301,85.6,62034,1,1,synthetic_demo
42.7,73.3,45.364000000000004,52.65202765308516,87.9,62081,1,1,synthetic_demo
44.6,76.4,47.512,57.41319514859292,90.2,62128,1,1,synthetic_demo
29.5,79.5,32.66,33.547837216261094,92.5,62175,1,1,synthetic_demo
31.4,82.6,34.808,36.66297487495492,94.8,62222,1,1,synthetic_demo
33.3,85.7,36.955999999999996,40.04986313299295,17.1,62269,1,1,synthetic_demo
35.2,88.8,39.104,43.73860731656994,19.4,62316,1,1,synthetic_demo
37.1,91.9,41.252,47.76199032139842,21.7,62363,1,1,synthetic_demo
39,95,43.4,52.15565059430465,24,62410,1,1,synthetic_demo
40.9,37.1,40.9,38.41080552398624,26.3,62457,1,1,synthetic_demo
42.8,40.2,42.815999999999995,41.715178828125126,28.6,62504,1,1,synthetic_demo
44.7,43.3,44.964000000000006,45.34141831489691,30.9,62551,1,1,synthetic_demo
29.6,46.4,30.112000000000002,28.284756922626922,33.2,62598,1,1,synthetic_demo
31.5,49.5,32.26,30.792041740500665,35.5,62645,1,1,synthetic_demo
33.4,52.6,34.408,33.51160652246708,37.8,62692,1,1,synthetic_demo
35.3,55.7,36.556,36.46876167213835,40.1,62739,1,1,synthetic_demo
37.2,58.8,38.704,39.69119783030853,42.4,62786,1,1,synthetic_demo
39.1,61.9,40.852000000000004,43.2091518202091,44.7,62833,1,1,synthetic_demo
41,65,43,47.055579788677264,47,62880,1,1,synthetic_demo
42.9,68.1,45.147999999999996,51.26633759484487,49.3,62927,1,1,synthetic_demo
44.8,71.2,47.296,55.88036848557897,51.6,62974,1,1,synthetic_demo
29.7,74.3,32.444,32.95800210824487,53.9,63021,1,1,synthetic_demo
31.6,77.4,34.592,35.99664302240884,56.2,63068,1,1,synthetic_demo
33.5,80.5,36.74,39.299907652200204,58.5,63115,1,1,synthetic_demo
35.4,83.6,38.888,42.897353059106905,60.8,63162,1,1,synthetic_demo
37.3,86.7,41.035999999999994,46.821181232898525,63.1,63209,1,1,synthetic_demo
39.2,89.8,43.184000000000005,51.10641577711935,65.4,63256,1,1,synthetic_demo
41.1,92.9,45.332,55.79108589977347,67.7,63303,1,1,synthetic_demo
43,35,43,40.204746053627325,70,63350,1,1,synthetic_demo
44.9,38.1,44.9,43.6728179750142,72.3,63397,1,1,synthetic_demo
29.8,41.2,29.896,27.628381338292915,74.6,63444,1,1,synthetic_demo
31.7,44.3,32.044,30.05261072664459,76.9,63491,1,1,synthetic_demo
33.6,47.4,34.192,32.681460092099755,79.2,63538,1,1,synthetic_demo
35.5,50.5,36.34,35.53965820333772,81.5,63585,1,1,synthetic_demo
37.4,53.6,38.488,38.654280056271325,83.8,63632,1,1,synthetic_demo
39.3,56.7,40.635999999999996,42.05491150806254,86.1,63679,1,1,synthetic_demo
41.2,59.8,42.784000000000006,45.773821092024576,88.4,63726,1,1,synthetic_demo
43.1,62.9,44.932,49.84613906633258,90.7,63773,1,1,synthetic_demo
28,66,30.08,29.620383378130914,93,63820,1,1,synthetic_demo
29.9,69.1,32.227999999999994,32.34996833326969,15.3,63867,1,1,synthetic_demo
31.8,72.2,34.376,35.310353369639074,17.6,63914,1,1,synthetic_demo
33.7,75.3,36.524,38.52809484609065,19.9,63961,1,1,synthetic_demo
35.6,78.4,38.672000000000004,42.032192908680344,22.2,64008,1,1,synthetic_demo
37.5,81.5,40.82,45.854259638635085,24.5,64055,1,1,synthetic_demo
39.4,84.6,42.967999999999996,50.028694437574515,26.8,64102,1,1,synthetic_demo
41.3,87.7,45.116,54.59286670160499,29.1,64149,1,1,synthetic_demo
43.2,90.8,47.264,59.58730582346125,31.4,64196,1,1,synthetic_demo
28.1,93.9,32.412,33.90308873231617,33.7,64243,1,1,synthetic_demo
30,36,30,26.953088445132252,36,64290,0,1,synthetic_demo
31.9,39.1,31.9,29.292444383249716,38.3,64337,1,1,synthetic_demo
33.8,42.2,33.976,31.828616198668545,40.6,64384,1,1,synthetic_demo
35.7,45.3,36.124,34.58574221977779,42.9,64431,1,1,synthetic_demo
37.6,48.4,38.272,37.59027263857488,45.2,64478,1,1,synthetic_demo
39.5,51.5,40.42,40.87113282946346,47.5,64525,1,1,synthetic_demo
41.4,54.6,42.568,44.459893834320056,49.8,64572,1,1,synthetic_demo
43.3,57.7,44.715999999999994,48.390950068074986,52.1,64619,1,1,synthetic_demo
28.2,60.8,29.863999999999997,29.06702958681907,54.4,64666,1,1,synthetic_demo
30.1,63.9,32.012,31.723452070540066,56.7,64713,1,1,synthetic_demo
32,67,34.16,34.60379909589698,59,64760,1,1,synthetic_demo
33.9,70.1,36.308,37.7340934546099,61.3,64807,1,1,synthetic_demo
35.8,73.2,38.455999999999996,41.1427696670997,63.6,64854,1,1,synthetic_demo
37.7,76.3,40.604,44.86084084325584,65.9,64901,1,1,synthetic_demo
39.6,79.4,42.752,48.92207276328848,68.2,64948,1,1,synthetic_demo
41.5,82.5,44.9,53.363165231538325,70.5,64995,1,1,synthetic_demo
43.4,85.6,47.048,58.22394074371542,72.8,65042,1,1,synthetic_demo
28.3,88.7,32.196,33.394518162622965,75.1,65089,1,1,synthetic_demo
30.2,91.8,34.344,36.54775890169027,77.4,65136,1,1,synthetic_demo
32.1,94.9,36.492000000000004,39.97442279980101,79.7,65183,1,1,synthetic_demo
34,37,34,30.952736271157246,82,65230,1,1,synthetic_demo
35.9,40.1,35.908,33.60664876475762,84.3,65277,1,1,synthetic_demo
37.8,43.2,38.056,36.498782658031814,86.6,65324,1,1,synthetic_demo
39.7,46.3,40.204,39.65739326492447,88.9,65371,1,1,synthetic_demo
41.6,49.4,42.352000000000004,43.11334419639793,91.2,65418,1,1,synthetic_demo
43.5,52.5,44.5,46.900283719806325,93.5,65465,1,1,synthetic_demo
28.4,55.6,29.648,28.49657672971268,15.8,65512,0,1,synthetic_demo
30.3,58.7,31.796,31.078166261998042,18.1,65559,1,1,synthetic_demo
32.2,61.8,33.944,33.876669938108755,20.4,65606,1,1,synthetic_demo
34.1,64.9,36.092,36.91756856171983,22.7,65653,1,1,synthetic_demo
36,68,38.24,40.22872225782893,25,65700,1,1,synthetic_demo
37.9,71.1,40.388,43.840536041901,27.3,65747,1,1,synthetic_demo
39.8,74.2,42.535999999999994,47.78613259232288,29.6,65794,1,1,synthetic_demo
41.7,77.3,44.684000000000005,52.101532280308575,31.9,65841,1,1,synthetic_demo
43.6,80.4,46.832,56.82584049903148,34.2,65888,1,1,synthetic_demo
28.5,83.5,31.98,32.869256500560844,36.5,65935,1,1,synthetic_demo
30.4,86.6,34.128,35.95220206840693,38.8,65982,1,1,synthetic_demo
32.3,89.7,36.275999999999996,39.301936333537654,41.1,66029,1,1,synthetic_demo
34.2,92.8,38.42400000000001,42.94803023504994,43.4,66076,1,1,synthetic_demo
36.1,95.9,40.572,46.922692220007434,45.7,66123,1,1,synthetic_demo
38,38,38,35.37941303251338,48,66170,1,1,synthetic_demo
39.9,41.1,39.988,38.41326588994023,50.3,66217,1,1,synthetic_demo
41.8,44.2,42.135999999999996,41.733713703019916,52.6,66264,1,1,synthetic_demo
43.7,47.3,44.284000000000006,45.37364822509316,54.9,66311,1,1,synthetic_demo
28.6,50.4,29.432000000000002,27.908756498081143,57.2,66358,1,1,synthetic_demo
30.5,53.5,31.58,30.413820585320362,59.5,66405,1,1,synthetic_demo
32.4,56.6,33.728,33.12865216272485,61.8,66452,1,1,synthetic_demo
34.3,59.7,35.876,36.078181566085505,64.1,66499,1,1,synthetic_demo
36.2,62.8,38.024,39.289685695497376,66.4,66546,1,1,synthetic_demo
38.1,65.9,40.172000000000004,42.79295228852577,68.7,66593,1,1,synthetic_demo
40,69,42.32,46.62045138030635,71,66640,1,1,synthetic_demo
41.9,72.1,44.467999999999996,50.80751400599753,73.3,66687,1,1,synthetic_demo
43.8,75.2,46.616,55.39251818867711,75.6,66734,1,1,synthetic_demo
28.7,78.3,31.764,32.327038511741854,77.9,66781,1,1,synthetic_demo
30.6,81.4,33.912,35.338030763385966,80.2,66828,1,1,synthetic_demo
32.5,84.5,36.06,38.609043210527716,82.5,66875,1,1,synthetic_demo
34.4,87.6,38.208,42.16912043054914,84.8,66922,1,1,synthetic_demo
36.3,90.7,40.355999999999995,46.04991276132074,87.1,66969,1,1,synthetic_demo
38.2,93.8,42.504000000000005,50.28585125296658,89.4,67016,1,1,synthetic_demo
40.1,35.9,40.1,37.13831934188316,91.7,67063,1,1,synthetic_demo
42,39,42,40.320539188561106,94,67110,1,1,synthetic_demo
43.9,42.1,44.068,43.81054683580332,16.3,67157,1,1,synthetic_demo
28.8,45.2,29.216,27.303297490628747,18.6,67204,0,1,synthetic_demo
30.7,48.3,31.364,29.73012142676944,20.9,67251,1,1,synthetic_demo
32.6,51.4,33.512,32.359428537421486,23.2,67298,1,1,synthetic_demo
34.5,54.5,35.66,35.2155901516124,25.5,67345,1,1,synthetic_demo
36.4,57.6,37.808,38.325291055259285,27.8,67392,1,1,synthetic_demo
38.3,60.7,39.955999999999996,41.717692464070325,30.1,67439,1,1,synthetic_demo
40.2,63.8,42.104,45.424602167404124,32.4,67486,1,1,synthetic_demo
42.1,66.9,44.252,49.48065189979413,34.7,67533,1,1,synthetic_demo
44,70,46.4,53.923481984554456,37,67580,1,1,synthetic_demo
28.9,73.1,31.548,31.767595887126685,39.3,67627,1,1,synthetic_demo
30.8,76.2,33.696,34.70495466665351,41.6,67674,1,1,synthetic_demo
32.7,79.3,35.844,37.895429702414766,43.9,67721,1,1,synthetic_demo
34.6,82.4,37.992000000000004,41.36753076563778,46.2,67768,1,1,synthetic_demo
36.5,85.5,40.14,45.152341291320695,48.5,67815,1,1,synthetic_demo
38.4,88.6,42.288,49.28369204135543,50.8,67862,1,1,synthetic_demo
40.3,91.7,44.436,53.79834205356683,53.1,67909,1,1,synthetic_demo
42.2,94.8,46.584,58.736166919788566,55.4,67956,1,1,synthetic_demo
44.1,36.9,44.1,42.21047781641839,57.7,68003,1,1,synthetic_demo
29,40,29,26.67992518733507,60,68050,1,1,synthetic_demo
30.9,43.1,31.148,29.02677185389821,62.3,68097,1,1,synthetic_demo
32.8,46.2,33.296,31.568678302653943,64.6,68144,1,1,synthetic_demo
34.7,49.3,35.444,34.329448257833526,66.9,68191,1,1,synthetic_demo
36.6,52.4,37.592,37.335165442001625,69.2,68238,1,1,synthetic_demo
38.5,55.5,39.74,40.61435524447639,71.5,68285,1,1,synthetic_demo
40.4,58.6,41.888,44.198153545133295,73.8,68332,1,1,synthetic_demo
42.3,61.7,44.035999999999994,48.12048275159938,76.1,68379,1,1,synthetic_demo
44.2,64.8,46.184000000000005,52.41823509558742,78.4,68426,1,1,synthetic_demo
29.1,67.9,31.332,31.19065721693436,80.7,68473,1,1,synthetic_demo
31,71,33.48,34.05268015829618,83,68520,1,1,synthetic_demo
32.9,74.1,35.628,37.16077857318908,85.3,68567,1,1,synthetic_demo
34.8,77.2,37.775999999999996,40.54291892320424,87.6,68614,1,1,synthetic_demo
36.7,80.3,39.924,44.22960888699025,89.9,68661,1,1,synthetic_demo
38.6,83.4,42.072,48.254069730397944,92.2,68708,1,1,synthetic_demo
40.5,86.5,44.22,52.65241594568745,94.5,68755,1,1,synthetic_demo
42.4,89.6,46.367999999999995,57.46384220418602,16.8,68802,1,1,synthetic_demo
44.3,92.7,48.516,62.73081765423444,19.1,68849,1,1,synthetic_demo
29.2,95.8,33.664,35.752720466605034,21.4,68896,1,1,synthetic_demo
31.1,37.9,31.1,28.303471588108312,23.7,68943,0,1,synthetic_demo
33,41,33.08,30.756077143061315,26,68990,1,1,synthetic_demo
34.9,44.1,35.228,33.41940605014634,28.3,69037,1,1,synthetic_demo
36.8,47.2,37.376,36.31893195940009,30.6,69084,1,1,synthetic_demo
38.7,50.3,39.524,39.482535068550845,32.9,69131,1,1,synthetic_demo
40.6,53.4,41.672000000000004,42.940669623023794,35.2,69178,1,1,synthetic_demo
42.5,56.5,43.82,46.72653861547596,37.5,69225,1,1,synthetic_demo
44.4,59.6,45.967999999999996,50.87627573195282,39.8,69272,1,1,synthetic_demo
29.3,62.7,31.116,30.595947964407696,42.1,69319,1,1,synthetic_demo
31.2,65.8,33.263999999999996,33.38091029108981,44.4,69366,1,1,synthetic_demo
33.1,68.9,35.412,36.40476905066375,46.7,69413,1,1,synthetic_demo
35,72,37.56,39.69493883244863,49,69460,1,1,synthetic_demo
36.9,75.1,39.708,43.28134264536513,51.3,69507,1,1,synthetic_demo
38.8,78.2,41.855999999999995,47.19658299083626,53.6,69554,1,1,synthetic_demo
40.7,81.3,44.004000000000005,51.47612018829636,55.9,69601,1,1,synthetic_demo
42.6,84.4,46.152,56.15845799897719,58.2,69648,1,1,synthetic_demo
44.5,87.5,48.3,61.28533658112486,60.5,69695,1,1,synthetic_demo
29.4,90.6,33.448,35.20535856947253,62.8,69742,1,1,synthetic_demo
31.3,93.7,35.596000000000004,38.515324793598666,65.1,69789,1,1,synthetic_demo
33.2,35.8,33.2,29.92129715872265,67.4,69836,1,1,synthetic_demo
35.1,38.9,35.1,32.485109889899356,69.7,69883,1,1,synthetic_demo
37,42,37.16,35.276209678823236,72,69930,1,1,synthetic_demo
38.9,45.1,39.308,38.32182210567591,74.3,69977,1,1,synthetic_demo
40.8,48.2,41.455999999999996,41.651709995124655,76.6,70024,1,1,synthetic_demo
42.7,51.3,43.604,45.298346774942274,78.9,70071,1,1,synthetic_demo
44.6,54.4,45.752,49.29709706915517,81.2,70118,1,1,synthetic_demo
29.5,57.5,30.9,29.98319043943412,83.5,70165,1,1,synthetic_demo
31.4,60.6,33.048,32.689344762981456,85.8,70212,1,1,synthetic_demo
33.3,63.7,35.196,35.627076797802225,88.1,70259,1,1,synthetic_demo
35.2,66.8,37.344,38.82324063904135,90.4,70306,1,1,synthetic_demo
37.1,69.9,39.492000000000004,42.307165652510875,92.7,70353,1,1,synthetic_demo
39,73,41.64,46.11082624614989,15,70400,1,1,synthetic_demo
40.9,76.1,43.788,50.26901887804186,17.3,70447,1,1,synthetic_demo
42.8,79.2,45.936,54.81954634794802,19.6,70494,1,1,synthetic_demo
44.7,82.3,48.084,59.80340940683639,21.9,70541,1,1,synthetic_demo
29.6,85.4,33.232,34.64037588776593,24.2,70588,1,1,synthetic_demo
31.5,88.5,35.38,37.87628674816786,26.5,70635,1,1,synthetic_demo
33.4,91.6,37.528,41.39598778437234,28.8,70682,1,1,synthetic_demo
35.3,94.7,39.675999999999995,45.23057146052966,31.1,70729,1,1,synthetic_demo
37.2,36.8,37.2,34.206613608084254,33.4,70776,1,1,synthetic_demo
39.1,39.9,39.1,37.131802223365796,35.7,70823,1,1,synthetic_demo
41,43,41.24,40.33082970635572,38,70870,1,1,synthetic_demo
42.9,46.1,43.388,43.835429708110844,40.3,70917,1,1,synthetic_demo
44.8,49.2,45.535999999999994,47.68018721194502,42.6,70964,1,1,synthetic_demo
29.7,52.3,30.683999999999997,29.352103772021625,44.9,71011,1,1,synthetic_demo
31.6,55.4,32.832,31.97767988942442,47.2,71058,1,1,synthetic_demo
33.5,58.5,34.98,34.82737388389704,49.5,71105,1,1,synthetic_demo
35.4,61.6,37.128,37.9274706751314,51.8,71152,1,1,synthetic_demo
37.3,64.7,39.275999999999996,41.306696952347565,54.1,71199,1,1,synthetic_demo
39.2,67.8,41.424,44.99638964018588,56.4,71246,1,1,synthetic_demo
41.1,70.9,43.572,49.030671585510646,58.7,71293,1,1,synthetic_demo
43,74,45.72,53.4466345133835,61,71340,1,1,synthetic_demo
44.9,77.1,47.867999999999995,58.284529288020856,63.3,71387,1,1,synthetic_demo
29.8,80.2,33.016,34.05749474104591,65.6,71434,1,1,synthetic_demo
31.7,83.3,35.164,37.21761565529333,67.9,71481,1,1,synthetic_demo
33.6,86.4,37.312000000000005,40.654458902055254,70.2,71528,1,1,synthetic_demo
35.5,89.5,39.46,44.398572459380716,72.5,71575,1,1,synthetic_demo
37.4,92.6,41.608,48.4832114404986,74.8,71622,1,1,synthetic_demo
39.3,95.7,43.756,52.944517307259,77.1,71669,1,1,synthetic_demo
41.2,37.8,41.2,38.97757921870449,79.4,71716,1,1,synthetic_demo
43.1,40.9,43.172000000000004,42.33730505267094,81.7,71763,1,1,synthetic_demo
28,44,28.32,26.352255585420608,84,71810,1,1,synthetic_demo
29.9,47.1,30.468,28.70240388562956,86.3,71857,1,1,synthetic_demo
31.8,50.2,32.616,31.245608575566227,88.6,71904,1,1,synthetic_demo
33.7,53.3,34.764,34.00532875559936,90.9,71951,1,1,synthetic_demo
35.6,56.4,36.912,37.00727142920372,93.2,71998,1,1,synthetic_demo
37.5,59.5,39.06,40.279551515322545,15.5,72045,1,1,synthetic_demo
39.4,62.6,41.208,43.85285900463552,17.8,72092,1,1,synthetic_demo
41.3,65.7,43.355999999999995,47.76063332149884,20.1,72139,1,1,synthetic_demo
43.2,68.8,45.504000000000005,52.03924494112482,22.4,72186,1,1,synthetic_demo
28.1,71.9,30.652,30.61588370451047,24.7,72233,1,1,synthetic_demo
30,75,32.8,33.45643426069219,27,72280,1,1,synthetic_demo
31.9,78.1,34.948,36.539007834572956,29.3,72327,1,1,synthetic_demo
33.8,81.2,37.096,39.89109562397833,31.6,72374,1,1,synthetic_demo
35.7,84.3,39.244,43.54269247521563,33.9,72421,1,1,synthetic_demo
37.6,87.4,41.392,47.526467533294316,36.2,72468,1,1,synthetic_demo
39.5,90.5,43.54,51.87794215662997,38.5,72515,1,1,synthetic_demo
41.4,93.6,45.687999999999995,56.63567514454866,40.8,72562,1,1,synthetic_demo
43.3,35.7,43.3,40.803485570715374,43.1,72609,1,1,synthetic_demo
28.2,38.8,28.2,25.760650460009536,45.4,72656,0,1,synthetic_demo
30.1,41.9,30.252000000000002,28.033803470354126,47.7,72703,1,1,synthetic_demo
32,45,32.4,30.492820288289014,50,72750,1,1,synthetic_demo
33.9,48.1,34.548,33.160606207799376,52.3,72797,1,1,synthetic_demo
35.8,51.2,36.696,36.06228151578558,54.6,72844,1,1,synthetic_demo
37.7,54.3,38.844,39.22534020693043,56.9,72891,1,1,synthetic_demo
39.6,57.4,40.992000000000004,42.679815826357164,59.2,72938,1,1,synthetic_demo
41.5,60.5,43.14,46.45845450312811,61.5,72985,1,1,synthetic_demo
43.4,63.6,45.288,50.5968952254708,63.8,73032,1,1,synthetic_demo
28.3,66.7,30.436,30.068867660055826,66.1,73079,1,1,synthetic_demo
30.2,69.8,32.583999999999996,32.836910363158836,68.4,73126,1,1,synthetic_demo
32.1,72.9,34.732,35.840156186570006,70.7,73173,1,1,synthetic_demo
34,76,36.88,39.10556639480948,73,73220,1,1,synthetic_demo
35.9,79.1,39.028,42.66257399731491,75.3,73267,1,1,synthetic_demo
37.8,82.2,41.175999999999995,46.543253113199434,77.6,73314,1,1,synthetic_demo
39.7,85.3,43.324000000000005,50.7824955831114,79.9,73361,1,1,synthetic_demo
41.6,88.4,45.472,55.41819487776472,82.2,73408,1,1,synthetic_demo
43.5,91.5,47.62,60.49143734023388,84.5,73455,1,1,synthetic_demo
28.4,94.6,32.768,34.42638414803631,86.8,73502,1,1,synthetic_demo
30.3,36.7,30.3,27.346011955968113,89.1,73549,1,1,synthetic_demo
32.2,39.8,32.2,29.719001028102404,91.4,73596,1,1,synthetic_demo
34.1,42.9,34.332,32.29286735435718,93.7,73643,1,1,synthetic_demo
36,46,36.48,35.092135645001925,16,73690,1,1,synthetic_demo
37.9,49.1,38.628,38.14366975608071,18.3,73737,1,1,synthetic_demo
39.8,52.2,40.775999999999996,41.476837214545206,20.6,73784,1,1,synthetic_demo
41.7,55.3,42.924,45.12368091980677,22.9,73831,1,1,synthetic_demo
43.6,58.4,45.072,49.11909807392336,25.2,73878,1,1,synthetic_demo
28.5,61.5,30.22,29.504769757898107,27.5,73925,1,1,synthetic_demo
30.4,64.6,32.367999999999995,32.19863572308415,29.8,73972,1,1,synthetic_demo
32.3,67.7,34.516,35.12075016477703,32.1,74019,1,1,synthetic_demo
34.2,70.8,36.664,38.29753599829242,34.4,74066,1,1,synthetic_demo
36.1,73.9,38.812000000000005,41.75785563147601,36.7,74113,1,1,synthetic_demo
38,77,40.96,45.53317903956659,39,74160,1,1,synthetic_demo
39.9,80.1,43.108,49.65775907017549,41.3,74207,1,1,synthetic_demo
41.8,83.2,45.256,54.16881402921396,43.6,74254,1,1,synthetic_demo
43.7,86.3,47.404,59.106717586163654,45.9,74301,1,1,synthetic_demo
28.6,89.4,32.552,33.907758550167735,48.2,74348,1,1,synthetic_demo
30.5,92.5,34.7,37.10601689985296,50.5,74395,1,1,synthetic_demo
32.4,95.6,36.848,40.58264923598048,52.8,74442,1,1,synthetic_demo
34.3,37.7,34.3,31.401769598683813,55.1,74489,1,1,synthetic_demo
36.2,40.8,36.264,34.096464591979185,57.4,74536,1,1,synthetic_demo
38.1,43.9,38.412,37.034142723312314,59.7,74583,1,1,synthetic_demo
40,47,40.56,40.24349586774491,62,74630,1,1,synthetic_demo
41.9,50.1,42.708,43.75585369903574,64.3,74677,1,1,synthetic_demo
43.8,53.2,44.855999999999995,47.605361271776886,66.6,74724,1,1,synthetic_demo
28.7,56.3,30.003999999999998,28.923321433091527,68.9,74771,1,1,synthetic_demo
30.6,59.4,32.152,31.541319746254626,71.2,74818,1,1,synthetic_demo
32.5,62.5,34.3,34.38047574743174,73.5,74865,1,1,synthetic_demo
34.4,65.6,36.448,37.466665527899806,75.8,74912,1,1,synthetic_demo
36.3,68.7,38.596,40.82817206948991,78.1,74959,1,1,synthetic_demo
38.2,71.8,40.744,44.4958520251919,80.4,75006,1,1,synthetic_demo
40.1,74.9,42.892,48.503309713288274,82.7,75053,1,1,synthetic_demo
42,78,45.04,52.88707837712222,85,75100,1,1,synthetic_demo
43.9,81.1,47.187999999999995,57.68680875020544,87.3,75147,1,1,synthetic_demo
28.8,84.2,32.336,33.372195767941164,89.6,75194,1,1,synthetic_demo
30.7,87.3,34.484,36.49918220614849,91.9,75241,1,1,synthetic_demo
32.6,90.4,36.632000000000005,39.897831513286036,94.2,75288,1,1,synthetic_demo
34.5,93.5,38.78,43.59815007661945,16.5,75335,1,1,synthetic_demo
36.4,35.6,36.4,33.07489516609775,18.8,75382,1,1,synthetic_demo
38.3,38.7,38.3,35.89635746885538,21.1,75429,1,1,synthetic_demo
40.2,41.8,40.344,38.97936004071305,23.4,75476,1,1,synthetic_demo
42.1,44.9,42.492000000000004,42.35450927205914,25.7,75523,1,1,synthetic_demo
44,48,44.64,46.05518764655162,28,75570,1,1,synthetic_demo
28.9,51.1,29.788,28.324251023695943,30.3,75617,1,1,synthetic_demo
30.8,54.2,31.936,30.864668542422837,32.6,75664,1,1,synthetic_demo
32.7,57.3,34.084,33.61901540918495,34.9,75711,1,1,synthetic_demo
34.6,60.4,36.232,36.61261235733643,37.2,75758,1,1,synthetic_demo
36.5,63.5,38.38,39.87315405846624,39.5,75805,1,1,synthetic_demo
38.4,66.6,40.528,43.43087460445001,41.8,75852,1,1,synthetic_demo
40.3,69.7,42.675999999999995,47.318720186844146,44.1,75899,1,1,synthetic_demo
42.2,72.8,44.824000000000005,51.57252902701063,46.4,75946,1,1,synthetic_demo
44.1,75.9,46.972,56.23121859799882,48.7,75993,1,1,synthetic_demo
29,79,32.12,32.819427244986755,51,76040,1,1,synthetic_demo
30.9,82.1,34.268,35.873463322622804,53.3,76087,1,1,synthetic_demo
32.8,85.2,36.416,39.19231583086831,55.6,76134,1,1,synthetic_demo
34.7,88.3,38.564,42.80546006423327,57.9,76181,1,1,synthetic_demo
36.6,91.4,40.712,46.74500613356772,60.2,76228,1,1,synthetic_demo
38.5,94.5,42.86,51.04587514600034,62.5,76275,1,1,synthetic_demo
40.4,36.6,40.4,37.68399351112421,64.8,76322,1,1,synthetic_demo
42.3,39.7,42.3,40.91917933935973,67.1,76369,1,1,synthetic_demo
44.2,42.8,44.424,44.468075032270704,69.4,76416,1,1,synthetic_demo
29.1,45.9,29.572000000000003,27.70728374458449,71.7,76463,1,1,synthetic_demo
31,49,31.72,30.168384897979056,74,76510,1,1,synthetic_demo
32.9,52.1,33.868,32.836048092620125,76.3,76557,1,1,synthetic_demo
34.8,55.2,36.016,35.735030110892154,78.6,76604,1,1,synthetic_demo
36.7,58.3,38.164,38.89242837000662,80.9,76651,1,1,synthetic_demo
38.6,61.4,40.312000000000005,42.33784510127619,83.2,76698,1,1,synthetic_demo
40.5,64.5,42.46,46.10355871094613,85.5,76745,1,1,synthetic_demo
42.4,67.6,44.608,50.22470237726535,87.8,76792,1,1,synthetic_demo
44.3,70.7,46.756,54.739449926152915,90.1,76839,1,1,synthetic_demo
29.2,73.8,31.904,32.24918131978551,92.4,76886,1,1,synthetic_demo
31.1,76.9,34.052,35.22856636215116,94.7,76933,1,1,synthetic_demo
33,80,36.2,38.465784669387936,17,76980,1,1,synthetic_demo
34.9,83.1,38.348,41.98977194483359,19.3,77027,1,1,synthetic_demo
36.8,86.2,40.495999999999995,45.83206641737898,21.6,77074,1,1,synthetic_demo
38.7,89.3,42.644000000000005,50.02698373005151,23.9,77121,1,1,synthetic_demo
40.6,92.4,44.792,54.61179912298499,26.2,77168,1,1,synthetic_demo
42.5,95.5,46.94,59.626936951822195,28.5,77215,1,1,synthetic_demo
44.4,37.6,44.4,42.84351623358098,30.8,77262,1,1,synthetic_demo
29.3,40.7,29.356,27.072141661106752,33.1,77309,0,1,synthetic_demo
31.2,43.8,31.503999999999998,29.4521682484762,35.4,77356,1,1,synthetic_demo
33.1,46.9,33.652,32.031249179624524,37.7,77403,1,1,synthetic_demo
35,50,35.8,34.83356863364487,40,77450,1,1,synthetic_demo
36.9,53.1,37.948,37.885617769226215,42.3,77497,1,1,synthetic_demo
38.8,56.2,40.096,41.216357596994854,44.6,77544,1,1,synthetic_demo
40.7,59.3,42.244,44.85738901803167,46.9,77591,1,1,synthetic_demo
42.6,62.4,44.392,48.84313008455185,49.2,77638,1,1,synthetic_demo
44.5,65.5,46.54,53.211000526442035,51.5,77685,1,1,synthetic_demo
29.4,68.6,31.688,31.661183199401943,53.8,77732,1,1,synthetic_demo
31.3,71.7,33.836,34.56419410566728,56.1,77779,1,1,synthetic_demo
33.2,74.8,35.984,37.7179169685043,58.4,77826,1,1,synthetic_demo
35.1,77.9,38.132000000000005,41.15073934249768,60.7,77873,1,1,synthetic_demo
37,81,40.28,44.893618666301954,63,77920,1,1,synthetic_demo
38.9,84.1,42.428,48.98025585559522,65.3,77967,1,1,synthetic_demo
40.8,87.2,44.576,53.447276173752485,67.6,78014,1,1,synthetic_demo
42.7,90.3,46.724000000000004,58.33441742255921,69.9,78061,1,1,synthetic_demo
44.6,93.4,48.872,63.68472548270391,72.2,78108,1,1,synthetic_demo
29.5,35.5,29.5,26.418543662607153,74.5,78155,1,1,synthetic_demo
31.4,38.6,31.4,28.71571465100799,76.8,78202,1,1,synthetic_demo
33.3,41.7,33.436,31.204290462611507,79.1,78249,1,1,synthetic_demo
35.2,44.8,35.584,33.90787396151276,81.4,78296,1,1,synthetic_demo
37.1,47.9,37.732,36.85234098362333,83.7,78343,1,1,synthetic_demo
39,51,39.88,40.06600189799513,86,78390,1,1,synthetic_demo
40.9,54.1,42.028,43.57977031934382,88.3,78437,1,1,synthetic_demo
42.8,57.2,44.175999999999995,47.427339029073565,90.6,78484,1,1,synthetic_demo
44.7,60.3,46.324000000000005,51.64536314984489,92.9,78531,1,1,synthetic_demo
29.6,63.4,31.472,31.055154933072128,15.2,78578,1,1,synthetic_demo
31.5,66.5,33.62,33.880045974612,17.5,78625,1,1,synthetic_demo
33.4,69.6,35.768,36.948388098169374,19.8,78672,1,1,synthetic_demo
35.3,72.7,37.916,40.28801209271917,22.1,78719,1,1,synthetic_demo
37.2,75.8,40.064,43.92928563839094,24.4,78766,1,1,synthetic_demo
39.1,78.9,42.212,47.90528559958801,26.7,78813,1,1,synthetic_demo
41,82,44.36,52.25197757956208,29,78860,1,1,synthetic_demo
42.9,85.1,46.507999999999996,57.00840278004844,31.3,78907,1,1,synthetic_demo
44.8,88.2,48.656,62.21687219702339,33.6,78954,1,1,synthetic_demo
29.7,91.3,33.804,35.74437809532647,35.9,79001,1,1,synthetic_demo
31.6,94.4,35.952,39.10220544335136,38.2,79048,1,1,synthetic_demo
33.5,36.5,33.5,30.35484011559388,40.5,79095,1,1,synthetic_demo
35.4,39.6,35.4,32.9575882911559,42.8,79142,1,1,synthetic_demo
37.3,42.7,37.516,35.79221267179662,45.1,79189,1,1,synthetic_demo
39.2,45.8,39.664,38.88636350325241,47.4,79236,1,1,synthetic_demo
41.1,48.9,41.812000000000005,42.27025727124782,49.7,79283,1,1,synthetic_demo
43,52,43.96,45.97685127967489,52,79330,1,1,synthetic_demo
44.9,55.1,46.108,50.04202547042736,54.3,79377,1,1,synthetic_demo
29.8,58.2,31.256,30.430815385646785,56.6,79424,1,1,synthetic_demo
31.7,61.3,33.403999999999996,33.17581800323507,58.9,79471,1,1,synthetic_demo
33.6,64.4,35.552,36.15686982977266,61.2,79518,1,1,synthetic_demo
35.5,67.5,37.7,39.4012362123821,63.5,79565,1,1,synthetic_demo
37.4,70.6,39.848,42.93868604426783,65.8,79612,1,1,synthetic_demo
39.3,73.7,41.995999999999995,46.80166275386612,68.1,79659,1,1,synthetic_demo
41.2,76.8,44.144000000000005,51.025462539590094,70.4,79706,1,1,synthetic_demo
43.1,79.9,46.292,55.648419895071115,72.7,79753,1,1,synthetic_demo
28,83,31.44,32.145754854316145,75,79800,1,1,synthetic_demo
29.9,86.1,33.588,35.16854086099162,77.3,79847,1,1,synthetic_demo
31.8,89.2,35.736000000000004,38.45129252869537,79.6,79894,1,1,synthetic_demo
33.7,92.3,37.884,42.022959552379376,81.9,79941,1,1,synthetic_demo
35.6,95.4,40.032000000000004,45.91508677918502,84.2,79988,1,1,synthetic_demo
37.5,37.5,37.5,34.704843392010005,86.5,80035,1,1,synthetic_demo
39.4,40.6,39.448,37.677023571696516,88.8,80082,1,1,synthetic_demo
41.3,43.7,41.596,40.928399941392684,91.1,80129,1,1,synthetic_demo
43.2,46.8,43.744,44.49118405878839,93.4,80176,1,1,synthetic_demo
28.1,49.9,28.892000000000003,27.32867867670476,15.7,80223,0,1,synthetic_demo
30,53,31.04,29.78788021088915,18,80270,0,1,synthetic_demo
31.9,56.1,33.187999999999995,32.45120281074959,20.3,80317,0,1,synthetic_demo
33.8,59.2,35.336,35.343030307136914,22.6,80364,1,1,synthetic_demo
35.7,62.3,37.484,38.49005386958403,24.9,80411,1,1,synthetic_demo
37.6,65.4,39.632000000000005,41.92143451576027,27.2,80458,1,1,synthetic_demo
39.5,68.5,41.78,45.668972792587326,29.5,80505,1,1,synthetic_demo
41.4,71.6,43.928,49.767285687496624,31.8,80552,1,1,synthetic_demo
43.3,74.7,46.076,54.25399081603469,34.1,80599,1,1,synthetic_demo
28.2,77.8,31.224,31.62195891208098,36.4,80646,1,1,synthetic_demo
30.1,80.9,33.372,34.574544170683744,38.7,80693,1,1,synthetic_demo
32,84,35.52,37.78046453813949,41,80740,1,1,synthetic_demo
33.9,87.1,37.668,41.26815178169076,43.3,80787,1,1,synthetic_demo
35.8,90.2,39.815999999999995,45.06860142038788,45.6,80834,1,1,synthetic_demo
37.7,93.3,41.964000000000006,49.215545880416386,47.9,80881,1,1,synthetic_demo
39.6,35.4,39.6,36.437558889425844,50.2,80928,1,1,synthetic_demo
41.5,38.5,41.5,39.55374377471788,52.5,80975,1,1,synthetic_demo
43.4,41.6,43.528,42.96984970722618,54.8,81022,1,1,synthetic_demo
28.3,44.7,28.676000000000002,26.743217157488687,57.1,81069,1,1,synthetic_demo
30.2,47.8,30.823999999999998,29.1260618246274,59.4,81116,1,1,synthetic_demo
32.1,50.9,32.972,31.705889573339004,61.7,81163,1,1,synthetic_demo
34,54,35.12,34.50653401736463,64,81210,1,1,synthetic_demo
35.9,57.1,37.268,37.554103353308236,66.3,81257,1,1,synthetic_demo
37.8,60.2,39.416,40.87714157438693,68.6,81304,1,1,synthetic_demo
39.7,63.3,41.564,44.50679683951877,70.9,81351,1,1,synthetic_demo
41.6,66.4,43.712,48.47699705750653,73.2,81398,1,1,synthetic_demo
43.5,69.5,45.86,52.824632733838854,75.5,81445,1,1,synthetic_demo
28.4,72.6,31.008,31.081364578725545,77.8,81492,1,1,synthetic_demo
30.3,75.7,33.156,33.96210368029389,80.1,81539,1,1,synthetic_demo
32.2,78.8,35.304,37.08941409584094,82.4,81586,1,1,synthetic_demo
34.1,81.9,37.452,40.49120131286371,84.7,81633,1,1,synthetic_demo
36,85,39.6,44.19790282228616,87,81680,1,1,synthetic_demo
37.9,88.1,41.748,48.24265999003485,89.3,81727,1,1,synthetic_demo
39.8,91.2,43.896,52.6614972024238,91.6,81774,1,1,synthetic_demo
41.7,94.3,46.044000000000004,57.493508331605405,93.9,81821,1,1,synthetic_demo
43.6,36.4,43.6,41.41235564881525,16.2,81868,1,1,synthetic_demo
28.5,39.5,28.5,26.14028301523537,18.5,81915,0,1,synthetic_demo
30.4,42.6,30.607999999999997,28.445069377761378,20.8,81962,1,1,synthetic_demo
32.3,45.7,32.756,30.9395639960164,23.1,82009,1,1,synthetic_demo
34.2,48.8,34.904,33.64704176153489,25.4,82056,1,1,synthetic_demo
36.1,51.9,37.052,36.59301904294458,27.7,82103,1,1,synthetic_demo
38,55,39.2,39.80541359969042,30,82150,1,1,synthetic_demo
39.9,58.1,41.348,43.31471163517098,32.3,82197,1,1,synthetic_demo
41.8,61.2,43.495999999999995,47.15414205033527,34.6,82244,1,1,synthetic_demo
43.7,64.3,45.644000000000005,51.359857946585436,36.9,82291,1,1,synthetic_demo
28.6,67.4,30.792,30.523706110529144,39.2,82338,1,1,synthetic_demo
30.5,70.5,32.94,33.33093179934739,41.5,82385,1,1,synthetic_demo
32.4,73.6,35.088,36.37783037414397,43.8,82432,1,1,synthetic_demo
34.3,76.7,37.236,39.691772631805,46.1,82479,1,1,synthetic_demo
36.2,79.8,39.384,43.302629275488705,48.4,82526,1,1,synthetic_demo
38.1,82.9,41.532000000000004,47.2429414980089,50.7,82573,1,1,synthetic_demo
40,86,43.68,51.54809882183111,53,82620,1,1,synthetic_demo
41.9,89.1,45.827999999999996,56.25652424319529,55.3,82667,1,1,synthetic_demo
43.8,92.2,47.976,61.409866715372736,57.6,82714,1,1,synthetic_demo
28.7,95.3,33.123999999999995,34.95718352706257,59.9,82761,1,1,synthetic_demo
30.6,37.4,30.6,27.744608729123282,62.2,82808,1,1,synthetic_demo
32.5,40.5,32.54,30.15190828433577,64.5,82855,1,1,synthetic_demo
34.4,43.6,34.687999999999995,32.764210625250485,66.8,82902,1,1,synthetic_demo
36.3,46.7,36.836,35.60643137765908,69.1,82949,1,1,synthetic_demo
38.2,49.8,38.984,38.70585279741722,71.4,82996,1,1,synthetic_demo
40.1,52.9,41.132,42.09228950377769,73.7,83043,1,1,synthetic_demo
42,56,43.28,45.79826139895954,76,83090,1,1,synthetic_demo
43.9,59.1,45.428,49.85917382413245,78.3,83137,1,1,synthetic_demo
28.8,62.2,30.576,29.948714688431597,80.6,83184,1,1,synthetic_demo
30.7,65.3,32.724,32.68073766393467,82.9,83231,1,1,synthetic_demo
32.6,68.4,34.872,35.64539906536245,85.2,83278,1,1,synthetic_demo
34.5,71.5,37.02,38.86952652917957,87.5,83325,1,1,synthetic_demo
36.4,74.6,39.168,42.382415151429555,89.8,83372,1,1,synthetic_demo
38.3,77.7,41.315999999999995,46.2159967785546,92.1,83419,1,1,synthetic_demo
40.2,80.8,43.464000000000006,50.405016538029045,94.4,83466,1,1,synthetic_demo
42.1,83.9,45.612,54.98721665758936,16.7,83513,1,1,synthetic_demo
44,87,47.76,60.00352760937483,19,83560,1,1,synthetic_demo
28.9,90.1,32.908,34.42836237250498,21.3,83607,1,1,synthetic_demo
30.8,93.2,35.056,37.67244848992266,23.6,83654,1,1,synthetic_demo
32.7,35.3,32.7,29.342601115955127,25.9,83701,0,1,synthetic_demo
34.6,38.4,34.6,31.857693949035085,28.2,83748,1,1,synthetic_demo
36.5,41.5,36.62,34.593966825611794,30.5,83795,1,1,synthetic_demo
38.4,44.6,38.768,37.5780571675446,32.8,83842,1,1,synthetic_demo
40.3,47.7,40.916,40.83909832012146,35.1,83889,1,1,synthetic_demo
42.2,50.8,43.064,44.40889113423269,37.4,83936,1,1,synthetic_demo
44.1,53.9,45.212,48.32208277249191,39.7,83983,1,1,synthetic_demo
29,57,30.36,29.356118391952467,42,84030,1,1,synthetic_demo
30.9,60.1,32.507999999999996,32.01122710949611,44.3,84077,1,1,synthetic_demo
32.8,63.2,34.656,34.89180235341405,46.6,84124,1,1,synthetic_demo
34.7,66.3,36.804,38.02412007087957,48.9,84171,1,1,synthetic_demo
36.6,69.4,38.952,41.43689087165864,51.2,84218,1,1,synthetic_demo
38.5,72.5,41.1,45.161428022063745,53.5,84265,1,1,synthetic_demo
40.4,75.6,43.248,49.23182266232214,55.8,84312,1,1,synthetic_demo
42.3,78.7,45.396,53.68512629742092,58.1,84359,1,1,synthetic_demo
44.2,81.8,47.544000000000004,58.561540599059434,60.4,84406,1,1,synthetic_demo
29.1,84.9,32.692,33.882354900113796,62.7,84453,1,1,synthetic_demo
31,88,34.84,37.0541810412685,65,84500,1,1,synthetic_demo
32.9,91.1,36.988,40.50261576271964,67.3,84547,1,1,synthetic_demo
34.8,94.2,39.135999999999996,44.258105732718136,69.6,84594,1,1,synthetic_demo
36.7,36.3,36.7,33.55524785302299,71.9,84641,1,1,synthetic_demo
38.6,39.4,38.6,36.42162047215442,74.2,84688,1,1,synthetic_demo
40.5,42.5,40.7,39.55470147620481,76.5,84735,1,1,synthetic_demo
42.4,45.6,42.848,42.985562550344675,78.8,84782,1,1,synthetic_demo
44.3,48.7,44.995999999999995,46.74808219807138,81.1,84829,1,1,synthetic_demo
29.2,51.8,30.144,28.745642172965983,83.4,84876,1,1,synthetic_demo
31.1,54.9,32.292,31.322102643460322,85.7,84923,1,1,synthetic_demo
33,58,34.44,34.11671888530625,88,84970,1,1,synthetic_demo
34.9,61.1,36.588,37.15520656834335,90.3,85017,1,1,synthetic_demo
36.8,64.2,38.736,40.46568287698064,92.6,85064,1,1,synthetic_demo
38.7,67.3,40.884,44.07883320305113,94.9,85111,1,1,synthetic_demo
40.6,70.4,43.032000000000004,48.0280850460838,17.2,85158,1,1,synthetic_demo
42.5,73.5,45.18,52.34978917234483,19.5,85205,1,1,synthetic_demo
44.4,76.6,47.327999999999996,57.0834080716038,21.8,85252,1,1,synthetic_demo
29.3,79.7,32.476,33.31888919877661,24.1,85299,1,1,synthetic_demo
31.2,82.8,34.624,36.41675641492761,26.4,85346,1,1,synthetic_demo
33.1,85.9,36.772000000000006,39.78430713283042,28.7,85393,1,1,synthetic_demo
35,89,38.92,43.45145216788788,31,85440,1,1,synthetic_demo
36.9,92.1,41.068,47.450766413290665,33.3,85487,1,1,synthetic_demo
38.8,95.2,43.215999999999994,51.81766624971371,35.6,85534,1,1,synthetic_demo
40.7,37.3,40.7,38.238657847766966,37.9,85581,1,1,synthetic_demo
42.6,40.4,42.632,41.52780217012652,40.2,85628,1,1,synthetic_demo
44.5,43.5,44.78,45.13666447175921,42.5,85675,1,1,synthetic_demo
29.4,46.6,29.927999999999997,28.11700782933135,44.8,85722,1,1,synthetic_demo
31.3,49.7,32.076,30.6130634177359,47.1,85769,1,1,synthetic_demo
33.2,52.8,34.224000000000004,33.31982374247362,49.4,85816,1,1,synthetic_demo
35.1,55.9,36.372,36.26243554872426,51.7,85863,1,1,synthetic_demo
37,59,38.52,39.46841359644216,54,85910,1,1,synthetic_demo
38.9,62.1,40.668,42.96780604794843,56.3,85957,1,1,synthetic_demo
40.8,65.2,42.815999999999995,46.79336704734704,58.6,86004,1,1,synthetic_demo
42.7,68.3,44.964000000000006,50.98073654441633,60.9,86051,1,1,synthetic_demo
44.6,71.4,47.112,55.56862740326616,63.2,86098,1,1,synthetic_demo
29.5,74.5,32.26,32.737690221527686,65.5,86145,1,1,synthetic_demo
31.4,77.6,34.408,35.759877122233675,67.8,86192,1,1,synthetic_demo
33.3,80.7,36.556,39.0446844204496,70.1,86239,1,1,synthetic_demo
35.2,83.8,38.704,42.62147852622253,72.4,86286,1,1,synthetic_demo
37.1,86.9,40.852000000000004,46.5222574421058,74.7,86333,1,1,synthetic_demo
39,90,43,50.78182687881494,77,86380,1,1,synthetic_demo
40.9,93.1,45.147999999999996,55.43798367339945,79.3,86427,1,1,synthetic_demo
42.8,35.2,42.8,40.03513171019911,81.6,86474,1,1,synthetic_demo
44.7,38.3,44.7,43.487316892853386,83.9,86521,1,1,synthetic_demo
29.6,41.4,29.712,27.469933978378332,86.2,86568,1,1,synthetic_demo
31.5,44.5,31.86,29.883805201056152,88.5,86615,1,1,synthetic_demo
33.4,47.6,34.007999999999996,32.50078841196641,90.8,86662,1,1,synthetic_demo
35.3,50.7,36.156,35.3454527249087,93.1,86709,1,1,synthetic_demo
37.2,53.8,38.304,38.44470141616665,15.4,86756,1,1,synthetic_demo
39.1,56.9,40.452,41.827936002744714,17.7,86803,1,1,synthetic_demo
41,60,42.6,45.527227497240546,20,86850,1,1,synthetic_demo
42.9,63.1,44.748,49.57749489331441,22.3,86897,1,1,synthetic_demo
44.8,66.2,46.896,54.01669092338943,24.6,86944,1,1,synthetic_demo
29.7,69.3,32.044,32.13847975910322,26.9,86991,1,1,synthetic_demo
31.6,72.4,34.192,35.08324231036693,29.2,87038,1,1,synthetic_demo
33.5,75.5,36.34,38.28342270485857,31.5,87085,1,1,synthetic_demo
35.4,78.6,38.488,41.76783433547611,33.8,87132,1,1,synthetic_demo
37.3,81.7,40.635999999999996,45.56788935095513,36.1,87179,1,1,synthetic_demo
39.2,84.8,42.784000000000006,49.71777347327084,38.4,87226,1,1,synthetic_demo
41.1,87.9,44.932,54.25462810107738,40.7,87273,1,1,synthetic_demo
43,91,47.08,59.21873973943106,43,87320,1,1,synthetic_demo
44.9,94.1,49.227999999999994,64.65373678343403,45.3,87367,1,1,synthetic_demo
29.8,36.2,29.8,26.80413603024766,47.6,87414,1,1,synthetic_demo
31.7,39.3,31.7,29.134020351176808,49.9,87461,1,1,synthetic_demo
33.6,42.4,33.792,31.659280757490077,52.2,87508,1,1,synthetic_demo
35.5,45.5,35.94,34.40389996538349,54.5,87555,1,1,synthetic_demo
37.4,48.6,38.088,37.39416064803706,56.8,87602,1,1,synthetic_demo
39.3,51.7,40.236,40.65880820047325,59.1,87649,1,1,synthetic_demo
41.2,54.8,42.384,44.22922066627001,61.4,87696,1,1,synthetic_demo
43.1,57.9,44.532000000000004,48.139585881409474,63.7,87743,1,1,synthetic_demo
28,61,29.68,28.877627061605843,66,87790,1,1,synthetic_demo
29.9,64.1,31.828,31.520976413351484,68.3,87837,1,1,synthetic_demo
31.8,67.2,33.976,34.38654773462252,70.6,87884,1,1,synthetic_demo
33.7,70.3,36.124,37.50019346188809,72.9,87931,1,1,synthetic_demo
35.6,73.4,38.272000000000006,40.890165299708386,75.2,87978,1,1,synthetic_demo
37.5,76.5,40.42,44.58728051970042,77.5,88025,1,1,synthetic_demo
39.4,79.6,42.568,48.62509547554292,79.8,88072,1,1,synthetic_demo
41.3,82.7,44.715999999999994,53.0400863879445,82.1,88119,1,1,synthetic_demo
43.2,85.8,46.864000000000004,57.87183744111206,84.4,88166,1,1,synthetic_demo
28.1,88.9,32.012,33.155996680542145,86.7,88213,1,1,synthetic_demo
30,92,34.16,36.29122602644909,89,88260,1,1,synthetic_demo
31.9,95.1,36.308,39.69776626207283,91.3,88307,1,1,synthetic_demo
33.8,37.2,33.8,30.794964990295494,93.6,88354,1,1,synthetic_demo
35.7,40.3,35.724000000000004,33.43741526395243,15.9,88401,1,1,synthetic_demo
37.6,43.4,37.872,36.316401498226234,18.2,88448,1,1,synthetic_demo
39.5,46.5,40.02,39.46000342854468,20.5,88495,1,1,synthetic_demo
41.4,49.6,42.168,42.898896230444585,22.8,88542,1,1,synthetic_demo
43.3,52.7,44.315999999999995,46.666526318675075,25.1,88589,1,1,synthetic_demo
28.2,55.8,29.464,28.31557978527145,27.4,88636,0,1,synthetic_demo
30.1,58.9,31.612000000000002,30.884895570497807,29.7,88683,1,1,synthetic_demo
32,62,33.76,33.66948573053153,32,88730,1,1,synthetic_demo
33.9,65.1,35.908,36.69466453488023,34.3,88777,1,1,synthetic_demo
35.8,68.2,38.056,39.988113269073764,36.6,88824,1,1,synthetic_demo
37.7,71.3,40.204,43.58004524409098,38.9,88871,1,1,synthetic_demo
39.6,74.4,42.352000000000004,47.503378004895,41.2,88918,1,1,synthetic_demo
41.5,77.5,44.5,51.793912793263274,43.5,88965,1,1,synthetic_demo
43.4,80.6,46.647999999999996,56.49052130775073,45.8,89012,1,1,synthetic_demo
28.3,83.7,31.796,32.63868850294861,48.1,89059,1,1,synthetic_demo
30.2,86.8,33.944,35.70438423384222,50.4,89106,1,1,synthetic_demo
32.1,89.9,36.092,39.03481675133942,52.7,89153,1,1,synthetic_demo
34,93,38.24,42.659364141016866,55,89200,1,1,synthetic_demo
35.9,35.1,35.9,32.445632709301556,57.3,89247,1,1,synthetic_demo
37.8,38.2,37.8,35.21103003557443,59.6,89294,1,1,synthetic_demo
39.7,41.3,39.804,38.23109809592615,61.9,89341,1,1,synthetic_demo
41.6,44.4,41.952,41.53579923724834,64.2,89388,1,1,synthetic_demo
43.5,47.5,44.1,45.157828127443814,66.5,89435,1,1,synthetic_demo
28.4,50.6,29.247999999999998,27.736345009414777,68.8,89482,1,1,synthetic_demo
30.3,53.7,31.396,30.22994937426397,71.1,89529,1,1,synthetic_demo
32.2,56.8,33.544000000000004,32.931745185834586,73.4,89576,1,1,synthetic_demo
34.1,59.9,35.692,35.866500105501046,75.7,89623,1,1,synthetic_demo
36,63,37.84,39.06131620945915,78,89670,1,1,synthetic_demo
37.9,66.1,39.988,42.54579370421457,80.3,89717,1,1,synthetic_demo
39.8,69.2,42.135999999999996,46.35220182464613,82.6,89764,1,1,synthetic_demo
41.7,72.3,44.284000000000006,50.51565697110361,84.9,89811,1,1,synthetic_demo
43.6,75.4,46.432,55.074308129688724,87.2,89858,1,1,synthetic_demo
28.5,78.5,31.58,32.10460042268295,89.5,89905,1,1,synthetic_demo
30.4,81.6,33.727999999999994,35.0991188081063,91.8,89952,1,1,synthetic_demo
32.3,84.7,35.876,38.35166674972842,94.1,89999,1,1,synthetic_demo
34.2,87.8,38.024,41.89109972669596,16.4,90046,1,1,synthetic_demo
36.1,90.9,40.172000000000004,45.74886572261393,18.7,90093,1,1,synthetic_demo
38,94,42.32,49.959179606743625,21,90140,1,1,synthetic_demo
39.9,36.1,39.9,36.97166420016647,23.3,90187,1,1,synthetic_demo
41.8,39.2,41.8,40.13947007145658,25.6,90234,1,1,synthetic_demo
43.7,42.3,43.884,43.61299830700721,27.9,90281,1,1,synthetic_demo
28.6,45.4,29.032,27.13965367089055,30.2,90328,1,1,synthetic_demo
30.5,48.5,31.18,29.555846698841822,32.5,90375,1,1,synthetic_demo
32.4,51.6,33.327999999999996,32.173011512307454,34.8,90422,1,1,synthetic_demo
34.3,54.7,35.476,35.0153606644033,37.1,90469,1,1,synthetic_demo
36.2,57.8,37.624,38.109408171970514,39.4,90516,1,1,synthetic_demo
38.1,60.9,39.772,41.484131932795435,41.7,90563,1,1,synthetic_demo
40,64,41.92,45.17114330926967,44,90610,1,1,synthetic_demo
41.9,67.1,44.068,49.204863936233494,46.3,90657,1,1,synthetic_demo
43.8,70.2,46.215999999999994,53.62270979847251,48.6,90704,1,1,synthetic_demo
28.7,73.3,31.363999999999997,31.553466448412234,50.9,90751,1,1,synthetic_demo
30.6,76.4,33.512,34.47514189585611,53.2,90798,1,1,synthetic_demo
32.5,79.5,35.66,37.64800515073318,55.5,90845,1,1,synthetic_demo
34.4,82.6,37.808,41.10038067994702,57.8,90892,1,1,synthetic_demo
36.3,85.7,39.955999999999996,44.863153513177366,60.1,90939,1,1,synthetic_demo
38.2,88.8,42.104,48.96994233756324,62.4,90986,1,1,synthetic_demo
40.1,91.9,44.252,53.457279875182806,64.7,91033,1,1,synthetic_demo
42,95,46.4,58.36480058752065,67,91080,1,1,synthetic_demo
43.9,37.1,43.9,42.03153889805945,69.3,91127,1,1,synthetic_demo
28.8,40.2,28.816000000000003,26.52523360892203,71.6,91174,1,1,synthetic_demo
30.7,43.3,30.964,28.862293121720846,73.9,91221,1,1,synthetic_demo
32.6,46.4,33.112,31.392966617438855,76.2,91268,1,1,synthetic_demo
34.5,49.5,35.26,34.1409029817397,78.5,91315,1,1,synthetic_demo
36.4,52.6,37.408,37.132019262268024,80.8,91362,1,1,synthetic_demo
38.3,55.7,39.556,40.39466178333966,83.1,91409,1,1,synthetic_demo
40.2,58.8,41.704,43.959774411337975,85.4,91456,1,1,synthetic_demo
42.1,61.9,43.852000000000004,47.861074029854365,87.7,91503,1,1,synthetic_demo
44,65,46,52.13523327137199,90,91550,1,1,synthetic_demo
28.9,68.1,31.148,30.985017509074243,92.3,91597,1,1,synthetic_demo
30.8,71.2,33.296,33.83216236569199,94.6,91644,1,1,synthetic_demo
32.7,74.3,35.444,36.923517363044354,16.9,91691,1,1,synthetic_demo
34.6,77.4,37.592,40.286867491023834,19.2,91738,1,1,synthetic_demo
36.5,80.5,39.74,43.9525260111265,21.5,91785,1,1,synthetic_demo
38.4,83.6,41.888,47.95350626024056,23.8,91832,1,1,synthetic_demo
40.3,86.7,44.035999999999994,52.325700720220766,26.1,91879,1,1,synthetic_demo
42.2,89.8,46.184000000000005,57.10806739870267,28.4,91926,1,1,synthetic_demo
44.1,92.9,48.332,62.34282355407233,30.7,91973,1,1,synthetic_demo
29,35,29,25.892809538918183,33,92020,0,1,synthetic_demo
30.9,38.1,30.9,28.148990896369416,35.3,92067,1,1,synthetic_demo
32.8,41.2,32.896,30.591288875959794,37.6,92114,1,1,synthetic_demo
34.7,44.3,35.044000000000004,33.242780077525865,39.9,92161,1,1,synthetic_demo
36.6,47.4,37.192,36.12877560974956,42.2,92208,1,1,synthetic_demo
38.5,50.5,39.34,39.276980898127164,44.5,92255,1,1,synthetic_demo
40.4,53.6,41.488,42.71766262831305,46.8,92302,1,1,synthetic_demo
42.3,56.7,43.635999999999996,46.48382288518128,49.1,92349,1,1,synthetic_demo
44.2,59.8,45.784000000000006,50.61138053574271,51.4,92396,1,1,synthetic_demo
29.1,62.9,30.932000000000002,30.398981427763932,53.7,92443,1,1,synthetic_demo
31,66,33.08,33.169885780951375,56,92490,1,1,synthetic_demo
32.9,69.1,35.227999999999994,36.17788528215068,58.3,92537,1,1,synthetic_demo
34.8,72.2,37.376,39.45021692040604,60.6,92584,1,1,synthetic_demo
36.7,75.3,39.524,43.01661331494852,62.9,92631,1,1,synthetic_demo
38.6,78.4,41.672000000000004,46.90947322377936,65.2,92678,1,1,synthetic_demo
40.5,81.5,43.82,51.16403930142806,67.5,92725,1,1,synthetic_demo
42.4,84.6,45.967999999999996,55.818583152613144,69.8,92772,1,1,synthetic_demo
44.3,87.7,48.116,60.914597716034095,72.1,92819,1,1,synthetic_demo
29.2,90.8,33.263999999999996,34.9564615696006,74.4,92866,1,1,synthetic_demo
31.1,93.9,35.412,38.24719741750317,76.7,92913,1,1,synthetic_demo
33,36,33,29.76765310122457,79,92960,1,1,synthetic_demo
34.9,39.1,34.9,32.320641191853106,81.3,93007,1,1,synthetic_demo
36.8,42.2,36.976,35.099299336582284,83.6,93054,1,1,synthetic_demo
38.7,45.3,39.124,38.13068267605076,85.9,93101,1,1,synthetic_demo
40.6,48.4,41.272,41.444370969182614,88.2,93148,1,1,synthetic_demo
42.5,51.5,43.42,45.07264139286747,90.5,93195,1,1,synthetic_demo
44.4,54.6,45.568,49.05064857323195,92.8,93242,1,1,synthetic_demo
29.3,57.7,30.716,29.795082895475662,15.1,93289,1,1,synthetic_demo
31.2,60.8,32.864,32.48801437231399,17.4,93336,1,1,synthetic_demo
33.1,63.9,35.012,35.4107872617912,19.7,93383,1,1,synthetic_demo
35,67,37.16,38.59008196908414,22,93430,1,1,synthetic_demo
36.9,70.1,39.308,42.05504153715174,24.3,93477,1,1,synthetic_demo
38.8,73.2,41.455999999999996,45.8374408558723,26.6,93524,1,1,synthetic_demo
40.7,76.3,43.604,49.9718631041453,28.9,93571,1,1,synthetic_demo
42.6,79.4,45.752,54.49588347297143,31.2,93618,1,1,synthetic_demo
44.5,82.5,47.9,59.45026020506057,33.5,93665,1,1,synthetic_demo
29.4,85.6,33.048,34.399864167183765,35.8,93712,1,1,synthetic_demo
31.3,88.7,35.196,37.61734054634154,38.1,93759,1,1,synthetic_demo
33.2,91.8,37.344,41.11644355225527,40.4,93806,1,1,synthetic_demo
35.1,94.9,39.492000000000004,44.928065001322594,42.7,93853,1,1,synthetic_demo
37,37,37,34.043208526582376,45,93900,1,1,synthetic_demo
38.9,40.1,38.908,36.95535624030164,47.3,93947,1,1,synthetic_demo
40.8,43.2,41.056,40.139457920941595,49.6,93994,1,1,synthetic_demo
42.7,46.3,43.204,43.627055666273435,51.9,94041,1,1,synthetic_demo
44.6,49.4,45.352000000000004,47.4525293238284,54.2,94088,1,1,synthetic_demo
29.5,52.5,30.5,29.17304344470072,56.5,94135,1,1,synthetic_demo
31.4,55.6,32.647999999999996,31.786247010260215,58.8,94182,1,1,synthetic_demo
33.3,58.7,34.796,34.62189808525888,61.1,94229,1,1,synthetic_demo
35.2,61.8,36.944,37.70611184869394,63.4,94276,1,1,synthetic_demo
37.1,64.9,39.092,41.06743277321826,65.7,94323,1,1,synthetic_demo
39,68,41.24,44.73700253066018,68,94370,1,1,synthetic_demo
40.9,71.1,43.388,48.748735114701404,70.3,94417,1,1,synthetic_demo
42.8,74.2,45.535999999999994,53.139499230022004,72.6,94464,1,1,synthetic_demo
44.7,77.3,47.684000000000005,57.949307984792874,74.9,94511,1,1,synthetic_demo
29.6,80.4,32.832,33.82555294351734,77.2,94558,1,1,synthetic_demo
31.5,83.5,34.98,36.96805020872334,79.5,94605,1,1,synthetic_demo
33.4,86.6,37.128,40.38516967387166,81.8,94652,1,1,synthetic_demo
35.3,89.7,39.275999999999996,44.1072625133,84.1,94699,1,1,synthetic_demo
37.2,92.8,41.42400000000001,48.167373446473334,86.4,94746,1,1,synthetic_demo
39.1,95.9,43.572,52.60141937896693,88.7,94793,1,1,synthetic_demo
41,38,41,38.80247741491901,91,94840,1,1,synthetic_demo
42.9,41.1,42.988,42.14658700658038,93.3,94887,1,1,synthetic_demo
44.8,44.2,45.135999999999996,45.816509649755474,15.6,94934,1,1,synthetic_demo
29.7,47.3,30.284,28.532581422879975,17.9,94981,0,1,synthetic_demo
31.6,50.4,32.432,31.064279177382506,20.2,95028,1,1,synthetic_demo
33.5,53.5,34.58,33.810888936555415,22.5,95075,1,1,synthetic_demo
35.4,56.6,36.728,36.79795195150061,24.8,95122,1,1,synthetic_demo
37.3,59.7,38.876,40.05340507040417,27.1,95169,1,1,synthetic_demo
39.2,62.8,41.024,43.60774733633737,29.4,95216,1,1,synthetic_demo
41.1,65.9,43.172000000000004,47.49421378681455,31.7,95263,1,1,synthetic_demo
43,69,45.32,51.74895650572245,34,95310,1,1,synthetic_demo
44.9,72.1,47.467999999999996,56.41123296584051,36.3,95357,1,1,synthetic_demo
29.8,75.2,32.616,33.23324943300066,38.6,95404,1,1,synthetic_demo
31.7,78.3,34.763999999999996,36.29902527982554,40.9,95451,1,1,synthetic_demo
33.6,81.4,36.912,39.632279567445565,43.2,95498,1,1,synthetic_demo
35.5,84.5,39.06,43.26281422142648,45.5,95545,1,1,synthetic_demo
37.4,87.6,41.208,47.22309203226433,47.8,95592,1,1,synthetic_demo
39.3,90.7,43.355999999999995,51.548413999669705,50.1,95639,1,1,synthetic_demo
41.2,93.8,45.504000000000005,56.2771039871556,52.4,95686,1,1,synthetic_demo
43.1,35.9,43.1,40.63075186774785,54.7,95733,1,1,synthetic_demo
28,39,28,25.609499268895537,57,95780,1,1,synthetic_demo
29.9,42.1,30.067999999999998,27.87341196571135,59.3,95827,1,1,synthetic_demo
31.8,45.2,32.216,30.32180294054967,61.6,95874,1,1,synthetic_demo
33.7,48.3,34.364000000000004,32.97742737139679,63.9,95921,1,1,synthetic_demo
35.6,51.4,36.512,35.865243820231754,66.2,95968,1,1,synthetic_demo
37.5,54.5,38.66,39.01257239638788,68.5,96015,1,1,synthetic_demo
39.4,57.6,40.808,42.449260042603925,70.8,96062,1,1,synthetic_demo
41.3,60.7,42.955999999999996,46.207853007838345,73.1,96109,1,1,synthetic_demo
43.2,63.8,45.104,50.323776558775634,75.4,96156,1,1,synthetic_demo
28.1,66.9,30.252000000000002,29.868791652736444,77.7,96203,1,1,synthetic_demo
30,70,32.4,32.622671976646046,80,96250,1,1,synthetic_demo
31.9,73.1,34.548,35.60996123824947,82.3,96297,1,1,synthetic_demo
33.8,76.2,36.696,38.85744441560528,84.6,96344,1,1,synthetic_demo
35.7,79.3,38.844,42.39436551939027,86.9,96391,1,1,synthetic_demo
37.6,82.4,40.992000000000004,46.25259639294566,89.2,96438,1,1,synthetic_demo
39.5,85.5,43.14,50.46681275571119,91.5,96485,1,1,synthetic_demo
41.4,88.6,45.288,55.07467754067319,93.8,96532,1,1,synthetic_demo
43.3,91.7,47.436,60.1170315639944,16.1,96579,1,1,synthetic_demo
28.2,94.8,32.583999999999996,34.17688823734289,18.4,96626,1,1,synthetic_demo
30.1,36.9,30.1,27.195246970311867,20.7,96673,1,1,synthetic_demo
32,40,32,29.55850692292357,23,96720,1,1,synthetic_demo
33.9,43.1,34.147999999999996,32.12117728806971,25.3,96767,1,1,synthetic_demo
35.8,46.2,36.296,34.90762511775964,27.6,96814,1,1,synthetic_demo
37.7,49.3,38.444,37.94454460776557,29.9,96861,1,1,synthetic_demo
39.6,52.4,40.592,41.261121067963686,32.2,96908,1,1,synthetic_demo
41.5,55.5,42.74,44.88920206485305,34.5,96955,1,1,synthetic_demo
43.4,58.6,44.888,48.86347578950611,36.8,97002,1,1,synthetic_demo
28.3,61.7,30.036,29.31303800038148,39.1,97049,1,1,synthetic_demo
30.2,64.8,32.184,31.993535695310786,41.4,97096,1,1,synthetic_demo
32.1,67.9,34.332,34.900550138108414,43.7,97143,1,1,synthetic_demo
34,71,36.48,38.06033176357201,46,97190,1,1,synthetic_demo
35.9,74.1,38.628,41.50155794185885,48.3,97237,1,1,synthetic_demo
37.8,77.2,40.775999999999996,45.255500490742044,50.6,97284,1,1,synthetic_demo
39.7,80.3,42.924,49.356200414113076,52.9,97331,1,1,synthetic_demo
41.6,83.4,45.072,53.840649918615135,55.2,97378,1,1,synthetic_demo
43.5,86.5,47.22,58.748981747871376,57.5,97425,1,1,synthetic_demo
28.4,89.6,32.367999999999995,33.66615242773841,59.8,97472,1,1,synthetic_demo
30.3,92.7,34.516,36.84604109858975,62.1,97519,1,1,synthetic_demo
32.2,95.8,36.664,40.30215825357311,64.4,97566,1,1,synthetic_demo
34.1,37.9,34.1,31.241798898138395,66.7,97613,1,1,synthetic_demo
36,41,36.08,33.92472959663215,69,97660,1,1,synthetic_demo
37.9,44.1,38.228,36.84892741839428,71.3,97707,1,1,synthetic_demo
39.8,47.2,40.376,40.042906446868464,73.6,97754,1,1,synthetic_demo
41.7,50.3,42.524,43.53780561060182,75.9,97801,1,1,synthetic_demo
43.6,53.4,44.672000000000004,47.36756570458061,78.2,97848,1,1,synthetic_demo
28.5,56.5,29.82,28.74011368002021,80.5,97895,1,1,synthetic_demo
30.4,59.6,31.968,31.345552462783523,82.8,97942,1,1,synthetic_demo
32.3,62.7,34.116,34.17048058096779,85.1,97989,1,1,synthetic_demo
34.2,65.8,36.264,37.24060548993843,87.4,98036,1,1,synthetic_demo
36.1,68.9,38.412,40.5840291340825,89.7,98083,1,1,synthetic_demo
38,72,40.56,44.23141416686746,92,98130,1,1,synthetic_demo
39.9,75.1,42.708,48.21615738040173,94.3,98177,1,1,synthetic_demo
41.8,78.2,44.855999999999995,52.57457039765062,16.6,98224,1,1,synthetic_demo
43.7,81.3,47.004000000000005,57.346067668077694,18.9,98271,1,1,synthetic_demo
28.6,84.4,32.152,33.13865572297715,21.2,98318,0,1,synthetic_demo
30.5,87.5,34.3,36.24804301337442,23.5,98365,1,1,synthetic_demo
32.4,90.6,36.448,39.62700858556309,25.8,98412,1,1,synthetic_demo
34.3,93.7,38.596,43.3053636975245,28.1,98459,1,1,synthetic_demo
36.2,35.8,36.2,32.91618706845233,30.4,98506,1,1,synthetic_demo
38.1,38.9,38.1,35.72532236758198,32.7,98553,1,1,synthetic_demo
40,42,40.16,38.794187796708215,35,98600,1,1,synthetic_demo
41.9,45.1,42.308,42.15320362927169,37.3,98647,1,1,synthetic_demo
43.8,48.2,44.455999999999996,45.8355528815723,39.6,98694,1,1,synthetic_demo
28.7,51.3,29.604,28.149749369761906,41.9,98741,1,1,synthetic_demo
30.6,54.4,31.752000000000002,30.67843087872477,44.2,98788,1,1,synthetic_demo
32.5,57.5,33.9,33.4194376876372,46.5,98835,1,1,synthetic_demo
34.4,60.6,36.048,36.39792577729769,48.8,98882,1,1,synthetic_demo
36.3,63.7,38.196,39.64141282134654,51.1,98929,1,1,synthetic_demo
38.2,66.8,40.344,43.17994310978857,53.4,98976,1,1,synthetic_demo
40.1,69.9,42.492000000000004,47.04625966567224,55.7,99023,1,1,synthetic_demo
42,73,44.64,51.27598360935797,58,99070,1,1,synthetic_demo
43.9,76.1,46.788,55.90780081246158,60.3,99117,1,1,synthetic_demo
28.8,79.2,31.936,32.59413188623444,62.6,99164,1,1,synthetic_demo
30.7,82.3,34.083999999999996,35.63135390109989,64.9,99211,1,1,synthetic_demo
32.6,85.4,36.232,38.931369593303415,67.2,99258,1,1,synthetic_demo
34.5,88.5,38.38,42.523462906746744,69.5,99305,1,1,synthetic_demo
36.4,91.6,40.528,46.43953924759983,71.8,99352,1,1,synthetic_demo
38.3,94.7,42.675999999999995,50.71430109303887,74.1,99399,1,1,synthetic_demo
40.2,36.8,40.2,37.51453228464689,76.4,99446,1,1,synthetic_demo
42.1,39.9,42.1,40.73493140211937,78.7,99493,1,1,synthetic_demo
44,43,44.24,44.26693893336916,81,99540,1,1,synthetic_demo
28.9,46.1,29.387999999999998,27.541672645643505,83.3,99587,1,1,synthetic_demo
30.8,49.2,31.536,29.991876241461323,85.6,99634,1,1,synthetic_demo
32.7,52.3,33.684000000000005,32.647103069814534,87.9,99681,1,1,synthetic_demo
34.6,55.4,35.832,35.531949082722484,90.2,99728,1,1,synthetic_demo
36.5,58.5,37.98,38.673338778272054,92.5,99775,1,1,synthetic_demo
38.4,61.6,40.128,42.10068882333515,94.8,99822,1,1,synthetic_demo
40.3,64.7,42.275999999999996,45.84607885349808,17.1,99869,1,1,synthetic_demo
42.2,67.8,44.424,49.94442950592473,19.4,99916,1,1,synthetic_demo
44.1,70.9,46.572,54.43368772856543,21.7,99963,1,1,synthetic_demo
29,74,31.72,32.032311596569876,24,10010,1,1,synthetic_demo
30.9,77.1,33.867999999999995,34.995682365094005,26.3,10057,1,1,synthetic_demo
32.8,80.2,36.016,38.21492640417416,28.6,10104,1,1,synthetic_demo
34.7,83.3,38.164,41.71879188392561,30.9,10151,1,1,synthetic_demo
36.6,86.4,40.312000000000005,45.538616301315656,33.2,10198,1,1,synthetic_demo
38.5,89.5,42.46,49.70850079965112,35.5,10245,1,1,synthetic_demo
40.4,92.6,44.608,54.265491779510974,37.8,10292,1,1,synthetic_demo
42.3,95.7,46.756,59.249769843242476,40.1,10339,1,1,synthetic_demo
44.2,37.8,44.2,42.661220472425995,42.4,10386,1,1,synthetic_demo
29.1,40.9,29.172,26.915607955414067,44.7,10433,1,1,synthetic_demo
31,44,31.32,29.28559052063425,47,10480,1,1,synthetic_demo
32.9,47.1,33.467999999999996,31.853154801581727,49.3,10527,1,1,synthetic_demo
34.8,50.2,35.616,34.64232810809395,51.6,10574,1,1,synthetic_demo
36.7,53.3,37.764,37.679432797964886,53.9,10621,1,1,synthetic_demo
38.6,56.4,39.912,40.9932485946576,56.2,10668,1,1,synthetic_demo
40.5,59.5,42.06,44.61518206668674,58.5,10715,1,1,synthetic_demo
42.4,62.6,44.208,48.579443325692466,60.8,10762,1,1,synthetic_demo
44.3,65.7,46.355999999999995,52.92322998795257,63.1,10809,1,1,synthetic_demo
29.2,68.8,31.503999999999998,31.45292242278107,65.4,10856,1,1,synthetic_demo
31.1,71.9,33.652,34.340733698812336,67.7,10903,1,1,synthetic_demo
33,75,35.8,37.477360627551185,70,10950,1,1,synthetic_demo
34.9,78.1,37.948,40.891007086540355,72.3,10997,1,1,synthetic_demo
36.8,81.2,40.096,44.612433794561184,74.6,11044,1,1,synthetic_demo
38.7,84.3,42.244,48.67513133755142,76.9,11091,1,1,synthetic_demo
40.6,87.4,44.392,53.11550046914382,79.2,11138,1,1,synthetic_demo
42.5,90.5,46.54,57.97303972921371,81.5,11185,1,1,synthetic_demo
44.4,93.6,48.687999999999995,63.290540411254774,83.8,11232,1,1,synthetic_demo
29.3,35.7,29.3,26.27127659217472,86.1,11279,1,1,synthetic_demo
31.2,38.8,31.2,28.559272329700377,88.4,11326,1,1,synthetic_demo
33.1,41.9,33.252,31.03726739075198,90.7,11373,1,1,synthetic_demo
35,45,35.4,33.72871177028039,93,11420,1,1,synthetic_demo
36.9,48.1,37.548,36.659316661012824,15.3,11467,1,1,synthetic_demo
38.8,51.2,39.696,39.8572154620309,17.6,11514,1,1,synthetic_demo
40.7,54.3,41.844,43.3531319338806,19.9,11561,1,1,synthetic_demo
42.6,57.4,43.992000000000004,47.1805555585461,22.2,11608,1,1,synthetic_demo
44.5,60.5,46.14,51.375924150377756,24.5,11655,1,1,synthetic_demo
29.4,63.6,31.288,30.85568879711317,26.8,11702,1,1,synthetic_demo
31.3,66.7,33.436,33.66620985841015,29.1,11749,1,1,synthetic_demo
33.2,69.8,35.584,36.718350326224595,31.4,11796,1,1,synthetic_demo
35.1,72.9,37.732,40.039761207549176,33.7,11843,1,1,synthetic_demo
37,76,39.88,43.660617514061094,36,11890,1,1,synthetic_demo
38.9,79.1,42.028,47.61378999022095,38.3,11937,1,1,synthetic_demo
40.8,82.2,44.175999999999995,51.93502409956943,40.6,11984,1,1,synthetic_demo
42.7,85.3,46.324000000000005,56.66312631389037,42.9,12031,1,1,synthetic_demo
44.6,88.4,48.472,61.84015773737714,45.2,12078,1,1,synthetic_demo
29.5,91.5,33.62,35.49219000362125,47.5,12125,1,1,synthetic_demo
31.4,94.6,35.768,38.8304094814859,49.8,12172,1,1,synthetic_demo
33.3,36.7,33.3,30.19911175006816,52.1,12219,1,1,synthetic_demo
35.2,39.8,35.2,32.790745171165355,54.4,12266,1,1,synthetic_demo
37.1,42.9,37.332,35.61260810433071,56.7,12313,1,1,synthetic_demo
39,46,39.48,38.692178182505415,59,12360,1,1,synthetic_demo
40.9,49.1,41.628,42.059486556003364,61.3,12407,1,1,synthetic_demo
42.8,52.2,43.775999999999996,45.747291911147556,63.6,12454,1,1,synthetic_demo
44.7,55.3,45.924,49.79126172780136,65.9,12501,1,1,synthetic_demo
29.6,58.4,31.072000000000003,30.240331988823538,68.2,12548,1,1,synthetic_demo
31.5,61.5,33.22,32.97180943516749,70.5,12595,1,1,synthetic_demo
33.4,64.6,35.367999999999995,35.937569987668695,72.8,12642,1,1,synthetic_demo
35.3,67.7,37.516,39.16470314548952,75.1,12689,1,1,synthetic_demo
37.2,70.8,39.664,42.68278922424905,77.4,12736,1,1,synthetic_demo
39.1,73.9,41.812000000000005,46.52406978212363,79.7,12783,1,1,synthetic_demo
41,77,43.96,50.72362528812537,82,12830,1,1,synthetic_demo
42.9,80.1,46.108,55.31956007851797,84.3,12877,1,1,synthetic_demo
44.8,83.2,48.256,60.353194634833855,86.6,12924,1,1,synthetic_demo
29.7,86.3,33.403999999999996,34.92485574618482,88.9,12971,1,1,synthetic_demo
31.6,89.4,35.552,38.18880473130944,91.2,13018,1,1,synthetic_demo
33.5,92.5,37.7,41.73947152582011,93.5,13065,1,1,synthetic_demo
35.4,95.6,39.848,45.608197995820824,15.8,13112,1,1,synthetic_demo
37.3,37.7,37.3,34.53892078985322,18.1,13159,1,1,synthetic_demo
39.2,40.8,39.264,37.49772119940389,20.4,13206,1,1,synthetic_demo
41.1,43.9,41.412,40.73379947255172,22.7,13253,1,1,synthetic_demo
43,47,43.56,44.279173272013836,25,13300,1,1,synthetic_demo
44.9,50.1,45.708,48.16872914824702,27.3,13347,1,1,synthetic_demo
29.8,53.2,30.856,29.60657007760153,29.6,13394,0,1,synthetic_demo
31.7,56.3,33.004,32.25722762776728,31.9,13441,1,1,synthetic_demo
33.6,59.4,35.152,35.13469049516298,34.2,13488,1,1,synthetic_demo
35.5,62.5,37.3,38.265477974427874,36.5,13535,1,1,synthetic_demo
37.4,65.6,39.448,41.678566636033565,38.8,13582,1,1,synthetic_demo
39.3,68.7,41.596,45.40555944627684,41.1,13629,1,1,synthetic_demo
41.2,71.8,43.744,49.48086211383553,43.4,13676,1,1,synthetic_demo
43.1,74.9,45.892,53.94186671014802,45.7,13723,1,1,synthetic_demo
28,78,31.04,31.402998537791078,48,13770,1,1,synthetic_demo
29.9,81.1,33.187999999999995,34.3395489410734,50.3,13817,1,1,synthetic_demo
31.8,84.2,35.336,37.52748689367881,52.6,13864,1,1,synthetic_demo
33.7,87.3,37.484,40.99505816817681,54.9,13911,1,1,synthetic_demo
35.6,90.4,39.632000000000005,44.77305917021305,57.2,13958,1,1,synthetic_demo
37.5,93.5,41.78,48.89500952407829,59.5,14005,1,1,synthetic_demo
39.4,35.6,39.4,36.27342460966493,61.8,14052,1,1,synthetic_demo
41.3,38.7,41.3,39.37561962773219,64.1,14099,1,1,synthetic_demo
43.2,41.8,43.344,42.775715676439205,66.4,14146,1,1,synthetic_demo
28.1,44.9,28.492,26.581586624930736,68.7,14193,1,1,synthetic_demo
30,48,30.64,28.954117926843,71,14240,1,1,synthetic_demo
31.9,51.1,32.788,31.5221562144261,73.3,14287,1,1,synthetic_demo
33.8,54.2,34.936,34.30937909876386,75.6,14334,1,1,synthetic_demo
35.7,57.3,37.084,37.34172691375866,77.9,14381,1,1,synthetic_demo
37.6,60.4,39.232,40.64756337541162,80.2,14428,1,1,synthetic_demo
39.5,63.5,41.38,44.257843391668544,82.5,14475,1,1,synthetic_demo
41.4,66.6,43.528,48.20628808362116,84.8,14522,1,1,synthetic_demo
43.3,69.7,45.675999999999995,52.52956706663478,87.1,14569,1,1,synthetic_demo
28.2,72.8,30.823999999999998,30.87050911053336,89.4,14616,1,1,synthetic_demo
30.1,75.9,32.972,33.735987670641485,91.7,14663,1,1,synthetic_demo
32,79,35.12,36.84615117277404,94,14710,1,1,synthetic_demo
33.9,82.1,37.268,40.228722861961096,16.3,14757,1,1,synthetic_demo
35.8,85.2,39.416,43.91394502236194,18.6,14804,1,1,synthetic_demo
37.7,88.3,41.564,47.934750281251524,20.9,14851,1,1,synthetic_demo
39.6,91.4,43.712,52.32694018343284,23.2,14898,1,1,synthetic_demo
41.5,94.5,45.86,57.129371083398446,25.5,14945,1,1,synthetic_demo
43.4,36.6,43.4,41.2364302712615,27.8,14992,1,1,synthetic_demo
28.3,39.7,28.3,25.987387497814336,30.1,15039,0,1,synthetic_demo
30.2,42.8,30.424,28.282687156779346,32.4,15086,1,1,synthetic_demo
32.1,45.9,32.572,30.766283524877412,34.7,15133,1,1,synthetic_demo
34,49,34.72,33.46129938612716,37,15180,1,1,synthetic_demo
35.9,52.1,36.868,36.393087297852176,39.3,15227,1,1,synthetic_demo
37.8,55.2,39.016,39.58938895192954,41.6,15274,1,1,synthetic_demo
39.7,58.3,41.164,43.08050167052045,43.9,15321,1,1,synthetic_demo
41.6,61.4,43.312000000000005,46.899452098356946,46.2,15368,1,1,synthetic_demo
43.5,64.5,45.46,51.08217714147634,48.5,15415,1,1,synthetic_demo
28.4,67.6,30.607999999999997,30.321132858427642,50.8,15462,1,1,synthetic_demo
30.3,70.7,32.756,33.113886792559825,53.1,15509,1,1,synthetic_demo
32.2,73.8,34.904,36.14448934356676,55.4,15556,1,1,synthetic_demo
34.1,76.9,37.052,39.44013285664492,57.7,15603,1,1,synthetic_demo
36,80,39.2,43.03049677391638,60,15650,1,1,synthetic_demo
37.9,83.1,41.348,46.94791765234842,62.3,15697,1,1,synthetic_demo
39.8,86.2,43.495999999999995,51.22756643474706,64.6,15744,1,1,synthetic_demo
41.7,89.3,45.644000000000005,55.907633022400454,66.9,15791,1,1,synthetic_demo
43.6,92.4,47.792,61.029518185454094,69.2,15838,1,1,synthetic_demo
28.5,95.5,32.94,34.70443108746779,71.5,15885,1,1,synthetic_demo
30.4,37.6,30.4,27.59198611746075,73.8,15932,1,1,synthetic_demo
32.3,40.7,32.355999999999995,29.989294412207165,76.1,15979,1,1,synthetic_demo
34.2,43.8,34.504000000000005,32.5901112531809,78.4,16026,1,1,synthetic_demo
36.1,46.9,36.652,35.41919254555108,80.7,16073,1,1,synthetic_demo
38,50,38.8,38.50364872699129,83,16120,1,1,synthetic_demo
39.9,53.1,40.948,41.87310994539723,85.3,16167,1,1,synthetic_demo
41.8,56.2,43.096,45.55989841877194,87.6,16214,1,1,synthetic_demo
43.7,59.3,45.244,49.599208028499476,89.9,16261,1,1,synthetic_demo
28.6,62.4,30.392000000000003,29.754603283338557,92.2,16308,1,1,synthetic_demo
30.5,65.5,32.54,32.47295791286885,94.5,16355,1,1,synthetic_demo
32.4,68.6,34.687999999999995,35.422189723726575,16.8,16402,1,1,synthetic_demo
34.3,71.7,36.836,38.6289517301228,19.1,16449,1,1,synthetic_demo
36.2,74.8,38.984,42.122351751961844,21.4,16496,1,1,synthetic_demo
38.1,77.9,41.132000000000005,45.93412114227857,23.7,16543,1,1,synthetic_demo
40,81,43.28,50.09879075079442,26,16590,1,1,synthetic_demo
41.9,84.1,45.428,54.65387417343125,28.3,16637,1,1,synthetic_demo
43.8,87.2,47.576,59.64005832516814,30.6,16684,1,1,synthetic_demo
28.7,90.3,32.724,34.183611463732944,32.9,16731,1,1,synthetic_demo
30.6,93.4,34.872,37.40896404545761,35.2,16778,1,1,synthetic_demo
32.5,35.5,32.5,29.19087022454123,37.5,16825,0,1,synthetic_demo
34.4,38.6,34.4,31.695470874648368,39.8,16872,1,1,synthetic_demo
36.3,41.7,36.436,34.41967212951571,42.1,16919,1,1,synthetic_demo
38.2,44.8,38.584,37.38994388201389,44.4,16966,1,1,synthetic_demo
40.1,47.9,40.732,40.635239456161656,46.7,17013,1,1,synthetic_demo
42,51,42.88,44.187166631195296,49,17060,1,1,synthetic_demo
43.9,54.1,45.028,48.080165886388585,51.3,17107,1,1,synthetic_demo
28.8,57.2,30.176000000000002,29.170650806724876,53.6,17154,1,1,synthetic_demo
30.7,60.3,32.324,31.812909358886078,55.9,17201,1,1,synthetic_demo
32.6,63.4,34.472,34.67893714537981,58.2,17248,1,1,synthetic_demo
34.5,66.5,36.62,37.79483935930688,60.5,17295,1,1,synthetic_demo
36.4,69.6,38.768,41.1891433584383,62.8,17342,1,1,synthetic_demo
38.3,72.7,40.916,44.89296609782393,65.1,17389,1,1,synthetic_demo
40.2,75.8,43.064,48.940188781962895,67.4,17436,1,1,synthetic_demo
42.1,78.9,45.212,53.36763878764958,69.7,17483,1,1,synthetic_demo
44,82,47.36,58.21527889619236,72,17530,1,1,synthetic_demo
28.9,85.1,32.507999999999996,33.64578399445254,74.3,17577,1,1,synthetic_demo
30.8,88.2,34.656,36.799656188961144,76.6,17624,1,1,synthetic_demo
32.7,91.3,36.804,40.22801931690376,78.9,17671,1,1,synthetic_demo
34.6,94.4,38.952,43.961122624711244,81.2,17718,1,1,synthetic_demo
36.5,36.5,36.5,33.39415154541761,83.5,17765,1,1,synthetic_demo
38.4,39.6,38.4,36.247871386429736,85.8,17812,1,1,synthetic_demo
40.3,42.7,40.516,39.3664569867754,88.1,17859,1,1,synthetic_demo
42.2,45.8,42.664,42.78079161314679,90.4,17906,1,1,synthetic_demo
44.1,48.9,44.812000000000005,46.52455190305852,92.7,17953,1,1,synthetic_demo
29,52,29.96,28.569002743535588,15,18000,0,1,synthetic_demo
30.9,55.1,32.108,31.133446151967316,17.3,18047,0,1,synthetic_demo
32.8,58.2,34.256,33.9144129267199,19.6,18094,1,1,synthetic_demo
34.7,61.3,36.404,36.93745189057191,21.9,18141,1,1,synthetic_demo
36.6,64.4,38.552,40.230501039406576,24.2,18188,1,1,synthetic_demo
38.5,67.5,40.7,43.82405367571453,26.5,18235,1,1,synthetic_demo
40.4,70.6,42.848,47.751331745501886,28.8,18282,1,1,synthetic_demo
42.3,73.7,44.995999999999995,52.04846643100282,31.1,18329,1,1,synthetic_demo
44.2,76.8,47.144000000000005,56.754686039214725,33.4,18376,1,1,synthetic_demo
29.1,79.9,32.292,33.09067911094337,35.7,18423,1,1,synthetic_demo
31,83,34.44,36.1713866639237,38,18470,1,1,synthetic_demo
32.9,86.1,36.588,39.519722471681234,40.3,18517,1,1,synthetic_demo
34.8,89.2,38.736,43.16540372991993,42.6,18564,1,1,synthetic_demo
36.7,92.3,40.884,47.14079825989042,44.9,18611,1,1,synthetic_demo
38.6,95.4,43.032000000000004,51.48110134628254,47.2,18658,1,1,synthetic_demo
40.5,37.5,40.5,38.06632483194542,49.5,18705,1,1,synthetic_demo
42.4,40.6,42.448,41.34030349877179,51.8,18752,1,1,synthetic_demo
44.3,43.7,44.596,44.93186225987104,54.1,18799,1,1,synthetic_demo
29.2,46.8,29.744,27.94938327596154,56.4,18846,1,1,synthetic_demo
31.1,49.9,31.892000000000003,30.434269980121496,58.7,18893,1,1,synthetic_demo
33,53,34.04,33.128294843469504,61,18940,1,1,synthetic_demo
34.9,56.1,36.187999999999995,36.056441710050116,63.3,18987,1,1,synthetic_demo
36.8,59.2,38.336,39.24605025416283,65.6,19034,1,1,synthetic_demo
38.7,62.3,40.484,42.726980810551055,67.9,19081,1,1,synthetic_demo
40.6,65.4,42.632000000000005,46.53178639224262,70.2,19128,1,1,synthetic_demo
42.5,68.5,44.78,50.69589194973634,72.5,19175,1,1,synthetic_demo
44.4,71.6,46.928,55.25778091288292,74.8,19222,1,1,synthetic_demo
29.3,74.7,32.076,32.51802412984458,77.1,19269,1,1,synthetic_demo
31.2,77.8,34.224,35.52386049615179,79.4,19316,1,1,synthetic_demo
33.1,80.9,36.372,38.790325343957875,81.7,19363,1,1,synthetic_demo
35,84,38.52,42.34659530452339,84,19410,1,1,synthetic_demo
36.9,87.1,40.668,46.224465305077274,86.3,19457,1,1,synthetic_demo
38.8,90.2,42.815999999999995,50.45852411474975,88.6,19504,1,1,synthetic_demo
40.7,93.3,44.964000000000006,55.08633719025893,90.9,19551,1,1,synthetic_demo
42.6,35.4,42.6,39.865227644120765,93.2,19598,1,1,synthetic_demo
44.5,38.5,44.5,43.30158809569494,15.5,19645,1,1,synthetic_demo
29.4,41.6,29.528,27.31151342704258,17.8,19692,0,0,synthetic_demo
31.3,44.7,31.676000000000002,29.715079170478766,20.1,19739,1,1,synthetic_demo
33.2,47.8,33.824000000000005,32.32025710019392,22.4,19786,1,1,synthetic_demo
35.1,50.9,35.972,35.151457413775766,24.7,19833,1,1,synthetic_demo
37,54,38.12,38.2354124442013,27,19880,1,1,synthetic_demo
38.9,57.1,40.268,41.60134018257416,29.3,19927,1,1,synthetic_demo
40.8,60.2,42.416,45.28111497316398,31.6,19974,1,1,synthetic_demo
42.7,63.3,44.564,49.30944543574749,33.9,20021,1,1,synthetic_demo
44.6,66.4,46.712,53.72405965793939,36.2,20068,1,1,synthetic_demo
29.5,69.5,31.86,31.92754322679429,38.5,20115,1,1,synthetic_demo
31.4,72.6,34.007999999999996,34.85677936951244,40.8,20162,1,1,synthetic_demo
33.3,75.7,36.156,38.03950570790626,43.1,20209,1,1,synthetic_demo
35.2,78.8,38.304,41.504349735875124,45.4,20256,1,1,synthetic_demo
37.1,81.9,40.452,45.28252456281317,47.7,20303,1,1,synthetic_demo
39,85,42.6,49.40800316332522,50,20350,1,1,synthetic_demo
40.9,88.1,44.748,53.91769991005898,52.3,20397,1,1,synthetic_demo
42.8,91.2,46.896,58.85165943097044,54.6,20444,1,1,synthetic_demo
44.7,94.3,49.044000000000004,64.25325281974085,56.9,20491,1,1,synthetic_demo
29.6,36.4,29.6,26.655111034129742,59.2,20538,1,1,synthetic_demo
31.5,39.5,31.5,28.975568661611643,61.5,20585,1,1,synthetic_demo
33.4,42.6,33.608,31.489970301465736,63.8,20632,1,1,synthetic_demo
35.3,45.7,35.756,34.22214377767904,66.1,20679,1,1,synthetic_demo
37.2,48.8,37.904,37.19820500202477,68.4,20726,1,1,synthetic_demo
39.1,51.9,40.052,40.44672018528033,70.7,20773,1,1,synthetic_demo
41,55,42.2,43.998875205803834,73,20820,1,1,synthetic_demo
42.9,58.1,44.348,47.88865219178395,75.3,20867,1,1,synthetic_demo
44.8,61.2,46.495999999999995,52.153013361199896,77.6,20914,1,1,synthetic_demo
29.7,64.3,31.644,31.318957409961577,79.9,20961,1,1,synthetic_demo
31.6,67.4,33.792,34.169841598325014,82.2,21008,1,1,synthetic_demo
33.5,70.5,35.94,37.26693775751694,84.5,21055,1,1,synthetic_demo
35.4,73.6,38.088,40.638315611845314,86.8,21102,1,1,synthetic_demo
37.3,76.7,40.236,44.31459746901173,89.1,21149,1,1,synthetic_demo
39.2,79.8,42.384,48.32913116942232,91.4,21196,1,1,synthetic_demo
41.1,82.9,44.532000000000004,52.71817030238128,93.7,21243,1,1,synthetic_demo
43,86,46.68,57.521061731770004,16,21290,1,1,synthetic_demo
44.9,89.1,48.827999999999996,62.780440461253676,18.3,21337,1,1,synthetic_demo
29.8,92.2,33.976,36.03568348035453,20.6,21384,1,1,synthetic_demo
31.7,95.3,36.123999999999995,39.42223255641602,22.9,21431,1,1,synthetic_demo
33.6,37.4,33.6,30.6371014228804,25.2,21478,1,1,synthetic_demo
35.5,40.5,35.54,33.26814172742926,27.5,21525,1,1,synthetic_demo
37.4,43.6,37.687999999999995,36.13404123980279,29.8,21572,1,1,synthetic_demo
39.3,46.7,39.836,39.26270489288396,32.1,21619,1,1,synthetic_demo
41.2,49.8,41.984,42.68462024051545,34.4,21666,1,1,synthetic_demo
43.1,52.9,44.132,46.43303269648638,36.7,21713,1,1,synthetic_demo
28,56,29.28,28.13487074508077,39,21760,0,1,synthetic_demo
29.9,59.1,31.427999999999997,30.69198449343327,41.3,21807,1,1,synthetic_demo
31.8,62.2,33.576,33.46274209960596,43.6,21854,1,1,synthetic_demo
33.7,65.3,35.724000000000004,36.47229207768552,45.9,21901,1,1,synthetic_demo
35.6,68.4,37.872,39.74813769073642,48.2,21948,1,1,synthetic_demo
37.5,71.5,40.02,43.32030140076575,50.5,21995,1,1,synthetic_demo
39.4,74.6,42.168,47.22149651351133,52.8,22042,1,1,synthetic_demo
41.3,77.7,44.315999999999995,51.48730607428401,55.1,22089,1,1,synthetic_demo
43.2,80.8,46.464000000000006,56.15636905876287,57.4,22136,1,1,synthetic_demo
28.1,83.9,31.612000000000002,32.40890462876813,59.7,22183,1,1,synthetic_demo
30,87,33.76,35.457463742402936,62,22230,1,1,synthetic_demo
31.9,90.1,35.908,38.768719665749344,64.3,22277,1,1,synthetic_demo
33.8,93.2,38.056,42.37185852407366,66.6,22324,1,1,synthetic_demo
35.7,35.3,35.7,32.28908830812707,68.9,22371,1,1,synthetic_demo
37.6,38.4,37.6,35.04253035787759,71.2,22418,1,1,synthetic_demo
39.5,41.5,39.62,38.0488740276259,73.5,22465,1,1,synthetic_demo
41.4,44.6,41.768,41.33789862656913,75.8,22512,1,1,synthetic_demo
43.3,47.7,43.916,44.942102569275164,78.1,22559,1,1,synthetic_demo
28.2,50.8,29.064,27.564129983723827,80.4,22606,1,1,synthetic_demo
30.1,53.9,31.212,30.04633907045555,82.7,22653,1,1,synthetic_demo
32,57,33.36,32.735172365166086,85,22700,1,1,synthetic_demo
33.9,60.1,35.507999999999996,35.65523561515057,87.3,22747,1,1,synthetic_demo
35.8,63.2,37.656,38.83345687104783,89.6,22794,1,1,synthetic_demo
37.7,66.3,39.804,42.299249644926114,91.9,22841,1,1,synthetic_demo
39.6,69.4,41.952,46.08468324650153,94.2,22888,1,1,synthetic_demo
41.5,72.5,44.1,50.224660354988224,16.5,22935,1,1,synthetic_demo
43.4,75.6,46.248,54.75710187178605,18.8,22982,1,1,synthetic_demo
28.3,78.7,31.396,31.882858843274267,21.1,23029,0,1,synthetic_demo
30.2,81.8,33.544,34.861009565994166,23.4,23076,1,1,synthetic_demo
32.1,84.9,35.692,38.09521070287783,25.7,23123,1,1,synthetic_demo
34,88,37.84,41.614129509779396,28,23170,1,1,synthetic_demo
35.9,91.1,39.988,45.44901253040946,30.3,23217,1,1,synthetic_demo
37.8,94.2,42.135999999999996,49.63385940709716,32.6,23264,1,1,synthetic_demo
39.7,36.3,39.7,36.80480292692783,34.9,23311,1,1,synthetic_demo
41.6,39.4,41.6,39.95825427809875,37.2,23358,1,1,synthetic_demo
43.5,42.5,43.7,43.4153725350813,39.5,23405,1,1,synthetic_demo
28.4,45.6,28.848,26.97611328911687,41.8,23452,1,1,synthetic_demo
30.3,48.7,30.996000000000002,29.381732486529895,44.1,23499,1,1,synthetic_demo
32.2,51.8,33.144000000000005,31.986820433560414,46.4,23546,1,1,synthetic_demo
34.1,54.9,35.292,34.81543164928226,48.7,23593,1,1,synthetic_demo
36,58,37.44,37.89391016108938,51,23640,1,1,synthetic_demo
37.9,61.1,39.588,41.25105136652814,53.3,23687,1,1,synthetic_demo
39.8,64.2,41.736,44.91827105696939,55.6,23734,1,1,synthetic_demo
41.7,67.3,43.884,48.92978166189866,57.9,23781,1,1,synthetic_demo
43.6,70.4,46.032000000000004,53.322775760345976,60.2,23828,1,1,synthetic_demo
28.5,73.5,31.18,31.339944344805055,62.5,23875,1,1,synthetic_demo
30.4,76.6,33.327999999999996,34.24603554780567,64.8,23922,1,1,synthetic_demo
32.3,79.7,35.476,37.40139716591919,67.1,23969,1,1,synthetic_demo
34.2,82.8,37.624,40.83416921834198,69.4,24016,1,1,synthetic_demo
36.1,85.9,39.772000000000006,44.57503922522042,71.7,24063,1,1,synthetic_demo
38,89,41.92,48.657414734044494,74,24110,1,1,synthetic_demo
39.9,92.1,44.068,53.117603125632485,76.3,24157,1,1,synthetic_demo
41.8,95.2,46.215999999999994,57.99499874496598,78.6,24204,1,1,synthetic_demo
43.7,37.3,43.7,41.85234838892125,80.9,24251,1,1,synthetic_demo
28.6,40.4,28.632,26.370550843699963,83.2,24298,1,1,synthetic_demo
30.5,43.5,30.78,28.697872812363283,85.5,24345,1,1,synthetic_demo
32.4,46.6,32.928,31.21737086189007,87.8,24392,1,1,synthetic_demo
34.3,49.7,35.076,33.9525397627211,90.1,24439,1,1,synthetic_demo
36.2,52.8,37.224000000000004,36.92913064844365,92.4,24486,1,1,synthetic_demo
38.1,55.9,39.372,40.1753115770651,94.7,24533,1,1,synthetic_demo
40,59,41.52,43.72183523823297,17,24580,1,1,synthetic_demo
41.9,62.1,43.668,47.60221386646945,19.3,24627,1,1,synthetic_demo
43.8,65.2,45.815999999999995,51.85290140826792,21.6,24674,1,1,synthetic_demo
28.7,68.3,30.964,30.779894385082617,23.9,24721,1,1,synthetic_demo
30.6,71.4,33.112,33.612253028326265,26.2,24768,1,1,synthetic_demo
32.5,74.5,35.26,36.68696709093864,28.5,24815,1,1,synthetic_demo
34.4,77.6,37.408,40.0316409293449,30.8,24862,1,1,synthetic_demo
36.3,80.7,39.556,43.676394265034006,33.1,24909,1,1,synthetic_demo
38.2,83.8,41.704,47.65403342215991,35.4,24956,1,1,synthetic_demo
40.1,86.9,43.852000000000004,52.00022982756677,37.7,25003,1,1,synthetic_demo
42,90,46,56.753705819756405,40,25050,1,1,synthetic_demo
43.9,93.1,48.147999999999996,61.956427800790706,42.3,25097,1,1,synthetic_demo
28.8,35.2,28.8,25.74716972721531,44.6,25144,0,1,synthetic_demo
30.7,38.3,30.7,27.99446481667225,46.9,25191,1,1,synthetic_demo
32.6,41.4,32.712,30.42650469745622,49.2,25238,1,1,synthetic_demo
34.5,44.5,34.86,33.066215811867,51.5,25285,1,1,synthetic_demo
36.4,47.6,37.007999999999996,35.93874746927677,53.8,25332,1,1,synthetic_demo
38.3,50.7,39.156,39.07163110260898,56.1,25379,1,1,synthetic_demo
40.2,53.8,41.304,42.49494665527182,58.4,25426,1,1,synthetic_demo
42.1,56.9,43.452,46.24149615991459,60.7,25473,1,1,synthetic_demo
44,60,45.6,50.34698455818953,63,25520,1,1,synthetic_demo
28.9,63.1,30.747999999999998,30.2024391310218,65.3,25567,1,1,synthetic_demo
30.8,66.2,32.896,32.95937006473047,67.6,25614,1,1,synthetic_demo
32.7,69.3,35.044000000000004,35.951605023673935,69.9,25661,1,1,synthetic_demo
34.6,72.4,37.192,39.206204216409894,72.2,25708,1,1,synthetic_demo
36.5,75.5,39.34,42.75271073093231,74.5,25755,1,1,synthetic_demo
38.4,78.6,41.488,46.623320479125695,76.8,25802,1,1,synthetic_demo
40.3,81.7,43.635999999999996,50.853059386874705,79.1,25849,1,1,synthetic_demo
42.2,84.8,45.784000000000006,55.47996787761677,81.4,25896,1,1,synthetic_demo
44.1,87.9,47.932,60.545292684638945,83.7,25943,1,1,synthetic_demo
29,91,33.08,34.708504801187274,86,25990,1,1,synthetic_demo
30.9,94.1,35.227999999999994,37.980137620691906,88.3,26037,1,1,synthetic_demo
32.8,36.2,32.8,29.61389944926564,90.6,26084,1,1,synthetic_demo
34.7,39.3,34.7,32.1561118972182,92.9,26131,1,1,synthetic_demo
36.6,42.4,36.792,34.922385777497496,15.2,26178,1,1,synthetic_demo
38.5,45.5,38.94,37.93960655177794,17.5,26225,1,1,synthetic_demo
40.4,48.6,41.088,41.237171711492806,19.8,26272,1,1,synthetic_demo
42.3,51.7,43.236,44.847163018763176,22.1,26319,1,1,synthetic_demo
44.2,54.8,45.384,48.804525975898,24.4,26366,1,1,synthetic_demo
29.1,57.9,30.532,29.60730563859351,26.7,26413,0,1,synthetic_demo
31,61,32.68,32.287091403606574,29,26460,1,1,synthetic_demo
32.9,64.1,34.827999999999996,35.19499199111228,31.3,26507,1,1,synthetic_demo
34.8,67.2,36.976,38.35751491760784,33.6,26554,1,1,synthetic_demo
36.7,70.3,39.124,41.80361774290678,35.9,26601,1,1,synthetic_demo
38.6,73.4,41.272000000000006,45.564876717160786,38.2,26648,1,1,synthetic_demo
40.5,76.5,43.42,49.67566265716867,40.5,26695,1,1,synthetic_demo
42.4,79.6,45.568,54.173324101040265,42.8,26742,1,1,synthetic_demo
44.3,82.7,47.715999999999994,59.09837777783375,45.1,26789,1,1,synthetic_demo
29.2,85.8,32.864,34.160202672596164,47.4,26836,1,1,synthetic_demo
31.1,88.9,35.012,37.359364754164346,49.7,26883,1,1,synthetic_demo
33,92,37.16,40.83800236979613,52,26930,1,1,synthetic_demo
34.9,95.1,39.308,44.62680760473736,54.3,26977,1,1,synthetic_demo
36.8,37.2,36.8,33.87966671376448,56.6,27024,1,1,synthetic_demo
38.7,40.3,38.724000000000004,36.778830283550676,58.9,27071,1,1,synthetic_demo
40.6,43.4,40.872,39.948072315341435,61.2,27118,1,1,synthetic_demo
42.5,46.5,43.02,43.418744170258975,63.5,27165,1,1,synthetic_demo
44.4,49.6,45.168,47.225021414511076,65.8,27212,1,1,synthetic_demo
29.3,52.7,30.316000000000003,28.99421782654363,68.1,27259,1,1,synthetic_demo
31.2,55.8,32.464,31.595118453538173,70.4,27306,1,1,synthetic_demo
33.1,58.9,34.612,34.41680547291865,72.7,27353,1,1,synthetic_demo
35,62,36.76,37.48522510571965,75,27400,1,1,synthetic_demo
36.9,65.1,38.908,40.828740428938346,77.3,27447,1,1,synthetic_demo
38.8,68.2,41.056,44.47829872090835,79.6,27494,1,1,synthetic_demo
40.7,71.3,43.204,48.46760601999423,81.9,27541,1,1,synthetic_demo
42.6,74.4,45.352000000000004,52.83330894696567,84.2,27588,1,1,synthetic_demo
44.5,77.5,47.5,57.61518382899631,86.5,27635,1,1,synthetic_demo
29.4,80.6,32.647999999999996,33.59436976489499,88.8,27682,1,1,synthetic_demo
31.3,83.7,34.796,36.719356299084396,91.1,27729,1,1,synthetic_demo
33.2,86.8,36.944,40.11687690997557,93.4,27776,1,1,synthetic_demo
35.1,89.9,39.092,43.81708686637409,15.7,27823,1,1,synthetic_demo
37,93,41.24,47.85282143168003,18,27870,1,1,synthetic_demo
38.9,35.1,38.9,35.588890374927374,20.3,27917,1,1,synthetic_demo
40.8,38.2,40.8,38.62720584675854,22.6,27964,1,1,synthetic_demo
42.7,41.3,42.804,41.955764557604596,24.9,28011,1,1,synthetic_demo
44.6,44.4,44.952,45.607961578501644,27.2,28058,1,1,synthetic_demo
29.5,47.5,30.1,28.36289644996732,29.5,28105,1,1,synthetic_demo
31.4,50.6,32.248,30.88314925753897,31.8,28152,1,1,synthetic_demo
33.3,53.7,34.396,33.61671937271554,34.1,28199,1,1,synthetic_demo
35.2,56.8,36.544000000000004,36.588983058346535,36.4,28246,1,1,synthetic_demo
37.1,59.9,38.692,39.827699893925626,38.7,28293,1,1,synthetic_demo
39,63,40.84,43.36317881517046,41,28340,1,1,synthetic_demo
40.9,66.1,42.988,47.22845135136094,43.3,28387,1,1,synthetic_demo
42.8,69.2,45.135999999999996,51.45945211209599,45.6,28434,1,1,synthetic_demo
44.7,72.3,47.284000000000006,56.09520656274934,47.9,28481,1,1,synthetic_demo
29.6,75.4,32.432,33.01072999926875,50.2,28528,1,1,synthetic_demo
31.5,78.5,34.58,36.05981366927883,52.5,28575,1,1,synthetic_demo
33.4,81.6,36.727999999999994,39.374351563370986,54.8,28622,1,1,synthetic_demo
35.3,84.7,38.876,42.98395356607034,57.1,28669,1,1,synthetic_demo
37.2,87.8,41.024,46.92087703233145,59.4,28716,1,1,synthetic_demo
39.1,90.9,43.172000000000004,51.220203561502544,61.7,28763,1,1,synthetic_demo
41,94,45.32,55.92002307901019,64,28810,1,1,synthetic_demo
42.9,36.1,42.9,40.45774430504992,66.3,28857,1,1,synthetic_demo
44.8,39.2,44.8,43.95283208756595,68.6,28904,1,1,synthetic_demo
29.7,42.3,29.884,27.713059073738332,70.9,28951,1,1,synthetic_demo
31.6,45.4,32.032000000000004,30.15087846534059,73.2,28998,1,1,synthetic_demo
33.5,48.5,34.18,32.794403989213784,75.5,29045,1,1,synthetic_demo
35.4,51.6,36.327999999999996,35.66843322786981,77.8,29092,1,1,synthetic_demo
37.3,54.7,38.476,38.80011318846077,80.1,29139,1,1,synthetic_demo
39.2,57.8,40.624,42.21910503248885,82.4,29186,1,1,synthetic_demo
41.1,60.9,42.772,45.95775598811845,84.7,29233,1,1,synthetic_demo
43,64,44.92,50.0512784980614,87,29280,1,1,synthetic_demo
44.9,67.1,47.068,54.537936643660174,89.3,29327,1,1,synthetic_demo
29.8,70.2,32.216,32.4090041249554,91.6,29374,1,1,synthetic_demo
31.7,73.3,34.364,35.380434904357756,93.9,29421,1,1,synthetic_demo
33.6,76.4,36.512,38.61010023283589,16.2,29468,1,1,synthetic_demo
35.5,79.5,38.66,42.12705598347226,18.5,29515,1,1,synthetic_demo
37.4,82.6,40.808,45.96297262403007,20.8,29562,1,1,synthetic_demo
39.3,85.7,42.955999999999996,50.15231069208042,23.1,29609,1,1,synthetic_demo
41.2,88.8,45.104,54.73250356140104,25.4,29656,1,1,synthetic_demo
43.1,91.9,47.252,59.74414753888655,27.7,29703,1,1,synthetic_demo
28,95,32.4,33.928370013976306,30,29750,1,1,synthetic_demo
29.9,37.1,29.9,27.044420045793135,32.3,29797,1,1,synthetic_demo
31.8,40.2,31.816000000000003,29.397997305533117,34.6,29844,1,1,synthetic_demo
33.7,43.3,33.964000000000006,31.94952598719423,36.9,29891,1,1,synthetic_demo
35.6,46.4,36.112,34.723216211259796,39.2,29938,1,1,synthetic_demo
37.5,49.5,38.26,37.74559327745321,41.5,29985,1,1,synthetic_demo
39.4,52.6,40.408,41.04566108057234,43.8,30032,1,1,synthetic_demo
41.3,55.7,42.556,44.65507269417786,46.1,30079,1,1,synthetic_demo
43.2,58.8,44.704,48.60830817642645,48.4,30126,1,1,synthetic_demo
28.1,61.9,29.852,29.12169960096242,50.7,30173,1,1,synthetic_demo
30,65,32,31.788909692599898,53,30220,1,1,synthetic_demo
31.9,68.1,34.147999999999996,34.68091464192597,55.3,30267,1,1,synthetic_demo
33.8,71.2,36.296,37.82379320723223,57.6,30314,1,1,synthetic_demo
35.7,74.3,38.444,41.24603856356491,59.9,30361,1,1,synthetic_demo
37.6,77.4,40.592,44.978725252597016,62.2,30408,1,1,synthetic_demo
39.5,80.5,42.74,49.05568335479241,64.5,30455,1,1,synthetic_demo
41.4,83.6,44.888,53.51367993679773,66.8,30502,1,1,synthetic_demo
43.3,86.7,47.035999999999994,58.392607814594484,69.1,30549,1,1,synthetic_demo
28.2,89.8,32.184,33.42543843579527,71.4,30596,1,1,synthetic_demo
30.1,92.9,34.332,36.58707977078516,73.7,30643,1,1,synthetic_demo
32,35,32,28.624193557558126,76,30690,1,1,synthetic_demo
33.9,38.1,33.9,31.081748368340048,78.3,30737,1,1,synthetic_demo
35.8,41.2,35.896,33.75296871973371,80.6,30784,1,1,synthetic_demo
37.7,44.3,38.044000000000004,36.6637490086007,82.9,30831,1,1,synthetic_demo
39.6,47.4,40.192,39.8424263095702,85.2,30878,1,1,synthetic_demo
41.5,50.5,42.34,43.31994962657801,87.5,30925,1,1,synthetic_demo
43.4,53.6,44.488,47.130056353541434,89.8,30972,1,1,synthetic_demo
28.3,56.7,29.636000000000003,28.557208340707128,92.1,31019,1,1,synthetic_demo
30.2,59.8,31.784,31.15016102746273,94.4,31066,1,1,synthetic_demo
32.1,62.9,33.932,33.96094408964682,16.7,31113,1,1,synthetic_demo
34,66,36.08,37.015097132334546,19,31160,1,1,synthetic_demo
35.9,69.1,38.227999999999994,40.34054188640279,21.3,31207,1,1,synthetic_demo
37.8,72.2,40.376,43.967747868284654,23.6,31254,1,1,synthetic_demo
39.7,75.3,42.524,47.92990524511475,25.9,31301,1,1,synthetic_demo
41.6,78.4,44.672000000000004,52.263104959465544,28.2,31348,1,1,synthetic_demo
43.5,81.5,46.82,57.006526155508865,30.5,31395,1,1,synthetic_demo
28.4,84.6,31.967999999999996,32.90592070744051,32.8,31442,1,1,synthetic_demo
30.3,87.7,34.116,35.997824210855676,35.1,31489,1,1,synthetic_demo
32.2,90.8,36.264,39.35723350129895,37.4,31536,1,1,synthetic_demo
34.1,93.9,38.412,43.013765607788784,39.7,31583,1,1,synthetic_demo
36,36,36,32.75732354826237,42,31630,1,1,synthetic_demo
37.9,39.1,37.9,35.55418508070786,44.3,31677,1,1,synthetic_demo
39.8,42.2,39.976,38.608975679191715,46.6,31724,1,1,synthetic_demo
41.7,45.3,42.124,41.95193030139687,48.9,31771,1,1,synthetic_demo
43.6,48.4,44.272,45.61603333523786,51.2,31818,1,1,synthetic_demo
28.5,51.5,29.42,27.975457602142317,53.5,31865,1,1,synthetic_demo
30.4,54.6,31.567999999999998,30.492469202482894,55.8,31912,1,1,synthetic_demo
32.3,57.7,33.715999999999994,33.22021099715856,58.1,31959,1,1,synthetic_demo
34.2,60.8,35.864000000000004,36.183674981584446,60.4,32006,1,1,synthetic_demo
36.1,63.9,38.012,39.41020263668899,62.7,32053,1,1,synthetic_demo
38,67,40.16,42.92964929416833,65,32100,1,1,synthetic_demo
39.9,70.1,42.308,46.77455569062798,67.3,32147,1,1,synthetic_demo
41.8,73.2,44.455999999999996,50.98032676608729,69.6,32194,1,1,synthetic_demo
43.7,76.3,46.604,55.585417749991734,71.9,32241,1,1,synthetic_demo
28.6,79.4,31.752000000000002,32.369552895786555,74.2,32288,1,1,synthetic_demo
30.5,82.5,33.9,35.39006912689588,76.5,32335,1,1,synthetic_demo
32.4,85.6,36.048,38.671367935145696,78.8,32382,1,1,synthetic_demo
34.3,88.7,38.196,42.24254279584229,81.1,32429,1,1,synthetic_demo
36.2,91.8,40.344,46.135295331953174,83.4,32476,1,1,synthetic_demo
38.1,94.9,42.492000000000004,50.38411035176169,85.7,32523,1,1,synthetic_demo
40,37,40,37.344879725671525,88,32570,1,1,synthetic_demo
41.9,40.1,41.908,40.55055355950765,90.3,32617,1,1,synthetic_demo
43.8,43.2,44.056,44.065744491367695,92.6,32664,1,1,synthetic_demo
28.7,46.3,29.204,27.376177306432286,94.9,32711,1,1,synthetic_demo
30.6,49.4,31.352,29.815542011194925,17.2,32758,0,1,synthetic_demo
32.5,52.5,33.5,32.45839962784266,19.5,32805,0,1,synthetic_demo
34.4,55.6,35.647999999999996,35.329186026695574,21.8,32852,1,1,synthetic_demo
36.3,58.7,37.796,38.45465357320317,24.1,32899,1,1,synthetic_demo
38.2,61.8,39.944,41.864034194385226,26.4,32946,1,1,synthetic_demo
40.1,64.9,42.092,45.58920961805619,28.7,32993,1,1,synthetic_demo
42,68,44.24,49.66488884159373,31,33040,1,1,synthetic_demo
43.9,71.1,46.388,54.12879287471772,33.3,33087,1,1,synthetic_demo
28.8,74.2,31.536,31.816068004527725,35.6,33134,1,1,synthetic_demo
30.7,77.3,33.684,34.7635255960513,37.9,33181,1,1,synthetic_demo
32.6,80.4,35.832,37.96490767332077,40.2,33228,1,1,synthetic_demo
34.5,83.5,37.98,41.44877573687404,42.5,33275,1,1,synthetic_demo
36.4,86.6,40.128,45.24626745460857,44.8,33322,1,1,synthetic_demo
38.3,89.7,42.275999999999996,49.3912704123082,47.1,33369,1,1,synthetic_demo
40.2,92.8,44.42400000000001,53.920603152587816,49.4,33416,1,1,synthetic_demo
42.1,95.9,46.572,58.8742035454448,51.7,33463,1,1,synthetic_demo
44,38,44,42.4786902201867,54,33510,1,1,synthetic_demo
28.9,41.1,28.988,26.759094267591063,56.3,33557,1,1,synthetic_demo
30.8,44.2,31.136,29.119083940499802,58.6,33604,1,1,synthetic_demo
32.7,47.3,33.284000000000006,31.67519073044412,60.9,33651,1,1,synthetic_demo
34.6,50.4,35.432,34.451285808108544,63.2,33698,1,1,synthetic_demo
36.5,53.5,37.58,37.47352349807786,65.5,33745,1,1,synthetic_demo
38.4,56.6,39.728,40.770503042220284,67.8,33792,1,1,synthetic_demo
40.3,59.7,41.876,44.37343752015201,70.1,33839,1,1,synthetic_demo
42.2,62.8,44.024,48.31632998483883,72.4,33886,1,1,synthetic_demo
44.1,65.9,46.172000000000004,52.63615685913204,74.7,33933,1,1,synthetic_demo
29,69,31.32,31.24519594815299,77,33980,1,1,synthetic_demo
30.9,72.1,33.467999999999996,34.11790140756521,79.3,34027,1,1,synthetic_demo
32.8,75.2,35.616,37.237536977480005,81.6,34074,1,1,synthetic_demo
34.7,78.3,37.764,40.63212370361795,83.9,34121,1,1,synthetic_demo
36.6,81.4,39.912,44.33222646906359,86.2,34168,1,1,synthetic_demo
38.5,84.5,42.06,48.37112645330188,88.5,34215,1,1,synthetic_demo
40.4,87.6,44.208,52.78500086269074,90.8,34262,1,1,synthetic_demo
42.3,90.7,46.355999999999995,57.613109976824376,93.1,34309,1,1,synthetic_demo
44.2,93.8,48.504000000000005,62.89799154268673,15.4,34356,1,1,synthetic_demo
29.1,35.9,29.1,26.123932166243645,17.7,34403,0,1,synthetic_demo
31,39,31,28.402796143289454,20,34450,0,1,synthetic_demo
32.9,42.1,33.068,30.870261510543326,22.3,34497,1,1,synthetic_demo
34.8,45.2,35.215999999999994,33.549626105295744,24.6,34544,1,1,synthetic_demo
36.7,48.3,37.364000000000004,36.46643722592315,26.9,34591,1,1,synthetic_demo
38.6,51.4,39.512,39.64865208803902,29.2,34638,1,1,synthetic_demo
40.5,54.5,41.66,43.12680542242735,31.5,34685,1,1,synthetic_demo
42.4,57.6,43.808,46.93418427411959,33.8,34732,1,1,synthetic_demo
44.3,60.7,45.955999999999996,51.10701004975222,36.1,34779,1,1,synthetic_demo
29.2,63.8,31.104,30.656663525776633,38.4,34826,1,1,synthetic_demo
31.1,66.9,33.252,33.45290103547351,40.7,34873,1,1,synthetic_demo
33,70,35.4,36.48893658571444,43,34920,1,1,synthetic_demo
34.9,73.1,37.548,39.79224222824712,45.3,34967,1,1,synthetic_demo
36.8,76.2,39.696,43.39280117174337,47.6,35014,1,1,synthetic_demo
38.7,79.3,41.844,47.323278945051335,49.9,35061,1,1,synthetic_demo
40.6,82.4,43.992000000000004,51.61920181530263,52.2,35108,1,1,synthetic_demo
42.5,85.5,46.14,56.31914250660522,54.5,35155,1,1,synthetic_demo
44.4,88.6,48.288,61.4649132525339,56.8,35202,1,1,synthetic_demo
29.3,91.7,33.436,35.24096536421349,59.1,35249,1,1,synthetic_demo
31.2,94.8,35.583999999999996,38.55970661998958,61.4,35296,1,1,synthetic_demo
33.1,36.9,33.1,30.043285601879425,63.7,35343,1,1,synthetic_demo
35,40,35,32.6238549069159,66,35390,1,1,synthetic_demo
36.9,43.1,37.147999999999996,35.43301555279943,68.3,35437,1,1,synthetic_demo
38.8,46.2,39.296,38.49807332706695,70.6,35484,1,1,synthetic_demo
40.7,49.3,41.444,41.848874849729526,72.9,35531,1,1,synthetic_demo
42.6,52.4,43.592,45.517981032540334,75.2,35578,1,1,synthetic_demo
44.5,55.5,45.74,49.54084777431348,77.5,35625,1,1,synthetic_demo
29.4,58.6,30.887999999999998,30.0501943948244,79.8,35672,1,1,synthetic_demo
31.3,61.7,33.036,32.768225611153014,82.1,35719,1,1,synthetic_demo
33.2,64.8,35.184000000000005,35.7187836839449,84.4,35766,1,1,synthetic_demo
35.1,67.9,37.332,38.92878307260068,86.7,35813,1,1,synthetic_demo
37,71,39.48,42.42761636182023,89,35860,1,1,synthetic_demo
38.9,74.1,41.628,46.247324124846685,91.3,35907,1,1,synthetic_demo
40.8,77.2,43.775999999999996,50.42277202538637,93.6,35954,1,1,synthetic_demo
42.7,80.3,45.924,54.991835205221534,15.9,36001,1,1,synthetic_demo
44.6,83.4,48.072,59.99558999205039,18.2,36048,1,1,synthetic_demo
29.5,86.5,33.22,34.68204300888785,20.5,36095,1,1,synthetic_demo
31.4,89.6,35.367999999999995,37.92731172876466,22.8,36142,1,1,synthetic_demo
33.3,92.7,37.516,41.45711333055363,25.1,36189,1,1,synthetic_demo
35.2,95.8,39.664,45.30258762305631,27.4,36236,1,1,synthetic_demo
37.1,37.9,37.1,34.37287522503809,29.7,36283,1,1,synthetic_demo
39,41,39.08,37.318354467015695,32,36330,1,1,synthetic_demo
40.9,44.1,41.228,40.53920279266289,34.3,36377,1,1,synthetic_demo
42.8,47.2,43.376,44.06724479322155,36.6,36424,1,1,synthetic_demo
44.7,50.3,45.524,47.93716030575784,38.9,36471,1,1,synthetic_demo
29.6,53.4,30.672,29.425509044574948,41.2,36518,1,1,synthetic_demo
31.5,56.5,32.82,32.06357289572298,43.5,36565,1,1,synthetic_demo
33.4,59.6,34.967999999999996,34.92675187716802,45.8,36612,1,1,synthetic_demo
35.3,62.7,37.116,38.041394198259866,48.1,36659,1,1,synthetic_demo
37.2,65.8,39.264,41.43629281010716,50.4,36706,1,1,synthetic_demo
39.1,68.9,41.412,45.14285396465924,52.7,36753,1,1,synthetic_demo
41,72,43.56,49.19527299668866,55,36800,1,1,synthetic_demo
42.9,75.1,45.708,53.63071737698751,57.3,36847,1,1,synthetic_demo
44.8,78.2,47.855999999999995,58.48951707264432,59.6,36894,1,1,synthetic_demo
29.7,81.3,33.004,34.10533339704317,61.9,36941,1,1,synthetic_demo
31.6,84.4,35.152,37.275404019267526,64.2,36988,1,1,synthetic_demo
33.5,87.5,37.3,40.72298657847848,66.5,37035,1,1,synthetic_demo
35.4,90.6,39.448,44.47867927219002,68.8,37082,1,1,synthetic_demo
37.3,93.7,41.596,48.57578986761928,71.1,37129,1,1,synthetic_demo
39.2,35.8,39.2,36.10907889555537,73.4,37176,1,1,synthetic_demo
41.1,38.9,41.1,39.19734167385563,75.7,37223,1,1,synthetic_demo
43,42,43.16,42.58149526435279,78,37270,1,1,synthetic_demo
44.9,45.1,45.308,46.29543282606667,80.3,37317,1,1,synthetic_demo
29.8,48.2,30.456,28.782324769556272,82.6,37364,1,1,synthetic_demo
31.7,51.3,32.604,31.338637252299495,84.9,37411,1,1,synthetic_demo
33.6,54.4,34.752,34.112511160553304,87.2,37458,1,1,synthetic_demo
35.5,57.5,36.9,37.12971973647364,89.5,37505,1,1,synthetic_demo
37.4,60.6,39.048,40.4184472277993,91.8,37552,1,1,synthetic_demo
39.3,63.7,41.196,44.00945613868754,94.1,37599,1,1,synthetic_demo
41.2,66.8,43.344,47.93626168808096,16.4,37646,1,1,synthetic_demo
43.1,69.9,45.492000000000004,52.235313525224925,18.7,37693,1,1,synthetic_demo
28,73,30.64,30.660242221266007,21,37740,0,1,synthetic_demo
29.9,76.1,32.788,33.51055702115519,23.3,37787,1,1,synthetic_demo
31.8,79.2,34.936,36.603681258662256,25.6,37834,1,1,synthetic_demo
33.7,82.3,37.084,39.96715678397425,27.9,37881,1,1,synthetic_demo
35.6,85.4,39.232,43.631031561241095,30.2,37928,1,1,synthetic_demo
37.5,88.5,41.38,47.62803040514362,32.5,37975,1,1,synthetic_demo
39.4,91.6,43.528,51.99373298441874,34.8,38022,1,1,synthetic_demo
41.3,94.7,45.675999999999995,56.766759140729675,37.1,38069,1,1,synthetic_demo
43.2,36.8,43.2,41.06024729409002,39.4,38116,1,1,synthetic_demo
28.1,39.9,28.1,25.834494573156714,41.7,38163,1,1,synthetic_demo
30,43,30.24,28.120355642796856,44,38210,1,1,synthetic_demo
31.9,46.1,32.388,30.593109618102606,46.3,38257,1,1,synthetic_demo
33.8,49.2,34.535999999999994,33.27572789039081,48.6,38304,1,1,synthetic_demo
35.7,52.3,36.684000000000005,36.19339995793331,50.9,38351,1,1,synthetic_demo
37.6,55.4,38.832,39.37369223506298,53.2,38398,1,1,synthetic_demo
39.5,58.5,40.98,42.84671399074976,55.5,38445,1,1,synthetic_demo
41.4,61.6,43.128,46.6452904797457,57.8,38492,1,1,synthetic_demo
43.3,64.7,45.275999999999996,50.805143317234865,60.1,38539,1,1,synthetic_demo
28.2,67.8,30.424,30.119059308985737,62.4,38586,1,1,synthetic_demo
30.1,70.9,32.572,32.897431170599226,64.7,38633,1,1,synthetic_demo
32,74,34.72,35.9118378074086,67,38680,1,1,synthetic_demo
33.9,77.1,36.867999999999995,39.18929394223143,69.3,38727,1,1,synthetic_demo
35.8,80.2,39.016,42.75928862433601,71.6,38774,1,1,synthetic_demo
37.7,83.3,41.164,46.653954682086656,73.9,38821,1,1,synthetic_demo
39.6,86.4,43.312000000000005,50.90824542503936,76.2,38868,1,1,synthetic_demo
41.5,89.5,45.46,55.560118645123396,78.5,38915,1,1,synthetic_demo
43.4,92.6,47.608,60.65072795406598,80.8,38962,1,1,synthetic_demo
28.3,95.7,32.756,34.45267968616705,83.1,39009,1,1,synthetic_demo
30.2,37.8,30.2,27.43931248893129,85.4,39056,1,1,synthetic_demo
32.1,40.9,32.172000000000004,29.82667747641582,87.7,39103,1,1,synthetic_demo
34,44,34.32,32.416064754889696,90,39150,1,1,synthetic_demo
35.9,47.1,36.467999999999996,35.23207124239611,92.3,39197,1,1,synthetic_demo
37.8,50.2,38.616,38.30163632947216,94.6,39244,1,1,synthetic_demo
39.7,53.3,40.764,41.654206501522125,16.9,39291,1,1,synthetic_demo
41.6,56.4,42.912,45.321907139207354,19.2,39338,1,1,synthetic_demo
43.5,59.5,45.06,49.33972154911383,21.5,39385,1,1,synthetic_demo
28.4,62.6,30.208,29.56090113812974,23.8,39432,1,1,synthetic_demo
30.3,65.7,32.356,32.26566990482574,26.1,39479,1,1,synthetic_demo
32.2,68.8,34.504000000000005,35.19956459129259,28.4,39526,1,1,synthetic_demo
34.1,71.9,36.652,38.389064400426136,30.7,39573,1,1,synthetic_demo
36,75,38.8,41.86309072554661,33,39620,1,1,synthetic_demo
37.9,78.1,40.948,45.65317531466199,35.3,39667,1,1,synthetic_demo
39.8,81.2,43.096,49.79363566707032,37.6,39714,1,1,synthetic_demo
41.7,84.3,45.244,54.3217577131955,39.9,39761,1,1,synthetic_demo
43.6,87.4,47.392,59.27798581611134,42.2,39808,1,1,synthetic_demo
28.5,90.5,32.54,33.939775009589894,44.5,39855,1,1,synthetic_demo
30.4,93.6,34.687999999999995,37.146518632827814,46.8,39902,1,1,synthetic_demo
32.3,35.7,32.3,29.03902482839793,49.1,39949,1,1,synthetic_demo
34.2,38.8,34.2,31.533180744826918,51.4,39996,1,1,synthetic_demo
36.1,41.9,36.252,34.24536604815757,53.7,40043,1,1,synthetic_demo
38,45,38.4,37.20188385429216,56,40090,1,1,synthetic_demo
39.9,48.1,40.548,40.431508255623484,58.3,40137,1,1,synthetic_demo
41.8,51.2,42.696,43.96565478720859,60.6,40184,1,1,synthetic_demo
43.7,54.3,44.844,47.83855811041351,62.9,40231,1,1,synthetic_demo
28.6,57.4,29.992,28.985500456147964,65.2,40278,1,1,synthetic_demo
30.5,60.5,32.14,31.614984026390314,67.5,40325,1,1,synthetic_demo
32.4,63.6,34.288,34.46654907330919,69.8,40372,1,1,synthetic_demo
34.3,66.7,36.436,37.5661308284406,72.1,40419,1,1,synthetic_demo
36.2,69.8,38.584,40.94207422843498,74.4,40466,1,1,synthetic_demo
38.1,72.9,40.732,44.62530078654824,76.7,40513,1,1,synthetic_demo
40,76,42.88,48.649482679757725,79,40560,1,1,synthetic_demo
41.9,79.1,45.028,53.051224103667195,81.3,40607,1,1,synthetic_demo
43.8,82.2,47.175999999999995,57.87024993496354,83.6,40654,1,1,synthetic_demo
28.7,85.3,32.324,33.41003940040332,85.9,40701,1,1,synthetic_demo
30.6,88.4,34.472,36.54607517792775,88.2,40748,1,1,synthetic_demo
32.5,91.5,36.62,39.95449649424007,90.5,40795,1,1,synthetic_demo
34.4,94.6,38.768,43.665356081392105,92.8,40842,1,1,synthetic_demo
36.3,36.7,36.3,33.23291288137234,15.1,40889,1,1,synthetic_demo
38.2,39.8,38.2,36.07403496661055,17.4,40936,1,1,synthetic_demo
40.1,42.9,40.332,39.17818940854562,19.7,40983,1,1,synthetic_demo
42,46,42.48,42.57607186343105,22,41030,1,1,synthetic_demo
43.9,49.1,44.628,46.30115794864472,24.3,41077,1,1,synthetic_demo
28.8,52.2,29.776,28.392586925018158,26.6,41124,0,1,synthetic_demo
30.7,55.3,31.924,30.945081053837477,28.9,41171,1,1,synthetic_demo
32.6,58.4,34.072,33.71247522539718,31.2,41218,1,1,synthetic_demo
34.5,61.5,36.22,36.720152189434174,33.5,41265,1,1,synthetic_demo
36.4,64.6,38.367999999999995,39.99587156544704,35.8,41312,1,1,synthetic_demo
38.3,67.7,40.516,43.56993541709326,38.1,41359,1,1,synthetic_demo
40.2,70.8,42.664,47.475361025896746,40.4,41406,1,1,synthetic_demo
42.1,73.9,44.812000000000005,51.74806091770982,42.7,41453,1,1,synthetic_demo
44,77,46.96,56.4270301830099,45,41500,1,1,synthetic_demo
28.9,80.1,32.108,32.863205616400094,47.3,41547,1,1,synthetic_demo
30.8,83.2,34.256,35.92686388799963,49.6,41594,1,1,synthetic_demo
32.7,86.3,36.404,39.25610697753335,51.9,41641,1,1,synthetic_demo
34.6,89.4,38.552,42.8804593500973,54.2,41688,1,1,synthetic_demo
36.5,92.5,40.7,46.83208268359256,56.5,41735,1,1,synthetic_demo
38.4,95.6,42.848,51.14595213491624,58.8,41782,1,1,synthetic_demo
40.3,37.7,40.3,37.89381565342933,61.1,41829,1,1,synthetic_demo
42.2,40.8,42.264,41.152692092060896,63.4,41876,1,1,synthetic_demo
44.1,43.9,44.412,44.727021033625135,65.7,41923,1,1,synthetic_demo
29,47,29.56,27.7818870951187,68,41970,1,1,synthetic_demo
30.9,50.1,31.708,30.255665194438524,70.3,42017,1,1,synthetic_demo
32.8,53.2,33.855999999999995,32.93702350002575,72.6,42064,1,1,synthetic_demo
34.7,56.3,36.004000000000005,35.850783710264245,74.9,42111,1,1,synthetic_demo
36.6,59.4,38.152,39.02411120715451,77.2,42158,1,1,synthetic_demo
38.5,62.5,40.3,42.4866793293653,79.5,42205,1,1,synthetic_demo
40.4,65.6,42.448,46.27084082868164,81.8,42252,1,1,synthetic_demo
42.3,68.7,44.596,50.41180656458472,84.1,42299,1,1,synthetic_demo
44.2,71.8,46.744,54.947831479370016,86.4,42346,1,1,synthetic_demo
29.1,74.9,31.892000000000003,32.29900332177295,88.7,42393,1,1,synthetic_demo
31,78,34.04,35.288592286578904,91,42440,1,1,synthetic_demo
32.9,81.1,36.187999999999995,38.53682918064284,93.3,42487,1,1,synthetic_demo
34.8,84.2,38.336,42.07270172712173,15.6,42534,1,1,synthetic_demo
36.7,87.3,40.484,45.92780268784868,17.9,42581,1,1,synthetic_demo
38.6,90.4,42.632000000000005,50.13650483966396,20.2,42628,1,1,synthetic_demo
40.5,93.5,44.78,54.7361432476506,22.5,42675,1,1,synthetic_demo
42.4,35.6,42.4,39.69504444719891,24.8,42722,1,1,synthetic_demo
44.3,38.7,44.3,43.115642321670684,27.1,42769,1,1,synthetic_demo
29.2,41.8,29.343999999999998,27.153124378957102,29.4,42816,1,1,synthetic_demo
31.1,44.9,31.492,29.54643731678267,31.7,42863,1,1,synthetic_demo
33,48,33.64,32.13987080163276,34,42910,1,1,synthetic_demo
34.9,51.1,35.788,34.95767685175688,36.3,42957,1,1,synthetic_demo
36.8,54.2,37.936,38.02641763134502,38.6,43004,1,1,synthetic_demo
38.7,57.3,40.084,41.37512841805096,40.9,43051,1,1,synthetic_demo
40.6,60.4,42.232,45.03548773840144,43.2,43098,1,1,synthetic_demo
42.5,63.5,44.38,49.04199472712785,45.5,43145,1,1,synthetic_demo
44.4,66.6,46.528,53.432153754162044,47.8,43192,1,1,synthetic_demo
29.3,69.7,31.676000000000002,31.717159060912547,50.1,43239,1,1,synthetic_demo
31.2,72.8,33.824,34.63096457737596,52.4,43286,1,1,synthetic_demo
33.1,75.9,35.972,37.79634355508532,54.7,43333,1,1,synthetic_demo
35,79,38.12,41.2417384411589,57,43380,1,1,synthetic_demo
36.9,82.1,40.268,44.99816419686388,59.3,43427,1,1,synthetic_demo
38.8,85.2,42.416,49.0993819797858,61.6,43474,1,1,synthetic_demo
40.7,88.3,44.564,53.58208010610787,63.9,43521,1,1,synthetic_demo
42.6,91.4,46.712,58.486062335385256,66.2,43568,1,1,synthetic_demo
44.5,94.5,48.86,63.854443507614846,68.5,43615,1,1,synthetic_demo
29.4,36.6,29.4,26.506019024753808,70.8,43662,1,1,synthetic_demo
31.3,39.7,31.3,28.817094923221635,73.1,43709,1,1,synthetic_demo
33.2,42.8,33.424,31.320690457914225,75.4,43756,1,1,synthetic_demo
35.1,45.9,35.572,34.040479278827256,77.7,43803,1,1,synthetic_demo
37,49,37.72,37.00241129196044,80,43850,1,1,synthetic_demo
38.9,52.1,39.868,40.234874317199896,82.3,43897,1,1,synthetic_demo
40.8,55.2,42.016,43.76886289898093,84.6,43944,1,1,synthetic_demo
42.7,58.3,44.164,47.63815432707865,86.9,43991,1,1,synthetic_demo
44.6,61.4,46.312000000000005,51.879491912612636,89.2,44038,1,1,synthetic_demo
29.5,64.5,31.46,31.117396232060887,91.5,44085,1,1,synthetic_demo
31.4,67.6,33.608,33.953681616791194,93.8,44132,1,1,synthetic_demo
33.3,70.7,35.756,37.03432699536291,16.1,44179,1,1,synthetic_demo
35.2,73.8,37.904,40.387220945527716,18.4,44226,1,1,synthetic_demo
37.1,76.9,40.052,44.04279168352055,20.7,44273,1,1,synthetic_demo
39,80,42.2,48.0341794478355,23,44320,1,1,synthetic_demo
40.9,83.1,44.348,52.39741614671852,25.3,44367,1,1,synthetic_demo
42.8,86.2,46.495999999999995,57.171612313044434,27.6,44414,1,1,synthetic_demo
44.7,89.3,48.644000000000005,62.399151397697324,29.9,44461,1,1,synthetic_demo
29.6,92.4,33.792,35.78112800971395,32.2,44508,1,1,synthetic_demo
31.5,95.5,35.94,39.14781790339017,34.5,44555,1,1,synthetic_demo
33.4,37.6,33.4,30.479152190965063,36.8,44602,1,1,synthetic_demo
35.3,40.7,35.355999999999995,33.098834830449384,39.1,44649,1,1,synthetic_demo
37.2,43.8,37.504000000000005,35.951708587882884,41.4,44696,1,1,synthetic_demo
39.1,46.9,39.652,39.06550436781594,43.7,44743,1,1,synthetic_demo
41,50,41.8,42.47052291436712,46,44790,1,1,synthetic_demo
42.9,53.1,43.948,46.199809490253486,48.3,44837,1,1,synthetic_demo
44.8,56.2,46.096,50.28933579901037,50.6,44884,1,1,synthetic_demo
29.7,59.3,31.244,30.49943506081993,52.9,44931,1,1,synthetic_demo
31.6,62.4,33.392,33.256440886283094,55.2,44978,1,1,synthetic_demo
33.5,65.5,35.54,36.25045281017532,57.5,45025,1,1,synthetic_demo
35.4,68.6,37.687999999999995,39.50879688821452,59.8,45072,1,1,synthetic_demo
37.3,71.7,39.836,43.06130558706833,62.1,45119,1,1,synthetic_demo
39.2,74.8,41.984,46.940488865573805,64.4,45166,1,1,synthetic_demo
41.1,77.9,44.132000000000005,51.18171250368518,66.7,45213,1,1,synthetic_demo
43,81,46.28,55.823383724108965,69,45260,1,1,synthetic_demo
44.9,84.1,48.428,60.90714413907334,71.3,45307,1,1,synthetic_demo
29.8,87.2,33.576,35.211438172309265,73.6,45354,1,1,synthetic_demo
31.7,90.3,35.724,38.50364218094823,75.9,45401,1,1,synthetic_demo
33.6,93.4,37.872,42.085509970508795,78.2,45448,1,1,synthetic_demo
35.5,35.5,35.5,32.13238348947503,80.5,45495,1,1,synthetic_demo
37.4,38.6,37.4,34.87392183156853,82.8,45542,1,1,synthetic_demo
39.3,41.7,39.436,37.866601585294674,85.1,45589,1,1,synthetic_demo
41.2,44.8,41.584,41.14001981476088,87.4,45636,1,1,synthetic_demo
43.1,47.9,43.732,44.726479511563284,89.7,45683,1,1,synthetic_demo
28,51,28.88,27.392114428555704,92,45730,1,1,synthetic_demo
29.9,54.1,31.028,29.86299257351506,94.3,45777,1,1,synthetic_demo
31.8,57.2,33.176,32.538936464589405,16.6,45824,1,1,synthetic_demo
33.7,60.3,35.324000000000005,35.44439069348295,18.9,45871,1,1,synthetic_demo
35.6,63.4,37.472,38.60611008176446,21.2,45918,1,1,synthetic_demo
37.5,66.5,39.62,42.053322281831086,23.5,45965,1,1,synthetic_demo
39.4,69.6,41.768,45.817897551479746,25.8,46012,1,1,synthetic_demo
41.3,72.7,43.916,49.93452576062352,28.1,46059,1,1,synthetic_demo
43.2,75.8,46.064,54.44090067641369,30.4,46106,1,1,synthetic_demo
28.1,78.9,31.212000000000003,31.661812576994105,32.7,46153,1,1,synthetic_demo
30,82,33.36,34.62370145835679,35,46200,1,1,synthetic_demo
31.9,85.1,35.507999999999996,37.83967306942585,37.3,46247,1,1,synthetic_demo
33.8,88.2,37.656,41.3382073157006,39.6,46294,1,1,synthetic_demo
35.7,91.3,39.804,45.15035021337114,41.9,46341,1,1,synthetic_demo
37.6,94.4,41.952,49.30988712978242,44.2,46388,1,1,synthetic_demo
39.5,36.5,39.5,36.63774462670712,46.5,46435,1,1,synthetic_demo
41.4,39.6,41.4,39.776901022693664,48.8,46482,1,1,synthetic_demo
43.3,42.7,43.516,43.21767881987525,51.1,46529,1,1,synthetic_demo
28.2,45.8,28.663999999999998,26.812680182176205,53.4,46576,1,1,synthetic_demo
30.1,48.9,30.812,29.20778257041329,55.7,46623,1,1,synthetic_demo
32,52,32.96,31.800858999800642,58,46670,1,1,synthetic_demo
33.9,55.1,35.108,34.61580669542091,60.3,46717,1,1,synthetic_demo
35.8,58.2,37.256,37.678800473021894,62.6,46764,1,1,synthetic_demo
37.7,61.3,39.404,41.018454045761246,64.9,46811,1,1,synthetic_demo
39.6,64.4,41.552,44.66598848810804,67.2,46858,1,1,synthetic_demo
41.5,67.5,43.7,48.65540791671318,69.5,46905,1,1,synthetic_demo
43.4,70.6,45.848,53.02368243582136,71.8,46952,1,1,synthetic_demo
28.3,73.7,30.996000000000002,31.127029183599912,74.1,46999,1,1,synthetic_demo
30.2,76.8,33.144,34.01763489814611,76.4,47046,1,1,synthetic_demo
32.1,79.9,35.292,37.15560465441624,78.7,47093,1,1,synthetic_demo
34,83,37.44,40.568894878541926,81,47140,1,1,synthetic_demo
35.9,86.1,39.588,44.2879964749534,83.3,47187,1,1,synthetic_demo
37.8,89.2,41.736,48.34610678463977,85.6,47234,1,1,synthetic_demo
39.7,92.3,43.884,52.779308819709044,87.9,47281,1,1,synthetic_demo
41.6,95.4,46.032000000000004,57.62675782057414,90.2,47328,1,1,synthetic_demo
43.5,37.5,43.5,41.6729169427188,92.5,47375,1,1,synthetic_demo
28.4,40.6,28.448,26.215881568818972,94.8,47422,1,1,synthetic_demo
30.3,43.7,30.596,28.53351559879582,17.1,47469,0,1,synthetic_demo
32.2,46.8,32.744,31.041895681286245,19.4,47516,0,1,synthetic_demo
34.1,49.9,34.892,33.764363193063474,21.7,47563,1,1,synthetic_demo
36,53,37.04,36.7265041127196,24,47610,1,1,synthetic_demo
37.9,56.1,39.187999999999995,39.956309028841716,26.3,47657,1,1,synthetic_demo
39.8,59.2,41.336,43.484340289292646,28.6,47704,1,1,synthetic_demo
41.7,62.3,43.484,47.34390635269371,30.9,47751,1,1,synthetic_demo
43.6,65.4,45.632000000000005,51.57124339100322,33.2,47798,1,1,synthetic_demo
28.5,68.5,30.78,30.57528826692716,35.5,47845,1,1,synthetic_demo
30.4,71.6,32.928,33.39295228750504,37.8,47892,1,1,synthetic_demo
32.3,74.7,35.076,36.451127582109955,40.1,47939,1,1,synthetic_demo
34.2,77.8,37.224000000000004,39.777238709988,42.4,47986,1,1,synthetic_demo
36.1,80.9,39.372,43.401212727826916,44.7,48033,1,1,synthetic_demo
38,84,41.52,47.35564986134537,47,48080,1,1,synthetic_demo
39.9,87.1,43.668,51.67600143585874,49.3,48127,1,1,synthetic_demo
41.8,90.2,45.815999999999995,56.40075511340264,51.6,48174,1,1,synthetic_demo
43.7,93.3,47.964000000000006,61.57162747148399,53.9,48221,1,1,synthetic_demo
28.6,35.4,28.6,25.601448016509373,56.2,48268,1,1,synthetic_demo
30.5,38.5,30.5,27.839898925884746,58.5,48315,1,1,synthetic_demo
32.4,41.6,32.528,30.26173021147268,60.8,48362,1,1,synthetic_demo
34.3,44.7,34.675999999999995,32.889718861038894,63.1,48409,1,1,synthetic_demo
36.2,47.8,36.824000000000005,35.74885312491679,65.4,48456,1,1,synthetic_demo
38.1,50.9,38.972,38.866491221334776,67.7,48503,1,1,synthetic_demo
40,54,41.12,42.27252716719628,70,48550,1,1,synthetic_demo
41.9,57.1,43.268,45.9995637967054,72.3,48597,1,1,synthetic_demo
43.8,60.2,45.416,50.08309301806332,74.6,48644,1,1,synthetic_demo
28.7,63.3,30.564,30.006322321752993,76.9,48691,1,1,synthetic_demo
30.6,66.4,32.712,32.74936416079641,79.2,48738,1,1,synthetic_demo
32.5,69.5,34.86,35.7259290311441,81.5,48785,1,1,synthetic_demo
34.4,72.6,37.007999999999996,38.96290117874278,83.8,48832,1,1,synthetic_demo
36.3,75.7,39.156,42.48963501689063,86.1,48879,1,1,synthetic_demo
38.2,78.8,41.304,46.33812450675657,88.4,48926,1,1,synthetic_demo
40.1,81.9,43.452,50.54317977995073,90.7,48973,1,1,synthetic_demo
42,85,45.6,55.14261105199216,93,49020,1,1,synthetic_demo
43.9,88.1,47.748,60.17741986304684,15.3,49067,1,1,synthetic_demo
28.8,91.2,32.896,34.46148520233057,17.6,49114,1,1,synthetic_demo
30.7,94.3,35.044,37.71414183321653,19.9,49161,1,1,synthetic_demo
32.6,36.4,32.6,29.460042777473586,22.2,49208,1,1,synthetic_demo
34.5,39.5,34.5,31.99152864199431,24.5,49255,1,1,synthetic_demo
36.4,42.6,36.608,34.74547567628551,26.8,49302,1,1,synthetic_demo
38.3,45.7,38.756,37.748600421878315,29.1,49349,1,1,synthetic_demo
40.2,48.8,40.904,41.03011889920566,31.4,49396,1,1,synthetic_demo
42.1,51.9,43.052,44.62191828997482,33.7,49443,1,1,synthetic_demo
44,55,45.2,48.55873584500707,36,49490,1,1,synthetic_demo
28.9,58.1,30.348,29.41986075296936,38.3,49537,1,1,synthetic_demo
30.8,61.2,32.496,32.08657776376896,40.6,49584,1,1,synthetic_demo
32.7,64.3,34.644000000000005,34.97969268430353,42.9,49631,1,1,synthetic_demo
34.6,67.4,36.792,38.12554094179595,45.2,49678,1,1,synthetic_demo
36.5,70.5,38.94,41.552895450738106,47.5,49725,1,1,synthetic_demo
38.4,73.6,41.088,45.29313469801083,49.8,49772,1,1,synthetic_demo
40.3,76.7,43.236,49.380418053528636,52.1,49819,1,1,synthetic_demo
42.2,79.8,45.384,53.85186835653088,54.4,49866,1,1,synthetic_demo
44.1,82.9,47.532000000000004,58.747761815205564,56.7,49913,1,1,synthetic_demo
29,86,32.68,33.921389152770395,59,49960,1,1,synthetic_demo
30.9,89.1,34.827999999999996,37.102356663163114,61.3,50007,1,1,synthetic_demo
32.8,92.2,36.976,40.56066102824012,63.6,50054,1,1,synthetic_demo
34.7,95.3,39.124,44.32679551666399,65.9,50101,1,1,synthetic_demo
36.6,37.4,36.6,33.71599594524543,68.2,50148,1,1,synthetic_demo
38.5,40.5,38.54,36.60223220542871,70.5,50195,1,1,synthetic_demo
40.4,43.6,40.687999999999995,39.756680794672555,72.8,50242,1,1,synthetic_demo
42.3,46.7,42.836,43.21050315234507,75.1,50289,1,1,synthetic_demo
44.2,49.8,44.984,46.997671416053294,77.4,50336,1,1,synthetic_demo
29.1,52.9,30.132,28.815629849423086,79.7,50383,1,1,synthetic_demo
31,56,32.28,31.404297026261776,82,50430,1,1,synthetic_demo
32.9,59.1,34.428,34.21209870007388,84.3,50477,1,1,synthetic_demo
34.8,62.2,36.576,37.26481291480964,86.6,50524,1,1,synthetic_demo
36.7,65.3,38.724000000000004,40.590622170865046,88.9,50571,1,1,synthetic_demo
38.6,68.4,40.872,44.2202802105422,91.2,50618,1,1,synthetic_demo
40.5,71.5,43.02,48.18728601290928,93.5,50665,1,1,synthetic_demo
42.4,74.6,45.168,52.528065049467386,15.8,50712,1,1,synthetic_demo
44.3,77.7,47.315999999999995,57.2821578396334,18.1,50759,1,1,synthetic_demo
29.2,80.8,32.464,33.36394377559172,20.4,50806,1,1,synthetic_demo
31.1,83.9,34.612,36.47153209082552,22.7,50853,1,1,synthetic_demo
33,87,36.76,39.84957832795938,25,50900,1,1,synthetic_demo
34.9,90.1,38.908,43.52804274644412,27.3,50947,1,1,synthetic_demo
36.8,93.2,41.056,47.53955208932392,29.6,50994,1,1,synthetic_demo
38.7,35.3,38.7,35.4269778910506,31.9,51041,1,1,synthetic_demo
40.6,38.4,40.6,38.451773661500255,34.2,51088,1,1,synthetic_demo
42.5,41.5,42.62,41.76484694765048,36.5,51135,1,1,synthetic_demo
44.4,44.6,44.768,45.3993942557902,38.8,51182,1,1,synthetic_demo
29.3,47.7,29.916,28.193352757611596,41.1,51229,1,1,synthetic_demo
31.2,50.8,32.064,30.702222534762353,43.4,51276,1,1,synthetic_demo
33.1,53.9,34.212,33.4228236840461,45.7,51323,1,1,synthetic_demo
35,57,36.36,36.38036824235516,48,51370,1,1,synthetic_demo
36.9,60.1,38.507999999999996,39.602439320724955,50.3,51417,1,1,synthetic_demo
38.8,63.2,40.656,43.119156585944395,52.6,51464,1,1,synthetic_demo
40.7,66.3,42.804,46.96334893584316,54.9,51511,1,1,synthetic_demo
42.6,69.4,44.952,51.17073442095992,57.2,51558,1,1,synthetic_demo
44.5,72.5,47.1,55.780107452932015,59.5,51605,1,1,synthetic_demo
29.4,75.6,32.248,32.78887536260622,61.8,51652,1,1,synthetic_demo
31.3,78.7,34.396,35.82137205182727,64.1,51699,1,1,synthetic_demo
33.2,81.8,36.544000000000004,39.11731026769587,66.4,51746,1,1,synthetic_demo
35.1,84.9,38.692,42.70610873142559,68.7,51793,1,1,synthetic_demo
37,88,40.84,46.61982027943915,71,51840,1,1,synthetic_demo
38.9,91.1,42.988,50.8933080671192,73.3,51887,1,1,synthetic_demo
40.8,94.2,45.135999999999996,55.564429077608764,75.6,51934,1,1,synthetic_demo
42.7,36.3,42.7,40.28447344893576,77.9,51981,1,1,synthetic_demo
44.6,39.4,44.6,43.76339383317488,80.2,52028,1,1,synthetic_demo
29.5,42.5,29.7,27.55274945523392,82.5,52075,1,1,synthetic_demo
31.4,45.6,31.848,29.980051504817727,84.8,52122,1,1,synthetic_demo
33.3,48.7,33.995999999999995,32.61154066017219,87.1,52169,1,1,synthetic_demo
35.2,51.8,36.144000000000005,35.471854267999134,89.4,52216,1,1,synthetic_demo
37.1,54.9,38.292,38.587967014633,91.7,52263,1,1,synthetic_demo
39,58,40.44,41.989355099680736,94,52310,1,1,synthetic_demo
40.9,61.1,42.588,45.70816758802047,16.3,52357,1,1,synthetic_demo
42.8,64.2,44.736,49.77940499416998,18.6,52404,1,1,synthetic_demo
44.7,67.3,46.884,54.24110514070582,20.9,52451,1,1,synthetic_demo
29.6,70.4,32.032000000000004,32.19590705502016,23.2,52498,1,1,synthetic_demo
31.5,73.5,34.18,35.15157712983432,25.5,52545,1,1,synthetic_demo
33.4,76.6,36.327999999999996,38.363533452870314,27.8,52592,1,1,synthetic_demo
35.3,79.7,38.476,41.860644618840695,30.1,52639,1,1,synthetic_demo
37.2,82.8,40.624,45.674380618189566,32.4,52686,1,1,synthetic_demo
39.1,85.9,42.772000000000006,49.83898774403816,34.7,52733,1,1,synthetic_demo
41,89,44.92,54.39167078757348,37,52780,1,1,synthetic_demo
42.9,92.1,47.068,59.37278256219108,39.3,52827,1,1,synthetic_demo
44.8,95.2,49.215999999999994,64.82602078408874,41.6,52874,1,1,synthetic_demo
29.7,37.3,29.7,26.893536724596682,43.9,52921,1,1,synthetic_demo
31.6,40.4,31.632,29.237477753298673,46.2,52968,1,1,synthetic_demo
33.5,43.5,33.78,31.77791904187216,48.5,53015,1,1,synthetic_demo
35.4,46.6,35.928,34.53891450423902,50.8,53062,1,1,synthetic_demo
37.3,49.7,38.076,37.54682130651737,53.1,53109,1,1,synthetic_demo
39.2,52.8,40.224000000000004,40.830462728640335,55.4,53156,1,1,synthetic_demo
41.1,55.9,42.372,44.42129818942236,57.7,53203,1,1,synthetic_demo
43,59,44.52,48.35360049040035,60,53250,1,1,synthetic_demo
44.9,62.1,46.668,52.66464032147984,62.3,53297,1,1,synthetic_demo
29.8,65.2,31.816000000000003,31.584758816910142,64.6,53344,1,1,synthetic_demo
31.7,68.3,33.964,34.46184452888997,66.9,53391,1,1,synthetic_demo
33.6,71.4,36.112,37.587920898226216,69.2,53438,1,1,synthetic_demo
35.5,74.5,38.26,40.991297745518025,71.5,53485,1,1,synthetic_demo
37.4,77.6,40.408,44.7028532157958,73.8,53532,1,1,synthetic_demo
39.3,80.7,42.556,48.756207384491134,76.1,53579,1,1,synthetic_demo
41.2,83.8,44.704,53.18790313564648,78.4,53626,1,1,synthetic_demo
43.1,86.9,46.852000000000004,58.037594353963456,80.7,53673,1,1,synthetic_demo
28,90,32,33.18561369745124,83,53720,1,1,synthetic_demo
29.9,93.1,34.147999999999996,36.32912954887711,85.3,53767,1,1,synthetic_demo
31.8,35.2,31.8,28.47419167051656,87.6,53814,1,1,synthetic_demo
33.7,38.3,33.7,30.921624602991663,89.9,53861,1,1,synthetic_demo
35.6,41.4,35.712,33.58118860228783,92.2,53908,1,1,synthetic_demo
37.5,44.5,37.86,36.478614158518546,94.5,53955,1,1,synthetic_demo
39.4,47.6,40.007999999999996,39.64206211854075,16.8,54002,1,1,synthetic_demo
41.3,50.7,42.156,43.10229238051737,19.1,54049,1,1,synthetic_demo
43.2,53.8,44.304,46.89283979407726,21.4,54096,1,1,synthetic_demo
28.1,56.9,29.452,28.374607549188394,23.7,54143,1,1,synthetic_demo
30,60,31.6,30.955147408553753,26,54190,1,1,synthetic_demo
31.9,63.1,33.748,33.75186804560248,28.3,54237,1,1,synthetic_demo
33.8,66.2,35.896,36.790141998859184,30.6,54284,1,1,synthetic_demo
35.7,69.3,38.044000000000004,40.09771160773954,32.9,54331,1,1,synthetic_demo
37.6,72.4,40.192,43.70485411224838,35.2,54378,1,1,synthetic_demo
39.5,75.5,42.34,47.644553953873626,37.5,54425,1,1,synthetic_demo
41.4,78.6,44.488,51.952682332922265,39.8,54472,1,1,synthetic_demo
43.3,81.7,46.635999999999996,56.66818406519458,42.1,54519,1,1,synthetic_demo
28.2,84.8,31.784,32.67398863424765,44.4,54566,1,1,synthetic_demo
30.1,87.9,33.932,35.74852327074291,46.7,54613,1,1,synthetic_demo
32,91,36.08,39.08850324965112,49,54660,1,1,synthetic_demo
33.9,94.1,38.227999999999994,42.723352269312294,51.3,54707,1,1,synthetic_demo
35.8,36.2,35.8,32.59831232170777,53.6,54754,1,1,synthetic_demo
37.7,39.3,37.7,35.38295340943584,55.9,54801,1,1,synthetic_demo
39.6,42.4,39.792,38.423731551176715,58.2,54848,1,1,synthetic_demo
41.5,45.5,41.94,41.75069718830295,60.5,54895,1,1,synthetic_demo
43.4,48.6,44.088,45.39663691757674,62.8,54942,1,1,synthetic_demo
28.3,51.7,29.236,27.801378681032777,65.1,54989,1,1,synthetic_demo
30.2,54.8,31.384,30.306786359614673,67.4,55036,1,1,synthetic_demo
32.1,57.9,33.532000000000004,33.02133804118523,69.7,55083,1,1,synthetic_demo
34,61,35.68,35.96986250109708,72,55130,1,1,synthetic_demo
35.9,64.1,37.827999999999996,39.17952583094672,74.3,55177,1,1,synthetic_demo
37.8,67.2,39.976,42.67999524582727,76.6,55224,1,1,synthetic_demo
39.7,70.3,42.124,46.50361007611643,78.9,55271,1,1,synthetic_demo
41.6,73.4,44.272000000000006,50.68556000031596,81.2,55318,1,1,synthetic_demo
43.5,76.5,46.42,55.26407056314636,83.5,55365,1,1,synthetic_demo
28.4,79.6,31.567999999999998,32.145688987142606,85.8,55412,1,1,synthetic_demo
30.3,82.7,33.716,35.1496073231216,88.1,55459,1,1,synthetic_demo
32.2,85.8,35.864000000000004,38.412308749024774,90.4,55506,1,1,synthetic_demo
34.1,88.9,38.012,41.96269715157,92.7,55553,1,1,synthetic_demo
36,92,40.16,45.832271290003845,15,55600,1,1,synthetic_demo
37.9,95.1,42.308,50.05529926279585,17.3,55647,1,1,synthetic_demo
39.8,37.2,39.8,37.17504491151497,19.6,55694,1,1,synthetic_demo
41.7,40.3,41.724000000000004,40.36605499219192,21.9,55741,1,1,synthetic_demo
43.6,43.4,43.872,43.864500965895104,24.2,55788,1,1,synthetic_demo
28.5,46.5,29.02,27.210801524264422,26.5,55835,0,1,synthetic_demo
30.4,49.6,31.168,29.639385942182262,28.8,55882,0,1,synthetic_demo
32.3,52.7,33.315999999999995,32.26994141334933,31.1,55929,1,1,synthetic_demo
34.2,55.8,35.464000000000006,35.12674447323047,33.4,55976,1,1,synthetic_demo
36.1,58.9,37.612,38.23637613929549,35.7,56023,1,1,synthetic_demo
38,62,39.76,41.627884421469204,38,56070,1,1,synthetic_demo
39.9,65.1,41.908,45.33295400085423,40.3,56117,1,1,synthetic_demo
41.8,68.2,44.056,49.38608313452394,42.6,56164,1,1,synthetic_demo
43.7,71.3,46.204,53.824767831905774,44.9,56211,1,1,synthetic_demo
28.6,74.4,31.352000000000004,31.600450068595972,47.2,56258,1,1,synthetic_demo
30.5,77.5,33.5,34.53209524041734,49.5,56305,1,1,synthetic_demo
32.4,80.6,35.647999999999996,37.71572728472831,51.8,56352,1,1,synthetic_demo
34.3,83.7,37.796,41.17972189416009,54.1,56399,1,1,synthetic_demo
36.2,86.8,39.944,44.95501780842631,56.4,56446,1,1,synthetic_demo
38.1,89.9,42.092,49.075289996031366,58.7,56493,1,1,synthetic_demo
40,93,44.24,53.57713012128248,61,56540,1,1,synthetic_demo
41.9,35.1,41.9,38.947903489743595,63.3,56587,1,1,synthetic_demo
43.8,38.2,43.8,42.29593610116311,65.6,56634,1,1,synthetic_demo
28.7,41.3,28.804,26.602605243102666,67.9,56681,1,1,synthetic_demo
30.6,44.4,30.952,28.95265314366507,70.2,56728,1,1,synthetic_demo
32.5,47.5,33.1,31.497361568048124,72.5,56775,1,1,synthetic_demo
34.4,50.6,35.248,34.260446276093454,74.8,56822,1,1,synthetic_demo
36.3,53.7,37.396,37.2678943250598,77.1,56869,1,1,synthetic_demo
38.2,56.8,39.544000000000004,40.54812527898189,79.4,56916,1,1,synthetic_demo
40.1,59.9,41.692,44.13215957044015,81.7,56963,1,1,synthetic_demo
42,63,43.84,48.05379407382948,84,57010,1,1,synthetic_demo
43.9,66.1,45.988,52.34978493697385,86.3,57057,1,1,synthetic_demo
28.8,69.2,31.136000000000003,31.038004122821004,88.6,57104,1,1,synthetic_demo
30.7,72.3,33.284,33.895697291002705,90.9,57151,1,1,synthetic_demo
32.6,75.4,35.432,36.99844575333814,93.2,57198,1,1,synthetic_demo
34.5,78.5,37.58,40.37408856700135,15.5,57245,1,1,synthetic_demo
36.4,81.6,39.727999999999994,44.05299566161732,17.8,57292,1,1,synthetic_demo
38.3,84.7,41.876,48.068239731577535,20.1,57339,1,1,synthetic_demo
40.2,87.8,44.024,52.455775396521666,22.4,57386,1,1,synthetic_demo
42.1,90.9,46.172000000000004,57.25462567550503,24.7,57433,1,1,synthetic_demo
44,94,48.32,62.50707580783026,27,57480,1,1,synthetic_demo
28.9,36.1,28.9,25.97651588953862,29.3,57527,1,1,synthetic_demo
30.8,39.2,30.8,28.24629163953829,31.6,57574,1,1,synthetic_demo
32.7,42.3,32.884,30.703278391073706,33.9,57621,1,1,synthetic_demo
34.6,45.4,35.032000000000004,33.3706225334946,36.2,57668,1,1,synthetic_demo
36.5,48.5,37.18,36.273708217883666,38.5,57715,1,1,synthetic_demo
38.4,51.6,39.327999999999996,39.44031726110542,40.8,57762,1,1,synthetic_demo
40.3,54.7,41.476,42.90079618680595,43.1,57809,1,1,synthetic_demo
42.2,57.8,43.624,46.688230463752944,45.4,57856,1,1,synthetic_demo
44.1,60.9,45.772,50.838625989698656,47.7,57903,1,1,synthetic_demo
29,64,30.92,30.458080299736107,50,57950,1,1,synthetic_demo
30.9,67.1,33.068,33.24012045003642,52.3,57997,1,1,synthetic_demo
32.8,70.2,35.215999999999994,36.26014755078586,54.6,58044,1,1,synthetic_demo
34.7,73.3,37.364000000000004,39.54545552331029,56.9,58091,1,1,synthetic_demo
36.6,76.4,39.512,43.12583663681153,59.2,58138,1,1,synthetic_demo
38.5,79.5,41.66,47.03375210695266,61.5,58185,1,1,synthetic_demo
40.4,82.6,43.808,51.304509945870485,63.8,58232,1,1,synthetic_demo
42.3,85.7,45.955999999999996,55.976450110406276,66.1,58279,1,1,synthetic_demo
44.2,88.8,48.104,61.09113698284202,68.4,58326,1,1,synthetic_demo
29.1,91.9,33.252,34.99070100495239,70.7,58373,1,1,synthetic_demo
31,95,35.4,38.29009316955123,73,58420,1,1,synthetic_demo
32.9,37.1,32.9,29.887368219504925,75.3,58467,1,1,synthetic_demo
34.8,40.2,34.815999999999995,32.456924102497545,77.6,58514,1,1,synthetic_demo
36.7,43.3,36.964000000000006,35.25344165388142,79.9,58561,1,1,synthetic_demo
38.6,46.4,39.112,38.304055581420435,82.2,58608,1,1,synthetic_demo
40.5,49.5,41.26,41.63842877816796,84.5,58655,1,1,synthetic_demo
42.4,52.6,43.408,45.28892522254671,86.8,58702,1,1,synthetic_demo
44.3,55.7,45.556,49.29079011155187,89.1,58749,1,1,synthetic_demo
29.2,58.8,30.704,29.860404628772194,91.4,58796,1,1,synthetic_demo
31.1,61.9,32.852000000000004,32.56506837213468,93.7,58843,1,1,synthetic_demo
33,65,35,35.5005125438777,16,58890,1,1,synthetic_demo
34.9,68.1,37.147999999999996,38.69347736995388,18.3,58937,1,1,synthetic_demo
36.8,71.2,39.296,42.17316854892556,20.6,58984,1,1,synthetic_demo
38.7,74.3,41.444,45.97142655255125,22.9,59031,1,1,synthetic_demo
40.6,77.4,43.592,50.12290316146145,25.2,59078,1,1,synthetic_demo
42.5,80.5,45.74,54.665245283996725,27.5,59125,1,1,synthetic_demo
44.4,83.6,47.888,59.63928609381303,29.8,59172,1,1,synthetic_demo
29.3,86.7,33.036,34.440100295281454,32.1,59219,1,1,synthetic_demo
31.2,89.8,35.184,37.66681070121376,34.4,59266,1,1,synthetic_demo
33.1,92.9,37.332,41.17588163725199,36.7,59313,1,1,synthetic_demo
35,35,35,31.518998043551417,39,59360,1,1,synthetic_demo
36.9,38.1,36.9,34.206714444586034,41.3,59407,1,1,synthetic_demo
38.8,41.2,38.896,37.13893119210299,43.6,59454,1,1,synthetic_demo
40.7,44.3,41.044000000000004,40.34461776557846,45.9,59501,1,1,synthetic_demo
42.6,47.4,43.192,43.85540650653458,48.2,59548,1,1,synthetic_demo
44.5,50.5,45.34,47.7057713982492,50.5,59595,1,1,synthetic_demo
29.4,53.6,30.488,29.24469999253563,52.8,59642,1,1,synthetic_demo
31.3,56.7,32.636,31.87024136389589,55.1,59689,1,1,synthetic_demo
33.2,59.8,34.784000000000006,34.7192170416652,57.4,59736,1,1,synthetic_demo
35.1,62.9,36.932,37.81780493765217,59.7,59783,1,1,synthetic_demo
37,66,39.08,41.19461520957937,62,59830,1,1,synthetic_demo
38.9,69.1,41.227999999999994,44.88085825947241,64.3,59877,1,1,synthetic_demo
40.8,72.2,43.376,48.91051995120331,66.6,59924,1,1,synthetic_demo
42.7,75.3,45.524,53.32054409655271,68.9,59971,1,1,synthetic_demo
44.6,78.4,47.672000000000004,58.15102224672363,71.2,60018,1,1,synthetic_demo
29.5,81.5,32.82,33.87189601415445,73.5,60065,1,1,synthetic_demo
31.4,84.6,34.967999999999996,37.02421397604341,75.8,60112,1,1,synthetic_demo
33.3,87.7,37.116,40.451934618010284,78.1,60159,1,1,synthetic_demo
35.2,90.8,39.264,44.1854588327089,80.4,60206,1,1,synthetic_demo
37.1,93.9,41.412,48.25788347311547,82.7,60253,1,1,synthetic_demo
39,36,39,35.944530751525974,85,60300,1,1,synthetic_demo
40.9,39.1,40.9,39.01891902932243,87.3,60347,1,1,synthetic_demo
42.8,42.2,42.976,42.38719767529553,89.6,60394,1,1,synthetic_demo
44.7,45.3,45.124,46.083058883714315,91.9,60441,1,1,synthetic_demo
29.6,48.4,30.272000000000002,28.610686100326358,94.2,60488,1,1,synthetic_demo
31.5,51.5,32.42,31.15533635627847,16.5,60535,1,1,synthetic_demo
33.4,54.6,34.568,33.91593376666735,18.8,60582,1,1,synthetic_demo
35.3,57.7,36.715999999999994,36.918085251030206,21.1,60629,1,1,synthetic_demo
37.2,60.8,38.864000000000004,40.18979639596529,23.4,60676,1,1,synthetic_demo
39.1,63.9,41.012,43.76163814719486,25.7,60723,1,1,synthetic_demo
41,67,43.16,47.66692070525195,28,60770,1,1,synthetic_demo
42.9,70.1,45.308,51.94187467545705,30.3,60817,1,1,synthetic_demo
44.8,73.2,47.455999999999996,56.62583951045478,32.6,60864,1,1,synthetic_demo
29.7,76.3,32.604,33.285811047901525,34.9,60911,1,1,synthetic_demo
31.6,79.4,34.752,36.362003307225606,37.2,60958,1,1,synthetic_demo
33.5,82.5,36.9,39.706501631136845,39.5,61005,1,1,synthetic_demo
35.4,85.6,39.048,43.349160548559226,41.8,61052,1,1,synthetic_demo
37.3,88.7,41.196,47.32249798567588,44.1,61099,1,1,synthetic_demo
39.2,91.8,43.344,51.661872698658755,46.4,61146,1,1,synthetic_demo
41.1,94.9,45.492000000000004,56.40566901925192,48.7,61193,1,1,synthetic_demo
43,37,43,40.88381725669174,51,61240,1,1,synthetic_demo
44.9,40.1,44.908,44.422136503886335,53.3,61287,1,1,synthetic_demo
29.8,43.2,30.056,27.958079461511016,55.6,61334,1,1,synthetic_demo
31.7,46.3,32.204,30.42004687683171,57.9,61381,1,1,synthetic_demo
33.6,49.4,34.352000000000004,33.09033182594362,60.2,61428,1,1,synthetic_demo
35.5,52.5,36.5,35.99396149851941,62.5,61475,1,1,synthetic_demo
37.4,55.6,38.647999999999996,39.15832781956503,64.8,61522,1,1,synthetic_demo
39.3,58.7,40.796,42.613352831098254,67.1,61569,1,1,synthetic_demo
41.2,61.8,42.944,46.391661262326394,69.4,61616,1,1,synthetic_demo
43.1,64.9,45.092,50.528760340301815,71.7,61663,1,1,synthetic_demo
28,68,30.240000000000002,29.91748590474094,74,61710,1,1,synthetic_demo
29.9,71.1,32.388,32.68156510123698,76.3,61757,1,1,synthetic_demo
31.8,74.2,34.536,35.6798756236457,78.6,61804,1,1,synthetic_demo
33.7,77.3,36.684000000000005,38.93925539977168,80.9,61851,1,1,synthetic_demo
35.6,80.4,38.832,42.48900395226913,83.2,61898,1,1,synthetic_demo
37.5,83.5,40.98,46.361051286208955,85.5,61945,1,1,synthetic_demo
39.4,86.6,43.128,50.590134022387154,87.8,61992,1,1,synthetic_demo
41.3,89.7,45.275999999999996,55.213978827069184,90.1,62039,1,1,synthetic_demo
43.2,92.8,47.42400000000001,60.273493176400926,92.4,62086,1,1,synthetic_demo
28.1,95.9,32.572,34.20192555302578,94.7,62133,1,1,synthetic_demo
30,38,30,27.28659335875071,17,62180,0,0,synthetic_demo
31.9,41.1,31.988,29.664063021779114,19.3,62227,0,1,synthetic_demo
33.8,44.2,34.135999999999996,32.24207668201776,21.6,62274,1,1,synthetic_demo
35.7,47.3,36.284000000000006,35.04507300210794,23.9,62321,1,1,synthetic_demo
37.6,50.4,38.432,38.099821094714336,26.2,62368,1,1,synthetic_demo
39.5,53.5,40.58,41.43558458983098,28.5,62415,1,1,synthetic_demo
41.4,56.6,42.728,45.08429287587023,30.8,62462,1,1,synthetic_demo
43.3,59.7,44.876,49.080719567834954,33.1,62509,1,1,synthetic_demo
28.2,62.8,30.024,29.367609507438114,35.4,62556,1,1,synthetic_demo
30.1,65.9,32.172000000000004,32.05887467055697,37.7,62603,1,1,synthetic_demo
32,69,34.32,34.977524442043155,40,62650,1,1,synthetic_demo
33.9,72.1,36.467999999999996,38.149865022501764,42.3,62697,1,1,synthetic_demo
35.8,75.2,38.616,41.60463222631007,44.6,62744,1,1,synthetic_demo
37.7,78.3,40.764,45.37315908292179,46.9,62791,1,1,synthetic_demo
39.6,81.4,42.912,49.489550666645876,49.2,62838,1,1,synthetic_demo
41.5,84.5,45.06,53.99086620684835,51.5,62885,1,1,synthetic_demo
43.4,87.6,47.208,58.917308518101294,53.8,62932,1,1,synthetic_demo
28.3,90.7,32.356,33.696850026492704,56.1,62979,1,1,synthetic_demo
30.2,93.8,34.504,36.8851087688295,58.4,63026,1,1,synthetic_demo
32.1,35.9,32.1,28.88707142795423,60.7,63073,1,1,synthetic_demo
34,39,34,31.370830123652237,63,63120,1,1,synthetic_demo
35.9,42.1,36.068,34.07105518694005,65.3,63167,1,1,synthetic_demo
37.8,45.2,38.215999999999994,37.01388370701477,67.6,63214,1,1,synthetic_demo
39.7,48.3,40.364000000000004,40.2279113325238,69.9,63261,1,1,synthetic_demo
41.6,51.4,42.512,43.74436218005776,72.2,63308,1,1,synthetic_demo
43.5,54.5,44.66,47.59726595675133,74.5,63355,1,1,synthetic_demo
28.4,57.6,29.808,28.800669417831838,76.8,63402,1,1,synthetic_demo
30.3,60.7,31.956,31.41745301709167,79.1,63449,1,1,synthetic_demo
32.2,63.8,34.104,34.254639839018424,81.4,63496,1,1,synthetic_demo
34.1,66.9,36.252,37.33799594420735,83.7,63543,1,1,synthetic_demo
36,70,38.4,40.695684677176835,86,63590,1,1,synthetic_demo
37.9,73.1,40.548,44.358432976975564,88.3,63637,1,1,synthetic_demo
39.8,76.2,42.696,48.35970489939358,90.6,63684,1,1,synthetic_demo
41.7,79.3,44.844,52.735882403990544,92.9,63731,1,1,synthetic_demo
43.6,82.4,46.992000000000004,57.526453446768585,15.2,63778,1,1,synthetic_demo
28.5,85.5,32.14,33.175118931712,17.5,63825,1,1,synthetic_demo
30.4,88.6,34.288,36.293435372527185,19.8,63872,1,1,synthetic_demo
32.3,91.7,36.436,39.68204416706135,22.1,63919,1,1,synthetic_demo
34.2,94.8,38.584,43.370802438391536,24.4,63966,1,1,synthetic_demo
36.1,36.9,36.1,33.071539550764065,26.7,64013,1,1,synthetic_demo
38,40,38,35.90011898159303,29,64060,1,1,synthetic_demo
39.9,43.1,40.147999999999996,38.98990656584973,31.3,64107,1,1,synthetic_demo
41.8,46.2,42.296,42.37141115564525,33.6,64154,1,1,synthetic_demo
43.7,49.3,44.444,46.077908192327556,35.9,64201,1,1,synthetic_demo
28.6,52.4,29.592000000000002,28.216397628957377,38.2,64248,1,1,synthetic_demo
30.5,55.5,31.74,30.757010139911777,40.5,64295,1,1,synthetic_demo
32.4,58.6,33.888,33.5109084228918,42.8,64342,1,1,synthetic_demo
34.3,61.7,36.035999999999994,36.50330992675839,45.1,64389,1,1,synthetic_demo
36.2,64.8,38.184000000000005,39.76179670490812,47.4,64436,1,1,synthetic_demo
38.1,67.9,40.332,43.316480430817904,49.7,64483,1,1,synthetic_demo
40,71,42.48,47.20017460872103,52,64530,1,1,synthetic_demo
41.9,74.1,44.628,51.44857403390316,54.3,64577,1,1,synthetic_demo
43.8,77.2,46.775999999999996,56.10044154475895,56.6,64624,1,1,synthetic_demo
28.7,80.3,31.924,32.636467337073704,58.9,64671,1,1,synthetic_demo
30.6,83.4,34.072,35.68318631039791,61.2,64718,1,1,synthetic_demo
32.5,86.5,36.22,38.99345843444553,63.5,64765,1,1,synthetic_demo
34.4,89.6,38.367999999999995,42.596616330789985,65.8,64812,1,1,synthetic_demo
36.3,92.7,40.516,46.52461646057809,68.1,64859,1,1,synthetic_demo
38.2,95.8,42.664,50.81221481912792,70.4,64906,1,1,synthetic_demo
40.1,37.9,40.1,37.72113936092958,72.7,64953,1,1,synthetic_demo
42,41,42.08,40.964977095666804,75,65000,1,1,synthetic_demo
43.9,44.1,44.228,44.52215001090086,77.3,65047,1,1,synthetic_demo
28.8,47.2,29.376,27.61452304331144,79.6,65094,1,1,synthetic_demo
30.7,50.3,31.524,30.077252748788883,81.9,65141,1,1,synthetic_demo
32.6,53.4,33.672000000000004,32.74601330541454,84.2,65188,1,1,synthetic_demo
34.5,56.5,35.82,35.64546501956148,86.5,65235,1,1,synthetic_demo
36.4,59.6,37.967999999999996,38.802599772455785,88.8,65282,1,1,synthetic_demo
38.3,62.7,40.116,42.246904736362595,91.1,65329,1,1,synthetic_demo
40.2,65.8,42.264,46.01053326983059,93.4,65376,1,1,synthetic_demo
42.1,68.9,44.412,50.12848304777005,15.7,65423,1,1,synthetic_demo
44,72,46.56,54.638781469827435,18,65470,1,1,synthetic_demo
28.9,75.1,31.708,32.08062723834765,20.3,65517,1,1,synthetic_demo
30.8,78.2,33.856,35.05407158703811,22.6,65564,1,1,synthetic_demo
32.7,81.3,36.004000000000005,38.28419463816293,24.9,65611,1,1,synthetic_demo
34.6,84.4,38.152,41.79979607548336,27.2,65658,1,1,synthetic_demo
36.5,87.5,40.3,45.63226740339837,29.5,65705,1,1,synthetic_demo
38.4,90.6,42.448,49.81576635380138,31.8,65752,1,1,synthetic_demo
40.3,93.7,44.596,54.387398586905256,34.1,65799,1,1,synthetic_demo
42.2,35.8,42.2,39.524592570975,36.4,65846,1,1,synthetic_demo
44.1,38.9,44.1,42.92949016419175,38.7,65893,1,1,synthetic_demo
29,42,29.16,26.994771446701822,41,65940,1,1,synthetic_demo
30.9,45.1,31.308,29.37788423690973,43.3,65987,1,1,synthetic_demo
32.8,48.2,33.455999999999996,31.959634073331603,45.6,66034,1,1,synthetic_demo
34.7,51.3,35.604,34.76411552995659,47.9,66081,1,1,synthetic_demo
36.6,54.4,37.752,37.81772137490245,50.2,66128,1,1,synthetic_demo
38.5,57.5,39.9,41.14930498301608,52.5,66175,1,1,synthetic_demo
40.4,60.6,42.048,44.7903499118614,54.8,66222,1,1,synthetic_demo
42.3,63.7,44.196,48.77514669816662,57.1,66269,1,1,synthetic_demo
44.2,66.8,46.344,53.1409769195253,59.4,66316,1,1,synthetic_demo
29.1,69.9,31.492,31.507327532602527,61.7,66363,1,1,synthetic_demo
31,73,33.64,34.4057979092341,64,66410,1,1,synthetic_demo
32.9,76.1,35.788,37.55393588960444,66.3,66457,1,1,synthetic_demo
34.8,79.2,37.936,40.97999972432353,68.6,66504,1,1,synthetic_demo
36.7,82.3,40.084,44.71480711580695,70.9,66551,1,1,synthetic_demo
38.6,85.4,42.232,48.791908333045384,73.2,66598,1,1,synthetic_demo
40.5,88.5,44.38,53.24776660339121,75.5,66645,1,1,synthetic_demo
42.4,91.6,46.528,58.12194582481518,77.8,66692,1,1,synthetic_demo
44.3,94.7,48.675999999999995,63.45730562951458,80.1,66739,1,1,synthetic_demo
29.2,36.8,29.2,26.356865481952664,82.4,66786,1,1,synthetic_demo
31.1,39.9,31.1,28.65860465344384,84.7,66833,1,1,synthetic_demo
33,43,33.24,31.151446759796016,87,66880,1,1,synthetic_demo
34.9,46.1,35.388,33.85891199346364,89.3,66927,1,1,synthetic_demo
36.8,49.2,37.535999999999994,36.806785008527214,91.6,66974,1,1,synthetic_demo
38.7,52.3,39.684000000000005,40.023276025550885,93.9,67021,1,1,synthetic_demo
40.6,55.4,41.832,43.53918908456026,16.2,67068,1,1,synthetic_demo
42.5,58.5,43.98,47.38809750451935,18.5,67115,1,1,synthetic_demo
44.4,61.6,46.128,51.606526595441174,20.8,67162,1,1,synthetic_demo
29.3,64.7,31.276,30.91629399198051,23.1,67209,1,1,synthetic_demo
31.2,67.8,33.424,33.73806865860014,25.4,67256,1,1,synthetic_demo
33.1,70.9,35.572,36.80236176621277,27.7,67303,1,1,synthetic_demo
35,74,37.72,40.13688157779442,30,67350,1,1,synthetic_demo
36.9,77.1,39.867999999999995,43.77186308865049,32.3,67397,1,1,synthetic_demo
38.8,80.2,42.016,47.74023984482184,34.6,67444,1,1,synthetic_demo
40.7,83.3,44.164,52.077823021956796,36.9,67491,1,1,synthetic_demo
42.6,86.4,46.312000000000005,56.82348780937949,39.2,67538,1,1,synthetic_demo
44.5,89.5,48.46,62.019367131550574,41.5,67585,1,1,synthetic_demo
29.4,92.6,33.608,35.527556330388045,43.8,67632,1,1,synthetic_demo
31.3,95.7,35.756,38.874518492501515,46.1,67679,1,1,synthetic_demo
33.2,37.8,33.2,30.321123815634525,48.4,67726,1,1,synthetic_demo
35.1,40.9,35.172000000000004,32.92950114387876,50.7,67773,1,1,synthetic_demo
37,44,37.32,35.769410139719575,53,67820,1,1,synthetic_demo
38.9,47.1,39.467999999999996,38.86840845182562,55.3,67867,1,1,synthetic_demo
40.8,50.2,41.616,42.256610824797875,57.6,67914,1,1,synthetic_demo
42.7,53.3,43.764,45.96686321840981,59.9,67961,1,1,synthetic_demo
44.6,56.4,45.912,50.034924167285865,62.2,68008,1,1,synthetic_demo
29.5,59.5,31.06,30.307249237327486,64.5,68055,1,1,synthetic_demo
31.4,62.6,33.208,33.05058386406995,66.8,68102,1,1,synthetic_demo
33.3,65.7,35.355999999999995,36.02914828281956,69.1,68149,1,1,synthetic_demo
35.2,68.8,37.504000000000005,39.270092155180315,71.4,68196,1,1,synthetic_demo
37.1,71.9,39.652,42.80305880422793,73.7,68243,1,1,synthetic_demo
39,75,41.8,46.66035573234578,76,68290,1,1,synthetic_demo
40.9,78.1,43.948,50.877132383378054,78.3,68337,1,1,synthetic_demo
42.8,81.2,46.096,55.491565195118426,80.6,68384,1,1,synthetic_demo
44.7,84.3,48.244,60.545049975653804,82.9,68431,1,1,synthetic_demo
29.6,87.4,33.392,34.96630506546536,85.2,68478,1,1,synthetic_demo
31.5,90.5,35.54,38.23958136394566,87.5,68525,1,1,synthetic_demo
33.4,93.6,37.687999999999995,41.800315028572605,89.8,68572,1,1,synthetic_demo
35.3,35.7,35.3,31.975525883219735,92.1,68619,1,1,synthetic_demo
37.2,38.8,37.2,34.705212173741,94.4,68666,1,1,synthetic_demo
39.1,41.9,39.252,37.68428855035155,16.7,68713,1,1,synthetic_demo
41,45,41.4,40.942170622930405,19,68760,1,1,synthetic_demo
42.9,48.1,43.548,44.510966788723024,21.3,68807,1,1,synthetic_demo
44.8,51.2,45.696,48.42565823682083,23.6,68854,1,1,synthetic_demo
29.7,54.3,30.843999999999998,29.67991271167828,25.9,68901,0,1,synthetic_demo
31.6,57.4,32.992000000000004,32.34304017424118,28.2,68948,1,1,synthetic_demo
33.5,60.5,35.14,35.233967862833694,30.5,68995,1,1,synthetic_demo
35.4,63.6,37.288,38.379278164583724,32.8,69042,1,1,synthetic_demo
37.3,66.7,39.436,41.80801370512493,35.1,69089,1,1,synthetic_demo
39.2,69.8,41.584,45.551846561725284,37.4,69136,1,1,synthetic_demo
41.1,72.9,43.732,49.645254704989085,39.7,69183,1,1,synthetic_demo
43,76,45.88,54.12570571644791,42,69230,1,1,synthetic_demo
44.9,79.1,48.028,59.03384781689299,44.3,69277,1,1,synthetic_demo
29.8,82.2,33.176,34.387192864264016,46.6,69324,1,1,synthetic_demo
31.7,85.3,35.324,37.58505180548045,48.9,69371,1,1,synthetic_demo
33.6,88.4,37.472,41.06333063589912,51.2,69418,1,1,synthetic_demo
35.5,91.5,39.62,44.852875754562405,53.5,69465,1,1,synthetic_demo
37.4,94.6,41.768,48.987259203792306,55.8,69512,1,1,synthetic_demo
39.3,36.7,39.3,36.47049827770538,58.1,69559,1,1,synthetic_demo
41.2,39.8,41.2,39.595419389006324,60.4,69606,1,1,synthetic_demo
43.1,42.9,43.332,43.01992632664018,62.7,69653,1,1,synthetic_demo
28,46,28.48,26.649358112030637,65,69700,1,1,synthetic_demo
29.9,49.1,30.628,29.034000653596845,67.3,69747,1,1,synthetic_demo
31.8,52.2,32.776,31.615130829572852,69.6,69794,1,1,synthetic_demo
33.7,55.3,34.924,34.41648930928039,71.9,69841,1,1,synthetic_demo
35.6,58.4,37.072,37.4640824727925,74.2,69888,1,1,synthetic_demo
37.5,61.5,39.22,40.786343162896415,76.5,69935,1,1,synthetic_demo
39.4,64.6,41.367999999999995,44.41429858944815,78.8,69982,1,1,synthetic_demo
41.3,67.7,43.516,48.38174544696303,81.1,70029,1,1,synthetic_demo
43.2,70.8,45.664,52.7254322940645,83.4,70076,1,1,synthetic_demo
28.1,73.9,30.812,30.91472052522008,85.7,70123,1,1,synthetic_demo
30,77,32.96,33.789939174310646,88,70170,1,1,synthetic_demo
31.9,80.1,35.108,36.910626473102354,90.3,70217,1,1,synthetic_demo
33.8,83.2,37.256,40.304556107327556,92.6,70264,1,1,synthetic_demo
35.7,86.3,39.404,44.00202325754578,94.9,70311,1,1,synthetic_demo
37.6,89.4,41.552,48.036015989433764,17.2,70358,1,1,synthetic_demo
39.5,92.5,43.7,52.44239391699749,19.5,70405,1,1,synthetic_demo
41.4,95.6,45.848,57.26007418609885,21.8,70452,1,1,synthetic_demo
43.3,37.7,43.3,41.493255070475335,24.1,70499,1,1,synthetic_demo
28.2,40.8,28.264,26.061230380628583,26.4,70546,0,1,synthetic_demo
30.1,43.9,30.412000000000003,28.36922607037103,28.7,70593,1,1,synthetic_demo
32,47,32.56,30.866545634435195,31,70640,1,1,synthetic_demo
33.9,50.1,34.708,33.57637777569124,33.3,70687,1,1,synthetic_demo
35.8,53.2,36.855999999999995,36.52414407499595,35.6,70734,1,1,synthetic_demo
37.7,56.3,39.004000000000005,39.737658446596384,37.9,70781,1,1,synthetic_demo
39.6,59.4,41.152,43.247293729714556,40.2,70828,1,1,synthetic_demo
41.5,62.5,43.3,47.08615547843812,42.5,70875,1,1,synthetic_demo
43.4,65.6,45.448,51.29026299985667,44.8,70922,1,1,synthetic_demo
28.3,68.7,30.596,30.371199523925565,47.1,70969,1,1,synthetic_demo
30.2,71.8,32.744,33.17426023029806,49.4,71016,1,1,synthetic_demo
32.1,74.9,34.892,36.215998605954645,51.7,71063,1,1,synthetic_demo
34,78,37.04,39.52366024730446,54,71110,1,1,synthetic_demo
35.9,81.1,39.187999999999995,43.126980419497336,56.3,71157,1,1,synthetic_demo
37.8,84.2,41.336,47.05835416218239,58.6,71204,1,1,synthetic_demo
39.7,87.3,43.484,51.35301365071073,60.9,71251,1,1,synthetic_demo
41.6,90.4,45.632000000000005,56.04921286142455,63.2,71298,1,1,synthetic_demo
43.5,93.5,47.78,61.18841957717889,65.5,71345,1,1,synthetic_demo
28.4,35.6,28.4,25.455649848521066,67.8,71392,1,1,synthetic_demo
30.3,38.7,30.3,27.685298711061744,70.1,71439,1,1,synthetic_demo
32.2,41.8,32.344,30.096970929012073,72.4,71486,1,1,synthetic_demo
34.1,44.9,34.492000000000004,32.71329473684469,74.7,71533,1,1,synthetic_demo
36,48,36.64,35.55909806434983,77,71580,1,1,synthetic_demo
37.9,51.1,38.788,38.661566691155286,79.3,71627,1,1,synthetic_demo
39.8,54.2,40.936,42.050409521615904,81.6,71674,1,1,synthetic_demo
41.7,57.3,43.084,45.75803104348876,83.9,71721,1,1,synthetic_demo
43.6,60.4,45.232,49.81971102166047,86.2,71768,1,1,synthetic_demo
28.5,63.5,30.38,29.810632189049265,88.5,71815,1,1,synthetic_demo
30.4,66.6,32.528,32.5398690272044,90.8,71862,1,1,synthetic_demo
32.3,69.7,34.675999999999995,35.500857998300724,93.1,71909,1,1,synthetic_demo
34.2,72.8,36.824000000000005,38.72030820163401,15.4,71956,1,1,synthetic_demo
36.1,75.9,38.972,42.22738623043341,17.7,72003,1,1,synthetic_demo
38,79,41.12,46.05388498864624,20,72050,1,1,synthetic_demo
39.9,82.1,43.268,50.23439974608499,22.3,72097,1,1,synthetic_demo
41.8,85.2,45.416,54.806511481839294,24.6,72144,1,1,synthetic_demo
43.7,88.3,47.564,59.81097755339803,26.9,72191,1,1,synthetic_demo
28.6,91.4,32.712,34.21539968104397,29.2,72238,1,1,synthetic_demo
30.5,94.5,34.86,37.44920645444437,31.5,72285,1,1,synthetic_demo
32.4,36.6,32.4,29.30608956105529,33.8,72332,1,1,synthetic_demo
34.3,39.7,34.3,31.826897959356696,36.1,72379,1,1,synthetic_demo
36.2,42.8,36.424,34.56857560138993,38.4,72426,1,1,synthetic_demo
38.1,45.9,38.572,37.55767086560444,40.7,72473,1,1,synthetic_demo
40,49,40.72,40.82321909615958,43,72520,1,1,synthetic_demo
41.9,52.1,42.868,44.39691372694135,45.3,72567,1,1,synthetic_demo
43.8,55.2,45.016,48.31328462785873,47.6,72614,1,1,synthetic_demo
28.7,58.3,30.163999999999998,29.232750258423376,49.9,72661,1,1,synthetic_demo
30.6,61.4,32.312000000000005,31.886475293266567,52.2,72708,1,1,synthetic_demo
32.5,64.5,34.46,34.76489097134956,54.5,72755,1,1,synthetic_demo
34.4,67.6,36.608,37.89416142814066,56.8,72802,1,1,synthetic_demo
36.3,70.7,38.756,41.30287576874726,59.1,72849,1,1,synthetic_demo
38.2,73.8,40.904,45.02221559135324,61.4,72896,1,1,synthetic_demo
40.1,76.9,43.052,49.08612973233468,63.7,72943,1,1,synthetic_demo
42,80,45.2,53.53151628422792,66,72990,1,1,synthetic_demo
43.9,83.1,47.348,58.39841192530298,68.3,73037,1,1,synthetic_demo
28.8,86.2,32.496,33.68342132062385,70.6,73084,1,1,synthetic_demo
30.7,89.3,34.644,36.84631352816793,72.9,73131,1,1,synthetic_demo
32.6,92.4,36.792,40.28441628127909,75.2,73178,1,1,synthetic_demo
34.5,95.5,38.94,44.028024944568514,77.5,73225,1,1,synthetic_demo
36.4,37.6,36.4,33.552203883294254,79.8,73272,1,1,synthetic_demo
38.3,40.7,38.355999999999995,36.42556974114764,82.1,73319,1,1,synthetic_demo
40.2,43.8,40.504000000000005,39.565291143139504,84.4,73366,1,1,synthetic_demo
42.1,46.9,42.652,43.00234042003505,86.7,73413,1,1,synthetic_demo
44,50,44.8,46.77048713182461,89,73460,1,1,synthetic_demo
28.9,53.1,29.948,28.63728237491692,91.3,73507,1,1,synthetic_demo
30.8,56.2,32.096000000000004,31.213785462807444,93.6,73554,1,1,synthetic_demo
32.7,59.3,34.244,34.00778034493311,15.9,73601,1,1,synthetic_demo
34.6,62.4,36.392,37.04487766718201,18.2,73648,1,1,synthetic_demo
36.5,65.5,38.54,40.35308017054392,20.5,73695,1,1,synthetic_demo
38.4,68.6,40.687999999999995,43.96294891689597,22.8,73742,1,1,synthetic_demo
40.3,71.7,42.836,47.907776720182575,25.1,73789,1,1,synthetic_demo
42.2,74.8,44.984,52.223768835444986,27.4,73836,1,1,synthetic_demo
44.1,77.9,47.132000000000005,56.95023094577217,29.7,73883,1,1,synthetic_demo
29,81,32.28,33.13427350435351,32,73930,1,1,synthetic_demo
30.9,84.1,34.428,36.22457570563432,34.3,73977,1,1,synthetic_demo
32.8,87.2,36.576,39.58327160154597,36.6,74024,1,1,synthetic_demo
34.7,90.3,38.724000000000004,43.24012733635634,38.9,74071,1,1,synthetic_demo
36.6,93.4,40.872,47.22756206646854,41.2,74118,1,1,synthetic_demo
38.5,35.5,38.5,35.26485785907949,43.5,74165,1,1,synthetic_demo
40.4,38.6,40.4,38.2761898778523,45.8,74212,1,1,synthetic_demo
42.3,41.7,42.436,41.57384328592697,48.1,74259,1,1,synthetic_demo
44.2,44.8,44.584,45.190816856208585,50.4,74306,1,1,synthetic_demo
29.1,47.9,29.732000000000003,28.02395406025266,52.7,74353,1,1,synthetic_demo
31,51,31.88,30.521502648916975,55,74400,1,1,synthetic_demo
32.9,54.1,34.028,33.22920540903549,57.3,74447,1,1,synthetic_demo
34.8,57.2,36.175999999999995,36.17211091201143,59.6,74494,1,1,synthetic_demo
36.7,60.3,38.324000000000005,39.37762659882332,61.9,74541,1,1,synthetic_demo
38.6,63.4,40.472,42.87568370392361,64.2,74588,1,1,synthetic_demo
40.5,66.5,42.62,46.69890936864989,66.5,74635,1,1,synthetic_demo
42.4,69.6,44.768,50.88280599789451,68.8,74682,1,1,synthetic_demo
44.3,72.7,46.916,55.46593790143305,71.1,74729,1,1,synthetic_demo
29.2,75.8,32.064,32.56768487858728,73.4,74776,1,1,synthetic_demo
31.1,78.9,34.212,35.58369942748669,75.7,74823,1,1,synthetic_demo
33,82,36.36,38.86115428612263,78,74870,1,1,synthetic_demo
34.9,85.1,38.507999999999996,42.429277888150885,80.3,74917,1,1,synthetic_demo
36.8,88.2,40.656,46.31991946650611,82.6,74964,1,1,synthetic_demo
38.7,91.3,42.804,50.56772468705154,84.9,75011,1,1,synthetic_demo
40.6,94.4,44.952,55.21031858452147,87.2,75058,1,1,synthetic_demo
42.5,36.5,42.5,40.11094972504199,89.5,75105,1,1,synthetic_demo
44.4,39.6,44.4,43.57376709706933,91.8,75152,1,1,synthetic_demo
29.3,42.7,29.516000000000002,27.392487688679566,94.1,75199,1,1,synthetic_demo
31.2,45.8,31.663999999999998,29.809326615986528,16.4,75246,0,1,synthetic_demo
33.1,48.9,33.812000000000005,32.42884189517355,18.7,75293,1,1,synthetic_demo
35,52,35.96,35.27551137899067,21,75340,1,1,synthetic_demo
36.9,55.1,38.108,38.37613821251157,23.3,75387,1,1,synthetic_demo
38.8,58.2,40.256,41.760014450980435,25.6,75434,1,1,synthetic_demo
40.7,61.3,42.404,45.459091851692094,27.9,75481,1,1,synthetic_demo
42.6,64.4,44.552,49.50815989495416,30.2,75528,1,1,synthetic_demo
44.5,67.5,46.7,53.94503107686775,32.5,75575,1,1,synthetic_demo
29.4,70.6,31.848,31.98338096031745,34.8,75622,1,1,synthetic_demo
31.3,73.7,33.996,34.92338780457013,37.1,75669,1,1,synthetic_demo
33.2,76.8,36.144000000000005,38.117743625416175,39.4,75716,1,1,synthetic_demo
35.1,79.9,38.292,41.595130596477084,41.7,75763,1,1,synthetic_demo
37,83,40.44,45.386819127198294,44,75810,1,1,synthetic_demo
38.9,86.1,42.588,49.52684220174493,46.3,75857,1,1,synthetic_demo
40.8,89.2,44.736,54.052177003425705,48.6,75904,1,1,synthetic_demo
42.7,92.3,46.884,59.00293386602675,50.9,75951,1,1,synthetic_demo
44.6,95.4,49.032000000000004,64.42255258083462,53.2,75998,1,1,synthetic_demo
29.5,37.5,29.5,26.742602460500514,55.5,76045,1,1,synthetic_demo
31.4,40.6,31.448,29.07695375209649,57.8,76092,1,1,synthetic_demo
33.3,43.7,33.596,31.606361947628844,60.1,76139,1,1,synthetic_demo
35.2,46.8,35.744,34.354725477651726,62.4,76186,1,1,synthetic_demo
37.1,49.9,37.892,37.34823413534038,64.7,76233,1,1,synthetic_demo
39,53,40.04,40.615531384191016,67,76280,1,1,synthetic_demo
40.9,56.1,42.187999999999995,44.187883824680014,69.3,76327,1,1,synthetic_demo
42.8,59.2,44.336,48.09935787624397,71.6,76374,1,1,synthetic_demo
44.7,62.3,46.484,52.3870037186623,73.9,76421,1,1,synthetic_demo
29.6,65.4,31.632,31.381084110771564,76.2,76468,1,1,synthetic_demo
31.5,68.5,33.78,34.243340590389806,78.5,76515,1,1,synthetic_demo
33.4,71.6,35.928,37.35271534236964,80.8,76562,1,1,synthetic_demo
35.3,74.7,38.076,40.737335671611035,83.1,76609,1,1,synthetic_demo
37.2,77.8,40.224000000000004,44.427884204047686,85.4,76656,1,1,synthetic_demo
39.1,80.9,42.372,48.45777192657377,87.7,76703,1,1,synthetic_demo
41,84,44.52,52.86331849613676,90,76750,1,1,synthetic_demo
42.9,87.1,46.668,57.68393986066062,92.3,76797,1,1,synthetic_demo
44.8,90.2,48.815999999999995,62.962343221899204,94.6,76844,1,1,synthetic_demo
29.7,93.3,33.964,36.07218703498312,16.9,76891,1,1,synthetic_demo
31.6,35.4,31.6,28.32407704125676,19.2,76938,1,1,synthetic_demo
33.5,38.5,33.5,30.761434094530532,21.5,76985,1,1,synthetic_demo
35.4,41.6,35.528,33.40939578060822,23.8,77032,1,1,synthetic_demo
37.3,44.7,37.675999999999995,36.293529424573975,26.1,77079,1,1,synthetic_demo
39.2,47.8,39.824000000000005,39.441820424791814,28.4,77126,1,1,synthetic_demo
41.1,50.9,41.972,42.88484039072626,30.7,77173,1,1,synthetic_demo
43,54,44.12,46.65592248273931,33,77220,1,1,synthetic_demo
44.9,57.1,46.268,50.7913439992995,35.3,77267,1,1,synthetic_demo
29.8,60.2,31.416,30.760513508864886,37.6,77314,1,1,synthetic_demo
31.7,63.3,33.564,33.54325415342218,39.9,77361,1,1,synthetic_demo
33.6,66.4,35.712,36.56574156361653,42.2,77408,1,1,synthetic_demo
35.5,69.5,37.86,39.85553950756379,44.5,77455,1,1,synthetic_demo
37.4,72.6,40.007999999999996,43.44273380756154,46.8,77502,1,1,synthetic_demo
39.3,75.7,42.156,47.36010407690184,49.1,77549,1,1,synthetic_demo
41.2,78.8,44.304,51.64330270989191,51.4,77596,1,1,synthetic_demo
43.1,81.9,46.452,56.331041169040354,53.7,77643,1,1,synthetic_demo
28,85,31.6,32.44285738092617,56,77690,1,1,synthetic_demo
29.9,88.1,33.748,35.5001376289589,58.3,77737,1,1,synthetic_demo
31.8,91.2,35.896,38.82081478270199,60.6,77784,1,1,synthetic_demo
33.7,94.3,38.044000000000004,42.434120106060405,62.9,77831,1,1,synthetic_demo
35.6,36.4,35.6,32.43916099331587,65.2,77878,1,1,synthetic_demo
37.5,39.5,37.5,35.211635039583875,67.5,77925,1,1,synthetic_demo
39.4,42.6,39.608,38.238463156509155,69.8,77972,1,1,synthetic_demo
41.3,45.7,41.756,41.54951206685688,72.1,78019,1,1,synthetic_demo
43.2,48.8,43.904,45.177371411728075,74.4,78066,1,1,synthetic_demo
28.1,51.9,29.052,27.62751549741437,76.7,78113,1,1,synthetic_demo
30,55,31.2,30.121385124507608,79,78160,1,1,synthetic_demo
31.9,58.1,33.348,32.82282144927898,81.3,78207,1,1,synthetic_demo
33.8,61.2,35.495999999999995,35.75649079048613,83.6,78254,1,1,synthetic_demo
35.7,64.3,37.644000000000005,38.94938465191418,85.9,78301,1,1,synthetic_demo
37.6,67.4,39.792,42.43098297189974,88.2,78348,1,1,synthetic_demo
39.5,70.5,41.94,46.23342455295484,90.5,78395,1,1,synthetic_demo
41.4,73.6,44.088,50.391684729046816,92.8,78442,1,1,synthetic_demo
43.3,76.7,46.236,54.94376031579466,15.1,78489,1,1,synthetic_demo
28.2,79.8,31.384,31.92253883270003,17.4,78536,1,1,synthetic_demo
30.1,82.9,33.532000000000004,34.90996677070065,19.7,78583,1,1,synthetic_demo
32,86,35.68,38.15418988428567,22,78630,1,1,synthetic_demo
33.9,89.1,37.827999999999996,41.68392334958263,24.3,78677,1,1,synthetic_demo
35.8,92.2,39.976,45.53046397959825,26.6,78724,1,1,synthetic_demo
37.7,95.3,42.124,49.72786412008233,28.9,78771,1,1,synthetic_demo
39.6,37.4,39.6,37.00503679278324,31.2,78818,1,1,synthetic_demo
41.5,40.5,41.54,40.18144475002791,33.5,78865,1,1,synthetic_demo
43.4,43.6,43.687999999999995,43.66321748161206,35.8,78912,1,1,synthetic_demo
28.3,46.7,28.836000000000002,27.04554902135843,38.1,78959,1,1,synthetic_demo
30.2,49.8,30.983999999999998,29.46341169176662,40.4,79006,1,1,synthetic_demo
32.1,52.9,33.132,32.08173199272364,42.7,79053,1,1,synthetic_demo
34,56,35.28,34.92462786985961,45,79100,1,1,synthetic_demo
35.9,59.1,37.428,38.01850977549066,47.3,79147,1,1,synthetic_demo
37.8,62.2,39.576,41.39224262336988,49.6,79194,1,1,synthetic_demo
39.7,65.3,41.724000000000004,45.07731490711811,51.9,79241,1,1,synthetic_demo
41.6,68.4,43.872,49.10801504116637,54.2,79288,1,1,synthetic_demo
43.5,71.5,46.02,53.52161497078385,56.5,79335,1,1,synthetic_demo
28.4,74.6,31.168,31.385457266844707,58.8,79382,1,1,synthetic_demo
30.3,77.7,33.316,34.301390435387525,61.1,79429,1,1,synthetic_demo
32.2,80.8,35.464000000000006,37.467383996750605,63.4,79476,1,1,synthetic_demo
34.1,83.9,37.612,40.91162869535121,65.7,79523,1,1,synthetic_demo
36,87,39.76,44.66486524163407,68,79570,1,1,synthetic_demo
37.9,90.1,41.908,48.76055692510942,70.3,79617,1,1,synthetic_demo
39.8,93.2,44.056,53.23506950949451,72.6,79664,1,1,synthetic_demo
41.7,35.3,41.7,38.78017968298696,74.9,79711,1,1,synthetic_demo
43.6,38.4,43.6,42.11296859655235,77.2,79758,1,1,synthetic_demo
28.5,41.5,28.62,26.446145446386527,79.5,79805,1,1,synthetic_demo
30.4,44.6,30.767999999999997,28.786302681881633,81.8,79852,1,1,synthetic_demo
32.3,47.7,32.916,31.319671829540095,84.1,79899,1,1,synthetic_demo
34.2,50.8,35.064,34.06981396487648,86.4,79946,1,1,synthetic_demo
36.1,53.9,37.212,37.06254964190199,88.7,79993,1,1,synthetic_demo
38,57,39.36,40.326119548770066,91,80040,1,1,synthetic_demo
39.9,60.1,41.507999999999996,43.89135231108048,93.3,80087,1,1,synthetic_demo
41.8,63.2,43.656,47.7918395029606,15.6,80134,1,1,synthetic_demo
43.7,66.3,45.804,52.064117913819814,17.9,80181,1,1,synthetic_demo
28.6,69.4,30.952,30.831347241405382,20.2,80228,0,1,synthetic_demo
30.5,72.5,33.1,33.6741213539388,22.5,80275,1,1,synthetic_demo
32.4,75.6,35.248,36.76008663431092,24.8,80322,1,1,synthetic_demo
34.3,78.7,37.396,40.11690099247788,27.1,80369,1,1,synthetic_demo
36.2,81.8,39.544000000000004,43.77474028489945,29.4,80416,1,1,synthetic_demo
38.1,84.9,41.692,47.76646964030103,31.7,80463,1,1,synthetic_demo
40,88,43.84,52.12782205024578,34,80510,1,1,synthetic_demo
41.9,91.1,45.988,56.89758427110091,36.3,80557,1,1,synthetic_demo
43.8,94.2,48.135999999999996,62.11779007145457,38.6,80604,1,1,synthetic_demo
28.7,36.3,28.7,25.82903317977304,40.9,80651,1,1,synthetic_demo
30.6,39.4,30.6,28.089764276135224,43.2,80698,1,1,synthetic_demo
32.5,42.5,32.7,30.536323508253584,45.5,80745,1,1,synthetic_demo
34.4,45.6,34.848,33.191706525491334,47.8,80792,1,1,synthetic_demo
36.3,48.7,36.995999999999995,36.081135076916425,50.1,80839,1,1,synthetic_demo
38.2,51.8,39.144000000000005,39.23221636357856,52.4,80886,1,1,synthetic_demo
40.1,54.9,41.292,42.67510952282411,54.7,80933,1,1,synthetic_demo
42,58,43.44,46.442699306065236,57,80980,1,1,synthetic_demo
43.9,61.1,45.588,50.57077699922999,59.3,81027,1,1,synthetic_demo
28.8,64.2,30.736,30.259940241114283,61.6,81074,1,1,synthetic_demo
30.7,67.3,32.884,33.02786898595411,63.9,81121,1,1,synthetic_demo
32.6,70.4,35.032000000000004,36.031983833355504,66.2,81168,1,1,synthetic_demo
34.5,73.5,37.18,39.29940139712865,68.5,81215,1,1,synthetic_demo
36.4,76.6,39.327999999999996,42.85972386862606,70.8,81262,1,1,synthetic_demo
38.3,79.7,41.476,46.74520905084687,73.1,81309,1,1,synthetic_demo
40.2,82.8,43.624,50.99094764045551,75.4,81356,1,1,synthetic_demo
42.1,85.9,45.772000000000006,55.635047805565264,77.7,81403,1,1,synthetic_demo
44,89,47.92,60.71882709464781,80,81450,1,1,synthetic_demo
28.9,92.1,33.068,34.741393723725956,82.3,81497,1,1,synthetic_demo
30.8,95.2,35.216,38.02156541030727,84.6,81544,1,1,synthetic_demo
32.7,37.3,32.7,29.731366051703294,86.9,81591,1,1,synthetic_demo
34.6,40.4,34.632,32.28995925888066,89.2,81638,1,1,synthetic_demo
36.5,43.5,36.78,35.07389293768947,91.5,81685,1,1,synthetic_demo
38.4,46.6,38.928,38.11013147999056,93.8,81732,1,1,synthetic_demo
40.3,49.7,41.076,41.42815485345989,16.1,81779,1,1,synthetic_demo
42.2,52.8,43.224000000000004,45.060130942667044,18.4,81826,1,1,synthetic_demo
44.1,55.9,45.372,49.04109512026527,20.7,81873,1,1,synthetic_demo
29,59,30.52,29.67096465131922,23,81920,1,1,synthetic_demo
30.9,62.1,32.668,32.36233949250762,25.3,81967,1,1,synthetic_demo
32.8,65.2,34.815999999999995,35.28275812409171,27.6,82014,1,1,synthetic_demo
34.7,68.3,36.964000000000006,38.458787343002626,29.9,82061,1,1,synthetic_demo
36.6,71.4,39.112,41.91944680455947,32.2,82108,1,1,synthetic_demo
38.5,74.5,41.26,45.69637776060344,34.5,82155,1,1,synthetic_demo
40.4,77.6,43.408,49.824019029050234,36.8,82202,1,1,synthetic_demo
42.3,80.7,45.556,54.33979024398817,39.1,82249,1,1,synthetic_demo
44.2,83.8,47.704,59.284282422997315,41.4,82296,1,1,synthetic_demo
29.1,86.9,32.852000000000004,34.199025215781965,43.7,82343,1,1,synthetic_demo
31,90,35,37.407298792206426,46,82390,1,1,synthetic_demo
32.9,93.1,37.147999999999996,40.895773079135,48.3,82437,1,1,synthetic_demo
34.8,35.2,34.8,31.364222099699344,50.6,82484,1,1,synthetic_demo
36.7,38.3,36.7,34.04044608183968,52.9,82531,1,1,synthetic_demo
38.6,41.4,38.712,36.959459074801856,55.2,82578,1,1,synthetic_demo
40.5,44.5,40.86,40.150052133908574,57.5,82625,1,1,synthetic_demo
42.4,47.6,43.007999999999996,43.64366617097383,59.8,82672,1,1,synthetic_demo
44.3,50.7,45.156,47.47457017335152,62.1,82719,1,1,synthetic_demo
29.2,53.8,30.304,29.064145731767756,64.4,82766,1,1,synthetic_demo
31.1,56.9,32.452,31.677235708795852,66.7,82813,1,1,synthetic_demo
33,60,34.6,34.51208850204095,69,82860,1,1,synthetic_demo
34.9,63.1,36.748,37.594712511660646,71.3,82907,1,1,synthetic_demo
36.8,66.2,38.896,40.95353592610776,73.6,82954,1,1,synthetic_demo
38.7,69.3,41.044000000000004,44.61957416005117,75.9,83001,1,1,synthetic_demo
40.6,72.4,43.192,48.62660450762028,78.2,83048,1,1,synthetic_demo
42.5,75.5,45.34,53.01134806138823,80.5,83095,1,1,synthetic_demo
44.4,78.6,47.488,57.81365893509215,82.8,83142,1,1,synthetic_demo
29.3,81.7,32.636,33.63923522634942,85.1,83189,1,1,synthetic_demo
31.2,84.8,34.784,36.773914782437934,87.4,83236,1,1,synthetic_demo
33.1,87.9,36.932,40.181899848379445,89.7,83283,1,1,synthetic_demo
35,91,39.08,43.89339491323368,92,83330,1,1,synthetic_demo
36.9,94.1,41.227999999999994,47.94128685657602,94.3,83377,1,1,synthetic_demo
38.8,36.2,38.8,35.779789057139034,16.6,83424,1,1,synthetic_demo
40.7,39.3,40.7,38.8403606814274,18.9,83471,1,1,synthetic_demo
42.6,42.4,42.792,42.19283198052882,21.2,83518,1,1,synthetic_demo
44.5,45.5,44.94,45.870695022184925,23.5,83565,1,1,synthetic_demo
29.4,48.6,30.087999999999997,28.43920559024686,25.8,83612,0,1,synthetic_demo
31.3,51.7,32.236000000000004,30.972257116638755,28.1,83659,1,1,synthetic_demo
33.2,54.8,34.384,33.7196503993855,30.4,83706,1,1,synthetic_demo
35.1,57.9,36.532000000000004,36.70682680270367,32.7,83753,1,1,synthetic_demo
37,61,38.68,39.96161405733851,35,83800,1,1,synthetic_demo
38.9,64.1,40.827999999999996,43.51439239409814,37.3,83847,1,1,synthetic_demo
40.8,67.2,42.976,47.39826787702026,39.6,83894,1,1,synthetic_demo
42.7,70.3,45.124,51.64925298788386,41.9,83941,1,1,synthetic_demo
44.6,73.4,47.272000000000006,56.306454501396864,44.2,83988,1,1,synthetic_demo
29.5,76.5,32.42,33.06174901942105,46.5,84035,1,1,synthetic_demo
31.4,79.6,34.568,36.12111622332217,48.8,84082,1,1,synthetic_demo
33.3,82.7,36.715999999999994,39.446755905466944,51.1,84129,1,1,synthetic_demo
35.2,85.8,38.864000000000004,43.068330042361495,53.4,84176,1,1,synthetic_demo
37.1,88.9,41.012,47.018150593822845,55.7,84223,1,1,synthetic_demo
39,92,43.16,51.331356365010826,58,84270,1,1,synthetic_demo
40.9,95.1,45.308,56.046097178735636,60.3,84317,1,1,synthetic_demo
42.8,37.2,42.8,40.707150557369516,62.6,84364,1,1,synthetic_demo
44.7,40.3,44.724000000000004,44.228957461670795,64.9,84411,1,1,synthetic_demo
29.6,43.4,29.872,27.79586315607777,67.2,84458,1,1,synthetic_demo
31.5,46.5,32.02,30.247099816833956,69.5,84505,1,1,synthetic_demo
33.4,49.6,34.168,32.90511565616668,71.8,84552,1,1,synthetic_demo
35.3,52.7,36.315999999999995,35.79477630380055,74.1,84599,1,1,synthetic_demo
37.2,55.8,38.464000000000006,38.9432999818234,76.4,84646,1,1,synthetic_demo
39.1,58.9,40.612,42.380422329730465,78.7,84693,1,1,synthetic_demo
41,62,42.76,46.138568413815236,81,84740,1,1,synthetic_demo
42.9,65.1,44.908,50.25303197392659,83.3,84787,1,1,synthetic_demo
44.8,68.2,47.056,54.76216194826525,85.6,84834,1,1,synthetic_demo
29.7,71.3,32.204,32.466288698759875,87.9,84881,1,1,synthetic_demo
31.6,74.4,34.352000000000004,35.448602595183694,90.2,84928,1,1,synthetic_demo
33.5,77.5,36.5,38.69001668379522,92.5,84975,1,1,synthetic_demo
35.4,80.6,38.647999999999996,42.21964182492843,94.8,85022,1,1,synthetic_demo
37.3,83.7,40.796,46.06920610373248,17.1,85069,1,1,synthetic_demo
39.2,86.8,42.944,50.27323039481024,19.4,85116,1,1,synthetic_demo
41.1,89.9,45.092,54.86921122055581,21.7,85163,1,1,synthetic_demo
43,93,47.24,59.897810942495475,24,85210,1,1,synthetic_demo
44.9,35.1,44.9,42.548840181706,26.3,85257,1,1,synthetic_demo
29.8,38.2,29.8,27.13383415346576,28.6,85304,1,1,synthetic_demo
31.7,41.3,31.804,29.501456501363922,30.9,85351,1,1,synthetic_demo
33.6,44.4,33.952,32.06815249133395,33.2,85398,1,1,synthetic_demo
35.5,47.5,36.1,34.85820326056518,35.5,85445,1,1,synthetic_demo
37.4,50.6,38.248,37.898208411330764,37.8,85492,1,1,synthetic_demo
39.3,53.7,40.396,41.21724952350897,40.1,85539,1,1,synthetic_demo
41.2,56.8,42.544000000000004,44.847060836571835,42.4,85586,1,1,synthetic_demo
43.1,59.9,44.692,48.82220715537872,44.7,85633,1,1,synthetic_demo
28,63,29.84,29.17472958821587,47,85680,1,1,synthetic_demo
29.9,66.1,31.988,31.85257318131877,49.3,85727,1,1,synthetic_demo
31.8,69.2,34.136,34.75606998862914,51.6,85774,1,1,synthetic_demo
33.7,72.3,36.284000000000006,37.91135401556912,53.9,85821,1,1,synthetic_demo
35.6,75.4,38.432,41.34697634329717,56.2,85868,1,1,synthetic_demo
37.5,78.5,40.58,45.09407216727429,58.5,85915,1,1,synthetic_demo
39.4,81.6,42.727999999999994,49.18653506035557,60.8,85962,1,1,synthetic_demo
41.3,84.7,44.876,53.66119851340869,63.1,86009,1,1,synthetic_demo
43.2,87.8,47.024,58.55802479405173,65.4,86056,1,1,synthetic_demo
28.1,90.9,32.172000000000004,33.454833501251755,67.7,86103,1,1,synthetic_demo
30,94,34.32,36.62473094006754,70,86150,1,1,synthetic_demo
31.9,36.1,31.9,28.735016425455623,72.3,86197,1,1,synthetic_demo
33.8,39.2,33.8,31.208425473644713,74.6,86244,1,1,synthetic_demo
35.7,42.3,35.884,33.89674604628258,76.9,86291,1,1,synthetic_demo
37.6,45.4,38.032000000000004,36.82594995436569,79.2,86338,1,1,synthetic_demo
39.5,48.5,40.18,40.02445518891219,81.5,86385,1,1,synthetic_demo
41.4,51.6,42.327999999999996,43.52329527199477,83.8,86432,1,1,synthetic_demo
43.3,54.7,44.476,47.35629581843504,86.1,86479,1,1,synthetic_demo
28.2,57.8,29.624,28.616159705890496,88.4,86526,1,1,synthetic_demo
30.1,60.9,31.772000000000002,31.22031817051471,90.7,86573,1,1,synthetic_demo
32,64,33.92,34.04321107667771,93,86620,1,1,synthetic_demo
33.9,67.1,36.068,37.1104361027721,15.3,86667,1,1,synthetic_demo
35.8,70.2,38.215999999999994,40.44997582828414,17.6,86714,1,1,synthetic_demo
37.7,73.3,40.364000000000004,44.09236348375693,19.9,86761,1,1,synthetic_demo
39.6,76.4,42.512,48.0708559082524,22.2,86808,1,1,synthetic_demo
41.5,79.5,44.66,52.421613768573295,24.5,86855,1,1,synthetic_demo
43.4,82.6,46.808,57.18388908213661,26.8,86902,1,1,synthetic_demo
28.3,85.7,31.956,32.94102036681835,29.1,86949,1,1,synthetic_demo
30.2,88.8,34.104,36.041734100981444,31.4,86996,1,1,synthetic_demo
32.1,91.9,36.252,39.41065917072406,33.7,87043,1,1,synthetic_demo
34,95,38.4,43.07745799351184,36,87090,1,1,synthetic_demo
35.9,37.1,35.9,32.910039131483984,38.3,87137,1,1,synthetic_demo
37.8,40.2,37.815999999999995,35.72613108455739,40.6,87184,1,1,synthetic_demo
39.7,43.3,39.964000000000006,38.80161616352548,42.9,87231,1,1,synthetic_demo
41.6,46.4,42.112,42.16681722090817,45.2,87278,1,1,synthetic_demo
43.5,49.5,44.26,45.85481036438881,47.5,87325,1,1,synthetic_demo
28.4,52.6,29.407999999999998,28.040437697533935,49.8,87372,1,1,synthetic_demo
30.3,55.7,31.556,30.569236129357595,52.1,87419,1,1,synthetic_demo
32.2,58.8,33.704,33.30971508674425,54.4,87466,1,1,synthetic_demo
34.1,61.9,35.852000000000004,36.28692748798856,56.7,87513,1,1,synthetic_demo
36,65,38,39.52827862880706,59,87560,1,1,synthetic_demo
37.9,68.1,40.147999999999996,43.063690639289135,61.3,87607,1,1,synthetic_demo
39.8,71.2,42.296,46.925774131716835,63.6,87654,1,1,synthetic_demo
41.7,74.3,44.444,51.15000709478559,65.9,87701,1,1,synthetic_demo
43.6,77.4,46.592,55.77492107742583,68.2,87748,1,1,synthetic_demo
28.5,80.5,31.740000000000002,32.410462853834105,70.5,87795,1,1,synthetic_demo
30.4,83.6,33.888,35.44035211222655,72.8,87842,1,1,synthetic_demo
32.3,86.7,36.035999999999994,38.73177458325212,75.1,87889,1,1,synthetic_demo
34.2,89.8,38.184000000000005,42.31387193003756,77.4,87936,1,1,synthetic_demo
36.1,92.9,40.332,46.21839632157133,79.7,87983,1,1,synthetic_demo
38,35,38,34.5983541088939,82,88030,1,1,synthetic_demo
39.9,38.1,39.9,37.548304876075974,84.3,88077,1,1,synthetic_demo
41.8,41.2,41.896,40.77716752408191,86.6,88124,1,1,synthetic_demo
43.7,44.3,44.044000000000004,44.317258274241595,88.9,88171,1,1,synthetic_demo
28.6,47.4,29.192,27.447294801766787,91.2,88218,1,1,synthetic_demo
30.5,50.5,31.34,29.89903625343324,93.5,88265,1,1,synthetic_demo
32.4,53.6,33.488,32.55526777247441,15.8,88312,1,1,synthetic_demo
34.3,56.7,35.635999999999996,35.44048902507619,18.1,88359,1,1,synthetic_demo
36.2,59.8,37.784000000000006,38.58151918138126,20.4,88406,1,1,synthetic_demo
38.1,62.9,39.932,42.00766007508757,22.7,88453,1,1,synthetic_demo
40,66,42.08,45.75086653768434,25,88500,1,1,synthetic_demo
41.9,69.1,44.227999999999994,49.845923964139104,27.3,88547,1,1,synthetic_demo
43.8,72.2,46.376,54.33063315455435,29.6,88594,1,1,synthetic_demo
28.7,75.3,31.524,31.862895273744087,31.9,88641,1,1,synthetic_demo
30.6,78.4,33.672000000000004,34.82029744286805,34.2,88688,1,1,synthetic_demo
32.5,81.5,35.82,38.03242037465099,36.5,88735,1,1,synthetic_demo
34.4,84.6,37.967999999999996,41.52787658018787,38.8,88782,1,1,synthetic_demo
36.3,87.7,40.116,45.33785721243472,41.1,88829,1,1,synthetic_demo
38.2,90.8,42.264,49.496305903724576,43.4,88876,1,1,synthetic_demo
40.1,93.9,44.412,54.04009989422923,45.7,88923,1,1,synthetic_demo
42,36,42,39.35388232790256,48,88970,1,1,synthetic_demo
43.9,39.1,43.9,42.743142073157,50.3,89017,1,1,synthetic_demo
28.8,42.2,28.976000000000003,26.83645916160472,52.6,89064,1,1,synthetic_demo
30.7,45.3,31.124,29.209424443740286,54.9,89111,1,1,synthetic_demo
32.6,48.4,33.272,31.77955138543191,57.2,89158,1,1,synthetic_demo
34.5,51.5,35.42,34.57077784968878,59.5,89205,1,1,synthetic_demo
36.4,54.6,37.568,37.609327979464524,61.8,89252,1,1,synthetic_demo
38.3,57.7,39.715999999999994,40.92387405563192,64.1,89299,1,1,synthetic_demo
40.2,60.8,41.864000000000004,44.54570551376443,66.4,89346,1,1,synthetic_demo
42.1,63.9,44.012,48.50890517783027,68.7,89393,1,1,synthetic_demo
44,67,46.16,52.85053275664498,71,89440,1,1,synthetic_demo
28.9,70.1,31.308,31.298048860295218,73.3,89487,1,1,synthetic_demo
30.8,73.2,33.456,34.181279286076595,75.6,89534,1,1,synthetic_demo
32.7,76.3,35.604,37.312282298792525,77.9,89581,1,1,synthetic_demo
34.6,79.4,37.752,40.71913280086941,80.2,89628,1,1,synthetic_demo
36.5,82.5,39.9,44.43245212320417,82.5,89675,1,1,synthetic_demo
38.4,85.6,42.048,48.48558057268651,84.8,89722,1,1,synthetic_demo
40.3,88.7,44.196,52.91475725355919,87.1,89769,1,1,synthetic_demo
42.2,91.8,46.344,57.75930720713703,89.4,89816,1,1,synthetic_demo
44.1,94.9,48.492000000000004,63.06183590184568,91.7,89863,1,1,synthetic_demo
29,37,29,26.207655798284936,94,89910,1,1,synthetic_demo
30.9,40.1,30.907999999999998,28.500103279380934,16.3,89957,0,1,synthetic_demo
32.8,43.2,33.056,30.982244646637454,18.6,90004,0,1,synthetic_demo
34.7,46.3,35.204,33.67744734964893,20.9,90051,1,1,synthetic_demo
36.6,49.4,37.352000000000004,36.61133154265038,23.2,90098,1,1,synthetic_demo
38.5,52.5,39.5,39.81193063666686,25.5,90145,1,1,synthetic_demo
40.4,55.6,41.647999999999996,43.309858995041154,27.8,90192,1,1,synthetic_demo
42.3,58.7,43.796,47.13848683174852,30.1,90239,1,1,synthetic_demo
44.2,61.8,45.944,51.3341223596806,32.4,90286,1,1,synthetic_demo
29.1,64.9,31.092000000000002,30.7156517434321,34.7,90333,1,1,synthetic_demo
31,68,33.24,33.5230035318893,37,90380,1,1,synthetic_demo
32.9,71.1,35.388,36.57104259856604,39.3,90427,1,1,synthetic_demo
34.8,74.2,37.535999999999994,39.88729772152532,41.6,90474,1,1,synthetic_demo
36.7,77.3,39.684000000000005,43.501811543765214,43.9,90521,1,1,synthetic_demo
38.6,80.4,41.832,47.4473118264268,46.2,90568,1,1,synthetic_demo
40.5,83.5,43.98,51.759389959131816,48.5,90615,1,1,synthetic_demo
42.4,86.6,46.128,56.47668677324231,50.8,90662,1,1,synthetic_demo
44.3,89.7,48.275999999999996,61.64108569131423,53.1,90709,1,1,synthetic_demo
29.2,92.8,33.424,35.27496512840237,55.4,90756,1,1,synthetic_demo
31.1,95.9,35.572,38.60233048283871,57.7,90803,1,1,synthetic_demo
33,38,33,30.163022717959272,60,90850,1,1,synthetic_demo
34.9,41.1,34.988,32.7601471351704,62.3,90897,1,1,synthetic_demo
36.8,44.2,37.135999999999996,35.58715238570941,64.6,90944,1,1,synthetic_demo
38.7,47.3,39.284000000000006,38.67142363305079,66.9,90991,1,1,synthetic_demo
40.6,50.4,41.432,42.04289043071908,69.2,91038,1,1,synthetic_demo
42.5,53.5,43.58,45.73420028191086,71.5,91085,1,1,synthetic_demo
44.4,56.6,45.728,49.780899436720304,73.8,91132,1,1,synthetic_demo
29.3,59.7,30.876,30.11542892304848,76.1,91179,1,1,synthetic_demo
31.2,62.8,33.024,32.84517273982432,78.4,91226,1,1,synthetic_demo
33.1,65.9,35.172000000000004,35.808379977340216,80.7,91273,1,1,synthetic_demo
35,69,37.32,39.03202471442992,83,91320,1,1,synthetic_demo
36.9,72.1,39.467999999999996,42.5455619804371,85.3,91367,1,1,synthetic_demo
38.8,75.2,41.616,46.38109770985788,87.6,91414,1,1,synthetic_demo
40.7,78.3,43.764,50.573565937805725,89.9,91461,1,1,synthetic_demo
42.6,81.4,45.912,55.16091328337373,92.2,91508,1,1,synthetic_demo
44.5,84.5,48.06,60.18429075548629,94.5,91555,1,1,synthetic_demo
29.4,87.6,33.208,34.72206192809927,16.8,91602,1,1,synthetic_demo
31.3,90.7,35.356,37.97653424524438,19.1,91649,1,1,synthetic_demo
33.2,93.8,37.504000000000005,41.51627020916715,21.4,91696,1,1,synthetic_demo
35.1,35.9,35.1,31.818523008930253,23.7,91743,1,1,synthetic_demo
37,39,37,34.536408987478715,26,91790,1,1,synthetic_demo
38.9,42.1,39.068,37.50194258645135,28.3,91837,1,1,synthetic_demo
40.8,45.2,41.215999999999994,40.744358750614815,30.6,91884,1,1,synthetic_demo
42.7,48.3,43.364000000000004,44.295572109740974,32.9,91931,1,1,synthetic_demo
44.6,51.4,45.512,48.19035642195911,35.2,91978,1,1,synthetic_demo
29.5,54.5,30.66,29.497102242594085,37.5,92025,1,1,synthetic_demo
31.4,57.6,32.808,32.14748611134871,39.8,92072,1,1,synthetic_demo
33.3,60.7,34.955999999999996,35.02396957027622,42.1,92119,1,1,synthetic_demo
35.2,63.8,37.104,38.15296336483291,44.4,92166,1,1,synthetic_demo
37.1,66.9,39.252,41.5633259249353,46.7,92213,1,1,synthetic_demo
39,70,41.4,45.28653201685606,49,92260,1,1,synthetic_demo
40.9,73.1,43.548,49.356848620037596,51.3,92307,1,1,synthetic_demo
42.8,76.2,45.696,53.8115180771924,53.6,92354,1,1,synthetic_demo
44.7,79.3,47.844,58.690948553610276,55.9,92401,1,1,synthetic_demo
29.6,82.4,32.992000000000004,34.15148212121677,58.2,92448,1,1,synthetic_demo
31.5,85.5,35.14,37.331344824501144,60.5,92495,1,1,synthetic_demo
33.4,88.6,37.288,40.78949691807193,62.8,92542,1,1,synthetic_demo
35.3,91.7,39.436,44.556586092191864,65.1,92589,1,1,synthetic_demo
37.2,94.8,41.584,48.665972012130084,67.4,92636,1,1,synthetic_demo
39.1,36.9,39.1,36.303072732887166,69.7,92683,1,1,synthetic_demo
41,40,41,39.413818331493694,72,92730,1,1,synthetic_demo
42.9,43.1,43.147999999999996,42.82212408719257,74.3,92777,1,1,synthetic_demo
44.8,46.2,45.296,46.5619806746313,76.6,92824,1,1,synthetic_demo
29.7,49.3,30.444,28.860390362536634,78.9,92871,1,1,synthetic_demo
31.6,52.4,32.592,31.429639462199273,81.2,92918,1,1,synthetic_demo
33.5,55.5,34.74,34.21748291549206,83.5,92965,1,1,synthetic_demo
35.4,58.6,36.888,37.24975944095293,85.8,93012,1,1,synthetic_demo
37.3,61.7,39.035999999999994,40.55472182318153,88.1,93059,1,1,synthetic_demo
39.2,64.8,41.184000000000005,44.16320425787677,90.4,93106,1,1,synthetic_demo
41.1,67.9,43.332,48.108796906292994,92.7,93153,1,1,synthetic_demo
43,71,45.48,52.428027708786864,15,93200,1,1,synthetic_demo
44.9,74.1,47.628,57.16055149471265,17.3,93247,1,1,synthetic_demo
29.8,77.2,32.776,33.56294755621876,19.6,93294,1,1,synthetic_demo
31.7,80.3,34.924,36.66646143001266,21.9,93341,1,1,synthetic_demo
33.6,83.4,37.072,40.041151301289446,24.2,93388,1,1,synthetic_demo
35.5,86.5,39.22,43.71711751660818,26.5,93435,1,1,synthetic_demo
37.4,89.6,41.367999999999995,47.727139795558045,28.8,93482,1,1,synthetic_demo
39.3,92.7,43.516,52.10685532270543,31.1,93529,1,1,synthetic_demo
41.2,95.8,45.664,56.89494415745743,33.4,93576,1,1,synthetic_demo
43.1,37.9,43.1,41.313373141717086,35.7,93623,1,1,synthetic_demo
28,41,28.08,25.906601795505566,38,93670,1,1,synthetic_demo
29.9,44.1,30.227999999999998,28.205008733678635,40.3,93717,1,1,synthetic_demo
31.8,47.2,32.376,30.691325194556295,42.6,93764,1,1,synthetic_demo
33.7,50.3,34.524,33.38858792507782,44.9,93811,1,1,synthetic_demo
35.6,53.4,36.672000000000004,36.32205486382054,47.2,93858,1,1,synthetic_demo
37.5,56.5,38.82,39.519364043961744,49.5,93905,1,1,synthetic_demo
39.4,59.6,40.967999999999996,43.01069962741656,51.8,93952,1,1,synthetic_demo
41.3,62.7,43.116,46.82896513330254,54.1,93999,1,1,synthetic_demo
43.2,65.8,45.264,51.0099639117153,56.4,94046,1,1,synthetic_demo
28.1,68.9,30.412000000000003,30.167628473446054,58.7,94093,1,1,synthetic_demo
30,72,32.56,32.9561768902645,61,94140,1,1,synthetic_demo
31.9,75.1,34.708,35.98157987677886,63.3,94187,1,1,synthetic_demo
33.8,78.2,36.855999999999995,39.2709048989545,65.6,94234,1,1,synthetic_demo
35.7,81.3,39.004000000000005,42.85369630172042,67.9,94281,1,1,synthetic_demo
37.6,84.4,41.152,46.762144849085125,70.2,94328,1,1,synthetic_demo
39.5,87.5,43.3,51.03126451607871,72.5,94375,1,1,synthetic_demo
41.4,90.6,45.448,55.699076582223384,74.8,94422,1,1,synthetic_demo
43.3,93.7,47.596,60.806801063754364,77.1,94469,1,1,synthetic_demo
28.2,35.8,28.2,25.309780579080964,79.4,94516,1,1,synthetic_demo
30.1,38.9,30.1,27.530669570328772,81.7,94563,1,1,synthetic_demo
32,42,32.16,29.932232269069747,84,94610,1,1,synthetic_demo
33.9,45.1,34.308,32.536948855961576,86.3,94657,1,1,synthetic_demo
35.8,48.2,36.455999999999996,35.36948767697002,88.6,94704,1,1,synthetic_demo
37.7,51.3,38.604,38.45686284743152,90.9,94751,1,1,synthetic_demo
39.6,54.4,40.752,41.82859897132108,93.2,94798,1,1,synthetic_demo
41.5,57.5,42.9,45.51690304016307,15.5,94845,1,1,synthetic_demo
43.4,60.6,45.048,49.55684356389199,17.8,94892,1,1,synthetic_demo
28.3,63.7,30.196,29.615369864251218,20.1,94939,0,1,synthetic_demo
30.2,66.8,32.344,32.33088556245,22.4,94986,1,1,synthetic_demo
32.1,69.9,34.492000000000004,35.276392557493054,24.7,95033,1,1,synthetic_demo
34,73,36.64,38.478425616067,27,95080,1,1,synthetic_demo
35.9,76.1,38.788,41.96596436404127,29.3,95127,1,1,synthetic_demo
37.8,79.2,40.936,45.77060153972501,31.6,95174,1,1,synthetic_demo
39.7,82.3,43.084,49.9267184817124,33.9,95221,1,1,synthetic_demo
41.6,85.4,45.232,54.47166790227497,36.2,95268,1,1,synthetic_demo
43.5,88.5,47.38,59.44596398481637,38.5,95315,1,1,synthetic_demo
28.4,91.6,32.528,33.97024511585757,40.8,95362,1,1,synthetic_demo
30.3,94.7,34.676,37.185327853683376,43.1,95409,1,1,synthetic_demo
32.2,36.8,32.2,29.1520461767379,45.4,95456,1,1,synthetic_demo
34.1,39.9,34.1,31.662226280625905,47.7,95503,1,1,synthetic_demo
36,43,36.24,34.391692015980055,50,95550,1,1,synthetic_demo
37.9,46.1,38.388,37.36682435346886,52.3,95597,1,1,synthetic_demo
39.8,49.2,40.535999999999994,40.61647875393916,54.6,95644,1,1,synthetic_demo
41.7,52.3,42.684000000000005,44.172155734283805,56.9,95691,1,1,synthetic_demo
43.6,55.4,44.832,48.06817865231771,59.2,95738,1,1,synthetic_demo
28.5,58.5,29.98,29.04597611117137,61.5,95785,1,1,synthetic_demo
30.4,61.6,32.128,31.68678576690378,63.8,95832,1,1,synthetic_demo
32.3,64.7,34.275999999999996,34.550588414491486,66.1,95879,1,1,synthetic_demo
34.2,67.8,36.424,37.663377693280026,68.4,95926,1,1,synthetic_demo
36.1,70.9,38.572,41.053559733039904,70.7,95973,1,1,synthetic_demo
38,74,40.72,44.752120115947115,73,96020,1,1,synthetic_demo
39.9,77.1,42.867999999999995,48.79279805631123,75.3,96067,1,1,synthetic_demo
41.8,80.2,45.016,53.21226785027596,77.6,96114,1,1,synthetic_demo
43.7,83.3,47.164,58.05032763531207,79.9,96161,1,1,synthetic_demo
28.6,86.4,32.312000000000005,33.44629685385338,82.2,96208,1,1,synthetic_demo
30.5,89.5,34.46,36.59123256796583,84.5,96255,1,1,synthetic_demo
32.4,92.6,36.608,40.009264845730044,86.8,96302,1,1,synthetic_demo
34.3,95.7,38.756,43.73049205819737,89.1,96349,1,1,synthetic_demo
36.2,37.8,36.2,33.38829807786307,91.4,96396,1,1,synthetic_demo
38.1,40.9,38.172000000000004,36.24885050987411,93.7,96443,1,1,synthetic_demo
40,44,40.32,39.373911025122894,16,96490,1,1,synthetic_demo
41.9,47.1,42.467999999999996,42.79426365717731,18.3,96537,1,1,synthetic_demo
43.8,50.2,44.616,46.54347623765413,20.6,96584,1,1,synthetic_demo
28.7,53.3,29.764,28.459178195093752,22.9,96631,1,1,synthetic_demo
30.6,56.4,31.912000000000003,31.023586425736713,25.2,96678,1,1,synthetic_demo
32.5,59.5,34.06,33.80385291155502,27.5,96725,1,1,synthetic_demo
34.4,62.6,36.208,36.82542167753854,29.8,96772,1,1,synthetic_demo
36.3,65.7,38.355999999999995,40.11611652060389,32.1,96819,1,1,synthetic_demo
38.2,68.8,40.504000000000005,43.706306675949904,34.4,96866,1,1,synthetic_demo
40.1,71.9,42.652,47.62907968471865,36.7,96913,1,1,synthetic_demo
42,75,44.8,51.92042151646367,39,96960,1,1,synthetic_demo
43.9,78.1,46.948,56.619403987559124,41.3,97007,1,1,synthetic_demo
28.8,81.2,32.096000000000004,32.90535743891713,43.6,97054,1,1,synthetic_demo
30.7,84.3,34.244,35.978485223119336,45.9,97101,1,1,synthetic_demo
32.6,87.4,36.392,39.317954361296465,48.2,97148,1,1,synthetic_demo
34.5,90.5,38.54,42.953337774695825,50.5,97195,1,1,synthetic_demo
36.4,93.6,40.687999999999995,46.91684796479633,52.8,97242,1,1,synthetic_demo
38.3,35.7,38.3,35.10253906041697,55.1,97289,1,1,synthetic_demo
40.2,38.8,40.2,38.100463387073354,57.4,97336,1,1,synthetic_demo
42.1,41.9,42.252,41.38276255009528,59.7,97383,1,1,synthetic_demo
44,45,44.4,44.98223841864215,62,97430,1,1,synthetic_demo
28.9,48.1,29.548,27.85470399686448,64.3,97477,1,1,synthetic_demo
30.8,51.2,31.696,30.340993161845926,66.6,97524,1,1,synthetic_demo
32.7,54.3,33.844,33.0358680055627,68.9,97571,1,1,synthetic_demo
34.6,57.4,35.992000000000004,35.96421439256806,71.2,97618,1,1,synthetic_demo
36.5,60.5,38.14,39.15326489034973,73.5,97665,1,1,synthetic_demo
38.4,63.6,40.288,42.6327631357811,75.8,97712,1,1,synthetic_demo
40.3,66.7,42.436,46.43513538683651,78.1,97759,1,1,synthetic_demo
42.2,69.8,44.584,50.595669314359085,80.4,97806,1,1,synthetic_demo
44.1,72.9,46.732,55.15270007633879,82.7,97853,1,1,synthetic_demo
29,76,31.88,32.34715785593663,85,97900,1,1,synthetic_demo
30.9,79.1,34.028,35.34679474810552,87.3,97947,1,1,synthetic_demo
32.8,82.2,36.175999999999995,38.605882174851814,89.6,97994,1,1,synthetic_demo
34.7,85.3,38.324000000000005,42.15345915604867,91.9,98041,1,1,synthetic_demo
36.6,88.4,40.472,46.02117223421648,94.2,98088,1,1,synthetic_demo
38.5,91.5,42.62,50.24345053819081,16.5,98135,1,1,synthetic_demo
40.4,94.6,44.768,54.85768814623908,18.8,98182,1,1,synthetic_demo
42.3,36.7,42.3,39.93718341950887,21.1,98229,1,1,synthetic_demo
44.2,39.8,44.2,43.383962296363876,23.4,98276,1,1,synthetic_demo
29.1,42.9,29.332,27.23227827108224,25.7,98323,1,1,synthetic_demo
31,46,31.48,29.638708271572174,28,98370,1,1,synthetic_demo
32.9,49.1,33.628,32.246312117997086,30.3,98417,1,1,synthetic_demo
34.8,52.2,35.775999999999996,35.079408909213235,32.6,98464,1,1,synthetic_demo
36.7,55.3,37.924,38.16463102678158,34.9,98511,1,1,synthetic_demo
38.6,58.4,40.072,41.531087197305034,37.2,98558,1,1,synthetic_demo
40.5,61.5,42.22,45.210532724390504,39.5,98605,1,1,synthetic_demo
42.4,64.6,44.367999999999995,49.237546946321615,41.8,98652,1,1,synthetic_demo
44.3,67.7,46.516,53.6497179632327,44.1,98699,1,1,synthetic_demo
29.2,70.8,31.663999999999998,31.771425981582848,46.4,98746,1,1,synthetic_demo
31.1,73.9,33.812000000000005,34.695866764147866,48.7,98793,1,1,synthetic_demo
33,77,35.96,37.87273024428589,51,98840,1,1,synthetic_demo
34.9,80.1,38.108,41.33051302985765,53.3,98887,1,1,synthetic_demo
36.8,83.2,40.256,45.1002868436883,55.6,98934,1,1,synthetic_demo
38.7,86.3,42.404,49.21587229455146,57.9,98981,1,1,synthetic_demo
40.6,89.4,44.552,53.71401993068028,60.2,99028,1,1,synthetic_demo
42.5,92.5,46.7,58.6345986182571,62.5,99075,1,1,synthetic_demo
44.4,95.6,48.848,64.02079127474313,64.8,99122,1,1,synthetic_demo
29.3,37.7,29.3,26.59162261974753,67.1,99169,1,1,synthetic_demo
31.2,40.8,31.264,28.916430697210707,69.4,99216,1,1,synthetic_demo
33.1,43.9,33.412,31.434860106301,71.7,99263,1,1,synthetic_demo
35,47,35.56,34.17065451562618,74,99310,1,1,synthetic_demo
36.9,50.1,37.708,37.14983710429818,76.3,99357,1,1,synthetic_demo
38.8,53.2,39.855999999999995,40.40087231601648,78.6,99404,1,1,synthetic_demo
40.7,56.3,42.004000000000005,43.95483476754102,80.9,99451,1,1,synthetic_demo
42.6,59.4,44.152,47.8455853689484,83.2,99498,1,1,synthetic_demo
44.5,62.5,46.3,52.10995470080347,85.5,99545,1,1,synthetic_demo
29.4,65.6,31.447999999999997,31.17788655802868,87.8,99592,1,1,synthetic_demo
31.3,68.7,33.596000000000004,34.025403557313005,90.1,99639,1,1,synthetic_demo
33.2,71.8,35.744,37.11817698313648,92.4,99686,1,1,synthetic_demo
35.1,74.9,37.892,40.48415246152858,94.7,99733,1,1,synthetic_demo
37,78,40.04,44.153817974957434,17,99780,1,1,synthetic_demo
38.9,81.1,42.187999999999995,48.16037633637066,19.3,99827,1,1,synthetic_demo
40.8,84.2,44.336,52.53992492924266,21.6,99874,1,1,synthetic_demo
42.7,87.3,46.484,57.33164275735791,23.9,99921,1,1,synthetic_demo
44.6,90.4,48.632000000000005,62.57798483550785,26.2,99968,1,1,synthetic_demo
29.5,93.5,33.78,35.81624880151462,28.5,10015,1,1,synthetic_demo
31.4,35.6,31.4,28.173855999375245,30.8,10062,1,1,synthetic_demo
33.3,38.7,33.3,30.601183235085497,33.1,10109,1,1,synthetic_demo
35.2,41.8,35.344,33.23759668730432,35.4,10156,1,1,synthetic_demo
37.1,44.9,37.492000000000004,36.10850125604776,37.7,10203,1,1,synthetic_demo
39,48,39.64,39.241707668701295,40,10250,1,1,synthetic_demo
40.9,51.1,41.788,42.66760006133955,42.3,10297,1,1,synthetic_demo
42.8,54.2,43.936,46.41931075831796,44.6,10344,1,1,synthetic_demo
44.7,57.3,46.084,50.53290229661877,46.9,10391,1,1,synthetic_demo
29.6,60.4,31.232000000000003,30.566261166522974,49.2,10438,1,1,synthetic_demo
31.5,63.5,33.38,33.3351040509453,51.5,10485,1,1,synthetic_demo
33.4,66.6,35.528,36.34189723186897,53.8,10532,1,1,synthetic_demo
35.3,69.7,37.675999999999995,39.61402672438138,56.1,10579,1,1,synthetic_demo
37.2,72.8,39.824000000000005,43.181387789905806,58.4,10626,1,1,synthetic_demo
39.1,75.9,41.972,47.076556109109376,60.7,10673,1,1,synthetic_demo
41,79,44.12,51.33496620470005,63,10720,1,1,synthetic_demo
42.9,82.1,46.268,55.99509715913016,65.3,10767,1,1,synthetic_demo
44.8,85.2,48.416,61.09866565970967,67.6,10814,1,1,synthetic_demo
29.7,88.3,33.564,35.25266468584148,69.9,10861,1,1,synthetic_demo
31.6,91.4,35.712,38.554165016126206,72.2,10908,1,1,synthetic_demo
33.5,94.5,37.86,42.146065504756756,74.5,10955,1,1,synthetic_demo
35.4,36.6,35.4,32.279877056977426,76.8,11002,1,1,synthetic_demo
37.3,39.7,37.3,35.04023754263058,79.1,11049,1,1,synthetic_demo
39.2,42.8,39.424,38.0531781209433,81.4,11096,1,1,synthetic_demo
41.1,45.9,41.572,41.34838259203016,83.7,11143,1,1,synthetic_demo
43,49,43.72,44.95824447507826,86,11190,1,1,synthetic_demo
44.9,52.1,45.868,48.918047677119155,88.3,11237,1,1,synthetic_demo
29.8,55.2,31.016000000000002,29.936268200819633,90.6,11284,1,1,synthetic_demo
31.7,58.3,33.164,32.624663777954396,92.9,11331,1,1,synthetic_demo
33.6,61.4,35.312000000000005,35.54356222900685,15.2,11378,1,1,synthetic_demo
35.5,64.5,37.46,38.71978126960956,17.5,11425,1,1,synthetic_demo
37.4,67.6,39.608,42.18261439932727,19.8,11472,1,1,synthetic_demo
39.3,70.7,41.756,45.96400076931255,22.1,11519,1,1,synthetic_demo
41.2,73.8,43.904,50.098702284137346,24.4,11566,1,1,synthetic_demo
43.1,76.9,46.052,54.62448798411726,26.7,11613,1,1,synthetic_demo
28,80,31.2,31.700101064401107,29,11660,1,1,synthetic_demo
29.9,83.1,33.348,34.67114570904069,31.3,11707,1,1,synthetic_demo
31.8,86.2,35.496,37.89700914768544,33.6,11754,1,1,synthetic_demo
33.7,89.3,37.644000000000005,41.40621872185784,35.9,11801,1,1,synthetic_demo
35.6,92.4,39.792,45.22987021380184,38.2,11848,1,1,synthetic_demo
37.5,95.5,41.94,49.40180117165215,40.5,11895,1,1,synthetic_demo
39.4,37.6,39.4,36.83486419447756,42.8,11942,1,1,synthetic_demo
41.3,40.7,41.355999999999995,39.996731753196386,45.1,11989,1,1,synthetic_demo
43.2,43.8,43.504000000000005,43.46190302937888,47.4,12036,1,1,synthetic_demo
28.1,46.9,28.652,26.880423445640346,49.7,12083,1,1,synthetic_demo
30,50,30.8,29.287622840461463,52,12130,1,1,synthetic_demo
31.9,53.1,32.948,31.8937748529555,54.3,12177,1,1,synthetic_demo
33.8,56.2,35.096,34.72283958211308,56.6,12224,1,1,synthetic_demo
35.7,59.3,37.244,37.80105769608882,58.9,12271,1,1,synthetic_demo
37.6,62.4,39.392,41.157111831551084,61.2,12318,1,1,synthetic_demo
39.5,65.5,41.54,44.822295152036055,63.5,12365,1,1,synthetic_demo
41.4,68.6,43.687999999999995,48.830687125171345,65.8,12412,1,1,synthetic_demo
43.3,71.7,45.836,53.219336566394745,68.1,12459,1,1,synthetic_demo
28.2,74.8,30.983999999999998,31.17108903115241,70.4,12506,1,1,synthetic_demo
30.1,77.9,33.132000000000005,34.07141027065838,72.7,12553,1,1,synthetic_demo
32,81,35.28,37.21987651892023,75,12600,1,1,synthetic_demo
33.9,84.1,37.428,40.64449442985296,77.3,12647,1,1,synthetic_demo
35.8,87.2,39.576,44.37580758157232,79.6,12694,1,1,synthetic_demo
37.7,90.3,41.724000000000004,48.44706852091747,81.9,12741,1,1,synthetic_demo
39.6,93.4,43.872,52.89441808679024,84.2,12788,1,1,synthetic_demo
41.5,35.5,41.5,38.61219231175285,86.5,12835,1,1,synthetic_demo
43.4,38.6,43.4,41.929798045647374,88.8,12882,1,1,synthetic_demo
28.3,41.7,28.436,26.289719361684078,91.1,12929,1,1,synthetic_demo
30.2,44.8,30.584,28.620037023918567,93.4,12976,1,1,synthetic_demo
32.1,47.9,32.732,31.14212594426205,15.7,13023,1,1,synthetic_demo
34,51,34.88,33.87939323862215,18,13070,1,1,synthetic_demo
35.9,54.1,37.028,36.8574937200346,20.3,13117,1,1,synthetic_demo
37.8,57.2,39.175999999999995,40.1044900009125,22.6,13164,1,1,synthetic_demo
39.7,60.3,41.324000000000005,43.651019738119786,24.9,13211,1,1,synthetic_demo
41.6,63.4,43.472,47.53047008201678,27.2,13258,1,1,synthetic_demo
43.5,66.5,45.62,51.77915937842134,29.5,13305,1,1,synthetic_demo
28.4,69.6,30.767999999999997,30.625225546546805,31.8,13352,1,1,synthetic_demo
30.3,72.7,32.916000000000004,33.45317354765345,34.1,13399,1,1,synthetic_demo
32.2,75.8,35.064,36.52245924447643,36.4,13446,1,1,synthetic_demo
34.1,78.9,37.212,39.86056023913243,38.7,13493,1,1,synthetic_demo
36,82,39.36,43.49745919326429,41,13540,1,1,synthetic_demo
37.9,85.1,41.507999999999996,47.465814587423,43.3,13587,1,1,synthetic_demo
39.8,88.2,43.656,51.801138741817766,45.6,13634,1,1,synthetic_demo
41.7,91.3,45.804,56.54198314608243,47.9,13681,1,1,synthetic_demo
43.6,94.4,47.952,61.73013113319119,50.2,13728,1,1,synthetic_demo
28.5,36.5,28.5,25.681489368508633,52.5,13775,1,1,synthetic_demo
30.4,39.6,30.4,27.933219421581,54.8,13822,1,1,synthetic_demo
32.3,42.7,32.516,30.36940224573086,57.1,13869,1,1,synthetic_demo
34.2,45.8,34.664,33.012883456522495,59.4,13916,1,1,synthetic_demo
36.1,48.9,36.812000000000005,35.88872314450848,61.7,13963,1,1,synthetic_demo
38,52,38.96,39.02435467607094,64,14010,1,1,synthetic_demo
39.9,55.1,41.108,42.449750621306734,66.3,14057,1,1,synthetic_demo
41.8,58.2,43.256,46.19759587139727,68.6,14104,1,1,synthetic_demo
43.7,61.3,45.404,50.303467995733854,70.9,14151,1,1,synthetic_demo
28.6,64.4,30.552000000000003,30.062244414214792,73.2,14198,1,1,synthetic_demo
30.5,67.5,32.7,32.81614746746027,75.5,14245,1,1,synthetic_demo
32.4,70.6,34.848,35.80444598389354,77.8,14292,1,1,synthetic_demo
34.3,73.7,36.995999999999995,39.05408009079568,80.1,14339,1,1,synthetic_demo
36.2,76.8,39.144000000000005,42.59446276137259,82.4,14386,1,1,synthetic_demo
38.1,79.9,41.292,46.4576492845707,84.7,14433,1,1,synthetic_demo
40,83,43.44,50.67851397920909,87,14480,1,1,synthetic_demo
41.9,86.1,45.588,55.294934201336865,89.3,14527,1,1,synthetic_demo
43.8,89.2,47.736,60.347981681249976,91.6,14574,1,1,synthetic_demo
28.7,92.3,32.884,34.49304028906479,93.9,14621,1,1,synthetic_demo
30.6,95.4,35.032000000000004,37.75411959246954,16.2,14668,1,1,synthetic_demo
32.5,37.5,32.5,29.575285448459045,18.5,14715,0,1,synthetic_demo
34.4,40.6,34.448,32.122966774889214,20.8,14762,0,1,synthetic_demo
36.3,43.7,36.596,34.89437582877306,23.1,14809,1,1,synthetic_demo
38.2,46.8,38.744,37.916307448175225,25.4,14856,1,1,synthetic_demo
40.1,49.9,40.892,41.218059475208065,27.7,14903,1,1,synthetic_demo
42,53,43.04,44.831604538300994,30,14950,1,1,synthetic_demo
43.9,56.1,45.187999999999995,48.791769061486136,32.3,14997,1,1,synthetic_demo
28.8,59.2,30.336000000000002,29.48187635940757,34.6,15044,1,1,synthetic_demo
30.7,62.3,32.484,32.16004068090551,36.9,15091,1,1,synthetic_demo
32.6,65.4,34.632000000000005,35.06552191337287,39.2,15138,1,1,synthetic_demo
34.5,68.5,36.78,38.22471422725595,41.5,15185,1,1,synthetic_demo
36.4,71.6,38.928,41.6664520756348,43.8,15232,1,1,synthetic_demo
38.3,74.7,41.076,45.4221783701162,46.1,15279,1,1,synthetic_demo
40.2,77.8,43.224000000000004,49.52611988438936,48.4,15326,1,1,synthetic_demo
42.1,80.9,45.372,54.01546993562549,50.7,15373,1,1,synthetic_demo
44,84,47.52,58.930578381465345,53,15420,1,1,synthetic_demo
28.9,87.1,32.668,33.958815345673514,55.3,15467,1,1,synthetic_demo
30.8,90.2,34.816,37.14877310934575,57.6,15514,1,1,synthetic_demo
32.7,93.3,36.964000000000006,40.616784252651925,59.9,15561,1,1,synthetic_demo
34.6,35.4,34.6,31.209295984266717,62.2,15608,1,1,synthetic_demo
36.5,38.5,36.5,33.87407765749528,64.5,15655,1,1,synthetic_demo
38.4,41.6,38.528,36.779945698875686,66.8,15702,1,1,synthetic_demo
40.3,44.7,40.675999999999995,39.95551352011382,69.1,15749,1,1,synthetic_demo
42.2,47.8,42.824000000000005,43.43203142158115,71.4,15796,1,1,synthetic_demo
44.1,50.9,44.972,47.24356425083188,73.7,15843,1,1,synthetic_demo
29,54,30.12,28.88384900290234,76,15890,1,1,synthetic_demo
30.9,57.1,32.268,31.484558534978834,78.3,15937,1,1,synthetic_demo
32.8,60.2,34.416,34.30536869739756,80.6,15984,1,1,synthetic_demo
34.7,63.3,36.564,37.37211916269497,82.9,16031,1,1,synthetic_demo
36.6,66.4,38.712,40.7130569723074,85.2,16078,1,1,synthetic_demo
38.5,69.5,40.86,44.35900341425422,87.5,16125,1,1,synthetic_demo
40.4,72.6,43.007999999999996,48.34352811222999,89.8,16172,1,1,synthetic_demo
42.3,75.7,45.156,52.70313037757007,92.1,16219,1,1,synthetic_demo
44.2,78.8,47.304,57.477427863152606,94.4,16266,1,1,synthetic_demo
29.1,81.9,32.452,33.40734942661154,16.7,16313,1,1,synthetic_demo
31,85,34.6,36.524504414861624,19,16360,1,1,synthetic_demo
32.9,88.1,36.748,39.9128797880966,21.3,16407,1,1,synthetic_demo
34.8,91.2,38.896,43.60248453103921,23.6,16454,1,1,synthetic_demo
36.7,94.3,41.044000000000004,47.62599648870711,25.9,16501,1,1,synthetic_demo
38.6,36.4,38.6,35.61486256818328,28.2,16548,1,1,synthetic_demo
40.5,39.5,40.5,38.66167548964918,30.5,16595,1,1,synthetic_demo
42.4,42.6,42.608,41.99840711940094,32.8,16642,1,1,synthetic_demo
44.3,45.7,44.756,45.658350235151175,35.1,16689,1,1,synthetic_demo
29.2,48.8,29.904,28.267886834763317,37.4,16736,1,1,synthetic_demo
31.1,51.9,32.052,30.78940304545703,39.7,16783,1,1,synthetic_demo
33,55,34.2,33.5236644602042,42,16830,1,1,synthetic_demo
34.9,58.1,36.348,36.4959476533674,44.3,16877,1,1,synthetic_demo
36.8,61.2,38.495999999999995,39.73390330328995,46.6,16924,1,1,synthetic_demo
38.7,64.3,40.644000000000005,43.26772176755108,48.9,16971,1,1,synthetic_demo
40.6,67.4,42.792,47.1303058537791,51.2,17018,1,1,synthetic_demo
42.5,70.5,44.94,51.357450838779734,53.5,17065,1,1,synthetic_demo
44.4,73.6,47.088,55.98803177637127,55.8,17112,1,1,synthetic_demo
29.3,76.7,32.236000000000004,32.83837015741739,58.1,17159,1,1,synthetic_demo
31.2,79.8,34.384,35.88101886366211,60.4,17206,1,1,synthetic_demo
33.1,82.9,36.532000000000004,39.1879180595069,62.7,17253,1,1,synthetic_demo
35,86,38.68,42.78853804986919,65,17300,1,1,synthetic_demo
36.9,89.1,40.827999999999996,46.71498574836262,67.3,17347,1,1,synthetic_demo
38.8,92.2,42.976,51.00218096873533,69.6,17394,1,1,synthetic_demo
40.7,95.3,45.124,55.68804002391936,71.9,17441,1,1,synthetic_demo
42.6,37.4,42.6,40.53025745452307,74.2,17488,1,1,synthetic_demo
44.5,40.5,44.54,44.035618646120646,76.5,17535,1,1,synthetic_demo
29.4,43.6,29.688,27.633711187958085,78.8,17582,1,1,synthetic_demo
31.3,46.7,31.836000000000002,30.07427286938162,81.1,17629,1,1,synthetic_demo
33.2,49.8,33.984,32.720083757105805,83.4,17676,1,1,synthetic_demo
35.1,52.9,36.132,35.59584866775516,85.7,17723,1,1,synthetic_demo
37,56,38.28,38.72861290509765,88,17770,1,1,synthetic_demo
38.9,59.1,40.428,42.14792652872387,90.3,17817,1,1,synthetic_demo
40.8,62.2,42.576,45.88601580283721,92.6,17864,1,1,synthetic_demo
42.7,65.3,44.724000000000004,49.97796187921502,94.9,17911,1,1,synthetic_demo
44.6,68.4,46.872,54.4618867560701,17.2,17958,1,1,synthetic_demo
29.5,71.5,32.02,32.25160202468765,19.5,18005,0,1,synthetic_demo
31.4,74.6,34.168,35.21801847060093,21.8,18052,1,1,synthetic_demo
33.3,77.7,36.315999999999995,38.441577192923596,24.1,18099,1,1,synthetic_demo
35.2,80.8,38.464000000000006,41.95120125201409,26.4,18146,1,1,synthetic_demo
37.1,83.9,40.612,45.77841771453022,28.7,18193,1,1,synthetic_demo
39,87,42.76,49.957532649521106,31,18240,1,1,synthetic_demo
40.9,90.1,44.908,54.52581341539516,33.3,18287,1,1,synthetic_demo
42.8,93.2,47.056,59.52367827814085,35.6,18334,1,1,synthetic_demo
44.7,35.3,44.7,42.374856039627275,37.9,18381,1,1,synthetic_demo
29.6,38.4,29.6,26.98104021182918,40.2,18428,1,1,synthetic_demo
31.5,41.5,31.62,29.338863277389446,42.5,18475,1,1,synthetic_demo
33.4,44.6,33.768,31.894297545666006,44.8,18522,1,1,synthetic_demo
35.3,47.7,35.916,34.6714673565709,47.1,18569,1,1,synthetic_demo
37.2,50.8,38.064,37.69680356768152,49.4,18616,1,1,synthetic_demo
39.1,53.9,40.212,40.999206512266085,51.7,18663,1,1,synthetic_demo
41,57,42.36,44.61021612237852,54,18710,1,1,synthetic_demo
42.9,60.1,44.507999999999996,48.564189272396135,56.3,18757,1,1,synthetic_demo
44.8,63.2,46.656,52.89848438607571,58.6,18804,1,1,synthetic_demo
29.7,66.3,31.804,31.646766349618236,60.9,18851,1,1,synthetic_demo
31.6,69.4,33.952,34.53520188314178,63.2,18898,1,1,synthetic_demo
33.5,72.5,36.1,37.6735317364536,65.5,18945,1,1,synthetic_demo
35.4,75.6,38.248,41.090123101297635,67.8,18992,1,1,synthetic_demo
37.3,78.7,40.396,44.815914221789086,70.1,19039,1,1,synthetic_demo
39.2,81.8,42.544000000000004,48.88458809096173,72.4,19086,1,1,synthetic_demo
41.1,84.9,44.692,53.33275342185972,74.7,19133,1,1,synthetic_demo
43,88,46.84,58.20013293483443,77,19180,1,1,synthetic_demo
44.9,91.1,48.988,63.52975899012581,79.3,19227,1,1,synthetic_demo
29.8,94.2,34.136,36.36538160357263,81.6,19274,1,1,synthetic_demo
31.7,36.3,31.7,28.582866125896135,83.9,19321,1,1,synthetic_demo
33.6,39.4,33.6,31.04597315672427,86.2,19368,1,1,synthetic_demo
35.5,42.5,35.7,33.722445022610955,88.5,19415,1,1,synthetic_demo
37.4,45.6,37.848,36.638089003096496,90.8,19462,1,1,synthetic_demo
39.3,48.7,39.995999999999995,39.821146215919676,93.1,19509,1,1,synthetic_demo
41.2,51.8,42.144000000000005,43.302460410817275,15.4,19556,1,1,synthetic_demo
43.1,54.9,44.292,47.11565397045562,17.7,19603,1,1,synthetic_demo
28,58,29.44,28.4319732716908,20,19650,0,1,synthetic_demo
29.9,61.1,31.587999999999997,31.023581261400558,22.3,19697,1,1,synthetic_demo
31.8,64.2,33.736000000000004,33.83226435361259,24.6,19744,1,1,synthetic_demo
33.7,67.3,35.884,36.883452631366545,26.9,19791,1,1,synthetic_demo
35.6,70.4,38.032000000000004,40.204948734325214,29.2,19838,1,1,synthetic_demo
37.5,73.5,40.18,43.82709304833962,31.5,19885,1,1,synthetic_demo
39.4,76.6,42.327999999999996,47.78293609832397,33.8,19932,1,1,synthetic_demo
41.3,79.7,44.476,52.10841819974821,36.1,19979,1,1,synthetic_demo
43.2,82.8,46.624,56.842556411702546,38.4,20026,1,1,synthetic_demo
28.1,85.9,31.772000000000002,32.70774144947774,40.7,20073,1,1,synthetic_demo
30,89,33.92,35.7909686560214,43,20120,1,1,synthetic_demo
31.9,92.1,36.068,39.14033830427874,45.3,20167,1,1,synthetic_demo
33.8,95.2,38.215999999999994,42.78531900742287,47.6,20214,1,1,synthetic_demo
35.7,37.3,35.7,32.74841909045721,49.9,20261,1,1,synthetic_demo
37.6,40.4,37.632,35.55207881401705,52.2,20308,1,1,synthetic_demo
39.5,43.5,39.78,38.61332578799341,54.5,20355,1,1,synthetic_demo
41.4,46.6,41.928,41.96229766811931,56.8,20402,1,1,synthetic_demo
43.3,49.7,44.076,45.631872069035126,59.1,20449,1,1,synthetic_demo
28.2,52.8,29.224,27.864709904342877,61.4,20496,1,1,synthetic_demo
30.1,55.9,31.372,30.38176167047245,63.7,20543,1,1,synthetic_demo
32,59,33.52,33.10889771131226,66,20590,1,1,synthetic_demo
33.9,62.1,35.668,36.07100718304243,68.3,20637,1,1,synthetic_demo
35.8,65.2,37.815999999999995,39.2953194302582,70.6,20684,1,1,synthetic_demo
37.7,68.3,39.964000000000006,42.811567884592066,72.9,20731,1,1,synthetic_demo
39.6,71.4,42.112,46.65216114985891,75.2,20778,1,1,synthetic_demo
41.5,74.5,44.26,50.852361330298244,77.5,20825,1,1,synthetic_demo
43.4,77.6,46.408,55.450469646171925,79.8,20872,1,1,synthetic_demo
28.3,80.7,31.556,32.185190707144,82.1,20919,1,1,synthetic_demo
30.2,83.8,33.704,35.19835943313339,84.4,20966,1,1,synthetic_demo
32.1,86.9,35.852000000000004,38.47105312226246,86.7,21013,1,1,synthetic_demo
34,90,38,42.03222336227438,89,21060,1,1,synthetic_demo
35.9,93.1,40.147999999999996,45.91341895259189,91.3,21107,1,1,synthetic_demo
37.8,35.2,37.8,34.4383784621,93.6,21154,1,1,synthetic_demo
39.7,38.3,39.7,37.37532099452716,15.9,21201,1,1,synthetic_demo
41.6,41.4,41.712,40.58927226175859,18.2,21248,1,1,synthetic_demo
43.5,44.5,43.86,44.112354772026315,20.5,21295,1,1,synthetic_demo
28.4,47.6,29.008,27.280205977236033,22.8,21342,0,1,synthetic_demo
30.3,50.7,31.156000000000002,29.72101924162352,25.1,21389,1,1,synthetic_demo
32.2,53.8,33.304,32.36479033447008,27.4,21436,1,1,synthetic_demo
34.1,56.9,35.452,35.23585903176978,29.7,21483,1,1,synthetic_demo
36,60,37.6,38.36087258043729,32,21530,1,1,synthetic_demo
37.9,63.1,39.748,41.76894830160271,34.3,21577,1,1,synthetic_demo
39.8,66.2,41.896,45.49184336404009,36.6,21624,1,1,synthetic_demo
41.7,69.3,44.044000000000004,49.56413178558064,38.9,21671,1,1,synthetic_demo
43.6,72.4,46.192,54.023388708083075,41.2,21718,1,1,synthetic_demo
28.5,75.5,31.34,31.645806775956213,43.5,21765,1,1,synthetic_demo
30.4,78.6,33.488,34.58726885192592,45.8,21812,1,1,synthetic_demo
32.3,81.7,35.635999999999996,37.78150499944289,48.1,21859,1,1,synthetic_demo
34.2,84.8,37.784000000000006,41.25694142168357,50.4,21906,1,1,synthetic_demo
36.1,87.9,39.932,45.04456982417783,52.7,21953,1,1,synthetic_demo
38,91,42.08,49.17812068312415,55,22000,1,1,synthetic_demo
39.9,94.1,44.227999999999994,53.69424380154199,57.3,22047,1,1,synthetic_demo
41.8,36.2,41.8,39.18292389251857,59.6,22094,1,1,synthetic_demo
43.7,39.3,43.7,42.556608356155635,61.9,22141,1,1,synthetic_demo
28.6,42.4,28.792,26.678191974576198,64.2,22188,1,1,synthetic_demo
30.5,45.5,30.94,29.0410623669547,66.5,22235,1,1,synthetic_demo
32.4,48.6,33.088,31.599627122057026,68.8,22282,1,1,synthetic_demo
34.3,51.7,35.236,34.37766812339398,71.1,22329,1,1,synthetic_demo
36.2,54.8,37.384,37.4012416578544,73.4,22376,1,1,synthetic_demo
38.1,57.9,39.532000000000004,40.69883971935724,75.7,22423,1,1,synthetic_demo
40,61,41.68,44.30155846664765,78,22470,1,1,synthetic_demo
41.9,64.1,43.827999999999996,48.243273894375065,80.3,22517,1,1,synthetic_demo
43.8,67.2,45.976,52.56082476434976,82.6,22564,1,1,synthetic_demo
28.7,70.3,31.124,31.089323210414463,84.9,22611,1,1,synthetic_demo
30.6,73.4,33.272000000000006,33.957408575338206,87.2,22658,1,1,synthetic_demo
32.5,76.5,35.42,37.07138231485645,89.5,22705,1,1,synthetic_demo
34.4,79.6,37.568,40.459136829585745,91.8,22752,1,1,synthetic_demo
36.3,82.7,39.715999999999994,44.15109796429135,94.1,22799,1,1,synthetic_demo
38.2,85.8,41.864000000000004,48.18039698832125,16.4,22846,1,1,synthetic_demo
40.1,88.9,44.012,52.58304984661318,18.7,22893,1,1,synthetic_demo
42,92,46.16,57.39814372686211,21,22940,1,1,synthetic_demo
43.9,95.1,48.308,62.66803097588826,23.3,22987,1,1,synthetic_demo
28.8,37.2,28.8,26.058395279897997,25.6,23034,0,1,synthetic_demo
30.7,40.3,30.724,28.34159613869169,27.9,23081,0,1,synthetic_demo
32.6,43.4,32.872,30.813089465449274,30.2,23128,1,1,synthetic_demo
34.5,46.5,35.02,33.496090679816085,32.5,23175,1,1,synthetic_demo
36.4,49.6,37.168,36.41605618647327,34.8,23222,1,1,synthetic_demo
38.3,52.7,39.315999999999995,39.60084337490125,37.1,23269,1,1,synthetic_demo
40.2,55.8,41.464000000000006,43.080877757698275,39.4,23316,1,1,synthetic_demo
42.1,58.9,43.612,46.8893273078905,41.7,23363,1,1,synthetic_demo
44,62,45.76,51.06228404346251,44,23410,1,1,synthetic_demo
28.9,65.1,30.907999999999998,30.51547048224278,46.3,23457,1,1,synthetic_demo
30.8,68.2,33.056,33.30848698511508,48.6,23504,1,1,synthetic_demo
32.7,71.3,35.204,36.340369959422105,50.9,23551,1,1,synthetic_demo
34.6,74.4,37.352000000000004,39.63846952625547,53.2,23598,1,1,synthetic_demo
36.5,77.5,39.5,43.232636843009985,55.5,23645,1,1,synthetic_demo
38.4,80.6,41.647999999999996,47.155394791571645,57.8,23692,1,1,synthetic_demo
40.3,83.7,43.796,51.442115920213126,60.1,23739,1,1,synthetic_demo
42.2,86.8,45.944,56.131207686051134,62.4,23786,1,1,synthetic_demo
44.1,89.9,48.092,61.2643050324123,64.7,23833,1,1,synthetic_demo
29,93,33.24,35.02335106055403,67,23880,1,1,synthetic_demo
30.9,35.1,30.9,27.62232232185214,69.3,23927,1,1,synthetic_demo
32.8,38.2,32.8,30.004855219943305,71.6,23974,1,1,synthetic_demo
34.7,41.3,34.804,32.59077916934127,73.9,24021,1,1,synthetic_demo
36.6,44.4,36.952,35.40494171039832,76.2,24068,1,1,synthetic_demo
38.5,47.5,39.1,38.47455629031763,78.5,24115,1,1,synthetic_demo
40.4,50.6,41.248,41.8293680782209,80.8,24162,1,1,synthetic_demo
42.3,53.7,43.396,45.501826965330416,83.1,24209,1,1,synthetic_demo
44.2,56.8,45.544000000000004,49.52726779983588,85.4,24256,1,1,synthetic_demo
29.1,59.9,30.692,29.92397595426168,87.7,24303,1,1,synthetic_demo
31,63,32.84,32.64020915454449,90,24350,1,1,synthetic_demo
32.9,66.1,34.988,35.58814930752764,92.3,24397,1,1,synthetic_demo
34.8,69.2,37.135999999999996,38.79459571872712,94.6,24444,1,1,synthetic_demo
36.7,72.3,39.284000000000006,42.28881597172348,16.9,24491,1,1,synthetic_demo
38.6,75.4,41.432,46.10271531980821,19.2,24538,1,1,synthetic_demo
40.5,78.5,43.58,50.27101331487243,21.5,24585,1,1,synthetic_demo
42.4,81.6,45.727999999999994,54.831427721669414,23.8,24632,1,1,synthetic_demo
44.3,84.7,47.876,59.82486575311388,26.1,24679,1,1,synthetic_demo
29.2,87.8,33.024,34.478706231397936,28.4,24726,1,1,synthetic_demo
31.1,90.9,35.172000000000004,37.71449781949988,30.7,24773,1,1,synthetic_demo
33,94,37.32,41.23337198653083,33,24820,1,1,synthetic_demo
34.9,36.1,34.9,31.661382276877166,35.3,24867,1,1,synthetic_demo
36.8,39.2,36.8,34.367519762891604,37.6,24914,1,1,synthetic_demo
38.7,42.3,38.884,37.319571240550715,39.9,24961,1,1,synthetic_demo
40.6,45.4,41.032000000000004,40.546591776877904,42.2,25008,1,1,synthetic_demo
42.5,48.5,43.18,44.080303059302366,44.5,25055,1,1,synthetic_demo
44.4,51.6,45.327999999999996,47.95527227799943,46.8,25102,1,1,synthetic_demo
29.3,54.7,30.476,29.314563854116447,49.1,25149,1,1,synthetic_demo
31.2,57.8,32.624,31.952276821048503,51.4,25196,1,1,synthetic_demo
33.1,60.9,34.772,34.81439818846767,53.7,25243,1,1,synthetic_demo
35,64,36.92,37.92716785106544,56,25290,1,1,synthetic_demo
36.9,67.1,39.068,41.31926087222371,58.3,25337,1,1,synthetic_demo
38.8,70.2,41.215999999999994,45.02195557489394,60.6,25384,1,1,synthetic_demo
40.7,73.3,43.364000000000004,49.06930885365466,62.9,25431,1,1,synthetic_demo
42.6,76.4,45.512,53.498338757367975,65.2,25478,1,1,synthetic_demo
44.5,79.5,47.66,58.34921437942201,67.5,25525,1,1,synthetic_demo
29.4,82.6,32.808,33.9165675258105,69.8,25572,1,1,synthetic_demo
31.3,85.7,34.956,37.07854999798725,72.1,25619,1,1,synthetic_demo
33.2,88.8,37.104,40.51670356688746,74.4,25666,1,1,synthetic_demo
35.1,91.9,39.252,44.261478120353495,76.7,25713,1,1,synthetic_demo
37,95,41.4,48.34602189257636,79,25760,1,1,synthetic_demo
38.9,37.1,38.9,36.13547672107708,81.3,25807,1,1,synthetic_demo
40.8,40.2,40.815999999999995,39.23210667643176,83.6,25854,1,1,synthetic_demo
42.7,43.3,42.964000000000006,42.624281001072134,85.9,25901,1,1,synthetic_demo
44.6,46.4,45.112,46.345788676632345,88.2,25948,1,1,synthetic_demo
29.5,49.5,30.26,28.686955247860677,90.5,25995,1,1,synthetic_demo
31.4,52.6,32.408,31.24438835862747,92.8,26042,1,1,synthetic_demo
33.3,55.7,34.556,34.018790857732874,15.1,26089,1,1,synthetic_demo
35.2,58.8,36.704,37.0358345744855,17.4,26136,1,1,synthetic_demo
37.1,61.9,38.852000000000004,40.32359304564268,19.7,26183,1,1,synthetic_demo
39,65,41,43.91270830136634,22,26230,1,1,synthetic_demo
40.9,68.1,43.147999999999996,47.83656485669712,24.3,26277,1,1,synthetic_demo
42.8,71.2,45.296,52.131470959266395,26.6,26324,1,1,synthetic_demo
44.7,74.3,47.444,56.836847131566756,28.9,26371,1,1,synthetic_demo
29.6,77.4,32.592,33.33665917696818,31.2,26418,1,1,synthetic_demo
31.5,80.5,34.74,36.423108285056635,33.5,26465,1,1,synthetic_demo
33.4,83.6,36.888,39.778678807571254,35.8,26512,1,1,synthetic_demo
35.3,86.7,39.035999999999994,43.433277144962204,38.1,26559,1,1,synthetic_demo
37.2,89.8,41.184000000000005,47.4194755979882,40.4,26606,1,1,synthetic_demo
39.1,92.9,43.332,51.772689888488294,42.7,26653,1,1,synthetic_demo
41,35,41,37.88546604005698,45,26700,1,1,synthetic_demo
42.9,38.1,42.9,41.1332813856621,47.3,26747,1,1,synthetic_demo
44.8,41.2,44.896,44.698303112441764,49.6,26794,1,1,synthetic_demo
29.7,44.3,30.044,28.040868013394988,51.9,26841,1,1,synthetic_demo
31.6,47.4,32.192,30.516238750157353,54.2,26888,1,1,synthetic_demo
33.5,50.5,34.34,33.20099796815044,56.5,26935,1,1,synthetic_demo
35.4,53.6,36.488,36.12024071732213,58.8,26982,1,1,synthetic_demo
37.3,56.7,38.635999999999996,39.30142994123813,61.1,27029,1,1,synthetic_demo
39.2,59.8,40.784000000000006,42.77456195402826,63.4,27076,1,1,synthetic_demo
41.1,62.9,42.932,46.57233910759689,65.7,27123,1,1,synthetic_demo
43,66,45.08,50.73034970112582,68,27170,1,1,synthetic_demo
44.9,69.1,47.227999999999994,55.28725517253231,70.3,27217,1,1,synthetic_demo
29.8,72.2,32.376,32.738702248173496,72.6,27264,1,1,synthetic_demo
31.7,75.3,34.524,35.74787105454487,74.9,27311,1,1,synthetic_demo
33.6,78.4,36.672000000000004,39.018971966679764,77.2,27358,1,1,synthetic_demo
35.5,81.5,38.82,42.58135927865394,79.5,27405,1,1,synthetic_demo
37.4,84.6,40.967999999999996,46.46702038732378,81.8,27452,1,1,synthetic_demo
39.3,87.7,43.116,50.71075201511613,84.1,27499,1,1,synthetic_demo
41.2,90.8,45.264,55.350343731702864,86.4,27546,1,1,synthetic_demo
43.1,93.9,47.412,60.4267688128558,88.7,27593,1,1,synthetic_demo
28,36,28,25.163845478980498,91,27640,1,1,synthetic_demo
29.9,39.1,29.9,27.376016813760423,93.3,27687,1,1,synthetic_demo
31.8,42.2,31.976000000000003,29.76751955953974,15.6,27734,0,1,synthetic_demo
33.7,45.3,34.124,32.36068654087525,17.9,27781,0,1,synthetic_demo
35.6,48.4,36.272,35.18002725484858,20.2,27828,1,1,synthetic_demo
37.5,51.5,38.42,38.25238492502708,22.5,27875,1,1,synthetic_demo
39.4,54.6,40.568,41.60710066538497,24.8,27922,1,1,synthetic_demo
41.3,57.7,42.715999999999994,45.276184819642054,27.1,27969,1,1,synthetic_demo
43.2,60.8,44.864000000000004,49.29449552936612,29.4,28016,1,1,synthetic_demo
28.1,63.9,30.012,29.42053642167203,31.7,28063,1,1,synthetic_demo
30,67,32.16,32.122414606218356,34,28110,1,1,synthetic_demo
31.9,70.1,34.308,35.05253328045537,36.3,28157,1,1,synthetic_demo
33.8,73.2,36.455999999999996,38.237253690581454,38.6,28204,1,1,synthetic_demo
35.7,76.3,38.604,41.70536934589505,40.9,28251,1,1,synthetic_demo
37.6,79.4,40.752,45.48827370873648,43.2,28298,1,1,synthetic_demo
39.5,82.5,42.9,49.62013511515992,45.5,28345,1,1,synthetic_demo
41.4,85.6,45.048,54.13807897834792,47.8,28392,1,1,synthetic_demo
43.3,88.7,47.196,59.08237731435445,50.1,28439,1,1,synthetic_demo
28.2,91.8,32.344,33.726018356414315,52.4,28486,1,1,synthetic_demo
30.1,94.9,34.492000000000004,36.922502370802064,54.7,28533,1,1,synthetic_demo
32,37,32,28.997918903704303,57,28580,1,1,synthetic_demo
33.9,40.1,33.908,31.497519936231914,59.3,28627,1,1,synthetic_demo
35.8,43.2,36.056,34.21483127894408,61.6,28674,1,1,synthetic_demo
37.7,46.3,38.204,37.17606724826665,63.9,28721,1,1,synthetic_demo
39.6,49.4,40.352000000000004,40.40990421292759,66.2,28768,1,1,synthetic_demo
41.5,52.5,42.5,43.94765060188803,68.5,28815,1,1,synthetic_demo
43.4,55.6,44.647999999999996,47.823424127927304,70.8,28862,1,1,synthetic_demo
28.3,58.7,29.796,28.859540204576867,73.1,28909,1,1,synthetic_demo
30.2,61.8,31.944,31.48751089460195,75.4,28956,1,1,synthetic_demo
32.1,64.9,34.092,34.33678650903146,77.7,29003,1,1,synthetic_demo
34,68,36.24,37.43319098482953,80,29050,1,1,synthetic_demo
35.9,71.1,38.388,40.80494830858521,82.3,29097,1,1,synthetic_demo
37.8,74.2,40.535999999999994,44.48284891726762,84.6,29144,1,1,synthetic_demo
39.7,77.3,42.684000000000005,48.500423312714084,86.9,29191,1,1,synthetic_demo
41.6,80.4,44.832,52.89412294312538,89.2,29238,1,1,synthetic_demo
43.5,83.5,46.98,57.70350839245387,91.5,29285,1,1,synthetic_demo
28.4,86.6,32.128,33.21001339555967,93.8,29332,1,1,synthetic_demo
30.3,89.7,34.276,36.33711096594931,16.1,29379,1,1,synthetic_demo
32.2,92.8,36.42400000000001,39.73520340220861,18.4,29426,1,1,synthetic_demo
34.1,95.9,38.572,43.4341929902763,20.7,29473,1,1,synthetic_demo
36,38,36,33.224285967610285,23,29520,1,1,synthetic_demo
37.9,41.1,37.988,36.07208201578243,25.3,29567,1,1,synthetic_demo
39.8,44.2,40.135999999999996,39.18254798626241,27.6,29614,1,1,synthetic_demo
41.7,47.3,42.284000000000006,42.58628042507885,29.9,29661,1,1,synthetic_demo
43.6,50.4,44.432,46.31664628297496,32.2,29708,1,1,synthetic_demo
28.5,53.5,29.58,28.281320033293476,34.5,29755,1,1,synthetic_demo
30.4,56.6,31.727999999999998,30.83370250660315,36.8,29802,1,1,synthetic_demo
32.3,59.7,33.876,33.600318830682255,39.1,29849,1,1,synthetic_demo
34.2,62.8,36.024,36.60644718492604,41.4,29896,1,1,synthetic_demo
36.1,65.9,38.172000000000004,39.8797332356464,43.7,29943,1,1,synthetic_demo
38,69,40.32,43.450355243247984,46,29990,1,1,synthetic_demo
39.9,72.1,42.467999999999996,47.35119636653748,48.3,30037,1,1,synthetic_demo
41.8,75.2,44.616,51.61802421871262,50.6,30084,1,1,synthetic_demo
43.7,78.3,46.764,56.28967771722611,52.9,30131,1,1,synthetic_demo
28.6,81.4,31.912000000000003,32.67719402666279,55.2,30178,1,1,synthetic_demo
30.5,84.5,34.06,35.73325868148729,57.5,30225,1,1,synthetic_demo
32.4,87.6,36.208,39.05362419531266,59.8,30272,1,1,synthetic_demo
34.3,90.7,38.355999999999995,42.66767115651517,62.1,30319,1,1,synthetic_demo
36.2,93.8,40.504000000000005,46.60740634136391,64.4,30366,1,1,synthetic_demo
38.1,35.9,38.1,34.94003015414378,66.7,30413,1,1,synthetic_demo
40,39,40,37.9246029540862,69,30460,1,1,synthetic_demo
41.9,42.1,42.068,41.191613587413265,71.3,30507,1,1,synthetic_demo
43.8,45.2,44.215999999999994,44.77366784744953,73.6,30554,1,1,synthetic_demo
28.7,48.3,29.364,27.685606131764132,75.9,30601,1,1,synthetic_demo
30.6,51.4,31.512,30.160697558206866,78.2,30648,1,1,synthetic_demo
32.5,54.5,33.66,32.84281485176048,80.5,30695,1,1,synthetic_demo
34.4,57.6,35.808,35.75668192693642,82.8,30742,1,1,synthetic_demo
36.3,60.7,37.955999999999996,38.92935727246052,85.1,30789,1,1,synthetic_demo
38.2,63.8,40.104,42.39039776054656,87.4,30836,1,1,synthetic_demo
40.1,66.9,42.252,46.17202963710261,89.7,30883,1,1,synthetic_demo
42,70,44.4,50.309326748699426,92,30930,1,1,synthetic_demo
43.9,73.1,46.548,54.84039604981526,94.3,30977,1,1,synthetic_demo
28.8,76.2,31.696,32.12729355721041,16.6,31024,1,1,synthetic_demo
30.7,79.3,33.844,35.11065691807074,18.9,31071,1,1,synthetic_demo
32.6,82.4,35.992000000000004,38.35149244131382,21.2,31118,1,1,synthetic_demo
34.5,85.5,38.14,41.87865060482312,23.5,31165,1,1,synthetic_demo
36.4,88.6,40.288,45.72357617180508,25.8,31212,1,1,synthetic_demo
38.3,91.7,42.436,49.92048268460047,28.1,31259,1,1,synthetic_demo
40.2,94.8,44.584,54.50653425501429,30.4,31306,1,1,synthetic_demo
42.1,36.9,42.1,39.763184680155504,32.7,31353,1,1,synthetic_demo
44,40,44,43.193989705459686,35,31400,1,1,synthetic_demo
28.9,43.1,29.148,27.07212561881204,37.3,31447,1,1,synthetic_demo
30.8,46.2,31.296,29.468200860884412,39.6,31494,1,1,synthetic_demo
32.7,49.3,33.444,32.063955666192285,41.9,31541,1,1,synthetic_demo
34.6,52.4,35.592,34.88355111795412,44.2,31588,1,1,synthetic_demo
36.5,55.5,37.74,37.95344961015554,46.5,31635,1,1,synthetic_demo
38.4,58.6,39.888,41.30257735466623,48.8,31682,1,1,synthetic_demo
40.3,61.7,42.035999999999994,44.962494053490445,51.1,31729,1,1,synthetic_demo
42.2,64.8,44.184000000000005,48.9675697932732,53.4,31776,1,1,synthetic_demo
44.1,67.9,46.332,53.3551692069054,55.7,31823,1,1,synthetic_demo
29,71,31.48,31.560042207519743,58,31870,1,1,synthetic_demo
30.9,74.1,33.628,34.46901379057673,60.3,31917,1,1,synthetic_demo
32.8,77.2,35.775999999999996,37.62849274815767,62.6,31964,1,1,synthetic_demo
34.7,80.3,37.924,41.066790975741014,64.9,32011,1,1,synthetic_demo
36.6,83.4,40.072,44.81478240196442,67.2,32058,1,1,synthetic_demo
38.5,86.5,42.22,48.90607619184158,69.5,32105,1,1,synthetic_demo
40.4,89.6,44.367999999999995,53.377197229418826,71.8,32152,1,1,synthetic_demo
42.3,92.7,46.516,58.267773923391616,74.1,32199,1,1,synthetic_demo
44.2,95.8,48.664,63.62073336662461,76.4,32246,1,1,synthetic_demo
29.1,37.9,29.1,26.440602481911814,78.7,32293,1,1,synthetic_demo
31,41,31.08,28.755913894227373,81,32340,1,1,synthetic_demo
32.9,44.1,33.228,31.263418826958688,83.3,32387,1,1,synthetic_demo
34.8,47.2,35.376,33.98670690641503,85.6,32434,1,1,synthetic_demo
36.7,50.3,37.524,36.951635454739844,87.9,32481,1,1,synthetic_demo
38.6,53.4,39.672000000000004,40.186490690686455,90.2,32528,1,1,synthetic_demo
40.5,56.5,41.82,43.7221560801311,92.5,32575,1,1,synthetic_demo
42.4,59.6,43.967999999999996,47.592287894748736,94.8,32622,1,1,synthetic_demo
44.3,62.7,46.116,51.833498025032355,17.1,32669,1,1,synthetic_demo
29.2,65.8,31.264,30.975167084578406,19.4,32716,0,1,synthetic_demo
31.1,68.9,33.412,33.80803410080904,21.7,32763,1,1,synthetic_demo
33,72,35.56,36.88430620244914,24,32810,1,1,synthetic_demo
34.9,75.1,37.708,40.231748171564405,26.3,32857,1,1,synthetic_demo
36.8,78.2,39.855999999999995,43.8806542208705,28.6,32904,1,1,synthetic_demo
38.7,81.3,42.004000000000005,47.86401990205137,30.9,32951,1,1,synthetic_demo
40.6,84.4,44.152,52.21772127683911,33.2,32998,1,1,synthetic_demo
42.5,87.5,46.3,56.98070139564861,35.5,33045,1,1,synthetic_demo
44.4,90.6,48.448,62.19516411602225,37.8,33092,1,1,synthetic_demo
29.3,93.7,33.596000000000004,35.5613113917863,40.1,33139,1,1,synthetic_demo
31.2,35.8,31.2,28.023534778434886,42.4,33186,1,1,synthetic_demo
33.1,38.9,33.1,30.440878317428446,44.7,33233,1,1,synthetic_demo
35,42,35.16,33.06579765226169,47,33280,1,1,synthetic_demo
36.9,45.1,37.308,35.92353599608479,49.3,33327,1,1,synthetic_demo
38.8,48.2,39.455999999999996,39.04173018105253,51.6,33374,1,1,synthetic_demo
40.7,51.3,41.604,42.45057768338996,53.9,33421,1,1,synthetic_demo
42.6,54.4,43.752,46.183010842942636,56.2,33468,1,1,synthetic_demo
44.5,57.5,45.9,50.27487832473919,58.5,33515,1,1,synthetic_demo
29.4,60.6,31.048,30.37239215573991,60.8,33562,1,1,synthetic_demo
31.3,63.7,33.196,33.12741931005587,63.1,33609,1,1,synthetic_demo
33.2,66.8,35.344,36.118610340856776,65.4,33656,1,1,synthetic_demo
35.1,69.9,37.492000000000004,39.37317432658008,67.7,33703,1,1,synthetic_demo
37,73,39.64,42.920816822716574,70,33750,1,1,synthetic_demo
38.9,76.1,41.788,46.79391047099639,72.3,33797,1,1,synthetic_demo
40.8,79.2,43.936,51.0276728550596,74.6,33844,1,1,synthetic_demo
42.7,82.3,46.084,55.66035164868907,76.9,33891,1,1,synthetic_demo
44.6,85.4,48.232,60.7334170901811,79.2,33938,1,1,synthetic_demo
29.5,88.5,33.38,35.00610180678122,81.5,33985,1,1,synthetic_demo
31.4,91.6,35.528,38.28855082985315,83.8,34032,1,1,synthetic_demo
33.3,94.7,37.675999999999995,41.85918481557097,86.1,34079,1,1,synthetic_demo
35.2,36.8,35.2,32.12046789695691,88.4,34126,1,1,synthetic_demo
37.1,39.9,37.1,34.868768376755135,90.7,34173,1,1,synthetic_demo
39,43,39.24,37.867883953211575,93,34220,1,1,synthetic_demo
40.9,46.1,41.388,41.14731629799908,15.3,34267,1,1,synthetic_demo
42.8,49.2,43.535999999999994,44.739263640391954,17.6,34314,1,1,synthetic_demo
44.7,52.3,45.684000000000005,48.67880087457525,19.9,34361,1,1,synthetic_demo
29.6,55.4,30.832,29.751438222274384,22.2,34408,1,1,synthetic_demo
31.5,58.5,32.98,32.42686751150078,24.5,34455,1,1,synthetic_demo
33.4,61.6,35.128,35.3310791213683,26.8,34502,1,1,synthetic_demo
35.3,64.7,37.275999999999996,38.49071777715172,29.1,34549,1,1,synthetic_demo
37.2,67.8,39.424,41.93489137576392,31.4,34596,1,1,synthetic_demo
39.1,70.9,41.572,45.695340291644996,33.7,34643,1,1,synthetic_demo
41,74,43.72,49.80661391326335,36,34690,1,1,synthetic_demo
42.9,77.1,45.867999999999995,54.3062544575997,38.3,34737,1,1,synthetic_demo
44.8,80.2,48.016,59.23498809752013,40.6,34784,1,1,synthetic_demo
29.7,83.3,33.164,34.43314233669983,42.9,34831,1,1,synthetic_demo
31.6,86.4,35.312000000000005,37.64076430408429,45.2,34878,1,1,synthetic_demo
33.5,89.5,37.46,41.12958055741513,47.5,34925,1,1,synthetic_demo
35.4,92.6,39.608,44.93048676164234,49.8,34972,1,1,synthetic_demo
37.3,95.7,41.756,49.077106620396634,52.1,35019,1,1,synthetic_demo
39.2,37.8,39.2,36.66453581709478,54.4,35066,1,1,synthetic_demo
41.1,40.9,41.172000000000004,39.811924793334065,56.7,35113,1,1,synthetic_demo
43,44,43.32,43.260566467417206,59,35160,1,1,synthetic_demo
44.9,47.1,45.467999999999996,47.04475135493881,61.3,35207,1,1,synthetic_demo
29.8,50.2,30.616,29.112022892774373,63.6,35254,1,1,synthetic_demo
31.7,53.3,32.763999999999996,31.70607340248661,65.9,35301,1,1,synthetic_demo
33.6,56.4,34.912,34.52138289439717,68.2,35348,1,1,synthetic_demo
35.5,59.5,37.06,37.584023031655335,70.5,35395,1,1,synthetic_demo
37.4,62.6,39.208,40.922494991093004,72.8,35442,1,1,synthetic_demo
39.3,65.7,41.355999999999995,44.56789746172326,75.1,35489,1,1,synthetic_demo
41.2,68.8,43.504000000000005,48.55410185838279,77.4,35536,1,1,synthetic_demo
43.1,71.9,45.652,52.91793479919416,79.7,35583,1,1,synthetic_demo
28,75,30.8,30.957344747876036,82,35630,1,1,synthetic_demo
29.9,78.1,32.948,33.84215378912248,84.3,35677,1,1,synthetic_demo
31.8,81.2,35.096000000000004,36.973203512668874,86.6,35724,1,1,synthetic_demo
33.7,84.3,37.244,40.378317337655275,88.9,35771,1,1,synthetic_demo
35.6,87.4,39.392,44.08784260482988,91.2,35818,1,1,synthetic_demo
37.5,90.5,41.54,48.134822052717496,93.5,35865,1,1,synthetic_demo
39.4,93.6,43.687999999999995,52.55517256923139,15.8,35912,1,1,synthetic_demo
41.3,35.7,41.3,38.443951439535894,18.1,35959,1,1,synthetic_demo
43.2,38.8,43.2,41.746434647029695,20.4,36006,1,1,synthetic_demo
28.1,41.9,28.252000000000002,26.133331393866325,22.7,36053,1,1,synthetic_demo
30,45,30.4,28.453860556415314,25,36100,0,1,synthetic_demo
31.9,48.1,32.548,30.964728256632004,27.3,36147,1,1,synthetic_demo
33.8,51.2,34.696,33.68918837374003,29.6,36194,1,1,synthetic_demo
35.7,54.3,36.844,36.65273074026345,31.9,36241,1,1,synthetic_demo
37.6,57.4,38.992000000000004,39.88324069120244,34.2,36288,1,1,synthetic_demo
39.5,60.5,41.14,43.411165751117274,36.5,36335,1,1,synthetic_demo
41.4,63.6,43.288,47.26968952129589,38.8,36382,1,1,synthetic_demo
43.3,66.7,45.436,51.49491281699484,41.1,36429,1,1,synthetic_demo
28.2,69.8,30.584,30.419639229604787,43.4,36476,1,1,synthetic_demo
30.1,72.9,32.732,33.23285377061613,45.7,36523,1,1,synthetic_demo
32,76,34.88,36.285563153554776,48,36570,1,1,synthetic_demo
33.9,79.1,37.028,39.605065510123296,50.3,36617,1,1,synthetic_demo
35.8,82.2,39.175999999999995,43.22115118354638,52.6,36664,1,1,synthetic_demo
37.7,85.3,41.324000000000005,47.16627292175261,54.9,36711,1,1,synthetic_demo
39.6,88.4,43.472,51.47572332839675,57.2,36758,1,1,synthetic_demo
41.5,91.5,45.62,56.18781962043342,59.5,36805,1,1,synthetic_demo
43.4,94.6,47.768,61.344095728451855,61.8,36852,1,1,synthetic_demo
28.3,36.7,28.3,25.533889702009727,64.1,36899,1,1,synthetic_demo
30.2,39.8,30.2,27.77666235607051,66.4,36946,1,1,synthetic_demo
32.1,42.9,32.332,30.202519895800457,68.7,36993,1,1,synthetic_demo
34,46,34.48,32.83415860738469,71,37040,1,1,synthetic_demo
35.9,49.1,36.628,35.69647766457853,73.3,37087,1,1,synthetic_demo
37.8,52.2,38.775999999999996,38.816737378455116,75.6,37134,1,1,synthetic_demo
39.7,55.3,40.924,42.224724569121456,77.9,37181,1,1,synthetic_demo
41.6,58.4,43.072,45.952925122867185,80.2,37228,1,1,synthetic_demo
43.5,61.5,45.22,50.03670378605884,82.5,37275,1,1,synthetic_demo
28.4,64.6,30.368,29.864993826248902,84.8,37322,1,1,synthetic_demo
30.3,67.7,32.516,32.604956659919374,87.1,37369,1,1,synthetic_demo
32.2,70.8,34.664,35.57753449220226,89.4,37416,1,1,synthetic_demo
34.1,73.9,36.812000000000005,38.809491782913646,91.7,37463,1,1,synthetic_demo
36,77,38.96,42.33005314489452,94,37510,1,1,synthetic_demo
37.9,80.1,41.108,46.17107224973657,16.3,37557,1,1,synthetic_demo
39.8,83.2,43.256,50.367207974141024,18.6,37604,1,1,synthetic_demo
41.7,86.3,45.404,54.956107836877486,20.9,37651,1,1,synthetic_demo
43.6,89.4,47.552,59.97859876384844,23.2,37698,1,1,synthetic_demo
28.5,92.5,32.7,34.245637440741056,25.5,37745,1,1,synthetic_demo
30.4,95.6,34.848,37.487751936948065,27.8,37792,1,1,synthetic_demo
32.3,37.7,32.3,29.419132661921626,30.1,37839,1,1,synthetic_demo
34.2,40.8,34.264,31.955952948168513,32.4,37886,1,1,synthetic_demo
36.1,43.9,36.412,34.714896647114976,34.7,37933,1,1,synthetic_demo
38,47,38.56,37.72258980337181,37,37980,1,1,synthetic_demo
39.9,50.1,40.708,41.00814893153298,39.3,38027,1,1,synthetic_demo
41.8,53.2,42.855999999999995,44.603352239833924,41.6,38074,1,1,synthetic_demo
43.7,56.3,45.004000000000005,48.542818077647894,43.9,38121,1,1,synthetic_demo
28.6,59.4,30.152,29.293141587024202,46.2,38168,1,1,synthetic_demo
30.5,62.5,32.3,31.958173580981732,48.5,38215,1,1,synthetic_demo
32.4,65.6,34.448,34.84880533347614,50.8,38262,1,1,synthetic_demo
34.3,68.7,36.596,37.99125918911348,53.1,38309,1,1,synthetic_demo
36.2,71.8,38.744,41.41418523784573,55.4,38356,1,1,synthetic_demo
38.1,74.9,40.892,45.14882892884037,57.7,38403,1,1,synthetic_demo
40,78,43.04,49.2292059081724,60,38450,1,1,synthetic_demo
41.9,81.1,45.187999999999995,53.69228413157282,62.3,38497,1,1,synthetic_demo
43.8,84.2,47.336,58.57817329104539,64.6,38544,1,1,synthetic_demo
28.7,87.3,32.484,33.71946822573517,66.9,38591,1,1,synthetic_demo
30.6,90.4,34.632000000000005,36.891230724939696,69.2,38638,1,1,synthetic_demo
32.5,93.5,36.78,40.33891171815789,71.5,38685,1,1,synthetic_demo
34.4,35.6,34.4,31.054227024287094,73.8,38732,1,1,synthetic_demo
36.3,38.7,36.3,33.70761658062968,76.1,38779,1,1,synthetic_demo
38.2,41.8,38.344,36.600398532771884,78.4,38826,1,1,synthetic_demo
40.1,44.9,40.492000000000004,39.76100942759203,80.7,38873,1,1,synthetic_demo
42,48,42.64,43.22050977053675,83,38920,1,1,synthetic_demo
43.9,51.1,44.788,47.012761123742266,85.3,38967,1,1,synthetic_demo
28.8,54.2,29.936,28.703812477700847,87.6,39014,1,1,synthetic_demo
30.7,57.3,32.083999999999996,31.292212375856916,89.9,39061,1,1,synthetic_demo
32.6,60.4,34.232,34.099059993390235,92.2,39108,1,1,synthetic_demo
34.5,63.5,36.38,37.150027057383255,94.5,39155,1,1,synthetic_demo
36.4,66.6,38.528,40.47318028264354,16.8,39202,1,1,synthetic_demo
38.3,69.7,40.675999999999995,44.09914768938553,19.1,39249,1,1,synthetic_demo
40.2,72.8,42.824000000000005,48.0612921283232,21.4,39296,1,1,synthetic_demo
42.1,75.9,44.972,52.39589206568572,23.7,39343,1,1,synthetic_demo
44,79,47.12,57.14232966828288,26,39390,1,1,synthetic_demo
28.9,82.1,32.268,33.17623696762107,28.3,39437,1,1,synthetic_demo
30.8,85.2,34.416000000000004,36.27598080838423,30.6,39484,1,1,synthetic_demo
32.7,88.3,36.564,39.64487191328152,32.9,39531,1,1,synthetic_demo
34.6,91.4,38.712,43.31272465994287,35.2,39578,1,1,synthetic_demo
36.5,94.5,40.86,47.31200879567024,37.5,39625,1,1,synthetic_demo
38.4,36.6,38.4,35.44975991776082,39.8,39672,1,1,synthetic_demo
40.3,39.7,40.3,38.48287218676775,42.1,39719,1,1,synthetic_demo
42.2,42.8,42.424,41.80393190049526,44.4,39766,1,1,synthetic_demo
44.1,45.9,44.572,45.44603338139849,46.7,39813,1,1,synthetic_demo
29,49,29.72,28.09673335448546,49,39860,1,1,synthetic_demo
30.9,52.1,31.868,30.60677757745004,51.3,39907,1,1,synthetic_demo
32.8,55.2,34.016,33.32797927070341,53.6,39954,1,1,synthetic_demo
34.7,58.3,36.164,36.28545098238731,55.9,40001,1,1,synthetic_demo
36.6,61.4,38.312000000000005,39.506667140055335,58.2,40048,1,1,synthetic_demo
38.5,64.5,40.46,43.021629067904996,60.5,40095,1,1,synthetic_demo
40.4,67.6,42.608,46.863037195409746,62.8,40142,1,1,synthetic_demo
42.3,70.7,44.756,51.06647051115196,65.1,40189,1,1,synthetic_demo
44.2,73.8,46.904,55.6705733033079,67.4,40236,1,1,synthetic_demo
29.1,76.9,32.052,32.61567363744112,69.7,40283,1,1,synthetic_demo
31,80,34.2,35.64171003751682,72,40330,1,1,synthetic_demo
32.9,83.1,36.348,38.929986497058195,74.3,40377,1,1,synthetic_demo
34.8,86.2,38.495999999999995,42.509782528241004,76.6,40424,1,1,synthetic_demo
36.7,89.3,40.644000000000005,46.413000916665375,78.9,40471,1,1,synthetic_demo
38.6,92.4,42.792,50.6743434423114,81.2,40518,1,1,synthetic_demo
40.5,95.5,44.94,55.33149390535435,83.5,40565,1,1,synthetic_demo
42.4,37.6,42.4,40.353148067828066,85.8,40612,1,1,synthetic_demo
44.3,40.7,44.355999999999995,43.84213029695083,88.1,40659,1,1,synthetic_demo
29.2,43.8,29.503999999999998,27.47162793775888,90.4,40706,1,1,synthetic_demo
31.1,46.9,31.652,29.901570382118198,92.7,40753,1,1,synthetic_demo
33,50,33.8,32.53524041836746,15,40800,1,1,synthetic_demo
34.9,53.1,35.948,35.39718279507417,17.3,40847,1,1,synthetic_demo
36.8,56.2,38.096,38.514270680472144,19.6,40894,1,1,synthetic_demo
38.7,59.3,40.244,41.915869375051,21.9,40941,1,1,synthetic_demo
40.6,62.4,42.392,45.63400719993791,24.2,40988,1,1,synthetic_demo
42.5,65.5,44.54,49.70355361617125,26.5,41035,1,1,synthetic_demo
44.4,68.6,46.687999999999995,54.162404617650395,28.8,41082,1,1,synthetic_demo
29.3,71.7,31.836000000000002,32.037505088485354,31.1,41129,1,1,synthetic_demo
31.2,74.8,33.984,34.98812294488629,33.4,41176,1,1,synthetic_demo
33.1,77.9,36.132000000000005,38.19393627063434,35.7,41223,1,1,synthetic_demo
35,81,38.28,41.6836811865047,38,41270,1,1,synthetic_demo
36.9,84.1,40.428,45.48868464014924,40.3,41317,1,1,synthetic_demo
38.8,87.2,42.576,49.64303883377137,42.6,41364,1,1,synthetic_demo
40.7,90.3,44.724000000000004,54.18378293976829,44.9,41411,1,1,synthetic_demo
42.6,93.4,46.872,59.15109214578756,47.2,41458,1,1,synthetic_demo
44.5,35.5,44.5,42.20054227005637,49.5,41505,1,1,synthetic_demo
29.4,38.6,29.4,26.828216785669316,51.8,41552,1,1,synthetic_demo
31.3,41.7,31.436,29.17628862212449,54.1,41599,1,1,synthetic_demo
33.2,44.8,33.584,31.720517114826105,56.4,41646,1,1,synthetic_demo
35.1,47.9,35.732,34.48487053280666,58.7,41693,1,1,synthetic_demo
37,51,37.88,37.49561175285679,61,41740,1,1,synthetic_demo
38.9,54.1,40.028,40.7814606633496,63.3,41787,1,1,synthetic_demo
40.8,57.2,42.175999999999995,44.373763728654154,65.6,41834,1,1,synthetic_demo
42.7,60.3,44.324000000000005,48.30667077054619,67.9,41881,1,1,synthetic_demo
44.6,63.4,46.472,52.61731901074334,70.2,41928,1,1,synthetic_demo
29.5,66.5,31.62,31.44145502995425,72.5,41975,1,1,synthetic_demo
31.4,69.6,33.768,34.31492071787969,74.8,42022,1,1,synthetic_demo
33.3,72.7,35.916,37.43639848038025,77.1,42069,1,1,synthetic_demo
35.2,75.8,38.064,40.83407246166668,79.4,42116,1,1,synthetic_demo
37.1,78.9,40.212,44.5386848352376,81.7,42163,1,1,synthetic_demo
39,82,42.36,48.583708934031385,84,42210,1,1,synthetic_demo
40.9,85.1,44.507999999999996,53.00552965205471,86.3,42257,1,1,synthetic_demo
42.8,88.2,46.656,57.84363116021484,88.6,42304,1,1,synthetic_demo
44.7,91.3,48.804,63.140791966514726,90.9,42351,1,1,synthetic_demo
29.6,94.4,33.952,36.10705718741339,93.2,42398,1,1,synthetic_demo
31.5,36.5,31.5,28.430626737944934,15.5,42445,0,1,synthetic_demo
33.4,39.6,33.4,30.88347943516533,17.8,42492,0,1,synthetic_demo
35.3,42.7,35.516,33.54815840934125,20.1,42539,1,1,synthetic_demo
37.2,45.8,37.664,36.45030715353964,22.4,42586,1,1,synthetic_demo
39.1,48.9,39.812000000000005,39.61799069480169,24.7,42633,1,1,synthetic_demo
41,52,41.96,43.081863830941806,27,42680,1,1,synthetic_demo
42.9,55.1,44.108,46.87534657086567,29.3,42727,1,1,synthetic_demo
44.8,58.2,46.256,51.034806823886186,31.6,42774,1,1,synthetic_demo
29.7,61.3,31.404,30.82724400047659,33.9,42821,1,1,synthetic_demo
31.6,64.4,33.552,33.62180117109986,36.2,42868,1,1,synthetic_demo
33.5,67.5,35.7,36.65704678911197,38.5,42915,1,1,synthetic_demo
35.4,70.6,37.848,39.96060437766684,40.8,42962,1,1,synthetic_demo
37.3,73.7,39.995999999999995,43.56262233984568,43.1,43009,1,1,synthetic_demo
39.2,76.8,42.144000000000005,47.495945787113214,45.4,43056,1,1,synthetic_demo
41.1,79.9,44.292,51.796295623163616,47.7,43103,1,1,synthetic_demo
43,83,46.44,56.502454927173375,50,43150,1,1,synthetic_demo
44.9,86.1,48.588,61.656462667945476,52.3,43197,1,1,synthetic_demo
29.8,89.2,33.736000000000004,35.54113629552737,54.6,43244,1,1,synthetic_demo
31.7,92.3,35.884,38.87107833113535,56.9,43291,1,1,synthetic_demo
33.6,95.4,38.032000000000004,42.494381704352676,59.2,43338,1,1,synthetic_demo
35.5,37.5,35.5,32.58668678465672,61.5,43385,1,1,synthetic_demo
37.4,40.6,37.448,35.377969594862236,63.8,43432,1,1,synthetic_demo
39.3,43.7,39.596,38.42504290833038,66.1,43479,1,1,synthetic_demo
41.2,46.8,41.744,41.75785998506271,68.4,43526,1,1,synthetic_demo
43.1,49.9,43.892,45.40910078553252,70.7,43573,1,1,synthetic_demo
28,53,29.04,27.689216955165733,73,43620,1,1,synthetic_demo
29.9,56.1,31.188,30.194589341482345,75.3,43667,1,1,synthetic_demo
31.8,59.2,33.336,32.90845871859603,77.6,43714,1,1,synthetic_demo
33.7,62.3,35.484,35.85555124716398,79.9,43761,1,1,synthetic_demo
35.6,65.4,37.632000000000005,39.06292112535325,82.2,43808,1,1,synthetic_demo
37.5,68.5,39.78,42.56011392940495,84.5,43855,1,1,synthetic_demo
39.4,71.6,41.928,46.37933713629238,86.8,43902,1,1,synthetic_demo
41.3,74.7,44.076,50.555637886087716,89.1,43949,1,1,synthetic_demo
43.2,77.8,46.224000000000004,55.12708802935336,91.4,43996,1,1,synthetic_demo
28.1,80.9,31.372000000000003,31.960649397703712,93.7,44043,1,1,synthetic_demo
30,84,33.52,34.95720637197525,16,44090,1,1,synthetic_demo
31.9,87.1,35.668,38.21129170795525,18.3,44137,1,1,synthetic_demo
33.8,90.2,37.815999999999995,41.75166779904983,20.6,44184,1,1,synthetic_demo
35.7,93.3,39.964000000000006,45.60968099570129,22.9,44231,1,1,synthetic_demo
37.6,35.4,37.6,34.278207673668405,25.2,44278,1,1,synthetic_demo
39.5,38.5,39.5,37.20219638707463,27.5,44325,1,1,synthetic_demo
41.4,41.6,41.528,40.40130006424385,29.8,44372,1,1,synthetic_demo
43.3,44.7,43.675999999999995,43.907448319635215,32.1,44419,1,1,synthetic_demo
28.2,47.8,28.823999999999998,27.113260102795255,34.4,44466,0,1,synthetic_demo
30.1,50.9,30.972,29.543205170430195,36.7,44513,0,1,synthetic_demo
32,54,33.12,32.17458434594682,39,44560,1,1,synthetic_demo
33.9,57.1,35.268,35.031578263312774,41.3,44607,1,1,synthetic_demo
35.8,60.2,37.416,38.14066303223227,43.6,44654,1,1,synthetic_demo
37.7,63.3,39.564,41.53077228542719,45.9,44701,1,1,synthetic_demo
39.6,66.4,41.712,45.23346639146543,48.2,44748,1,1,synthetic_demo
41.5,69.5,43.86,49.28310889202319,50.5,44795,1,1,synthetic_demo
43.4,72.6,46.007999999999996,53.71705021020723,52.8,44842,1,1,synthetic_demo
28.3,75.7,31.156000000000002,31.42936104746966,55.1,44889,1,1,synthetic_demo
30.2,78.8,33.304,34.35498476528534,57.4,44936,1,1,synthetic_demo
32.1,81.9,35.452,37.53144707380087,59.7,44983,1,1,synthetic_demo
34,85,37.6,40.98698873103692,62,45030,1,1,synthetic_demo
35.9,88.1,39.748,44.75240289713582,64.3,45077,1,1,synthetic_demo
37.8,91.2,41.896,48.86120783362273,66.6,45124,1,1,synthetic_demo
39.7,94.3,44.044000000000004,53.34982688730838,68.9,45171,1,1,synthetic_demo
41.6,36.4,41.6,39.011727302609,71.2,45218,1,1,synthetic_demo
43.5,39.5,43.5,42.369899179663804,73.5,45265,1,1,synthetic_demo
28.4,42.6,28.607999999999997,26.51997425693813,75.8,45312,1,1,synthetic_demo
30.3,45.7,30.756,28.872802353889448,78.1,45359,1,1,synthetic_demo
32.2,48.8,32.904,31.419865582195914,80.4,45406,1,1,synthetic_demo
34.1,51.9,35.052,34.18479057555099,82.7,45453,1,1,synthetic_demo
36,55,37.2,37.19346653206752,85,45500,1,1,synthetic_demo
37.9,58.1,39.348,40.47420596391628,87.3,45547,1,1,synthetic_demo
39.8,61.2,41.495999999999995,44.057912596363344,89.6,45594,1,1,synthetic_demo
41.7,64.3,43.644000000000005,47.97825647637569,91.9,45641,1,1,synthetic_demo
43.6,67.4,45.792,52.27185633874032,94.2,45688,1,1,synthetic_demo
28.5,70.5,30.94,30.88115069807832,16.5,45735,1,1,synthetic_demo
30.4,73.6,33.088,33.73418559162529,18.8,45782,1,1,synthetic_demo
32.3,76.7,35.236,36.83123541563365,21.1,45829,1,1,synthetic_demo
34.2,79.8,37.384,40.200010913329585,23.4,45876,1,1,synthetic_demo
36.1,82.9,39.532000000000004,43.87074332678432,25.7,45923,1,1,synthetic_demo
38,86,41.68,47.87635581042502,28,45970,1,1,synthetic_demo
39.9,89.1,43.827999999999996,52.25264211176824,30.3,46017,1,1,synthetic_demo
41.8,92.2,45.976,57.03845256602797,32.6,46064,1,1,synthetic_demo
43.7,95.3,48.124,62.275887438718385,34.9,46111,1,1,synthetic_demo
28.6,37.4,28.6,25.90908914738561,37.2,46158,0,1,synthetic_demo
30.5,40.5,30.54,28.18308848047616,39.5,46205,1,1,synthetic_demo
32.4,43.6,32.687999999999995,30.643986471639636,41.8,46252,1,1,synthetic_demo
34.3,46.7,34.836,33.31484722171178,44.1,46299,1,1,synthetic_demo
36.2,49.8,36.984,36.22096413432754,46.4,46346,1,1,synthetic_demo
38.1,52.9,39.132,39.39001936362691,48.7,46393,1,1,synthetic_demo
40,56,41.28,42.85225039561095,51,46440,1,1,synthetic_demo
41.9,59.1,43.428,46.64062382461102,53.3,46487,1,1,synthetic_demo
43.8,62.2,45.576,50.79101637414516,55.6,46534,1,1,synthetic_demo
28.7,65.3,30.724,30.315751147084843,57.9,46581,1,1,synthetic_demo
30.6,68.4,32.872,33.09451970780835,60.2,46628,1,1,synthetic_demo
32.5,71.5,35.02,36.11034425506191,62.5,46675,1,1,synthetic_demo
34.4,74.6,37.168,39.390397078983625,64.8,46722,1,1,synthetic_demo
36.3,77.7,39.315999999999995,42.96433871614798,67.1,46769,1,1,synthetic_demo
38.2,80.8,41.464000000000006,46.86448807291791,69.4,46816,1,1,synthetic_demo
40.1,83.9,43.612,51.12599979899714,71.7,46863,1,1,synthetic_demo
42,87,45.76,55.78704895909786,74,46910,1,1,synthetic_demo
43.9,90.1,47.908,60.88902303814439,76.3,46957,1,1,synthetic_demo
28.8,93.2,33.056,34.772710755013264,78.6,47004,1,1,synthetic_demo
30.7,35.3,30.7,27.47376783364309,80.9,47051,1,1,synthetic_demo
32.6,38.4,32.6,29.84662754546664,83.2,47098,1,1,synthetic_demo
34.5,41.5,34.62,32.42140350994339,85.5,47145,1,1,synthetic_demo
36.4,44.6,36.768,35.22278439348201,87.8,47192,1,1,synthetic_demo
38.3,47.7,38.916,38.277812694170585,90.1,47239,1,1,synthetic_demo
40.2,50.8,41.064,41.616050001632125,92.4,47286,1,1,synthetic_demo
42.1,53.9,43.212,45.26974943795073,94.7,47333,1,1,synthetic_demo
44,57,45.36,49.27403533028006,17,47380,1,1,synthetic_demo
28.9,60.1,30.508,29.732892104190338,19.3,47427,0,1,synthetic_demo
30.8,63.2,32.656,32.43569468415356,21.6,47474,1,1,synthetic_demo
32.7,66.3,34.804,35.36845762005169,23.9,47521,1,1,synthetic_demo
34.6,69.4,36.952,38.55780625164152,26.2,47568,1,1,synthetic_demo
36.5,72.5,39.1,42.03282156281578,28.5,47615,1,1,synthetic_demo
38.4,75.6,41.248,45.825209010456774,30.8,47662,1,1,synthetic_demo
40.3,78.7,43.396,49.969474586867065,33.1,47709,1,1,synthetic_demo
42.2,81.8,45.544000000000004,54.503108164965234,35.4,47756,1,1,synthetic_demo
44.1,84.9,47.692,59.466774162978915,37.7,47803,1,1,synthetic_demo
29,88,32.84,34.23623541213715,40,47850,1,1,synthetic_demo
30.9,91.1,34.988,37.45346904617463,42.3,47897,1,1,synthetic_demo
32.8,94.2,37.135999999999996,40.95161679891778,44.6,47944,1,1,synthetic_demo
34.7,36.3,34.7,31.50411098903361,46.9,47991,1,1,synthetic_demo
36.6,39.4,36.6,34.198551878146255,49.2,48038,1,1,synthetic_demo
38.5,42.5,38.7,37.13718194396841,51.5,48085,1,1,synthetic_demo
40.4,45.6,40.848,40.34887716140065,53.8,48132,1,1,synthetic_demo
42.3,48.7,42.995999999999995,43.86516709891231,56.1,48179,1,1,synthetic_demo
44.2,51.8,45.144000000000005,47.72041323999118,58.4,48226,1,1,synthetic_demo
29.1,54.9,30.292,29.132300165091255,60.7,48273,1,1,synthetic_demo
31,58,32.44,31.757414777199696,63,48320,1,1,synthetic_demo
32.9,61.1,34.588,34.60525601648924,65.3,48367,1,1,synthetic_demo
34.8,64.2,36.736,37.70189371592892,67.6,48414,1,1,synthetic_demo
36.7,67.3,38.884,41.075820399681746,69.9,48461,1,1,synthetic_demo
38.6,70.4,41.032000000000004,44.758118813189625,72.2,48508,1,1,synthetic_demo
40.5,73.5,43.18,48.78263667061304,74.5,48555,1,1,synthetic_demo
42.4,76.6,45.327999999999996,53.186168670096535,76.8,48602,1,1,synthetic_demo
44.3,79.7,47.476,58.00864581491354,79.1,48649,1,1,synthetic_demo
29.2,82.8,32.624,33.682447334393494,81.4,48696,1,1,synthetic_demo
31.1,85.9,34.772000000000006,36.82666515616105,83.7,48743,1,1,synthetic_demo
33,89,36.92,40.244947944694076,86,48790,1,1,synthetic_demo
34.9,92.1,39.068,43.967548689761415,88.3,48837,1,1,synthetic_demo
36.8,95.2,41.215999999999994,48.027405138451044,90.6,48884,1,1,synthetic_demo
38.7,37.3,38.7,35.96771884805062,92.9,48931,1,1,synthetic_demo
40.6,40.4,40.632,39.050293123036724,15.2,48978,1,1,synthetic_demo
42.5,43.5,42.78,42.426405836693874,17.5,49025,1,1,synthetic_demo
44.4,46.6,44.928,46.12964511927855,19.8,49072,1,1,synthetic_demo
29.3,49.7,30.076,28.513698785184413,22.1,49119,0,1,synthetic_demo
31.2,52.8,32.224,31.059380902272682,24.4,49166,1,1,synthetic_demo
33.1,55.9,34.372,33.82041639959512,26.7,49213,1,1,synthetic_demo
35,59,36.52,36.82231098770095,29,49260,1,1,synthetic_demo
36.9,62.1,38.668,40.09295976401032,31.3,49307,1,1,synthetic_demo
38.8,65.2,40.815999999999995,43.66281343992998,33.6,49354,1,1,synthetic_demo
40.7,68.3,42.964000000000006,47.56505176950359,35.9,49401,1,1,synthetic_demo
42.6,71.4,45.112,51.83576423136222,38.2,49448,1,1,synthetic_demo
44.5,74.5,47.26,56.51413800335773,40.5,49495,1,1,synthetic_demo
29.4,77.6,32.408,33.11107312352173,42.8,49542,1,1,synthetic_demo
31.3,80.7,34.556,36.18056575073012,45.1,49589,1,1,synthetic_demo
33.2,83.8,36.704,39.517136924607755,47.4,49636,1,1,synthetic_demo
35.1,86.9,38.852000000000004,43.15049998540499,49.7,49683,1,1,synthetic_demo
37,90,41,47.1130207403355,52,49730,1,1,synthetic_demo
38.9,93.1,43.147999999999996,51.4398944132689,54.3,49777,1,1,synthetic_demo
40.8,35.2,40.8,37.71985460224871,56.6,49824,1,1,synthetic_demo
42.7,38.3,42.7,40.952989892403295,58.9,49871,1,1,synthetic_demo
44.6,41.4,44.712,44.50122093130558,61.2,49918,1,1,synthetic_demo
29.5,44.5,29.86,27.87680825312728,63.5,49965,1,1,synthetic_demo
31.4,47.6,32.007999999999996,30.341290605906227,65.8,50012,1,1,synthetic_demo
33.3,50.7,34.156,33.013612145189526,68.1,50059,1,1,synthetic_demo
35.2,53.8,36.304,35.9187057841381,70.4,50106,1,1,synthetic_demo
37.1,56.9,38.452,39.08386016635005,72.7,50153,1,1,synthetic_demo
39,60,40.6,42.53888458587662,75,50200,1,1,synthetic_demo
40.9,63.1,42.748,46.316281093356665,77.3,50247,1,1,synthetic_demo
42.8,66.2,44.896,50.451423841340386,79.6,50294,1,1,synthetic_demo
44.7,69.3,47.044000000000004,54.98274570952323,81.9,50341,1,1,synthetic_demo
29.6,72.4,32.192,32.52183623271959,84.2,50388,1,1,synthetic_demo
31.5,75.5,34.34,35.514871745612126,86.5,50435,1,1,synthetic_demo
33.4,78.6,36.488,38.76786069707059,88.8,50482,1,1,synthetic_demo
35.3,81.7,38.635999999999996,42.30996819773255,91.1,50529,1,1,synthetic_demo
37.2,84.8,40.784000000000006,46.17297918384632,93.4,50576,1,1,synthetic_demo
39.1,87.9,42.932,50.39147407102391,15.7,50623,1,1,synthetic_demo
41,91,45.08,55.003011704148165,18,50670,1,1,synthetic_demo
42.9,94.1,47.227999999999994,60.048319642803264,20.3,50717,1,1,synthetic_demo
44.8,36.2,44.8,42.83462555025223,22.6,50764,1,1,synthetic_demo
29.7,39.3,29.7,27.22134566425334,24.9,50811,0,1,synthetic_demo
31.6,42.4,31.792,29.60283803811544,27.2,50858,1,1,synthetic_demo
33.5,45.5,33.94,32.18451302080881,29.5,50905,1,1,synthetic_demo
35.4,48.6,36.088,34.99072199369134,31.8,50952,1,1,synthetic_demo
37.3,51.7,38.236,38.048138059294736,34.1,50999,1,1,synthetic_demo
39.2,54.8,40.384,41.38591965017974,36.4,51046,1,1,synthetic_demo
41.1,57.9,42.532000000000004,45.0358813089008,38.7,51093,1,1,synthetic_demo
43,61,44.68,49.03267169346477,41,51140,1,1,synthetic_demo
44.9,64.1,46.827999999999996,53.41395885035197,43.3,51187,1,1,synthetic_demo
29.8,67.2,31.976,31.914456940128247,45.6,51234,1,1,synthetic_demo
31.7,70.3,34.124,34.82928067907709,47.9,51281,1,1,synthetic_demo
33.6,73.4,36.272000000000006,37.99679263207008,50.2,51328,1,1,synthetic_demo
35.5,76.5,38.42,41.445601040699714,52.5,51375,1,1,synthetic_demo
37.4,79.6,40.568,45.20690097908951,54.8,51422,1,1,synthetic_demo
39.3,82.7,42.715999999999994,49.31464870752684,57.1,51469,1,1,synthetic_demo
41.2,85.8,44.864000000000004,53.805743305948305,59.4,51516,1,1,synthetic_demo
43.1,88.9,47.012,58.72021562793269,61.7,51563,1,1,synthetic_demo
28,92,32.16,33.48271622406127,64,51610,1,1,synthetic_demo
29.9,95.1,34.308,36.6607263168444,66.3,51657,1,1,synthetic_demo
31.8,37.2,31.8,28.843713924523183,68.6,51704,1,1,synthetic_demo
33.7,40.3,33.724000000000004,31.33278515667269,70.9,51751,1,1,synthetic_demo
35.6,43.4,35.872,34.03799964587662,73.2,51798,1,1,synthetic_demo
37.5,46.5,38.02,36.98540580609241,75.5,51845,1,1,synthetic_demo
39.4,49.6,40.168,40.20350170335338,77.8,51892,1,1,synthetic_demo
41.3,52.7,42.315999999999995,43.72340450598156,80.1,51939,1,1,synthetic_demo
43.2,55.8,44.464000000000006,47.57902714701693,82.4,51986,1,1,synthetic_demo
28.1,58.9,29.612000000000002,28.673444369898004,84.7,52033,1,1,synthetic_demo
30,62,31.76,31.28865232217221,87,52080,1,1,synthetic_demo
31.9,65.1,33.908,34.123486684131876,89.3,52127,1,1,synthetic_demo
33.8,68.2,36.056,37.2036024822084,91.6,52174,1,1,synthetic_demo
35.7,71.3,38.204,40.55704239006968,93.9,52221,1,1,synthetic_demo
37.6,74.4,40.352000000000004,44.21440256838783,16.2,52268,1,1,synthetic_demo
39.5,77.5,42.5,48.20900571424114,18.5,52315,1,1,synthetic_demo
41.4,80.6,44.647999999999996,52.577081374472456,20.8,52362,1,1,synthetic_demo
43.3,83.7,46.796,57.35795356495454,23.1,52409,1,1,synthetic_demo
28.2,86.8,31.944,32.97456855486669,25.4,52456,1,1,synthetic_demo
30.1,89.9,34.092,36.083945870759806,27.7,52503,1,1,synthetic_demo
32,93,36.24,39.4622285957973,30,52550,1,1,synthetic_demo
33.9,35.1,33.9,30.458091016502248,32.3,52597,1,1,synthetic_demo
35.8,38.2,35.8,33.06017488091815,34.6,52644,1,1,synthetic_demo
37.7,41.3,37.804,35.89527164910179,36.9,52691,1,1,synthetic_demo
39.6,44.4,39.952,38.991209454534115,39.2,52738,1,1,synthetic_demo
41.5,47.5,42.1,42.37839816361297,41.5,52785,1,1,synthetic_demo
43.4,50.6,44.248,46.09000469196262,43.8,52832,1,1,synthetic_demo
28.3,53.7,29.396,28.103710544902516,46.1,52879,1,1,synthetic_demo
30.2,56.8,31.544,30.644136226753897,48.4,52926,1,1,synthetic_demo
32.1,59.9,33.692,33.397180460569864,50.7,52973,1,1,synthetic_demo
34,63,35.84,36.38795635359207,53,53020,1,1,synthetic_demo
35.9,66.1,37.988,39.64393225312915,55.3,53067,1,1,synthetic_demo
37.8,69.2,40.135999999999996,43.19509629481023,57.6,53114,1,1,synthetic_demo
39.7,72.3,42.284000000000006,47.074128143715754,59.9,53161,1,1,synthetic_demo
41.6,75.4,44.432,51.31657798397579,62.2,53208,1,1,synthetic_demo
43.5,78.5,46.58,55.961052800091366,64.5,53255,1,1,synthetic_demo
28.4,81.6,31.727999999999998,32.44978167526177,66.8,53302,1,1,synthetic_demo
30.3,84.7,33.876000000000005,35.48889407821523,69.1,53349,1,1,synthetic_demo
32.2,87.8,36.024,38.79027864993445,71.4,53396,1,1,synthetic_demo
34.1,90.9,38.172000000000004,42.383124534057515,73.7,53443,1,1,synthetic_demo
36,94,40.32,46.29923370935175,76,53490,1,1,synthetic_demo
37.9,36.1,37.9,34.777339678096006,78.3,53537,1,1,synthetic_demo
39.8,39.2,39.8,37.74861721858567,80.6,53584,1,1,synthetic_demo
41.7,42.3,41.884,41.000405115873896,82.9,53631,1,1,synthetic_demo
43.6,45.4,44.032000000000004,44.5651139136322,85.2,53678,1,1,synthetic_demo
28.5,48.5,29.18,27.51666395541558,87.5,53725,1,1,synthetic_demo
30.4,51.6,31.328,29.980619246302513,89.8,53772,1,1,synthetic_demo
32.3,54.7,33.476,32.65004924687302,92.1,53819,1,1,synthetic_demo
34.2,57.8,35.624,35.549516676572054,94.4,53866,1,1,synthetic_demo
36.1,60.9,37.772,38.70590673825289,16.7,53913,1,1,synthetic_demo
38,64,39.92,42.14859037054885,19,53960,1,1,synthetic_demo
39.9,67.1,42.068,45.90959467676373,21.3,54007,1,1,synthetic_demo
41.8,70.2,44.215999999999994,50.02378058714928,23.6,54054,1,1,synthetic_demo
43.7,73.3,46.364000000000004,54.52902779914015,25.9,54101,1,1,synthetic_demo
28.6,76.4,31.512,31.908091199472207,28.2,54148,1,1,synthetic_demo
30.5,79.5,33.66,34.87528479500876,30.5,54195,1,1,synthetic_demo
32.4,82.6,35.808,38.09798354489527,32.8,54242,1,1,synthetic_demo
34.3,85.7,37.955999999999996,41.60485025483297,35.1,54289,1,1,synthetic_demo
36.2,88.8,40.104,45.42712881783706,37.4,54336,1,1,synthetic_demo
38.1,91.9,42.252,49.598818138323495,39.7,54383,1,1,synthetic_demo
40,95,44.4,54.15685334969716,42,54430,1,1,synthetic_demo
41.9,37.1,41.9,39.58896351764922,44.3,54477,1,1,synthetic_demo
43.8,40.2,43.815999999999995,43.00385945724494,46.6,54524,1,1,synthetic_demo
28.7,43.3,28.964,26.91203406843451,48.9,54571,1,1,synthetic_demo
30.6,46.4,31.112000000000002,29.297808690677012,51.2,54618,1,1,synthetic_demo
32.5,49.5,33.26,31.88177679196594,53.5,54665,1,1,synthetic_demo
34.4,52.6,35.408,34.6879421763343,55.8,54712,1,1,synthetic_demo
36.3,55.7,37.556,37.74259802431715,58.1,54759,1,1,synthetic_demo
38.2,58.8,39.704,41.07448884514323,60.4,54806,1,1,synthetic_demo
40.1,61.9,41.852000000000004,44.71497958948657,62.7,54853,1,1,synthetic_demo
42,65,44,48.698231980935184,65,54900,1,1,synthetic_demo
43.9,68.1,46.147999999999996,53.0613881120714,67.3,54947,1,1,synthetic_demo
28.8,71.2,31.296,31.349229675503693,69.6,54994,1,1,synthetic_demo
30.7,74.3,33.444,34.24282861302214,71.9,55041,1,1,synthetic_demo
32.6,77.4,35.592,37.38503052133119,74.2,55088,1,1,synthetic_demo
34.5,80.5,37.74,40.80396343495043,76.5,55135,1,1,synthetic_demo
36.4,83.6,39.888,44.530304378813824,78.8,55182,1,1,synthetic_demo
38.3,86.7,42.035999999999994,48.597452003869805,81.1,55229,1,1,synthetic_demo
40.2,89.8,44.184000000000005,53.04170649894813,83.4,55276,1,1,synthetic_demo
42.1,92.9,46.332,57.90245682348095,85.7,55323,1,1,synthetic_demo
44,35,44,41.405740992277224,88,55370,1,1,synthetic_demo
28.9,38.1,28.9,26.2895472407596,90.3,55417,1,1,synthetic_demo
30.8,41.2,30.896,28.595408559922895,92.6,55464,1,1,synthetic_demo
32.7,44.3,33.044000000000004,31.09204332682187,94.9,55511,1,1,synthetic_demo
34.6,47.4,35.192,33.80288784334018,17.2,55558,1,1,synthetic_demo
36.5,50.5,37.34,36.75363432996134,19.5,55605,1,1,synthetic_demo
38.4,53.6,39.488,39.97239157355136,21.8,55652,1,1,synthetic_demo
40.3,56.7,41.635999999999996,43.48985272014438,24.1,55699,1,1,synthetic_demo
42.2,59.8,43.784000000000006,47.3394702721873,26.4,55746,1,1,synthetic_demo
44.1,62.9,45.932,51.557638337472014,28.7,55793,1,1,synthetic_demo
29,66,31.08,30.77292655910286,31,55840,1,1,synthetic_demo
30.9,69.1,33.227999999999994,33.59123283304794,33.3,55887,1,1,synthetic_demo
32.8,72.2,35.376,36.651103321463516,35.6,55934,1,1,synthetic_demo
34.7,75.3,37.524,39.98012279543336,37.9,55981,1,1,synthetic_demo
36.6,78.4,39.672000000000004,43.60839256971235,40.2,56028,1,1,synthetic_demo
38.5,81.5,41.82,47.568701845492356,42.5,56075,1,1,synthetic_demo
40.4,84.6,43.967999999999996,51.89670631259858,44.8,56122,1,1,synthetic_demo
42.3,87.7,46.116,56.63111405697351,47.1,56169,1,1,synthetic_demo
44.2,90.8,48.264,61.81387880677991,49.4,56216,1,1,synthetic_demo
29.1,93.9,33.412,35.30737132062056,51.7,56263,1,1,synthetic_demo
31,36,31,27.87311951688257,54,56310,1,1,synthetic_demo
32.9,39.1,32.9,30.280525535920287,56.3,56357,1,1,synthetic_demo
34.8,42.2,34.976,32.894004903616825,58.6,56404,1,1,synthetic_demo
36.7,45.3,37.124,35.73863988269811,60.9,56451,1,1,synthetic_demo
38.6,48.4,39.272,38.84189418406787,63.2,56498,1,1,synthetic_demo
40.5,51.5,41.42,42.23377943587172,65.5,56545,1,1,synthetic_demo
42.4,54.6,43.568,45.94702884317586,67.8,56592,1,1,synthetic_demo
44.3,57.7,45.715999999999994,50.01727808683201,70.1,56639,1,1,synthetic_demo
29.2,60.8,30.863999999999997,30.17890818757397,72.4,56686,1,1,synthetic_demo
31.1,63.9,33.012,32.92020143747021,74.7,56733,1,1,synthetic_demo
33,67,35.16,35.895882160612395,77,56780,1,1,synthetic_demo
34.9,70.1,37.308,39.13298331327117,79.3,56827,1,1,synthetic_demo
36.8,73.2,39.455999999999996,42.661021598052685,81.6,56874,1,1,synthetic_demo
38.7,76.3,41.604,46.51216750955129,83.9,56921,1,1,synthetic_demo
40.6,79.4,43.752,50.72142262299793,86.2,56968,1,1,synthetic_demo
42.5,82.5,45.9,55.32680417304012,88.5,57015,1,1,synthetic_demo
44.4,85.6,48.048,60.36953695730138,90.8,57062,1,1,synthetic_demo
29.3,88.7,33.196,34.760446322854264,93.1,57109,1,1,synthetic_demo
31.2,91.8,35.344,38.023969068724085,15.4,57156,1,1,synthetic_demo
33.1,94.9,37.492000000000004,41.573474352801014,17.7,57203,1,1,synthetic_demo
35,37,35,31.96094078889721,20,57250,1,1,synthetic_demo
36.9,40.1,36.908,34.697234887871396,22.3,57297,1,1,synthetic_demo
38.8,43.2,39.056,37.68258804608857,24.6,57344,1,1,synthetic_demo
40.7,46.3,41.204,40.94632059923889,26.9,57391,1,1,synthetic_demo
42.6,49.4,43.352000000000004,44.52043631693688,29.2,57438,1,1,synthetic_demo
44.5,52.5,45.5,48.43980194867491,31.5,57485,1,1,synthetic_demo
29.4,55.6,30.648,29.566897753451137,33.8,57532,1,1,synthetic_demo
31.3,58.7,32.796,32.229435062798736,36.1,57579,1,1,synthetic_demo
33.2,61.8,34.944,35.11904369857708,38.4,57626,1,1,synthetic_demo
35.1,64.9,37.092,38.262196191631574,40.7,57673,1,1,synthetic_demo
37,68,39.24,41.687815670475715,43,57720,1,1,synthetic_demo
38.9,71.1,41.388,45.42744460562212,45.3,57767,1,1,synthetic_demo
40.8,74.2,43.535999999999994,49.51542078087654,47.6,57814,1,1,synthetic_demo
42.7,77.3,45.684000000000005,53.98906054002024,49.9,57861,1,1,synthetic_demo
44.6,80.4,47.832,58.888849344854336,52.2,57908,1,1,synthetic_demo
29.5,83.5,32.98,34.195954812047816,54.5,57955,1,1,synthetic_demo
31.4,86.6,35.128,37.38545307713191,56.8,58002,1,1,synthetic_demo
33.3,89.7,37.275999999999996,40.85400610302763,59.1,58049,1,1,synthetic_demo
35.2,92.8,39.42400000000001,44.63231034884787,61.4,58096,1,1,synthetic_demo
37.1,95.9,41.572,48.753776624832525,63.7,58143,1,1,synthetic_demo
39,38,39,36.49406023772186,66,58190,1,1,synthetic_demo
40.9,41.1,40.988,39.62703253465862,68.3,58237,1,1,synthetic_demo
42.8,44.2,43.135999999999996,43.05921652246593,70.6,58284,1,1,synthetic_demo
44.7,47.3,45.284000000000006,46.82469945253173,72.9,58331,1,1,synthetic_demo
29.6,50.4,30.432000000000002,28.936615278025794,75.2,58378,1,1,synthetic_demo
31.5,53.5,32.58,31.518630972056275,77.5,58425,1,1,synthetic_demo
33.4,56.6,34.728,34.320261010867625,79.8,58472,1,1,synthetic_demo
35.3,59.7,36.876,37.36740882992207,82.1,58519,1,1,synthetic_demo
37.2,62.8,39.024,40.68839496162204,84.4,58566,1,1,synthetic_demo
39.1,65.9,41.172000000000004,44.31412447418061,86.7,58613,1,1,synthetic_demo
41,69,43.32,48.27826162182663,89,58660,1,1,synthetic_demo
42.9,72.1,45.467999999999996,52.61741175606923,91.3,58707,1,1,synthetic_demo
44.8,75.2,47.616,57.3713105353306,93.6,58754,1,1,synthetic_demo
29.7,78.3,32.763999999999996,33.61361998755818,15.9,58801,1,1,synthetic_demo
31.6,81.4,34.912,36.72736359204237,18.2,58848,1,1,synthetic_demo
33.5,84.5,37.06,40.1130956100735,20.5,58895,1,1,synthetic_demo
35.4,87.6,39.208,43.80096803801155,22.8,58942,1,1,synthetic_demo
37.3,90.7,41.355999999999995,47.82381473845324,25.1,58989,1,1,synthetic_demo
39.2,93.8,43.504000000000005,52.21732962019816,27.4,59036,1,1,synthetic_demo
41.1,35.9,41.1,38.275466994637966,29.7,59083,1,1,synthetic_demo
43,39,43,41.56288845975617,32,59130,1,1,synthetic_demo
44.9,42.1,45.068,45.17145503275847,34.3,59177,1,1,synthetic_demo
29.8,45.2,30.216,28.287777584729117,36.6,59224,1,1,synthetic_demo
31.7,48.3,32.364,30.787483027018823,38.9,59271,1,1,synthetic_demo
33.6,51.4,34.512,33.499203559787496,41.2,59318,1,1,synthetic_demo
35.5,54.5,36.66,36.44826479370111,43.5,59365,1,1,synthetic_demo
37.4,57.6,38.808,39.66237558285874,45.8,59412,1,1,synthetic_demo
39.3,60.7,40.955999999999996,43.17179415413397,48.1,59459,1,1,synthetic_demo
41.2,63.8,43.104,47.00950143262823,50.4,59506,1,1,synthetic_demo
43.1,66.9,45.252,51.21138161427106,52.7,59553,1,1,synthetic_demo
28,70,30.4,30.214588431350965,55,59600,1,1,synthetic_demo
29.9,73.1,32.548,33.01316186920427,57.3,59647,1,1,synthetic_demo
31.8,76.2,34.696,36.04939787765232,59.6,59694,1,1,synthetic_demo
33.7,79.3,36.844,39.3504159534527,61.9,59741,1,1,synthetic_demo
35.6,82.4,38.992000000000004,42.945814995857916,64.2,59788,1,1,synthetic_demo
37.5,85.5,41.14,46.867842933782825,66.5,59835,1,1,synthetic_demo
39.4,88.6,43.288,51.15157360719979,68.8,59882,1,1,synthetic_demo
41.3,91.7,45.436,55.83509095253338,71.1,59929,1,1,synthetic_demo
43.2,94.8,47.584,60.9596805293406,73.4,59976,1,1,synthetic_demo
28.1,36.9,28.1,25.3862393420923,75.7,60023,1,1,synthetic_demo
30,40,30,27.62009827236917,78,60070,1,1,synthetic_demo
31.9,43.1,32.147999999999996,30.035681660308512,80.3,60117,1,1,synthetic_demo
33.8,46.2,34.296,32.65553716536698,82.6,60164,1,1,synthetic_demo
35.7,49.3,36.444,35.50440378443809,84.9,60211,1,1,synthetic_demo
37.6,52.4,38.592,38.6093695508538,87.2,60258,1,1,synthetic_demo
39.5,55.5,40.74,42.00003635019849,89.5,60305,1,1,synthetic_demo
41.4,58.6,42.888,45.70869191742042,91.8,60352,1,1,synthetic_demo
43.3,61.7,45.035999999999994,49.77048906759492,94.1,60399,1,1,synthetic_demo
28.2,64.8,30.183999999999997,29.668189428057165,16.4,60446,1,1,synthetic_demo
30.1,67.9,32.332,32.39429727057387,18.7,60493,1,1,synthetic_demo
32,71,34.48,35.351249788189335,21,60540,1,1,synthetic_demo
33.9,74.1,36.628,38.56563659039363,23.3,60587,1,1,synthetic_demo
35.8,77.2,38.775999999999996,42.06649478552045,25.6,60634,1,1,synthetic_demo
37.7,80.3,40.924,45.88547732258773,27.9,60681,1,1,synthetic_demo
39.6,83.4,43.072,50.05702857000327,30.2,60728,1,1,synthetic_demo
41.5,86.5,45.22,54.618567182158365,32.5,60775,1,1,synthetic_demo
43.4,89.6,47.367999999999995,59.61067629248717,34.8,60822,1,1,synthetic_demo
28.3,92.7,32.516,33.99918189036244,37.1,60869,1,1,synthetic_demo
30.2,95.8,34.664,37.22245863596872,39.4,60916,1,1,synthetic_demo
32.1,37.9,32.1,29.262913847338865,41.7,60963,1,1,synthetic_demo
34,41,34.08,31.78892397614722,44,61010,1,1,synthetic_demo
35.9,44.1,36.228,34.53546160912247,46.3,61057,1,1,synthetic_demo
37.8,47.2,38.376,37.528984755997726,48.6,61104,1,1,synthetic_demo
39.7,50.3,40.524,40.79842940012313,50.9,61151,1,1,synthetic_demo
41.6,53.4,42.672000000000004,44.3753801637176,53.2,61198,1,1,synthetic_demo
43.5,56.5,44.82,48.294248193696326,55.5,61245,1,1,synthetic_demo
28.4,59.6,29.968,29.104762105951,57.8,61292,1,1,synthetic_demo
30.3,62.7,32.116,31.756739772185302,60.1,61339,1,1,synthetic_demo
32.2,65.8,34.264,34.63260973992809,62.4,61386,1,1,synthetic_demo
34.1,68.9,36.412,37.75842332669486,64.7,61433,1,1,synthetic_demo
36,72,38.56,41.16264709652475,67,61480,1,1,synthetic_demo
37.9,75.1,40.708,44.87632991205014,69.3,61527,1,1,synthetic_demo
39.8,78.2,42.855999999999995,48.93327720646427,71.6,61574,1,1,synthetic_demo
41.7,81.3,45.004000000000005,53.37023252767253,73.9,61621,1,1,synthetic_demo
43.6,84.4,47.152,58.227066394505684,76.2,61668,1,1,synthetic_demo
28.5,87.5,32.3,33.480981362863155,78.5,61715,1,1,synthetic_demo
30.4,90.6,34.448,36.634668676647436,80.8,61762,1,1,synthetic_demo
32.3,93.7,36.596,40.062152000585044,83.1,61809,1,1,synthetic_demo
34.2,35.8,34.2,30.89902243981453,85.4,61856,1,1,synthetic_demo
36.1,38.9,36.1,33.54107014972147,87.7,61903,1,1,synthetic_demo
38,42,38.16,36.42082493067268,90,61950,1,1,synthetic_demo
39.9,45.1,40.308,39.56654724175923,92.3,61997,1,1,synthetic_demo
41.8,48.2,42.455999999999996,43.009108608270594,94.6,62044,1,1,synthetic_demo
43.7,51.3,44.604,46.782168159561934,16.9,62091,1,1,synthetic_demo
28.6,54.4,29.752000000000002,28.524038759833612,19.2,62138,0,1,synthetic_demo
30.5,57.5,31.9,31.100199694503193,21.5,62185,0,1,synthetic_demo
32.4,60.6,34.048,33.89316468305876,23.8,62232,1,1,synthetic_demo
34.3,63.7,36.196,36.92843828743127,26.1,62279,1,1,synthetic_demo
36.2,66.8,38.344,40.23390771431886,28.4,62326,1,1,synthetic_demo
38.1,69.9,40.492000000000004,43.84000857311004,30.7,62373,1,1,synthetic_demo
40,73,42.64,47.77989783713571,33,62420,1,1,synthetic_demo
41.9,76.1,44.788,52.089634061808766,35.3,62467,1,1,synthetic_demo
43.8,79.2,46.936,56.808364900840786,37.6,62514,1,1,synthetic_demo
28.7,82.3,32.083999999999996,32.94589616240555,39.9,62561,1,1,synthetic_demo
30.6,85.4,34.232,36.02834185740984,42.2,62608,1,1,synthetic_demo
32.5,88.5,36.38,39.37787365836334,44.5,62655,1,1,synthetic_demo
34.4,91.6,38.528,43.02411223103084,46.8,62702,1,1,synthetic_demo
36.3,94.7,40.675999999999995,46.999320159835435,49.1,62749,1,1,synthetic_demo
38.2,36.8,38.2,35.28448961736855,51.4,62796,1,1,synthetic_demo
40.1,39.9,40.1,38.30395937997599,53.7,62843,1,1,synthetic_demo
42,43,42.24,41.6094150027725,56,62890,1,1,synthetic_demo
43.9,46.1,44.388,45.23375318599841,58.3,62937,1,1,synthetic_demo
28.8,49.2,29.536,27.925748595994126,60.6,62984,1,1,synthetic_demo
30.7,52.3,31.683999999999997,30.42438407080832,62.9,63031,1,1,synthetic_demo
32.6,55.4,33.832,33.13259807340759,65.2,63078,1,1,synthetic_demo
34.5,58.5,35.98,36.07533988751056,67.5,63125,1,1,synthetic_demo
36.4,61.6,38.128,39.279908489652286,69.8,63172,1,1,synthetic_demo
38.3,64.7,40.275999999999996,42.77611700865486,72.1,63219,1,1,synthetic_demo
40.2,67.8,42.424,46.596464372257046,74.4,63266,1,1,synthetic_demo
42.1,70.9,44.572,50.776314195745954,76.7,63313,1,1,synthetic_demo
44,74,46.72,55.35408095510043,79,63360,1,1,synthetic_demo
28.9,77.1,31.868,32.39365858956863,81.3,63407,1,1,synthetic_demo
30.8,80.2,34.016,35.40318850742272,83.6,63454,1,1,synthetic_demo
32.7,83.3,36.164,38.6729595739111,85.9,63501,1,1,synthetic_demo
34.6,86.4,38.312000000000005,42.23206138532893,88.2,63548,1,1,synthetic_demo
36.5,89.5,40.46,46.112193515476044,90.5,63595,1,1,synthetic_demo
38.4,92.6,42.608,50.34784066624732,92.8,63642,1,1,synthetic_demo
40.3,95.7,44.756,54.976455120243685,15.1,63689,1,1,synthetic_demo
42.2,37.8,42.2,40.17583237940936,17.4,63736,1,1,synthetic_demo
44.1,40.9,44.172000000000004,43.648502511965106,19.7,63783,1,1,synthetic_demo
29,44,29.32,27.309617706068575,22,63830,0,1,synthetic_demo
30.9,47.1,31.468,29.728996619921244,24.3,63877,1,1,synthetic_demo
32.8,50.2,33.616,32.35058984400926,26.6,63924,1,1,synthetic_demo
34.7,53.3,35.764,35.19878280207965,28.9,63971,1,1,synthetic_demo
36.6,56.4,37.912,38.30027730780327,31.2,64018,1,1,synthetic_demo
38.5,59.5,40.06,41.68425472155577,33.5,64065,1,1,synthetic_demo
40.4,62.6,42.208,45.382546278589494,35.8,64112,1,1,synthetic_demo
42.3,65.7,44.355999999999995,49.42981064473386,38.1,64159,1,1,synthetic_demo
44.2,68.8,46.504000000000005,53.863718743463195,40.4,64206,1,1,synthetic_demo
29.1,71.9,31.652,31.823997848270697,42.7,64253,1,1,synthetic_demo
31,75,33.8,34.75891566017202,45,64300,1,1,synthetic_demo
32.9,78.1,35.948,37.9470932060198,47.3,64347,1,1,synthetic_demo
34.8,81.2,38.096,41.417080525442806,49.6,64394,1,1,synthetic_demo
36.7,84.3,40.244,45.20000534462364,51.9,64441,1,1,synthetic_demo
38.6,87.4,42.392,49.32974693569281,54.2,64488,1,1,synthetic_demo
40.5,90.5,44.54,53.84311726109497,56.5,64535,1,1,synthetic_demo
42.4,93.6,46.687999999999995,58.780049445444334,58.8,64582,1,1,synthetic_demo
44.3,35.7,44.3,42.02591035875048,61.1,64629,1,1,synthetic_demo
29.2,38.8,29.2,26.67536904075444,63.4,64676,1,1,synthetic_demo
31.1,41.9,31.252000000000002,29.01373771877937,65.7,64723,1,1,synthetic_demo
33,45,33.4,31.546816376530714,68,64770,1,1,synthetic_demo
34.9,48.1,35.548,34.298417936780936,70.3,64817,1,1,synthetic_demo
36.8,51.2,37.696,37.29463805765434,72.6,64864,1,1,synthetic_demo
38.7,54.3,39.844,40.56401698255091,74.9,64911,1,1,synthetic_demo
40.6,57.4,41.992000000000004,44.13770854609673,77.2,64958,1,1,synthetic_demo
42.5,60.5,44.14,48.04965639356275,79.5,65005,1,1,synthetic_demo
44.4,63.6,46.288,52.336777458929525,81.8,65052,1,1,synthetic_demo
29.3,66.7,31.436,31.236640019553324,84.1,65099,1,1,synthetic_demo
31.2,69.8,33.583999999999996,34.09522702611047,86.4,65146,1,1,synthetic_demo
33.1,72.9,35.732,37.19995448176179,88.7,65193,1,1,synthetic_demo
35,76,37.88,40.57882432314021,91,65240,1,1,synthetic_demo
36.9,79.1,40.028,44.26238353193584,93.3,65287,1,1,synthetic_demo
38.8,82.2,42.175999999999995,48.283896698807425,15.6,65334,1,1,synthetic_demo
40.7,85.3,44.324000000000005,52.67952585561722,17.9,65381,1,1,synthetic_demo
42.6,88.4,46.472,57.48851761978179,20.2,65428,1,1,synthetic_demo
44.5,91.5,48.62,62.75339768197628,22.5,65475,1,1,synthetic_demo
29.4,94.6,33.768,35.84975409130355,24.8,65522,1,1,synthetic_demo
31.3,36.7,31.3,28.278304374867357,27.1,65569,1,1,synthetic_demo
33.2,39.8,33.2,30.720950472546406,29.4,65616,1,1,synthetic_demo
35.1,42.9,35.332,33.37389239785816,31.7,65663,1,1,synthetic_demo
37,46,37.48,36.26261060061592,34,65710,1,1,synthetic_demo
38.9,49.1,39.628,39.41499479797533,36.3,65757,1,1,synthetic_demo
40.8,52.2,41.775999999999996,42.861511654471094,38.6,65804,1,1,synthetic_demo
42.7,55.3,43.924,46.635379661877344,40.9,65851,1,1,synthetic_demo
44.6,58.4,46.072,50.772751265416574,43.2,65898,1,1,synthetic_demo
29.5,61.5,31.22,30.631308035220844,45.5,65945,1,1,synthetic_demo
31.4,64.6,33.367999999999995,33.41182296515844,47.8,65992,1,1,synthetic_demo
33.3,67.7,35.516,36.4312197678369,50.1,66039,1,1,synthetic_demo
35.2,70.8,37.664,39.71694367131928,52.4,66086,1,1,synthetic_demo
37.1,73.9,39.812000000000005,43.29895195594498,54.7,66133,1,1,synthetic_demo
39,77,41.96,47.209885218541665,57,66180,1,1,synthetic_demo
40.9,80.1,44.108,51.48524588871424,59.3,66227,1,1,synthetic_demo
42.8,83.2,46.256,56.163584042288825,61.6,66274,1,1,synthetic_demo
44.7,86.3,48.404,61.28669054447121,63.9,66321,1,1,synthetic_demo
29.6,89.4,33.552,35.2922342431648,66.2,66368,1,1,synthetic_demo
31.5,92.5,35.7,38.602875979723464,68.5,66415,1,1,synthetic_demo
33.4,95.6,37.848,42.20464227277287,70.8,66462,1,1,synthetic_demo
35.3,37.7,35.3,32.42484946211159,73.1,66509,1,1,synthetic_demo
37.2,40.8,37.264,35.20381073939776,75.4,66556,1,1,synthetic_demo
39.1,43.9,39.412,38.23677487733731,77.7,66603,1,1,synthetic_demo
41,47,41.56,41.553511539505095,80,66650,1,1,synthetic_demo
42.9,50.1,43.708,45.18650386933521,82.3,66697,1,1,synthetic_demo
44.8,53.2,45.855999999999995,49.17112926169664,84.6,66744,1,1,synthetic_demo
29.7,56.3,31.003999999999998,30.00772165133494,86.9,66791,1,1,synthetic_demo
31.6,59.4,33.152,32.70840045905795,89.2,66838,1,1,synthetic_demo
33.5,62.5,35.3,35.64056184177034,91.5,66885,1,1,synthetic_demo
35.4,65.6,37.448,38.83108565403604,93.8,66932,1,1,synthetic_demo
37.3,68.7,39.596,42.30933045790229,16.1,66979,1,1,synthetic_demo
39.2,71.8,41.744,46.10730348326469,18.4,67026,1,1,synthetic_demo
41.1,74.9,43.892,50.259837824467525,20.7,67073,1,1,synthetic_demo
43,78,46.04,54.804776919512335,23,67120,1,1,synthetic_demo
44.9,81.1,48.187999999999995,59.783166345765125,25.3,67167,1,1,synthetic_demo
29.8,84.2,33.336,34.71689098748212,27.6,67214,1,1,synthetic_demo
31.7,87.3,35.484,37.952487955667564,29.9,67261,1,1,synthetic_demo
33.6,90.4,37.632000000000005,41.47220236974299,32.2,67308,1,1,synthetic_demo
35.5,93.5,39.78,45.3071790497441,34.5,67355,1,1,synthetic_demo
37.4,35.6,37.4,34.11785018662797,36.8,67402,1,1,synthetic_demo
39.3,38.7,39.3,37.0289396007411,39.1,67449,1,1,synthetic_demo
41.2,41.8,41.344,40.21325955930814,41.4,67496,1,1,synthetic_demo
43.1,44.9,43.492000000000004,43.70254760060942,43.7,67543,1,1,synthetic_demo
28,48,28.64,26.946460638640662,46,67590,1,1,synthetic_demo
29.9,51.1,30.788,29.365597421564136,48.3,67637,1,1,synthetic_demo
31.8,54.2,32.936,31.984653083579477,50.6,67684,1,1,synthetic_demo
33.7,57.3,35.084,34.82764986296141,52.9,67731,1,1,synthetic_demo
35.6,60.4,37.232,37.920893516381284,55.2,67778,1,1,synthetic_demo
37.5,63.5,39.38,41.293134810470285,57.5,67825,1,1,synthetic_demo
39.4,66.6,41.528,44.97573817426079,59.8,67872,1,1,synthetic_demo
41.3,69.7,43.675999999999995,49.00285757242723,62.1,67919,1,1,synthetic_demo
43.2,72.8,45.824000000000005,53.41161964700417,64.4,67966,1,1,synthetic_demo
28.1,75.9,30.972,31.213557345929686,66.7,68013,1,1,synthetic_demo
30,79,33.12,34.1234440879291,69,68060,1,1,synthetic_demo
31.9,82.1,35.268,37.28224511163175,71.3,68107,1,1,synthetic_demo
33.8,85.2,37.416,40.71801659067677,73.6,68154,1,1,synthetic_demo
35.7,88.3,39.564,44.46135403987593,75.9,68201,1,1,synthetic_demo
37.6,91.4,41.712,48.54556444557323,78.2,68248,1,1,synthetic_demo
39.5,94.5,43.86,53.00684567736501,80.5,68295,1,1,synthetic_demo
41.4,36.6,41.4,38.840302460368385,82.8,68342,1,1,synthetic_demo
43.3,39.7,43.3,42.183024570235304,85.1,68389,1,1,synthetic_demo
28.2,42.8,28.424,26.361810301247633,87.4,68436,1,1,synthetic_demo
30.1,45.9,30.572000000000003,28.704648670387932,89.7,68483,1,1,synthetic_demo
32,49,32.72,31.240270980581375,92,68530,1,1,synthetic_demo
33.9,52.1,34.868,33.99214934358311,94.3,68577,1,1,synthetic_demo
35.8,55.2,37.016,36.98600663420633,16.6,68624,1,1,synthetic_demo
37.7,58.3,39.164,40.24997668626233,18.9,68671,1,1,synthetic_demo
39.6,61.4,41.312000000000005,43.81477163307195,21.2,68718,1,1,synthetic_demo
41.5,64.5,43.46,47.71385645374815,23.5,68765,1,1,synthetic_demo
43.4,67.6,45.608,51.983630774242556,25.8,68812,1,1,synthetic_demo
28.3,70.7,30.756,30.673531387795308,28.1,68859,1,1,synthetic_demo
30.2,73.8,32.903999999999996,33.51161009743728,30.4,68906,1,1,synthetic_demo
32.1,76.9,35.052,36.59184102533928,32.7,68953,1,1,synthetic_demo
34,80,37.2,39.941754099799454,35,69000,1,1,synthetic_demo
35.9,83.1,39.348,43.591386841679764,37.3,69047,1,1,synthetic_demo
37.8,86.2,41.495999999999995,47.57345521116534,39.6,69094,1,1,synthetic_demo
39.7,89.3,43.644000000000005,51.92353171831006,41.9,69141,1,1,synthetic_demo
41.6,92.4,45.792,56.680230845084395,44.2,69188,1,1,synthetic_demo
43.5,95.5,47.94,61.88540181412389,46.5,69235,1,1,synthetic_demo
28.4,37.6,28.4,25.75974253664023,48.8,69282,1,1,synthetic_demo
30.3,40.7,30.356,28.024585466155372,51.1,69329,1,1,synthetic_demo
32.2,43.8,32.504000000000005,30.47494082992174,53.4,69376,1,1,synthetic_demo
34.1,46.9,34.652,33.133722119332205,55.7,69423,1,1,synthetic_demo
36,50,36.8,36.02606048369774,58,69470,1,1,synthetic_demo
37.9,53.1,38.948,39.17946362622986,60.3,69517,1,1,synthetic_demo
39.8,56.2,41.096,42.623981828686595,62.6,69564,1,1,synthetic_demo
41.7,59.3,43.244,46.39238116717074,64.9,69611,1,1,synthetic_demo
43.6,62.4,45.392,50.520323969397566,67.2,69658,1,1,synthetic_demo
28.5,65.5,30.54,30.116494620200424,69.5,69705,1,1,synthetic_demo
30.4,68.6,32.687999999999995,32.881102331324655,71.8,69752,1,1,synthetic_demo
32.3,71.7,34.836,35.88096583182442,74.1,69799,1,1,synthetic_demo
34.2,74.8,36.984,39.143080404975606,76.4,69846,1,1,synthetic_demo
36.1,77.9,39.132000000000005,42.696916829390815,78.7,69893,1,1,synthetic_demo
38,81,41.28,46.57459093772589,81,69940,1,1,synthetic_demo
39.9,84.1,43.428,50.81104042199449,83.3,69987,1,1,synthetic_demo
41.8,87.2,45.576,55.444208934464626,85.6,70034,1,1,synthetic_demo
43.7,90.3,47.724000000000004,60.515237520632425,87.9,70081,1,1,synthetic_demo
28.6,93.4,32.872,34.523040811920204,90.2,70128,1,1,synthetic_demo
30.5,35.5,30.5,27.325114593997622,92.5,70175,1,1,synthetic_demo
32.4,38.6,32.4,29.688345821222246,94.8,70222,1,1,synthetic_demo
34.3,41.7,34.436,32.25202632002958,17.1,70269,0,1,synthetic_demo
36.2,44.8,36.584,35.04068661080068,19.4,70316,1,1,synthetic_demo
38.1,47.9,38.732,38.08119900789657,21.7,70363,1,1,synthetic_demo
40,51,40.88,41.40294232457426,24,70410,1,1,synthetic_demo
41.9,54.1,43.028,45.03797375484697,26.3,70457,1,1,synthetic_demo
43.8,57.2,45.175999999999995,49.02120798394057,28.6,70504,1,1,synthetic_demo
28.7,60.3,30.323999999999998,29.542179083755222,30.9,70551,1,1,synthetic_demo
30.6,63.4,32.472,32.231630840278505,33.2,70598,1,1,synthetic_demo
32.5,66.5,34.62,35.14930619526737,35.5,70645,1,1,synthetic_demo
34.4,69.6,36.768,38.321657328381505,37.8,70692,1,1,synthetic_demo
36.3,72.7,38.916,41.7775794680046,40.1,70739,1,1,synthetic_demo
38.2,75.8,41.064,45.54857915751457,42.4,70786,1,1,synthetic_demo
40.1,78.9,43.212,49.668949751381106,44.7,70833,1,1,synthetic_demo
42,82,45.36,54.17595419133362,47,70880,1,1,synthetic_demo
43.9,85.1,47.507999999999996,59.11001510040053,49.3,70927,1,1,synthetic_demo
28.8,88.2,32.656,33.99464687330654,51.6,70974,1,1,synthetic_demo
30.7,91.3,34.804,37.19344485018737,53.9,71021,1,1,synthetic_demo
32.6,94.4,36.952,40.67100104927215,56.2,71068,1,1,synthetic_demo
34.5,36.5,34.5,31.346716340070692,58.5,71115,1,1,synthetic_demo
36.4,39.6,36.4,34.029512600490754,60.8,71162,1,1,synthetic_demo
38.3,42.7,38.516,36.95478201343991,63.1,71209,1,1,synthetic_demo
40.2,45.8,40.664,40.15122224556597,65.4,71256,1,1,synthetic_demo
42.1,48.9,42.812000000000005,43.650171568010954,67.7,71303,1,1,synthetic_demo
44,52,44.96,47.48578661709759,70,71350,1,1,synthetic_demo
28.9,55.1,30.107999999999997,28.950313726137896,72.3,71397,1,1,synthetic_demo
30.8,58.2,32.256,31.56290238319205,74.6,71444,1,1,synthetic_demo
32.7,61.3,34.404,34.39654528068128,76.9,71491,1,1,synthetic_demo
34.6,64.4,36.552,37.47714297702758,79.2,71538,1,1,synthetic_demo
36.5,67.5,38.7,40.8330062826216,81.5,71585,1,1,synthetic_demo
38.4,70.6,40.848,44.49502322934191,83.8,71632,1,1,synthetic_demo
40.3,73.7,42.995999999999995,48.49683325352099,86.1,71679,1,1,synthetic_demo
42.2,76.8,45.144000000000005,52.87500864387934,88.4,71726,1,1,synthetic_demo
44.1,79.9,47.292,57.66924329354552,90.7,71773,1,1,synthetic_demo
29,83,32.44,33.44911976372026,93,71820,1,1,synthetic_demo
30.9,86.1,34.588,36.57568808864584,15.3,71867,1,1,synthetic_demo
32.8,89.2,36.736,39.97422737222362,17.6,71914,1,1,synthetic_demo
34.7,92.3,38.884,43.674794608479395,19.9,71961,1,1,synthetic_demo
36.6,95.4,41.032000000000004,47.71011799936937,22.2,72008,1,1,synthetic_demo
38.5,37.5,38.5,35.79980759761918,24.5,72055,1,1,synthetic_demo
40.4,40.6,40.448,38.86838624458041,26.8,72102,1,1,synthetic_demo
42.3,43.7,42.596,42.228507232494216,29.1,72149,1,1,synthetic_demo
44.2,46.8,44.744,45.91355868014647,31.4,72196,1,1,synthetic_demo
29.1,49.9,29.892000000000003,28.34062437592083,33.7,72243,1,1,synthetic_demo
31,53,32.04,30.874620399854894,36,72290,1,1,synthetic_demo
32.9,56.1,34.187999999999995,33.62236272545084,38.3,72337,1,1,synthetic_demo
34.8,59.2,36.336,36.60919171313072,40.6,72384,1,1,synthetic_demo
36.7,62.3,38.484,39.86282482764001,42.9,72431,1,1,synthetic_demo
38.6,65.4,40.632000000000005,43.413522306571046,45.2,72478,1,1,synthetic_demo
40.5,68.5,42.78,47.29426002635365,47.5,72525,1,1,synthetic_demo
42.4,71.6,44.928,51.540909618523656,49.8,72572,1,1,synthetic_demo
44.3,74.7,47.076,56.19242587671319,52.1,72619,1,1,synthetic_demo
29.2,77.8,32.224,32.88618843738906,54.4,72666,1,1,synthetic_demo
31.1,80.9,34.372,35.93883249282222,56.7,72713,1,1,synthetic_demo
33,84,36.52,39.25652390285733,59,72760,1,1,synthetic_demo
34.9,87.1,38.668,42.86878383146818,61.3,72807,1,1,synthetic_demo
36.8,90.2,40.815999999999995,46.80777251563323,63.6,72854,1,1,synthetic_demo
38.7,93.3,42.964000000000006,51.10846564405158,65.9,72901,1,1,synthetic_demo
40.6,35.4,40.6,37.553994469195544,68.2,72948,1,1,synthetic_demo
42.5,38.5,42.5,40.77250861408538,70.5,72995,1,1,synthetic_demo
44.4,41.6,44.528,44.30401796055767,72.8,73042,1,1,synthetic_demo
29.3,44.7,29.676000000000002,27.712833716252376,75.1,73089,1,1,synthetic_demo
31.2,47.8,31.823999999999998,30.166484983496858,77.4,73136,1,1,synthetic_demo
33.1,50.9,33.972,32.826434610722565,79.7,73183,1,1,synthetic_demo
35,54,36.12,35.71745412433647,82,73230,1,1,synthetic_demo
36.9,57.1,38.268,38.866658655796925,84.3,73277,1,1,synthetic_demo
38.8,60.2,40.416,42.30367130496602,86.6,73324,1,1,synthetic_demo
40.7,63.3,42.564,46.06079468535252,88.9,73371,1,1,synthetic_demo
42.6,66.4,44.712,50.173189705356464,91.2,73418,1,1,synthetic_demo
44.5,69.5,46.86,54.67906162729345,93.5,73465,1,1,synthetic_demo
29.4,72.6,32.007999999999996,32.305578721232955,15.8,73512,1,1,synthetic_demo
31.3,75.7,34.156,35.28258150347299,18.1,73559,1,1,synthetic_demo
33.2,78.8,36.304,38.51757028232805,20.4,73606,1,1,synthetic_demo
35.1,81.9,38.452,42.03952185045648,22.7,73653,1,1,synthetic_demo
37,85,40.6,45.88001958809464,25,73700,1,1,synthetic_demo
38.9,88.1,42.748,50.073428547894636,27.3,73747,1,1,synthetic_demo
40.8,91.2,44.896,54.657077833098924,29.6,73794,1,1,synthetic_demo
42.7,94.3,47.044000000000004,59.67145030949429,31.9,73841,1,1,synthetic_demo
44.6,36.4,44.6,42.656653185978826,34.2,73888,1,1,synthetic_demo
29.5,39.5,29.5,27.066661258393875,36.5,73935,1,1,synthetic_demo
31.4,42.6,31.607999999999997,29.438192853184983,38.8,73982,1,1,synthetic_demo
33.3,45.7,33.756,32.00843343264618,41.1,74029,1,1,synthetic_demo
35.2,48.8,35.904,34.80157699379069,43.4,74076,1,1,synthetic_demo
37.1,51.9,38.052,37.84412728705743,45.7,74123,1,1,synthetic_demo
39,55,40.2,41.1650608703869,48,74170,1,1,synthetic_demo
40.9,58.1,42.348,44.79599733001619,50.3,74217,1,1,synthetic_demo
42.8,61.2,44.495999999999995,48.77137672341438,52.6,74264,1,1,synthetic_demo
44.7,64.3,46.644000000000005,53.12864428747971,54.9,74311,1,1,synthetic_demo
29.6,67.4,31.792,31.707013288471007,57.2,74358,1,1,synthetic_demo
31.5,70.5,33.94,34.60663520616761,59.5,74405,1,1,synthetic_demo
33.4,73.6,36.088,37.75704258656991,61.8,74452,1,1,synthetic_demo
35.3,76.7,38.236,41.1866592505029,64.1,74499,1,1,synthetic_demo
37.2,79.8,40.384,44.926482769704435,66.4,74546,1,1,synthetic_demo
39.1,82.9,42.532000000000004,49.01025825355953,68.7,74593,1,1,synthetic_demo
41,86,44.68,53.474659412711446,71,74640,1,1,synthetic_demo
42.9,89.1,46.827999999999996,58.3594769412728,73.3,74687,1,1,synthetic_demo
44.8,92.2,48.976,63.70781424677502,75.6,74734,1,1,synthetic_demo
29.7,95.3,34.123999999999995,36.399995974639786,77.9,74781,1,1,synthetic_demo
31.6,37.4,31.6,28.689437326073527,80.2,74828,1,1,synthetic_demo
33.5,40.5,33.54,31.16802807346718,82.5,74875,1,1,synthetic_demo
35.4,43.6,35.687999999999995,33.861203270060535,84.8,74922,1,1,synthetic_demo
37.3,46.7,37.836,36.79484617735133,87.1,74969,1,1,synthetic_demo
39.2,49.8,39.984,39.997277346331224,89.4,75016,1,1,synthetic_demo
41.1,52.9,42.132,43.4994235102047,91.7,75063,1,1,synthetic_demo
43,56,44.28,47.334993685803724,94,75110,1,1,synthetic_demo
44.9,59.1,46.428,51.54066252817163,16.3,75157,1,1,synthetic_demo
29.8,62.2,31.576,31.09021163208299,18.6,75204,0,1,synthetic_demo
31.7,65.3,33.724,33.9106903036093,20.9,75251,1,1,synthetic_demo
33.6,68.4,35.872,36.9746132974604,23.2,75298,1,1,synthetic_demo
35.5,71.5,38.02,40.309842802745486,25.5,75345,1,1,synthetic_demo
37.4,74.6,40.168,43.946781570855244,27.8,75392,1,1,synthetic_demo
39.3,77.7,42.315999999999995,47.91854539993756,30.1,75439,1,1,synthetic_demo
41.2,80.8,44.464000000000006,52.26114288019374,32.4,75486,1,1,synthetic_demo
43.1,83.9,46.612,57.01366244300959,34.7,75533,1,1,synthetic_demo
28,87,31.76,32.739959907536196,37,75580,1,1,synthetic_demo
29.9,90.1,33.908,35.83173439692619,39.3,75627,1,1,synthetic_demo
31.8,93.2,36.056,39.19033703670861,41.6,75674,1,1,synthetic_demo
33.7,35.3,33.7,30.304883772470124,43.9,75721,1,1,synthetic_demo
35.6,38.4,35.6,32.89597203690466,46.2,75768,1,1,synthetic_demo
37.5,41.5,37.62,35.718426687157745,48.5,75815,1,1,synthetic_demo
39.4,44.6,39.768,38.79990274132179,50.8,75862,1,1,synthetic_demo
41.3,47.7,41.916,42.17062419232107,53.1,75909,1,1,synthetic_demo
43.2,50.8,44.064,45.863558764667744,55.4,75956,1,1,synthetic_demo
28.1,53.9,29.212,27.926352318123982,57.7,76003,1,1,synthetic_demo
30,57,31.36,30.454890038126063,60,76050,1,1,synthetic_demo
31.9,60.1,33.507999999999996,33.19444008780839,62.3,76097,1,1,synthetic_demo
33.8,63.2,35.656,36.16995127383535,64.6,76144,1,1,synthetic_demo
35.7,66.3,37.804,39.40871543424433,66.9,76191,1,1,synthetic_demo
37.6,69.4,39.952,42.94053142803919,69.2,76238,1,1,synthetic_demo
39.5,72.5,42.1,46.79787631332235,71.5,76285,1,1,synthetic_demo
41.4,75.6,44.248,51.01608377059699,73.8,76332,1,1,synthetic_demo
43.3,78.7,46.396,55.633529815554624,76.1,76379,1,1,synthetic_demo
28.2,81.8,31.544,32.22311875331908,78.4,76426,1,1,synthetic_demo
30.1,84.9,33.692,35.24538937071755,80.7,76473,1,1,synthetic_demo
32,88,35.84,38.527915230431844,83,76520,1,1,synthetic_demo
33.9,91.1,37.988,42.099694917474494,85.3,76567,1,1,synthetic_demo
35.8,94.2,40.135999999999996,45.992326538808626,87.6,76614,1,1,synthetic_demo
37.7,36.3,37.7,34.61447604993692,89.9,76661,1,1,synthetic_demo
39.6,39.4,39.6,37.57251469614063,92.2,76708,1,1,synthetic_demo
41.5,42.5,41.7,40.80914572533792,94.5,76755,1,1,synthetic_demo
43.4,45.6,43.848,44.35658525599793,16.8,76802,1,1,synthetic_demo
28.3,48.7,28.996000000000002,27.347880885228168,19.1,76849,0,1,synthetic_demo
30.2,51.8,31.144,29.800761558905844,21.4,76896,1,1,synthetic_demo
32.1,54.9,33.292,32.45757441210827,23.7,76943,1,1,synthetic_demo
34,58,35.44,35.342721722354604,26,76990,1,1,synthetic_demo
35.9,61.1,37.588,38.482916197673084,28.3,77037,1,1,synthetic_demo
37.8,64.2,39.736,41.90734367235284,30.6,77084,1,1,synthetic_demo
39.7,67.3,41.884,45.64783297471743,32.9,77131,1,1,synthetic_demo
41.6,70.4,44.032000000000004,49.7390330248262,35.2,77178,1,1,synthetic_demo
43.5,73.5,46.18,54.21859720772885,37.5,77225,1,1,synthetic_demo
28.4,76.6,31.328,31.68954995496387,39.8,77272,1,1,synthetic_demo
30.3,79.7,33.476,34.640677190481156,42.1,77319,1,1,synthetic_demo
32.2,82.8,35.624,37.845353897660274,44.4,77366,1,1,synthetic_demo
34.1,85.9,37.772000000000006,41.33205607783873,46.7,77413,1,1,synthetic_demo
36,89,39.92,45.13182766098198,49,77460,1,1,synthetic_demo
37.9,92.1,42.068,49.278453860183994,51.3,77507,1,1,synthetic_demo
39.8,95.2,44.215999999999994,53.80864181656521,53.6,77554,1,1,synthetic_demo
41.7,37.3,41.7,39.414529806668945,55.9,77601,1,1,synthetic_demo
43.6,40.4,43.632,42.81358154428945,58.2,77648,1,1,synthetic_demo
28.5,43.5,28.78,26.752007877537686,60.5,77695,1,1,synthetic_demo
30.4,46.6,30.927999999999997,29.127535986001885,62.8,77742,1,1,synthetic_demo
32.3,49.7,33.076,31.69977966306379,65.1,77789,1,1,synthetic_demo
34.2,52.8,35.224000000000004,34.492586168218075,67.4,77836,1,1,synthetic_demo
36.1,55.9,37.372,37.532080240859386,69.7,77883,1,1,synthetic_demo
38,59,39.52,40.84682549784972,72,77930,1,1,synthetic_demo
39.9,62.1,41.668,44.467992986989984,74.3,77977,1,1,synthetic_demo
41.8,65.2,43.815999999999995,48.429536955585945,76.6,78024,1,1,synthetic_demo
43.7,68.3,45.964000000000006,52.76837788105419,78.9,78071,1,1,synthetic_demo
28.6,71.4,31.112000000000002,31.138988372281617,81.2,78118,1,1,synthetic_demo
30.5,74.5,33.26,34.01731090853022,83.5,78165,1,1,synthetic_demo
32.4,77.6,35.408,37.14234289447788,85.8,78212,1,1,synthetic_demo
34.3,80.7,37.556,40.54202935315077,88.1,78259,1,1,synthetic_demo
36.2,83.8,39.704,44.24685129431019,90.4,78306,1,1,synthetic_demo
38.1,86.9,41.852000000000004,48.28999778259317,92.7,78353,1,1,synthetic_demo
40,90,44,52.70754527866046,15,78400,1,1,synthetic_demo
41.9,93.1,46.147999999999996,57.53864429900653,17.3,78447,1,1,synthetic_demo
43.8,35.2,43.8,41.23405106704035,19.6,78494,1,1,synthetic_demo
28.7,38.3,28.7,26.13846200510489,21.9,78541,0,1,synthetic_demo
30.6,41.4,30.712,28.434919823147162,24.2,78588,1,1,synthetic_demo
32.5,44.5,32.86,30.9207387321714,26.5,78635,1,1,synthetic_demo
34.4,47.6,35.007999999999996,33.61920242573218,28.8,78682,1,1,synthetic_demo
36.3,50.7,37.156,36.55583877617377,31.1,78729,1,1,synthetic_demo
38.2,53.8,39.304,39.758579929739895,33.4,78776,1,1,synthetic_demo
40.1,56.9,41.452,43.257929541870524,35.7,78823,1,1,synthetic_demo
42,60,43.6,47.087137213170934,38,78870,1,1,synthetic_demo
43.9,63.1,45.748,51.28238017432754,40.3,78917,1,1,synthetic_demo
28.8,66.2,30.896,30.571165793796975,42.6,78964,1,1,synthetic_demo
30.7,69.3,33.044,33.375000307973544,44.9,79011,1,1,synthetic_demo
32.6,72.4,35.192,36.418568601348554,47.2,79058,1,1,synthetic_demo
34.5,75.5,37.34,39.72927626507773,49.5,79105,1,1,synthetic_demo
36.4,78.6,39.488,43.337032585822556,51.8,79152,1,1,synthetic_demo
38.3,81.7,41.635999999999996,47.27442132313914,54.1,79199,1,1,synthetic_demo
40.2,84.8,43.784000000000006,51.57687874288197,56.4,79246,1,1,synthetic_demo
42.1,87.9,45.932,56.28287895354117,58.7,79293,1,1,synthetic_demo
44,91,48.08,61.4341265799208,61,79340,1,1,synthetic_demo
28.9,94.1,33.227999999999994,35.054425074946934,63.3,79387,1,1,synthetic_demo
30.8,36.2,30.8,27.722616258961377,65.6,79434,1,1,synthetic_demo
32.7,39.3,32.7,30.120130987451457,67.9,79481,1,1,synthetic_demo
34.6,42.4,34.792,32.72222456872623,70.2,79528,1,1,synthetic_demo
36.5,45.5,36.94,35.55381904976715,72.5,79575,1,1,synthetic_demo
38.4,48.6,39.088,38.6422057924365,74.8,79622,1,1,synthetic_demo
40.3,51.7,41.236,42.01721138679831,77.1,79669,1,1,synthetic_demo
42.2,54.8,43.384,45.711370751101406,79.4,79716,1,1,synthetic_demo
44.1,57.9,45.532000000000004,49.76010746803862,81.7,79763,1,1,synthetic_demo
29,61,30.68,29.985810910685977,84,79810,1,1,synthetic_demo
30.9,64.1,32.827999999999996,32.71345187551914,86.3,79857,1,1,synthetic_demo
32.8,67.2,34.976,35.67371389476937,88.6,79904,1,1,synthetic_demo
34.7,70.3,37.124,38.89345461512569,90.9,79951,1,1,synthetic_demo
36.6,73.4,39.272000000000006,42.40200273746029,93.2,79998,1,1,synthetic_demo
38.5,76.5,41.42,46.231327499143134,15.5,80045,1,1,synthetic_demo
40.4,79.6,43.568,50.41621539577834,17.8,80092,1,1,synthetic_demo
42.3,82.7,45.715999999999994,54.99445419055541,20.1,80139,1,1,synthetic_demo
44.2,85.8,47.864000000000004,60.0070242469352,22.4,80186,1,1,synthetic_demo
29.1,88.9,33.012,34.515695531450135,24.7,80233,1,1,synthetic_demo
31,92,35.16,37.760416543144345,27,80280,1,1,synthetic_demo
32.9,95.1,37.308,41.28893039555036,29.3,80327,1,1,synthetic_demo
34.8,37.2,34.8,31.801302900818627,31.6,80374,1,1,synthetic_demo
36.7,40.3,36.724000000000004,34.525644310656375,33.9,80421,1,1,synthetic_demo
38.6,43.4,38.872,37.49729767744928,36.2,80468,1,1,synthetic_demo
40.5,46.5,41.02,40.74540279161233,38.5,80515,1,1,synthetic_demo
42.4,49.6,43.168,44.30176979160298,40.8,80562,1,1,synthetic_demo
44.3,52.7,45.315999999999995,48.20105814863166,43.1,80609,1,1,synthetic_demo
29.2,55.8,30.464,29.382649290569532,45.4,80656,1,1,synthetic_demo
31.1,58.9,32.612,32.032368774131385,47.7,80703,1,1,synthetic_demo
33,62,34.76,34.90745811877565,50,80750,1,1,synthetic_demo
34.9,65.1,36.908,38.03421845497793,52.3,80797,1,1,synthetic_demo
36.8,68.2,39.056,41.44138897523489,54.6,80844,1,1,synthetic_demo
38.7,71.3,41.204,45.1603151170512,56.9,80891,1,1,synthetic_demo
40.6,74.4,43.352000000000004,49.22512396915675,59.2,80938,1,1,synthetic_demo
42.5,77.5,45.5,53.672906950431624,61.5,80985,1,1,synthetic_demo
44.4,80.6,47.647999999999996,58.5439097985805,63.8,81032,1,1,synthetic_demo
29.3,83.7,32.796,33.95958125392224,66.1,81079,1,1,synthetic_demo
31.2,86.8,34.944,37.131073149948264,68.4,81126,1,1,synthetic_demo
33.1,89.9,37.092,40.57949256392847,70.7,81173,1,1,synthetic_demo
35,93,39.24,44.335337658579476,73,81220,1,1,synthetic_demo
36.9,35.1,36.9,33.470933779658004,75.3,81267,1,1,synthetic_demo
38.8,38.2,38.8,36.323445911124615,77.6,81314,1,1,synthetic_demo
40.7,41.3,40.804,39.442063515087824,79.9,81361,1,1,synthetic_demo
42.6,44.4,42.952,42.857861790931125,82.2,81408,1,1,synthetic_demo
44.5,47.5,45.1,46.60472557261063,84.5,81455,1,1,synthetic_demo
29.4,50.6,30.247999999999998,28.761403351162368,86.8,81502,1,1,synthetic_demo
31.3,53.7,32.396,31.331450815541604,89.1,81549,1,1,synthetic_demo
33.2,56.8,34.544000000000004,34.11947705629738,91.4,81596,1,1,synthetic_demo
35.1,59.9,36.692,37.15121805668307,93.7,81643,1,1,synthetic_demo
37,63,38.84,40.454814518234855,16,81690,1,1,synthetic_demo
38.9,66.1,40.988,44.06097874024785,18.3,81737,1,1,synthetic_demo
40.8,69.2,43.135999999999996,48.00316870669349,20.6,81784,1,1,synthetic_demo
42.7,72.3,45.284000000000006,52.317769431351394,22.9,81831,1,1,synthetic_demo
44.6,75.4,47.432,57.044281599527565,25.2,81878,1,1,synthetic_demo
29.5,78.5,32.58,33.385807817314415,27.5,81925,1,1,synthetic_demo
31.4,81.6,34.727999999999994,36.48235532441067,29.8,81972,1,1,synthetic_demo
33.3,84.7,36.876,39.84882739048428,32.1,82019,1,1,synthetic_demo
35.2,87.8,39.024,43.51518155850046,34.4,82066,1,1,synthetic_demo
37.1,90.9,41.172000000000004,47.514043745539894,36.7,82113,1,1,synthetic_demo
39,94,43.32,51.88088585120671,39,82160,1,1,synthetic_demo
40.9,36.1,40.9,38.10674877131815,41.3,82207,1,1,synthetic_demo
42.8,39.2,42.8,41.37916940453992,43.6,82254,1,1,synthetic_demo
44.7,42.3,44.884,44.970598030488205,45.9,82301,1,1,synthetic_demo
29.6,45.4,30.032,28.121792333777204,48.2,82348,1,1,synthetic_demo
31.5,48.5,32.18,30.610394432611763,50.5,82395,1,1,synthetic_demo
33.4,51.6,34.327999999999996,33.309442900366946,52.8,82442,1,1,synthetic_demo
35.3,54.7,36.476,36.24409988269242,55.1,82489,1,1,synthetic_demo
37.2,57.8,38.624,39.44189854748016,57.4,82536,1,1,synthetic_demo
39.1,60.9,40.772,42.93290865671622,59.7,82583,1,1,synthetic_demo
41,64,42.92,46.74990933038991,62,82630,1,1,synthetic_demo
42.9,67.1,45.068,50.92856905453878,64.3,82677,1,1,synthetic_demo
44.8,70.2,47.215999999999994,55.50763297314107,66.6,82724,1,1,synthetic_demo
29.7,73.3,32.364,32.79409763841654,68.9,82771,1,1,synthetic_demo
31.6,76.4,34.512,35.81396288000046,71.2,82818,1,1,synthetic_demo
33.5,79.5,36.66,39.09661066273188,73.5,82865,1,1,synthetic_demo
35.4,82.6,38.808,42.67144931438075,75.8,82912,1,1,synthetic_demo
37.3,85.7,40.955999999999996,46.57052285650984,78.1,82959,1,1,synthetic_demo
39.2,88.8,43.104,50.828687316349644,80.4,83006,1,1,synthetic_demo
41.1,91.9,45.252,55.48379434003426,82.7,83053,1,1,synthetic_demo
43,95,47.4,60.57688214555989,85,83100,1,1,synthetic_demo
44.9,37.1,44.9,43.29815871057813,87.3,83147,1,1,synthetic_demo
29.8,40.2,29.816000000000003,27.46353227668386,89.6,83194,1,1,synthetic_demo
31.7,43.3,31.964,29.868892651551036,91.9,83241,1,1,synthetic_demo
33.6,46.4,34.112,32.477024225177814,94.2,83288,1,1,synthetic_demo
35.5,49.5,36.26,35.31250655574687,16.5,83335,1,1,synthetic_demo
37.4,52.6,38.408,38.402256174624476,18.8,83382,1,1,synthetic_demo
39.3,55.7,40.556,41.775690846544684,21.1,83429,1,1,synthetic_demo
41.2,58.8,42.704,45.46490100687366,23.4,83476,1,1,synthetic_demo
43.1,61.9,44.852000000000004,49.50482842934796,25.7,83523,1,1,synthetic_demo
28,65,30,29.471832114825897,28,83570,0,1,synthetic_demo
29.9,68.1,32.147999999999996,32.18416994928605,30.3,83617,1,1,synthetic_demo
31.8,71.2,34.296,35.12559224263576,32.6,83664,1,1,synthetic_demo
33.7,74.3,36.444,38.32251456925014,34.9,83711,1,1,synthetic_demo
35.6,77.4,38.592,41.80378738688596,37.2,83758,1,1,synthetic_demo
37.5,80.5,40.74,45.600863814848154,39.5,83805,1,1,synthetic_demo
39.4,83.6,42.888,49.7479746451682,41.8,83852,1,1,synthetic_demo
41.3,86.7,45.035999999999994,54.28231063887289,44.1,83899,1,1,synthetic_demo
43.2,89.8,47.184000000000005,59.244212146991416,46.4,83946,1,1,synthetic_demo
28.1,92.9,32.332,33.753670321961366,48.7,83993,1,1,synthetic_demo
30,35,30,26.78633598832302,51,84040,1,1,synthetic_demo
31.9,38.1,31.9,29.106635063985017,53.3,84087,1,1,synthetic_demo
33.8,41.2,33.896,31.621885956993932,55.6,84134,1,1,synthetic_demo
35.7,44.3,36.044000000000004,34.35607682861272,57.9,84181,1,1,synthetic_demo
37.6,47.4,38.192,37.33549841050515,60.2,84228,1,1,synthetic_demo
39.5,50.5,40.34,40.58890694927971,62.5,84275,1,1,synthetic_demo
41.4,53.6,42.488,44.14769431354496,64.8,84322,1,1,synthetic_demo
43.3,56.7,44.635999999999996,48.046065318195005,67.1,84369,1,1,synthetic_demo
28.2,59.8,29.784,28.916739626509543,69.4,84416,1,1,synthetic_demo
30.1,62.9,31.932000000000002,31.555740770531614,71.7,84463,1,1,synthetic_demo
32,66,34.08,34.41693642282389,74,84510,1,1,synthetic_demo
33.9,69.1,36.227999999999994,37.526207670663965,76.3,84557,1,1,synthetic_demo
35.8,72.2,38.376,40.91183838749451,78.6,84604,1,1,synthetic_demo
37.7,75.3,40.524,44.60468172342287,80.9,84651,1,1,synthetic_demo
39.6,78.4,42.672000000000004,48.63833381160978,83.2,84698,1,1,synthetic_demo
41.5,81.5,44.82,53.049314743883315,85.5,84745,1,1,synthetic_demo
43.4,84.6,46.967999999999996,57.87725685652248,87.8,84792,1,1,synthetic_demo
28.3,87.7,32.116,33.24335223068809,90.1,84839,1,1,synthetic_demo
30.2,90.8,34.263999999999996,36.37908396812067,92.4,84886,1,1,synthetic_demo
32.1,93.9,36.412,39.78650159010869,94.7,84933,1,1,synthetic_demo
34,36,34,30.743689344909754,17,84980,1,1,synthetic_demo
35.9,39.1,35.9,33.37444555366641,19.3,85027,1,1,synthetic_demo
37.8,42.2,37.976,36.241232133540336,21.6,85074,1,1,synthetic_demo
39.7,45.3,40.124,39.372134231124804,23.9,85121,1,1,synthetic_demo
41.6,48.4,42.272,42.79783520456801,26.2,85168,1,1,synthetic_demo
43.5,51.5,44.42,46.55179260133382,28.5,85215,1,1,synthetic_demo
28.4,54.6,29.567999999999998,28.344530385653098,30.8,85262,1,1,synthetic_demo
30.3,57.7,31.716,30.908522884451227,33.1,85309,1,1,synthetic_demo
32.2,60.8,33.864000000000004,33.68768498765392,35.4,85356,1,1,synthetic_demo
34.1,63.9,36.012,36.707354870476074,37.7,85403,1,1,synthetic_demo
36,67,38.16,39.99524104815497,40,85450,1,1,synthetic_demo
37.9,70.1,40.308,43.58158757436371,42.3,85497,1,1,synthetic_demo
39.8,73.2,42.455999999999996,47.499346438787526,44.6,85544,1,1,synthetic_demo
41.7,76.3,44.604,51.784357218467576,46.9,85591,1,1,synthetic_demo
43.6,79.4,46.752,56.47553402516293,49.2,85638,1,1,synthetic_demo
28.5,82.5,31.9,32.71632528498526,51.5,85685,1,1,synthetic_demo
30.4,85.6,34.048,35.7815854163468,53.8,85732,1,1,synthetic_demo
32.3,88.7,36.196,39.11188241677581,56.1,85779,1,1,synthetic_demo
34.2,91.8,38.344,42.736644133379144,58.4,85826,1,1,synthetic_demo
36.1,94.9,40.492000000000004,46.68792692052873,60.7,85873,1,1,synthetic_demo
38,37,38,35.119060057973556,63,85920,1,1,synthetic_demo
39.9,40.1,39.908,38.124945551985476,65.3,85967,1,1,synthetic_demo
41.8,43.2,42.056,41.41486497670725,67.6,86014,1,1,synthetic_demo
43.7,46.3,44.204,45.021518241475974,69.9,86061,1,1,synthetic_demo
28.6,49.4,29.352,27.754935932643026,72.2,86108,1,1,synthetic_demo
30.5,52.5,31.5,30.242225808024653,74.5,86155,1,1,synthetic_demo
32.4,55.6,33.647999999999996,32.93752403264137,76.8,86202,1,1,synthetic_demo
34.3,58.7,35.796,35.86561738574907,79.1,86249,1,1,synthetic_demo
36.2,61.8,37.944,39.053630190792006,81.4,86296,1,1,synthetic_demo
38.1,64.9,40.092,42.53118821737971,83.7,86343,1,1,synthetic_demo
40,68,42.24,46.33058976609902,86,86390,1,1,synthetic_demo
41.9,71.1,44.388,50.48698399204473,88.3,86437,1,1,synthetic_demo
43.8,74.2,46.535999999999994,55.038556510636184,90.6,86484,1,1,synthetic_demo
28.7,77.3,31.683999999999997,32.17232409907593,92.9,86531,1,1,synthetic_demo
30.6,80.4,33.832,35.165452989879995,15.2,86578,1,1,synthetic_demo
32.5,83.5,35.98,38.41683559856881,17.5,86625,1,1,synthetic_demo
34.4,86.6,38.128,41.95537248042872,19.8,86672,1,1,synthetic_demo
36.3,89.7,40.275999999999996,45.81256091169207,22.1,86719,1,1,synthetic_demo
38.2,92.8,42.42400000000001,50.02266946988591,24.4,86766,1,1,synthetic_demo
40.1,95.9,44.572,54.62291991327564,26.7,86813,1,1,synthetic_demo
42,38,42,39.99832023500826,29,86860,1,1,synthetic_demo
43.9,41.1,43.988,43.45474524825455,31.3,86907,1,1,synthetic_demo
28.8,44.2,29.136,27.147684714287404,33.6,86954,1,1,synthetic_demo
30.7,47.3,31.284,29.55655576575972,35.9,87001,1,1,synthetic_demo
32.6,50.4,33.432,32.16613615342496,38.2,87048,1,1,synthetic_demo
34.5,53.5,35.58,35.00065271763786,40.5,87095,1,1,synthetic_demo
36.4,56.6,37.728,38.08663669666103,42.8,87142,1,1,synthetic_demo
38.3,59.7,39.876,41.45308632792419,45.1,87189,1,1,synthetic_demo
40.2,62.8,42.024,45.13163661619089,47.4,87236,1,1,synthetic_demo
42.1,65.9,44.172000000000004,49.15673632580618,49.7,87283,1,1,synthetic_demo
44,69,46.32,53.56583224191796,52,87330,1,1,synthetic_demo
28.9,72.1,31.467999999999996,31.611080211516192,54.3,87377,1,1,synthetic_demo
30.8,75.2,33.616,34.530396206461205,56.6,87424,1,1,synthetic_demo
32.7,78.3,35.764,37.70104723454068,58.9,87471,1,1,synthetic_demo
34.6,81.4,37.912,41.15139811071499,61.2,87518,1,1,synthetic_demo
36.5,84.5,40.06,44.91237823528185,63.5,87565,1,1,synthetic_demo
38.4,87.6,42.208,49.01765488513246,65.8,87612,1,1,synthetic_demo
40.3,90.7,44.355999999999995,53.50381378689762,68.1,87659,1,1,synthetic_demo
42.2,93.8,46.504000000000005,58.41054701557138,70.4,87706,1,1,synthetic_demo
44.1,35.9,44.1,41.85097164253172,72.7,87753,1,1,synthetic_demo
29,39,29,26.52250205765169,75,87800,1,1,synthetic_demo
30.9,42.1,31.067999999999998,28.851215662392452,77.3,87847,1,1,synthetic_demo
32.8,45.2,33.215999999999994,31.373200417315115,79.6,87894,1,1,synthetic_demo
34.7,48.3,35.364000000000004,34.112114621771994,81.9,87941,1,1,synthetic_demo
36.6,51.4,37.512,37.09388747555121,84.2,87988,1,1,synthetic_demo
38.5,54.5,39.66,40.346880375206545,86.5,88035,1,1,synthetic_demo
40.4,57.6,41.808,43.90205536176924,88.8,88082,1,1,synthetic_demo
42.3,60.7,43.955999999999996,47.793150778315756,91.1,88129,1,1,synthetic_demo
44.2,63.8,46.104,52.05686418361849,93.4,88176,1,1,synthetic_demo
29.1,66.9,31.252000000000002,31.03232205910027,15.7,88223,1,1,synthetic_demo
31,70,33.4,33.87612128282722,18,88270,1,1,synthetic_demo
32.9,73.1,35.548,36.9641999149814,20.3,88317,1,1,synthetic_demo
34.8,76.2,37.696,40.32437852264461,22.6,88364,1,1,synthetic_demo
36.7,79.3,39.844,43.98700977258191,24.9,88411,1,1,synthetic_demo
38.6,82.4,41.992000000000004,47.985150429074224,27.2,88458,1,1,synthetic_demo
40.5,85.5,44.14,52.35474061683557,29.5,88505,1,1,synthetic_demo
42.4,88.6,46.288,57.13479039387145,31.8,88552,1,1,synthetic_demo
44.3,91.7,48.436,62.36757366659437,34.1,88599,1,1,synthetic_demo
29.2,94.8,33.583999999999996,35.59346868720415,36.4,88646,1,1,synthetic_demo
31.1,36.9,31.1,28.125905055440544,38.7,88693,1,1,synthetic_demo
33,40,33,30.55839233469397,41,88740,1,1,synthetic_demo
34.9,43.1,35.147999999999996,33.1996530784877,43.3,88787,1,1,synthetic_demo
36.8,46.2,37.296,36.07500543483653,45.6,88834,1,1,synthetic_demo
38.7,49.3,39.444,39.21216459005083,47.9,88881,1,1,synthetic_demo
40.6,52.4,41.592,42.64140989225555,50.2,88928,1,1,synthetic_demo
42.5,55.5,43.74,46.395759170954264,52.5,88975,1,1,synthetic_demo
44.4,58.6,45.888,50.51115030020865,54.8,89022,1,1,synthetic_demo
29.3,61.7,31.036,30.43577495062129,57.1,89069,1,1,synthetic_demo
31.2,64.8,33.184,33.20233110733465,59.4,89116,1,1,synthetic_demo
33.1,67.9,35.332,36.20597269288924,61.7,89163,1,1,synthetic_demo
35,71,37.48,39.47396745977572,64,89210,1,1,synthetic_demo
36.9,74.1,39.628,43.036082423722455,66.3,89257,1,1,synthetic_demo
38.8,77.2,41.775999999999996,46.924754563843464,68.6,89304,1,1,synthetic_demo
40.7,80.3,43.924,51.17526877146615,70.9,89351,1,1,synthetic_demo
42.6,83.4,46.072,55.82594309377604,73.2,89398,1,1,synthetic_demo
44.5,86.5,48.22,60.918321305912,75.5,89445,1,1,synthetic_demo
29.4,89.6,33.367999999999995,35.04425968901478,77.8,89492,1,1,synthetic_demo
31.3,92.7,35.516,38.33572794414724,80.1,89539,1,1,synthetic_demo
33.2,95.8,37.664,41.91609686607903,82.4,89586,1,1,synthetic_demo
35.1,37.9,35.1,32.26291426290965,84.7,89633,1,1,synthetic_demo
37,41,37.08,35.02960944837506,87,89680,1,1,synthetic_demo
38.9,44.1,39.228,38.04852893260106,89.3,89727,1,1,synthetic_demo
40.8,47.2,41.376,41.34925958028804,91.6,89774,1,1,synthetic_demo
42.7,50.3,43.524,44.96408855320851,93.9,89821,1,1,synthetic_demo
44.6,53.4,45.672000000000004,48.92818352008982,16.2,89868,1,1,synthetic_demo
29.5,56.5,30.82,29.821161040487443,18.5,89915,1,1,synthetic_demo
31.4,59.6,32.967999999999996,32.508725212437206,20.8,89962,1,1,synthetic_demo
33.3,62.7,35.116,35.42604105529355,23.1,90009,1,1,synthetic_demo
35.2,65.8,37.264,38.59981488097187,25.4,90056,1,1,synthetic_demo
37.1,68.9,39.412,42.059219076652354,27.7,90103,1,1,synthetic_demo
39,72,41.56,45.83606150305195,30,90150,1,1,synthetic_demo
40.9,75.1,43.708,49.96496212537377,32.3,90197,1,1,synthetic_demo
42.8,78.2,45.855999999999995,54.48353692436281,34.6,90244,1,1,synthetic_demo
44.7,81.3,48.004000000000005,59.432589122427686,36.9,90291,1,1,synthetic_demo
29.6,84.4,33.152,34.47741129891621,39.2,90338,1,1,synthetic_demo
31.5,87.5,35.3,37.69463944027895,41.5,90385,1,1,synthetic_demo
33.4,90.6,37.448,41.1938241622722,43.8,90432,1,1,synthetic_demo
35.3,93.7,39.596,45.00590967108372,46.1,90479,1,1,synthetic_demo
37.2,35.8,37.2,33.95731432525588,48.4,90526,1,1,synthetic_demo
39.1,38.9,39.1,36.855559059872924,50.7,90573,1,1,synthetic_demo
41,42,41.16,40.02515924806838,53,90620,1,1,synthetic_demo
42.9,45.1,43.308,43.49766116780475,55.3,90667,1,1,synthetic_demo
44.8,48.2,45.455999999999996,47.30745169950711,57.6,90714,1,1,synthetic_demo
29.7,51.3,30.604,29.188199302193294,59.9,90761,1,1,synthetic_demo
31.6,54.4,32.752,31.79499974701604,62.2,90808,1,1,synthetic_demo
33.5,57.5,34.9,34.62407689442871,64.5,90855,1,1,synthetic_demo
35.4,60.6,37.048,37.70156693040524,66.8,90902,1,1,synthetic_demo
37.3,63.7,39.196,41.056038575958894,69.1,90949,1,1,synthetic_demo
39.2,66.8,41.344,44.71866117941617,71.4,90996,1,1,synthetic_demo
41.1,69.9,43.492000000000004,48.723380025771434,73.7,91043,1,1,synthetic_demo
43,73,45.64,53.10709891185128,76,91090,1,1,synthetic_demo
44.9,76.1,47.788,57.90987002358479,78.3,91137,1,1,synthetic_demo
29.8,79.2,32.936,33.89264567943686,80.6,91184,1,1,synthetic_demo
31.7,82.3,35.083999999999996,37.03389758019977,82.9,91231,1,1,synthetic_demo
33.6,85.4,37.232,40.45002303513331,85.2,91278,1,1,synthetic_demo
35.5,88.5,39.38,44.17142081178987,87.5,91325,1,1,synthetic_demo
37.4,91.6,41.528,48.231187558851744,89.8,91372,1,1,synthetic_demo
39.3,94.7,43.675999999999995,52.665296645741144,92.1,91419,1,1,synthetic_demo
41.2,36.8,41.2,38.66865913355358,94.4,91466,1,1,synthetic_demo
43.1,39.9,43.1,41.995994415686326,16.7,91513,1,1,synthetic_demo
28,43,28.24,26.203704322115595,19,91560,1,1,synthetic_demo
29.9,46.1,30.387999999999998,28.53660550164592,21.3,91607,1,1,synthetic_demo
31.8,49.2,32.536,31.06084744856292,23.6,91654,1,1,synthetic_demo
33.7,52.3,34.684000000000005,33.79974847875885,25.9,91701,1,1,synthetic_demo
35.6,55.4,36.832,36.778865907409326,28.2,91748,1,1,synthetic_demo
37.5,58.5,38.98,40.026155691535614,30.5,91795,1,1,synthetic_demo
39.4,61.6,41.128,43.5721392122292,32.8,91842,1,1,synthetic_demo
41.3,64.7,43.275999999999996,47.45007725876674,35.1,91889,1,1,synthetic_demo
43.2,67.8,45.424,51.696151264654986,37.4,91936,1,1,synthetic_demo
28.1,70.9,30.572000000000003,30.466465294155665,39.7,91983,1,1,synthetic_demo
30,74,32.72,33.289681803882964,42,92030,1,1,synthetic_demo
31.9,77.1,34.867999999999995,36.35319851530826,44.3,92077,1,1,synthetic_demo
33.8,80.2,37.016,39.684365382303724,46.6,92124,1,1,synthetic_demo
35.7,83.3,39.164,43.31302708405056,48.9,92171,1,1,synthetic_demo
37.6,86.4,41.312000000000005,47.27169330522459,51.2,92218,1,1,synthetic_demo
39.5,89.5,43.46,51.59571627644622,53.5,92265,1,1,synthetic_demo
41.4,92.6,45.608,56.32347562377357,55.8,92312,1,1,synthetic_demo
43.3,95.7,47.756,61.496570563514325,58.1,92359,1,1,synthetic_demo
28.2,37.8,28.2,25.61036049970001,60.4,92406,1,1,synthetic_demo
30.1,40.9,30.172,27.866092170345677,62.7,92453,1,1,synthetic_demo
32,44,32.32,30.305957615215927,65,92500,1,1,synthetic_demo
33.9,47.1,34.467999999999996,32.95272042385344,67.3,92547,1,1,synthetic_demo
35.8,50.2,36.616,35.83135023618039,69.6,92594,1,1,synthetic_demo
37.7,53.3,38.764,38.96918108709746,71.9,92641,1,1,synthetic_demo
39.6,56.4,40.912,42.39607687467847,74.2,92688,1,1,synthetic_demo
41.5,59.5,43.06,46.14460401547309,76.5,92735,1,1,synthetic_demo
43.4,62.6,45.208,50.250211338277865,78.8,92782,1,1,synthetic_demo
28.3,65.7,30.356,29.917701728120957,81.1,92829,1,1,synthetic_demo
30.2,68.8,32.504,32.668235429589224,83.4,92876,1,1,synthetic_demo
32.1,71.9,34.652,35.65223497687769,85.7,92923,1,1,synthetic_demo
34,75,36.8,38.89651946856198,88,92970,1,1,synthetic_demo
35.9,78.1,38.948,42.430370786223705,90.3,93017,1,1,synthetic_demo
37.8,81.2,41.096,46.285702588707956,92.6,93064,1,1,synthetic_demo
39.7,84.3,43.244,50.49723654931174,94.9,93111,1,1,synthetic_demo
41.6,87.4,45.392,55.102685885934804,17.2,93158,1,1,synthetic_demo
43.5,90.5,47.54,60.14294622176138,19.5,93205,1,1,synthetic_demo
28.4,93.6,32.687999999999995,34.274337803976735,21.8,93252,1,1,synthetic_demo
30.3,35.7,30.3,27.176368578421297,24.1,93299,0,1,synthetic_demo
32.2,38.8,32.2,29.53001607764757,26.4,93346,1,1,synthetic_demo
34.1,41.9,34.252,32.08265366311342,28.7,93393,1,1,synthetic_demo
36,45,36.4,34.85865443532796,31,93440,1,1,synthetic_demo
37.9,48.1,38.548,37.88472128854343,33.3,93487,1,1,synthetic_demo
39.8,51.2,40.696,41.190051061009854,35.6,93534,1,1,synthetic_demo
41.7,54.3,42.844,44.80650585796578,37.9,93581,1,1,synthetic_demo
43.6,57.4,44.992000000000004,48.76879160005481,40.2,93628,1,1,synthetic_demo
28.5,60.5,30.14,29.35183854232253,42.5,93675,1,1,synthetic_demo
30.4,63.6,32.288,32.028019071024026,44.8,93722,1,1,synthetic_demo
32.3,66.7,34.436,34.93069624801518,47.1,93769,1,1,synthetic_demo
34.2,69.8,36.584,38.08614989662162,49.4,93816,1,1,synthetic_demo
36.1,72.9,38.732,41.52309033199731,51.7,93863,1,1,synthetic_demo
38,76,40.88,45.27282606502676,54,93910,1,1,synthetic_demo
39.9,79.1,43.028,49.36943873222073,56.3,93957,1,1,synthetic_demo
41.8,82.2,45.175999999999995,53.849965302901296,58.6,94004,1,1,synthetic_demo
43.7,85.3,47.324000000000005,58.75458760254646,60.9,94051,1,1,synthetic_demo
28.6,88.4,32.472,33.75393798472962,63.2,94098,1,1,synthetic_demo
30.5,91.5,34.62,36.93442212255725,65.5,94145,1,1,synthetic_demo
32.4,94.6,36.768,40.391521105897,67.8,94192,1,1,synthetic_demo
34.3,36.7,34.3,31.189205418347374,70.1,94239,1,1,synthetic_demo
36.2,39.8,36.2,33.860409087273815,72.4,94286,1,1,synthetic_demo
38.1,42.9,38.332,36.772378652166246,74.7,94333,1,1,synthetic_demo
40,46,40.48,39.95363425353757,77,94380,1,1,synthetic_demo
41.9,49.1,42.628,43.43532368508293,79.3,94427,1,1,synthetic_demo
43.8,52.2,44.775999999999996,47.25139959373597,81.6,94474,1,1,synthetic_demo
28.7,55.3,29.924,28.768607020425602,83.9,94521,1,1,synthetic_demo
30.6,58.4,32.072,31.368741972748655,86.2,94568,1,1,synthetic_demo
32.5,61.5,34.22,34.18826813547283,88.5,94615,1,1,synthetic_demo
34.4,64.6,36.367999999999995,37.252917577779385,90.8,94662,1,1,synthetic_demo
36.3,67.7,38.516,40.590820219861236,93.1,94709,1,1,synthetic_demo
38.2,70.8,40.664,44.23267024211124,15.4,94756,1,1,synthetic_demo
40.1,73.9,42.812000000000005,48.21189970376507,17.7,94803,1,1,synthetic_demo
42,77,44.96,52.56485942356937,20,94850,1,1,synthetic_demo
43.9,80.1,47.108,57.33100716265666,22.3,94897,1,1,synthetic_demo
28.8,83.2,32.256,33.21658299159982,24.6,94944,1,1,synthetic_demo
30.7,86.3,34.403999999999996,36.32561654513877,26.9,94991,1,1,synthetic_demo
32.6,89.4,36.552,39.704539129289515,29.2,95038,1,1,synthetic_demo
34.5,92.5,38.7,43.3832126426449,31.5,95085,1,1,synthetic_demo
36.4,95.6,40.848,47.39415668199284,33.8,95132,1,1,synthetic_demo
38.3,37.7,38.3,35.63175133270924,36.1,95179,1,1,synthetic_demo
40.2,40.8,40.264,38.68639448949982,38.4,95226,1,1,synthetic_demo
42.1,43.9,42.412,42.030593698071186,40.7,95273,1,1,synthetic_demo
44,47,44.56,45.69753790391513,43,95320,1,1,synthetic_demo
28.9,50.1,29.708,28.167735348085458,45.3,95367,1,1,synthetic_demo
30.8,53.2,31.856,30.690110082230532,47.6,95414,1,1,synthetic_demo
32.7,56.3,34.004000000000005,33.42463294131086,49.9,95461,1,1,synthetic_demo
34.6,59.4,36.152,36.396479702413636,52.2,95508,1,1,synthetic_demo
36.5,62.5,38.3,39.6331910024274,54.5,95555,1,1,synthetic_demo
38.4,65.6,40.448,43.16483744822704,56.8,95602,1,1,synthetic_demo
40.3,68.7,42.596,47.024191920174935,59.1,95649,1,1,synthetic_demo
42.2,71.8,44.744,51.24690912279344,61.4,95696,1,1,synthetic_demo
44.1,74.9,46.892,55.87171242411213,63.7,95743,1,1,synthetic_demo
29,78,32.04,32.66200411530338,66,95790,1,1,synthetic_demo
30.9,81.1,34.187999999999995,35.69790713111704,68.3,95837,1,1,synthetic_demo
32.8,84.2,36.336,38.99683794552948,70.6,95884,1,1,synthetic_demo
34.7,87.3,38.484,42.58812642817173,72.9,95931,1,1,synthetic_demo
36.6,90.4,40.632000000000005,46.5037281671173,75.2,95978,1,1,synthetic_demo
38.5,93.5,42.78,50.778400276730494,77.5,96025,1,1,synthetic_demo
40.4,35.6,40.4,37.38789532776016,79.8,96072,1,1,synthetic_demo
42.3,38.7,42.3,40.59184736607611,82.1,96119,1,1,synthetic_demo
44.2,41.8,44.344,44.106704120301764,84.4,96166,1,1,synthetic_demo
29.1,44.9,29.492,27.54894858675041,86.7,96213,1,1,synthetic_demo
31,48,31.64,29.991826022510093,89,96260,1,1,synthetic_demo
32.9,51.1,33.788,32.63946943441244,91.3,96307,1,1,synthetic_demo
34.8,54.2,35.936,35.516489710332515,93.6,96354,1,1,synthetic_demo
36.7,57.3,38.084,38.64982925559828,15.9,96401,1,1,synthetic_demo
38.6,60.4,40.232,42.06892579995247,18.2,96448,1,1,synthetic_demo
40.5,63.5,42.38,45.80588338209426,20.5,96495,1,1,synthetic_demo
42.4,66.6,44.528,49.89565056695077,22.8,96542,1,1,synthetic_demo
44.3,69.7,46.675999999999995,54.37620593851284,25.1,96589,1,1,synthetic_demo
29.2,72.8,31.823999999999998,32.08992954038462,27.4,96636,1,1,synthetic_demo
31.1,75.9,33.972,35.050999829483395,29.7,96683,1,1,synthetic_demo
33,79,36.12,38.26809986102059,32,96730,1,1,synthetic_demo
34.9,82.1,38.268,41.77001897317494,34.3,96777,1,1,synthetic_demo
36.8,85.2,40.416,45.58813989281542,36.6,96824,1,1,synthetic_demo
38.7,88.3,42.564,49.7566132515515,38.9,96871,1,1,synthetic_demo
40.6,91.4,44.712,54.312539392216756,41.2,96918,1,1,synthetic_demo
42.5,94.5,46.86,59.2961575073005,43.5,96965,1,1,synthetic_demo
44.4,36.6,44.4,42.4783908018368,45.8,97012,1,1,synthetic_demo
29.3,39.7,29.3,26.911968647320343,48.1,97059,1,1,synthetic_demo
31.2,42.8,31.424,29.273589064721033,50.4,97106,1,1,synthetic_demo
33.1,45.9,33.572,31.832452821850016,52.7,97153,1,1,synthetic_demo
35,49,35.72,34.61259726097198,55,97200,1,1,synthetic_demo
36.9,52.1,37.868,37.640357547583534,57.3,97247,1,1,synthetic_demo
38.8,55.2,40.016,40.94452917000206,59.6,97294,1,1,synthetic_demo
40.7,58.3,42.164,44.556537601201455,61.9,97341,1,1,synthetic_demo
42.6,61.4,44.312000000000005,48.5106151793507,64.2,97388,1,1,synthetic_demo
44.5,64.5,46.46,52.843985251229185,66.5,97435,1,1,synthetic_demo
29.4,67.6,31.607999999999997,31.50008431894419,68.8,97482,1,1,synthetic_demo
31.3,70.7,33.756,34.384597256215855,71.1,97529,1,1,synthetic_demo
33.2,73.8,35.904,37.518003640048356,73.4,97576,1,1,synthetic_demo
35.1,76.9,38.052,40.928543715507985,75.7,97623,1,1,synthetic_demo
37,80,40.2,44.64701843585378,78,97670,1,1,synthetic_demo
38.9,83.1,42.348,48.70696268252037,80.3,97717,1,1,synthetic_demo
40.8,86.2,44.495999999999995,53.14482575891587,82.6,97764,1,1,synthetic_demo
42.7,89.3,46.644000000000005,58.00015920082545,84.9,97811,1,1,synthetic_demo
44.6,92.4,48.792,63.31581193363856,87.2,97858,1,1,synthetic_demo
29.5,95.5,33.94,36.140307599407976,89.5,97905,1,1,synthetic_demo
31.4,37.6,31.4,28.535095100463742,91.8,97952,1,1,synthetic_demo
33.3,40.7,33.355999999999995,31.003254720102834,94.1,97999,1,1,synthetic_demo
35.2,43.8,35.504000000000005,33.68444820344328,16.4,98046,1,1,synthetic_demo
37.1,46.9,37.652,36.6043944077648,18.7,98093,1,1,synthetic_demo
39,50,39.8,39.79123715489719,21,98140,1,1,synthetic_demo
40.9,53.1,41.948,43.27571356667573,23.3,98187,1,1,synthetic_demo
42.8,56.2,44.096,47.09132960548837,25.6,98234,1,1,synthetic_demo
44.7,59.3,46.244,51.27454286543619,27.9,98281,1,1,synthetic_demo
29.6,62.4,31.392000000000003,30.89219034422241,30.2,98328,1,1,synthetic_demo
31.5,65.5,33.54,33.6983986667231,32.5,98375,1,1,synthetic_demo
33.4,68.6,35.687999999999995,36.74622447606924,34.8,98422,1,1,synthetic_demo
35.3,71.7,37.836,40.06335030327324,37.1,98469,1,1,synthetic_demo
37.2,74.8,39.984,43.67998635556256,39.4,98516,1,1,synthetic_demo
39.1,77.9,42.132000000000005,47.62904243609513,41.7,98563,1,1,synthetic_demo
41,81,44.28,51.94630712127474,44,98610,1,1,synthetic_demo
42.9,84.1,46.428,56.67063423974234,46.3,98657,1,1,synthetic_demo
44.8,87.2,48.576,61.84413668458548,48.6,98704,1,1,synthetic_demo
29.7,90.3,33.724,35.580473625498136,50.9,98751,1,1,synthetic_demo
31.6,93.4,35.872,38.91952530094297,53.2,98798,1,1,synthetic_demo
33.5,35.5,33.5,30.151543126125556,55.5,98845,1,1,synthetic_demo
35.4,38.6,35.4,32.73168454642974,57.8,98892,1,1,synthetic_demo
37.3,41.7,37.436,35.54155429540794,60.1,98939,1,1,synthetic_demo
39.2,44.8,39.584,38.6086350424827,62.4,98986,1,1,synthetic_demo
41.1,47.9,41.732,41.9629657115086,64.7,99033,1,1,synthetic_demo
43,51,43.88,45.63731567814268,67,99080,1,1,synthetic_demo
44.9,54.1,46.028,49.66736620599129,69.3,99127,1,1,synthetic_demo
29.8,57.2,31.176000000000002,30.265966324037734,71.6,99174,1,1,synthetic_demo
31.7,60.3,33.324,32.99209992814151,73.9,99221,1,1,synthetic_demo
33.6,63.4,35.472,35.952433962850726,76.2,99268,1,1,synthetic_demo
35.5,66.5,37.62,39.17408456479126,78.5,99315,1,1,synthetic_demo
37.4,69.6,39.768,42.686662162620976,80.8,99362,1,1,synthetic_demo
39.3,72.7,41.916,46.522442092348264,83.1,99409,1,1,synthetic_demo
41.2,75.8,44.064,50.71654245443918,85.4,99456,1,1,synthetic_demo
43.1,78.9,46.212,55.3071092580865,87.7,99503,1,1,synthetic_demo
28,82,31.36,31.997203591011132,90,99550,1,1,synthetic_demo
29.9,85.1,33.507999999999996,35.00274247700798,92.3,99597,1,1,synthetic_demo
31.8,88.2,35.656,38.266531401692056,94.6,99644,1,1,synthetic_demo
33.7,91.3,37.804,41.81737927553886,16.9,99691,1,1,synthetic_demo
35.6,94.4,39.952,45.686681257390624,19.2,99738,1,1,synthetic_demo
37.5,36.5,37.5,34.451447568223074,21.5,99785,1,1,synthetic_demo
39.4,39.6,39.4,37.3963037792902,23.8,99832,1,1,synthetic_demo
41.3,42.7,41.516,40.61784387866058,26.1,99879,1,1,synthetic_demo
43.2,45.8,43.664,44.14809038231856,28.4,99926,1,1,synthetic_demo
28.1,48.9,28.812,27.179260266349957,30.7,99973,1,1,synthetic_demo
30,52,30.96,29.621127754079918,33,10020,1,1,synthetic_demo
31.9,55.1,33.108,32.26539349148489,35.3,10067,1,1,synthetic_demo
33.8,58.2,35.256,35.1363000654623,37.6,10114,1,1,synthetic_demo
35.7,61.3,37.404,38.26038847841896,39.9,10161,1,1,synthetic_demo
37.6,64.4,39.552,41.66666028769055,42.2,10208,1,1,synthetic_demo
39.5,67.5,41.7,45.386746912403574,44.5,10255,1,1,synthetic_demo
41.4,70.6,43.848,49.45508616672153,46.8,10302,1,1,synthetic_demo
43.3,73.7,45.995999999999995,53.909106066154706,49.1,10349,1,1,synthetic_demo
28.2,76.8,31.144,31.47166895177146,51.4,10396,1,1,synthetic_demo
30.1,79.9,33.292,34.40683287067529,53.7,10443,1,1,synthetic_demo
32,83,35.44,37.593601865066404,56,10490,1,1,synthetic_demo
33.9,86.1,37.588,41.06026599774483,58.3,10537,1,1,synthetic_demo
35.8,89.2,39.736,44.83767014078269,60.6,10584,1,1,synthetic_demo
37.7,92.3,41.884,48.95938676058341,62.9,10631,1,1,synthetic_demo
39.6,95.4,44.032000000000004,53.461895990147625,65.2,10678,1,1,synthetic_demo
41.5,37.5,41.5,39.23989328706287,67.5,10725,1,1,synthetic_demo
43.4,40.6,43.448,42.62316582003325,69.8,10772,1,1,synthetic_demo
28.3,43.7,28.596,26.592051225553817,72.1,10819,1,1,synthetic_demo
30.2,46.8,30.744,28.957386891057787,74.4,10866,1,1,synthetic_demo
32.1,49.9,32.892,31.517968363646684,76.7,10913,1,1,synthetic_demo
34,53,35.04,34.297487091117134,79,10960,1,1,synthetic_demo
35.9,56.1,37.187999999999995,37.321900142217025,81.3,11007,1,1,synthetic_demo
37.8,59.2,39.336,40.619591049895455,83.6,11054,1,1,synthetic_demo
39.7,62.3,41.484,44.22153780571911,85.9,11101,1,1,synthetic_demo
41.6,65.4,43.632000000000005,48.161488065676615,88.2,11148,1,1,synthetic_demo
43.5,68.5,45.78,52.476141615366345,90.5,11195,1,1,synthetic_demo
28.4,71.6,30.927999999999997,30.929318234665967,92.8,11242,1,1,synthetic_demo
30.3,74.7,33.076,33.79246030274708,15.1,11289,1,1,synthetic_demo
32.2,77.8,35.224000000000004,36.9004291453861,17.4,11336,1,1,synthetic_demo
34.1,80.9,37.372,40.28098762161994,19.7,11383,1,1,synthetic_demo
36,84,39.52,43.9644216126122,22,11430,1,1,synthetic_demo
37.9,87.1,41.668,47.983711522497565,24.3,11477,1,1,synthetic_demo
39.8,90.2,43.815999999999995,52.37471104888846,26.6,11524,1,1,synthetic_demo
41.7,93.3,45.964000000000006,57.17633326976441,28.9,11571,1,1,synthetic_demo
43.6,35.4,43.6,41.062049174946694,31.2,11618,1,1,synthetic_demo
28.5,38.5,28.5,25.98735179965979,33.5,11665,0,1,synthetic_demo
30.4,41.6,30.528,28.274452725701252,35.8,11712,0,1,synthetic_demo
32.3,44.7,32.675999999999995,30.749510079254552,38.1,11759,1,1,synthetic_demo
34.2,47.8,34.824000000000005,33.43565565986409,40.4,11806,1,1,synthetic_demo
36.1,50.9,36.972,36.35825374346588,42.7,11853,1,1,synthetic_demo
38,54,39.12,39.5450606251506,45,11900,1,1,synthetic_demo
39.9,57.1,41.268,43.026391297216236,47.3,11947,1,1,synthetic_demo
41.8,60.2,43.416,46.8352933240226,49.6,11994,1,1,synthetic_demo
43.7,63.3,45.564,51.00772796296824,51.9,12041,1,1,synthetic_demo
28.6,66.4,30.712000000000003,30.369885545091027,54.2,12088,1,1,synthetic_demo
30.5,69.5,32.86,33.15933702205168,56.5,12135,1,1,synthetic_demo
32.4,72.6,35.007999999999996,36.186702244060484,58.8,12182,1,1,synthetic_demo
34.3,75.7,37.156,39.479208451468565,61.1,12229,1,1,synthetic_demo
36.2,78.8,39.304,43.066573770783336,63.4,12276,1,1,synthetic_demo
38.1,81.9,41.452,46.981177426862835,65.7,12323,1,1,synthetic_demo
40,85,43.6,51.25823720762377,68,12370,1,1,synthetic_demo
41.9,88.1,45.748,55.93599422924248,70.3,12417,1,1,synthetic_demo
43.8,91.2,47.896,61.05590503733182,72.6,12464,1,1,synthetic_demo
28.7,94.3,33.044,34.80246911439664,74.9,12511,1,1,synthetic_demo
30.6,36.4,30.6,27.57203095561731,77.2,12558,1,1,synthetic_demo
32.5,39.5,32.5,29.95970067237686,79.5,12605,1,1,synthetic_demo
34.4,42.6,34.608,32.550462675130056,81.8,12652,1,1,synthetic_demo
36.3,45.7,36.756,35.369079528030404,84.1,12699,1,1,synthetic_demo
38.2,48.8,38.904,38.442671014336554,86.4,12746,1,1,synthetic_demo
40.1,51.9,41.052,41.80087949425449,88.7,12793,1,1,synthetic_demo
42,55,43.2,45.47604244540669,91,12840,1,1,synthetic_demo
43.9,58.1,45.348,49.50337223658367,93.3,12887,1,1,synthetic_demo
28.8,61.2,30.496000000000002,29.793101912090254,15.6,12934,1,1,synthetic_demo
30.7,64.3,32.644,32.50717200292495,17.9,12981,1,1,synthetic_demo
32.6,67.4,34.792,35.45210668136592,20.2,13028,1,1,synthetic_demo
34.5,70.5,36.94,38.654589095205026,22.5,13075,1,1,synthetic_demo
36.4,73.6,39.088,42.1437607928313,24.8,13122,1,1,synthetic_demo
38.3,76.7,41.236,45.95139064240846,27.1,13169,1,1,synthetic_demo
40.2,79.8,43.384,50.11205098681582,29.4,13216,1,1,synthetic_demo
42.1,82.9,45.532000000000004,54.663301083601404,31.7,13263,1,1,synthetic_demo
44,86,47.68,59.64587786673833,34,13310,1,1,synthetic_demo
28.9,89.1,32.827999999999996,34.27184669689449,36.3,13357,1,1,synthetic_demo
30.8,92.2,34.976,37.49789002973036,38.6,13404,1,1,synthetic_demo
32.7,95.3,37.124,41.005549188400096,40.9,13451,1,1,synthetic_demo
34.6,37.4,34.6,31.641561294112293,43.2,13498,1,1,synthetic_demo
36.5,40.5,36.54,34.354003769572955,45.5,13545,1,1,synthetic_demo
38.4,43.6,38.687999999999995,37.312020011321636,47.8,13592,1,1,synthetic_demo
40.3,46.7,40.836,40.54457005345225,50.1,13639,1,1,synthetic_demo
42.2,49.8,42.984,44.08327123001551,52.4,13686,1,1,synthetic_demo
44.1,52.9,45.132,47.96257659860524,54.7,13733,1,1,synthetic_demo
29,56,30.28,29.198695262269094,57,13780,1,1,synthetic_demo
30.9,59.1,32.428,31.835670917990353,59.3,13827,1,1,synthetic_demo
32.8,62.2,34.576,34.69632446807522,61.6,13874,1,1,synthetic_demo
34.7,65.3,36.724000000000004,37.80678643481804,63.9,13921,1,1,synthetic_demo
36.6,68.4,38.872,41.19561290520822,66.2,13968,1,1,synthetic_demo
38.5,71.5,41.02,44.893953152793905,68.5,14015,1,1,synthetic_demo
40.4,74.6,43.168,48.93572447895809,70.8,14062,1,1,synthetic_demo
42.3,77.7,45.315999999999995,53.3577943241373,73.1,14109,1,1,synthetic_demo
44.2,80.8,47.464000000000006,58.20016968709049,75.4,14156,1,1,synthetic_demo
29.1,83.9,32.612,33.724019742279715,77.7,14203,1,1,synthetic_demo
31,87,34.76,36.87762216579954,80,14250,1,1,synthetic_demo
32.9,90.1,36.908,40.30603710451196,82.3,14297,1,1,synthetic_demo
34.8,93.2,39.056,44.039565332158496,84.6,14344,1,1,synthetic_demo
36.7,35.3,36.7,33.31264873861464,86.9,14391,1,1,synthetic_demo
38.6,38.4,38.6,36.15270117083071,89.2,14438,1,1,synthetic_demo
40.5,41.5,40.62,39.25702614735294,91.5,14485,1,1,synthetic_demo
42.4,44.6,42.768,42.65651074003009,93.8,14532,1,1,synthetic_demo
44.3,47.7,44.916,46.38483821043131,16.1,14579,1,1,synthetic_demo
29.2,50.8,30.064,28.586390393565093,18.4,14626,0,1,synthetic_demo
31.1,53.9,32.212,31.144536110792558,20.7,14673,0,1,synthetic_demo
33,57,34.36,33.9190340769389,23,14720,1,1,synthetic_demo
34.9,60.1,36.507999999999996,36.9354535966847,25.3,14767,1,1,synthetic_demo
36.8,63.2,38.656,40.221756352417074,27.6,14814,1,1,synthetic_demo
38.7,66.3,40.804,43.80846272455112,29.9,14861,1,1,synthetic_demo
40.6,69.4,42.952,47.72882531531557,32.2,14908,1,1,synthetic_demo
42.5,72.5,45.1,52.01900972782313,34.5,14955,1,1,synthetic_demo
44.4,75.6,47.248,56.71828263985962,36.8,15002,1,1,synthetic_demo
29.3,78.7,32.396,33.1587161849902,39.1,15049,1,1,synthetic_demo
31.2,81.8,34.544,36.23817723117244,41.4,15096,1,1,synthetic_demo
33.1,84.9,36.692,39.585510775055916,43.7,15143,1,1,synthetic_demo
35,88,38.84,43.23048079521499,46,15190,1,1,synthetic_demo
36.9,91.1,40.988,47.205506191647984,48.3,15237,1,1,synthetic_demo
38.8,94.2,43.135999999999996,51.54583782272091,50.6,15284,1,1,synthetic_demo
40.7,36.3,40.7,37.93780643093675,52.9,15331,1,1,synthetic_demo
42.6,39.4,42.6,41.19528726492537,55.2,15378,1,1,synthetic_demo
44.5,42.5,44.7,44.769649196546354,57.5,15425,1,1,synthetic_demo
29.4,45.6,29.848,27.955908948873596,59.8,15472,1,1,synthetic_demo
31.3,48.7,31.996000000000002,30.433466568284476,62.1,15519,1,1,synthetic_demo
33.2,51.8,34.144000000000005,33.11991041401768,64.4,15566,1,1,synthetic_demo
35.1,54.9,36.292,36.04023992173457,66.7,15613,1,1,synthetic_demo
37,58,38.44,39.22181336599399,69,15660,1,1,synthetic_demo
38.9,61.1,40.588,42.69451287487358,71.3,15707,1,1,synthetic_demo
40.8,64.2,42.736,46.490916632510434,73.6,15754,1,1,synthetic_demo
42.7,67.3,44.884,50.646478322682555,75.9,15801,1,1,synthetic_demo
44.6,70.4,47.032000000000004,55.19971385420081,78.2,15848,1,1,synthetic_demo
29.5,73.5,32.18,32.57566082258101,80.5,15895,1,1,synthetic_demo
31.4,76.6,34.327999999999996,35.579257571689425,82.8,15942,1,1,synthetic_demo
33.3,79.7,36.476,38.843648677940934,85.1,15989,1,1,synthetic_demo
35.2,82.8,38.624,42.39805276815305,87.4,16036,1,1,synthetic_demo
37.1,85.9,40.772000000000006,46.274310866247276,89.7,16083,1,1,synthetic_demo
39,89,42.92,50.50706213571699,92,16130,1,1,synthetic_demo
40.9,92.1,45.068,55.133926920731355,94.3,16177,1,1,synthetic_demo
42.8,95.2,47.215999999999994,60.195697125311256,16.6,16224,1,1,synthetic_demo
44.7,37.3,44.7,43.11649660844468,18.9,16271,1,1,synthetic_demo
29.6,40.4,29.632,27.306969389528614,21.2,16318,0,1,synthetic_demo
31.5,43.5,31.78,29.70215789316725,23.5,16365,1,1,synthetic_demo
33.4,46.6,33.928,32.298624789866274,25.8,16412,1,1,synthetic_demo
35.3,49.7,36.076,35.120790935462765,28.1,16459,1,1,synthetic_demo
37.2,52.8,38.224000000000004,38.19540213333828,30.4,16506,1,1,synthetic_demo
39.1,55.9,40.372,41.551692839251835,32.7,16553,1,1,synthetic_demo
41,59,42.52,45.22155703895321,35,16600,1,1,synthetic_demo
42.9,62.1,44.668,49.23972635300832,37.3,16647,1,1,synthetic_demo
44.8,65.2,46.815999999999995,53.64395541095153,39.6,16694,1,1,synthetic_demo
29.7,68.3,31.964,31.974575289274892,41.9,16741,1,1,synthetic_demo
31.6,71.4,34.112,34.90056216795855,44.2,16788,1,1,synthetic_demo
33.5,74.5,36.26,38.080125715390245,46.5,16835,1,1,synthetic_demo
35.4,77.6,38.408,41.54193059074995,48.8,16882,1,1,synthetic_demo
37.3,80.7,40.556,45.31723097456644,51.1,16929,1,1,synthetic_demo
39.2,83.8,42.704,49.44004501250113,53.4,16976,1,1,synthetic_demo
41.1,86.9,44.852000000000004,53.94733654133816,55.7,17023,1,1,synthetic_demo
43,90,47,58.879204137898846,58,17070,1,1,synthetic_demo
44.9,93.1,49.147999999999996,64.27907751899795,60.3,17117,1,1,synthetic_demo
29.8,35.2,29.8,26.639286968638604,62.6,17164,1,1,synthetic_demo
31.7,38.3,31.7,28.95030227608325,64.9,17211,1,1,synthetic_demo
33.6,41.4,33.712,31.45484489056814,67.2,17258,1,1,synthetic_demo
35.5,44.5,35.86,34.176748317792644,69.5,17305,1,1,synthetic_demo
37.4,47.6,38.007999999999996,37.14213676639021,71.8,17352,1,1,synthetic_demo
39.3,50.7,40.156,40.37958753895539,74.1,17399,1,1,synthetic_demo
41.2,53.8,42.304,43.92030058111909,76.4,17446,1,1,synthetic_demo
43.1,56.9,44.452,47.79827524442486,78.7,17493,1,1,synthetic_demo
28,60,29.6,28.72907579830083,81,17540,1,1,synthetic_demo
29.9,63.1,31.747999999999998,31.355178029367845,83.3,17587,1,1,synthetic_demo
31.8,66.2,33.896,34.20178660761921,85.6,17634,1,1,synthetic_demo
33.7,69.3,36.044000000000004,37.29461318504757,87.9,17681,1,1,synthetic_demo
35.6,72.4,38.192,40.66175977791399,90.2,17728,1,1,synthetic_demo
37.5,75.5,40.34,44.33388469591348,92.5,17775,1,1,synthetic_demo
39.4,78.6,42.488,48.344375683136604,94.8,17822,1,1,synthetic_demo
41.3,81.7,44.635999999999996,52.72953032521241,17.1,17869,1,1,synthetic_demo
43.2,84.8,46.784000000000006,57.52874376464222,19.4,17916,1,1,synthetic_demo
28.1,87.9,31.932000000000002,33.00657827018734,21.7,17963,0,1,synthetic_demo
30,91,34.08,36.12447356963986,24,18010,1,1,synthetic_demo
31.9,94.1,36.227999999999994,39.51195694280814,26.3,18057,1,1,synthetic_demo
33.8,36.2,33.8,30.58823474862088,28.6,18104,0,1,synthetic_demo
35.7,39.3,35.7,33.20774987278736,30.9,18151,1,1,synthetic_demo
37.6,42.4,37.792,36.06162727015651,33.2,18198,1,1,synthetic_demo
39.5,45.5,39.94,39.17777754836092,35.5,18245,1,1,synthetic_demo
41.4,48.6,42.088,42.586696709669496,37.8,18292,1,1,synthetic_demo
43.3,51.7,44.236,46.321641568795094,40.1,18339,1,1,synthetic_demo
28.2,54.8,29.384,28.165289824961924,42.4,18386,1,1,synthetic_demo
30.1,57.9,31.532,30.71718427048935,44.7,18433,1,1,synthetic_demo
32,61,33.68,33.48262305745844,47,18480,1,1,synthetic_demo
33.9,64.1,35.827999999999996,36.4867787509343,49.3,18527,1,1,synthetic_demo
35.8,67.2,37.976,39.75718198946858,51.6,18574,1,1,synthetic_demo
37.7,70.3,40.124,43.32388612425801,53.9,18621,1,1,synthetic_demo
39.6,73.4,42.272000000000006,47.21963905321631,56.2,18668,1,1,synthetic_demo
41.5,76.5,44.42,51.48006230560827,58.5,18715,1,1,synthetic_demo
43.4,79.6,46.568,56.143837420557794,60.8,18762,1,1,synthetic_demo
28.3,82.7,31.716,32.48752257101374,63.1,18809,1,1,synthetic_demo
30.2,85.8,33.864,35.53570930027261,65.4,18856,1,1,synthetic_demo
32.1,88.9,36.012,38.8468955416471,67.7,18903,1,1,synthetic_demo
34,92,38.16,42.45031721476937,70,18950,1,1,synthetic_demo
35.9,95.1,40.308,46.37782537477432,72.3,18997,1,1,synthetic_demo
37.8,37.2,37.8,34.95347951108295,74.6,19044,1,1,synthetic_demo
39.7,40.3,39.724000000000004,37.94583906212649,76.9,19091,1,1,synthetic_demo
41.6,43.4,41.872,41.220290245418425,79.2,19138,1,1,synthetic_demo
43.5,46.5,44.02,44.80933700897131,81.5,19185,1,1,synthetic_demo
28.4,49.6,29.168,27.584298665355195,83.8,19232,1,1,synthetic_demo
30.3,52.7,31.316000000000003,30.06030599671715,86.1,19279,1,1,synthetic_demo
32.2,55.8,33.464000000000006,32.74276023537975,88.4,19326,1,1,synthetic_demo
34.1,58.9,35.612,35.65628641425729,90.7,19373,1,1,synthetic_demo
36,62,37.76,38.827834999785196,93,19420,1,1,synthetic_demo
37.9,65.1,39.908,42.28684523667728,15.3,19467,1,1,synthetic_demo
39.8,68.2,42.056,46.065415671110785,17.6,19514,1,1,synthetic_demo
41.7,71.3,44.204,50.198481909262625,19.9,19561,1,1,synthetic_demo
43.6,74.4,46.352000000000004,54.724001655820175,22.2,19608,1,1,synthetic_demo
28.5,77.5,31.5,31.95166920710737,24.5,19655,1,1,synthetic_demo
30.4,80.6,33.647999999999996,34.92850215604617,26.8,19702,1,1,synthetic_demo
32.3,83.7,35.796,38.16161283296658,29.1,19749,1,1,synthetic_demo
34.2,86.8,37.944,41.679713625025165,31.4,19796,1,1,synthetic_demo
36.1,89.9,40.092,45.51410042313523,33.7,19843,1,1,synthetic_demo
38,93,42.24,49.698826632203804,36,19890,1,1,synthetic_demo
39.9,35.1,39.9,36.68334386221173,38.3,19937,1,1,synthetic_demo
41.8,38.2,41.8,39.820621345143906,40.6,19984,1,1,synthetic_demo
43.7,41.3,43.804,43.26086832339002,42.9,20031,1,1,synthetic_demo
28.6,44.4,28.952,26.985833105452432,45.2,20078,1,1,synthetic_demo
30.5,47.5,31.1,29.384251921546113,47.5,20125,1,1,synthetic_demo
32.4,50.6,33.248,31.98188338222398,49.8,20172,1,1,synthetic_demo
34.3,53.7,35.396,34.80279648406687,52.1,20219,1,1,synthetic_demo
36.2,56.8,37.544000000000004,37.873352667265145,54.4,20266,1,1,synthetic_demo
38.1,59.9,39.692,41.222367861649374,56.7,20313,1,1,synthetic_demo
40,63,41.84,44.88128169506233,59,20360,1,1,synthetic_demo
41.9,66.1,43.988,48.884333922280675,61.3,20407,1,1,synthetic_demo
43.8,69.2,46.135999999999996,53.268748120431596,63.6,20454,1,1,synthetic_demo
28.7,72.3,31.284,31.398752035746313,65.9,20501,1,1,synthetic_demo
30.6,75.4,33.432,34.30256412235014,68.2,20548,1,1,synthetic_demo
32.5,78.5,35.58,37.45579753877427,70.5,20595,1,1,synthetic_demo
34.4,81.6,37.727999999999994,40.8866327298266,72.8,20642,1,1,synthetic_demo
36.3,84.7,39.876,44.6258016635487,75.1,20689,1,1,synthetic_demo
38.2,87.8,42.024,48.70676055448258,77.4,20736,1,1,synthetic_demo
40.1,90.9,44.172000000000004,53.165869865659594,79.7,20783,1,1,synthetic_demo
42,94,46.32,58.0425816339678,82,20830,1,1,synthetic_demo
43.9,36.1,43.9,41.675737310510684,84.3,20877,1,1,synthetic_demo
28.8,39.2,28.8,26.369620832580686,86.6,20924,1,1,synthetic_demo
30.7,42.3,30.884,28.688727460711124,88.9,20971,1,1,synthetic_demo
32.6,45.4,33.032000000000004,31.199674233442327,91.2,21018,1,1,synthetic_demo
34.5,48.5,35.18,33.925965547765166,93.5,21065,1,1,synthetic_demo
36.4,51.6,37.327999999999996,36.89336490366977,15.8,21112,1,1,synthetic_demo
38.3,54.7,39.476,40.130055647193515,18.1,21159,1,1,synthetic_demo
40.2,57.8,41.624,43.66680886012474,20.4,21206,1,1,synthetic_demo
42.1,60.9,43.772,47.537158455866404,22.7,21253,1,1,synthetic_demo
44,64,45.92,51.777583528735505,25,21300,1,1,synthetic_demo
28.9,67.1,31.067999999999998,30.828501833463754,27.3,21347,1,1,synthetic_demo
30.8,70.2,33.216,33.657603905499684,29.6,21394,1,1,synthetic_demo
32.7,73.3,35.364000000000004,36.72913489517027,31.9,21441,1,1,synthetic_demo
34.6,76.4,37.512,40.07073483610105,34.2,21488,1,1,synthetic_demo
36.5,79.5,39.66,43.71256295508766,36.5,21535,1,1,synthetic_demo
38.4,82.6,41.808,47.687469104017595,38.8,21582,1,1,synthetic_demo
40.3,85.7,43.955999999999996,52.03117245355155,41.1,21629,1,1,synthetic_demo
42.2,88.8,46.104,56.78244749448549,43.4,21676,1,1,synthetic_demo
44.1,91.9,48.252,61.98331738018565,45.7,21723,1,1,synthetic_demo
29,95,33.4,35.33819731992078,48,21770,1,1,synthetic_demo
30.9,37.1,30.9,27.973434704863653,50.3,21817,1,1,synthetic_demo
32.8,40.2,32.815999999999995,30.395810990620962,52.6,21864,1,1,synthetic_demo
34.7,43.3,34.964000000000006,33.02544644146433,54.9,21911,1,1,synthetic_demo
36.6,46.4,37.112,35.88749764329915,57.2,21958,1,1,synthetic_demo
38.5,49.5,39.26,39.00950602885732,59.5,22005,1,1,synthetic_demo
40.4,52.6,41.408,42.421564444949,61.8,22052,1,1,synthetic_demo
42.3,55.7,43.556,46.15649091189766,64.1,22099,1,1,synthetic_demo
44.2,58.8,45.704,50.25000962377377,66.4,22146,1,1,synthetic_demo
29.1,61.9,30.852,30.24064626992985,68.7,22193,1,1,synthetic_demo
31,65,33,32.99332690548242,71,22240,1,1,synthetic_demo
32.9,68.1,35.147999999999996,35.981306623943,73.3,22287,1,1,synthetic_demo
34.8,71.2,37.296,39.2316765198464,75.6,22334,1,1,synthetic_demo
36.7,74.3,39.444,42.77401420054017,77.9,22381,1,1,synthetic_demo
38.6,77.4,41.592,46.640553922455645,80.2,22428,1,1,synthetic_demo
40.5,80.5,43.74,50.86636397257618,82.5,22475,1,1,synthetic_demo
42.4,83.6,45.888,55.48953134229857,84.8,22522,1,1,synthetic_demo
44.3,86.7,48.035999999999994,60.55135372839402,87.1,22569,1,1,synthetic_demo
29.2,89.8,33.184,34.797209790199716,89.4,22616,1,1,synthetic_demo
31.1,92.9,35.332,38.069630884835405,91.7,22663,1,1,synthetic_demo
33,35,33,29.569968292857222,94,22710,1,1,synthetic_demo
34.9,38.1,34.9,32.10088822019446,16.3,22757,1,1,synthetic_demo
36.8,41.2,36.896,34.85537281201872,18.6,22804,1,1,synthetic_demo
38.7,44.3,39.044000000000004,37.86031219755074,20.9,22851,1,1,synthetic_demo
40.6,47.4,41.192,41.14511123841438,23.2,22898,1,1,synthetic_demo
42.5,50.5,43.34,44.74186194834577,25.5,22945,1,1,synthetic_demo
44.4,53.6,45.488,48.68552314148778,27.8,22992,1,1,synthetic_demo
29.3,56.7,30.636000000000003,29.634909881689257,30.1,23039,0,1,synthetic_demo
31.2,59.8,32.784,32.30943518855883,32.4,23086,1,1,synthetic_demo
33.1,62.9,34.932,35.21199090401669,34.7,23133,1,1,synthetic_demo
35,66,37.08,38.36911059641123,37,23180,1,1,synthetic_demo
36.9,69.1,39.227999999999994,41.80978131550906,39.3,23227,1,1,synthetic_demo
38.8,72.2,41.376,45.56561242887951,41.6,23274,1,1,synthetic_demo
40.7,75.3,43.524,49.67101168731509,43.9,23321,1,1,synthetic_demo
42.6,78.4,45.672000000000004,54.16336856777028,46.2,23368,1,1,synthetic_demo
44.5,81.5,47.82,59.08324492984772,48.5,23415,1,1,synthetic_demo
29.4,84.6,32.967999999999996,34.23876528672601,50.8,23462,1,1,synthetic_demo
31.3,87.7,35.116,37.4377436968901,53.1,23509,1,1,synthetic_demo
33.2,90.8,37.264,40.916530223799334,55.4,23556,1,1,synthetic_demo
35.1,93.9,39.412,44.70586937433289,57.7,23603,1,1,synthetic_demo
37,36,37,33.7966082961342,60,23650,1,1,synthetic_demo
38.9,39.1,38.9,36.68206306722679,62.3,23697,1,1,synthetic_demo
40.8,42.2,40.976,39.83700750610498,64.6,23744,1,1,synthetic_demo
42.7,45.3,43.124,43.29279744453967,66.9,23791,1,1,synthetic_demo
44.6,48.4,45.272,47.08361577476305,69.2,23838,1,1,synthetic_demo
29.5,51.5,30.42,29.01101404575404,71.5,23885,1,1,synthetic_demo
31.4,54.6,32.568,31.605627459715965,73.8,23932,1,1,synthetic_demo
33.3,57.7,34.715999999999994,34.42086234275021,76.1,23979,1,1,synthetic_demo
35.2,60.8,36.864000000000004,37.48268609062446,78.4,24026,1,1,synthetic_demo
37.1,63.9,39.012,40.81948619735973,80.7,24073,1,1,synthetic_demo
39,67,41.16,44.46223778756223,83,24120,1,1,synthetic_demo
40.9,70.1,43.308,48.44467836203331,85.3,24167,1,1,synthetic_demo
42.8,73.2,45.455999999999996,52.8034898064368,87.6,24214,1,1,synthetic_demo
44.7,76.3,47.604,57.578487700384166,89.9,24261,1,1,synthetic_demo
29.6,79.4,32.752,33.66258835466762,92.2,24308,1,1,synthetic_demo
31.5,82.5,34.9,36.78640290083444,94.5,24355,1,1,synthetic_demo
33.4,85.6,37.048,40.18300605177153,16.8,24402,1,1,synthetic_demo
35.3,88.7,39.196,43.88260072385407,19.1,24449,1,1,synthetic_demo
37.2,91.8,41.344,47.91807416364495,21.4,24496,1,1,synthetic_demo
39.1,94.9,43.492000000000004,52.32517621547405,23.7,24543,1,1,synthetic_demo
41,37,41,38.49680695663167,26,24590,1,1,synthetic_demo
42.9,40.1,42.908,41.80881846627429,28.3,24637,1,1,synthetic_demo
44.8,43.2,45.056,45.443774137317575,30.6,24684,1,1,synthetic_demo
29.7,46.3,30.204,28.368676953051647,32.9,24731,1,1,synthetic_demo
31.6,49.4,32.352000000000004,30.88159903497412,35.2,24778,1,1,synthetic_demo
33.5,52.5,34.5,33.60759194708709,37.5,24825,1,1,synthetic_demo
35.4,55.6,36.647999999999996,36.572048206774454,39.8,24872,1,1,synthetic_demo
37.3,58.7,38.796,39.8027466940155,42.1,24919,1,1,synthetic_demo
39.2,61.8,40.944,43.33001887556766,44.4,24966,1,1,synthetic_demo
41.1,64.9,43.092,47.18692222707533,46.7,25013,1,1,synthetic_demo
43,68,45.24,51.40942090419024,49,25060,1,1,synthetic_demo
44.9,71.1,47.388,56.03657370140445,51.3,25107,1,1,synthetic_demo
29.8,74.2,32.536,33.068400371391604,53.6,25154,1,1,synthetic_demo
31.7,77.3,34.684,36.11530720473199,55.9,25201,1,1,synthetic_demo
33.6,80.4,36.832,39.42784370052364,58.2,25248,1,1,synthetic_demo
35.5,83.5,38.98,43.03566257383564,60.5,25295,1,1,synthetic_demo
37.4,86.6,41.128,46.971068150617484,62.8,25342,1,1,synthetic_demo
39.3,89.7,43.275999999999996,51.26919333815185,65.1,25389,1,1,synthetic_demo
41.2,92.8,45.42400000000001,55.9681839020047,67.4,25436,1,1,synthetic_demo
43.1,95.9,47.572,61.10939008682503,69.7,25483,1,1,synthetic_demo
28,38,28,25.460948005590524,72,25530,1,1,synthetic_demo
29.9,41.1,29.988,27.707613581727706,74.3,25577,1,1,synthetic_demo
31.8,44.2,32.136,30.13704181354636,76.6,25624,1,1,synthetic_demo
33.7,47.3,34.284000000000006,32.77184709455628,78.9,25671,1,1,synthetic_demo
35.6,50.4,36.432,35.63683829843737,81.2,25718,1,1,synthetic_demo
37.5,53.5,38.58,38.75917657260095,83.5,25765,1,1,synthetic_demo
39.4,56.6,40.728,42.16854025019761,85.8,25812,1,1,synthetic_demo
41.3,59.7,42.876,45.89729694510625,88.1,25859,1,1,synthetic_demo
43.2,62.8,45.024,49.9806828823058,90.4,25906,1,1,synthetic_demo
28.1,65.9,30.172,29.71937324238164,92.7,25953,1,1,synthetic_demo
30,69,32.32,32.45591951983681,15,26000,1,1,synthetic_demo
31.9,72.1,34.467999999999996,35.42415191898477,17.3,26047,1,1,synthetic_demo
33.8,75.2,36.616,38.65071417393067,19.6,26094,1,1,synthetic_demo
35.7,78.3,38.764,42.16470012822519,21.9,26141,1,1,synthetic_demo
37.6,81.4,40.912,45.997822164875934,24.2,26188,1,1,synthetic_demo
39.5,84.5,43.06,50.18458687552743,26.5,26235,1,1,synthetic_demo
41.4,87.6,45.208,54.7624780198981,28.8,26282,1,1,synthetic_demo
43.3,90.7,47.355999999999995,59.77214681411442,31.1,26329,1,1,synthetic_demo
28.2,93.8,32.504,34.026598277033365,33.4,26376,1,1,synthetic_demo
30.1,35.9,30.1,27.02753567030342,35.7,26423,1,1,synthetic_demo
32,39,32,29.37164424985048,38,26470,1,1,synthetic_demo
33.9,42.1,34.068,31.91329150412378,40.3,26517,1,1,synthetic_demo
35.8,45.2,36.215999999999994,34.676693838154456,42.6,26564,1,1,synthetic_demo
37.7,48.3,38.364000000000004,37.68838548793259,44.9,26611,1,1,synthetic_demo
39.6,51.4,40.512,40.977382116284986,47.2,26658,1,1,synthetic_demo
41.5,54.5,42.66,44.57535157719805,49.5,26705,1,1,synthetic_demo
43.4,57.6,44.808,48.51679190231318,51.8,26752,1,1,synthetic_demo
28.3,60.7,29.956,29.161872068446606,54.1,26799,1,1,synthetic_demo
30.2,63.8,32.104,31.824860761741174,56.4,26846,1,1,synthetic_demo
32.1,66.9,34.252,34.712628928416095,58.7,26893,1,1,synthetic_demo
34,70,36.4,37.85128483732452,61,26940,1,1,synthetic_demo
35.9,73.1,38.548,41.26935473076764,63.3,26987,1,1,synthetic_demo
37.8,76.2,40.696,44.997949966250566,65.6,27034,1,1,synthetic_demo
39.7,79.3,42.844,49.07094138031341,67.9,27081,1,1,synthetic_demo
41.6,82.4,44.992000000000004,53.52514092678521,70.2,27128,1,1,synthetic_demo
43.5,85.5,47.14,58.400490629398874,72.5,27175,1,1,synthetic_demo
28.4,88.6,32.288,33.51410608367883,74.8,27222,1,1,synthetic_demo
30.3,91.7,34.436,36.67639772104293,77.1,27269,1,1,synthetic_demo
32.2,94.8,36.584,40.11317330311829,79.4,27316,1,1,synthetic_demo
34.1,36.9,34.1,31.031585206894636,81.7,27363,1,1,synthetic_demo
36,40,36,33.69124838695819,84,27410,1,1,synthetic_demo
37.9,43.1,38.147999999999996,36.589978950857,86.3,27457,1,1,synthetic_demo
39.8,46.2,40.296,39.75612029333311,88.6,27504,1,1,synthetic_demo
41.7,49.3,42.444,43.22063054876083,90.9,27551,1,1,synthetic_demo
43.6,52.4,44.592,47.01725923071206,93.2,27598,1,1,synthetic_demo
28.5,55.5,29.74,28.587182464444634,15.5,27645,0,1,synthetic_demo
30.4,58.6,31.887999999999998,31.174935810723397,17.8,27692,0,1,synthetic_demo
32.3,61.7,34.035999999999994,33.98042666420594,20.1,27739,1,1,synthetic_demo
34.2,64.8,36.184000000000005,37.029219388267634,22.4,27786,1,1,synthetic_demo
36.1,67.9,38.332,40.3492638346038,24.7,27833,1,1,synthetic_demo
38,71,40.48,43.97106119232763,27,27880,1,1,synthetic_demo
39.9,74.1,42.628,47.92783704244698,29.3,27927,1,1,synthetic_demo
41.8,77.2,44.775999999999996,52.25572167133795,31.6,27974,1,1,synthetic_demo
43.7,80.3,46.924,56.99393768446049,33.9,28021,1,1,synthetic_demo
28.6,83.4,32.072,32.98483515753903,36.2,28068,1,1,synthetic_demo
30.5,86.5,34.22,36.07644823607871,38.5,28115,1,1,synthetic_demo
32.4,89.6,36.367999999999995,39.43588045547961,40.8,28162,1,1,synthetic_demo
34.3,92.7,38.516,43.092799517188055,43.1,28209,1,1,synthetic_demo
36.2,95.8,40.664,47.079517350774665,45.4,28256,1,1,synthetic_demo
38.1,37.9,38.1,35.46355829643591,47.7,28303,1,1,synthetic_demo
40,41,40.08,38.504326182500876,50,28350,1,1,synthetic_demo
41.9,44.1,42.228,41.83267361531888,52.3,28397,1,1,synthetic_demo
43.8,47.2,44.376,45.48159120353138,54.6,28444,1,1,synthetic_demo
28.7,50.3,29.524,27.99503495709598,56.9,28491,1,1,synthetic_demo
30.6,53.4,31.672,30.505853105218804,59.2,28538,1,1,synthetic_demo
32.5,56.5,33.82,33.22723007567829,61.5,28585,1,1,synthetic_demo
34.4,59.6,35.967999999999996,36.184177827177265,63.8,28632,1,1,synthetic_demo
36.3,62.7,38.116,39.40406097171787,66.1,28679,1,1,synthetic_demo
38.2,65.8,40.264,42.9167613267079,68.4,28726,1,1,synthetic_demo
40.1,68.9,42.412,46.75484965614902,70.7,28773,1,1,synthetic_demo
42,72,44.56,50.953764655805124,73,28820,1,1,synthetic_demo
43.9,75.1,46.708,55.551999224912805,75.3,28867,1,1,synthetic_demo
28.8,78.2,31.856,32.4385191098931,77.6,28914,1,1,synthetic_demo
30.7,81.3,34.004,35.457788240090174,79.9,28961,1,1,synthetic_demo
32.6,84.4,36.152,38.73807720930688,82.2,29008,1,1,synthetic_demo
34.5,87.5,38.3,42.3085254727722,84.5,29055,1,1,synthetic_demo
36.4,90.6,40.448,46.20088488900158,86.8,29102,1,1,synthetic_demo
38.3,93.7,42.596,50.44969495689274,89.1,29149,1,1,synthetic_demo
40.2,35.8,40.2,37.22156673343366,91.4,29196,1,1,synthetic_demo
42.1,38.9,42.1,40.41101582813141,93.7,29243,1,1,synthetic_demo
44,42,44.16,43.90928919073267,16,29290,1,1,synthetic_demo
28.9,45.1,29.308,27.385156970033016,18.3,29337,0,0,synthetic_demo
30.8,48.2,31.456,29.81731778126902,20.6,29384,0,1,synthetic_demo
32.7,51.3,33.604,32.45272060194045,22.9,29431,1,1,synthetic_demo
34.6,54.4,35.752,35.315816427799696,25.2,29478,1,1,synthetic_demo
36.5,57.5,37.9,38.43337572223321,27.5,29525,1,1,synthetic_demo
38.4,60.6,40.048,41.834651667112176,29.8,29572,1,1,synthetic_demo
40.3,63.7,42.196,45.55155058682887,32.1,29619,1,1,synthetic_demo
42.2,66.8,44.344,49.61880960170755,34.4,29666,1,1,synthetic_demo
44.1,69.9,46.492000000000004,54.07418155467876,36.7,29713,1,1,synthetic_demo
29,73,31.64,31.8748884668865,39,29760,1,1,synthetic_demo
30.9,76.1,33.788,34.82012617358825,41.3,29807,1,1,synthetic_demo
32.8,79.2,35.936,38.01944851883533,43.6,29854,1,1,synthetic_demo
34.7,82.3,38.084,41.50145824786408,45.9,29901,1,1,synthetic_demo
36.6,85.4,40.232,45.297338334865245,48.2,29948,1,1,synthetic_demo
38.5,88.5,42.38,49.44102593038127,50.5,29995,1,1,synthetic_demo
40.4,91.6,44.528,53.96939359614693,52.8,30042,1,1,synthetic_demo
42.3,94.7,46.675999999999995,58.922437869958856,55.1,30089,1,1,synthetic_demo
44.2,36.8,44.2,42.299849560457055,57.4,30136,1,1,synthetic_demo
29.1,39.9,29.1,26.757272797579983,59.7,30183,1,1,synthetic_demo
31,43,31.24,29.10903164516529,62,30230,1,1,synthetic_demo
32.9,46.1,33.388,31.656576143374046,64.3,30277,1,1,synthetic_demo
34.8,49.2,35.535999999999994,34.42378770753431,66.6,30324,1,1,synthetic_demo
36.7,52.3,37.684000000000005,37.43683368355654,68.9,30371,1,1,synthetic_demo
38.6,55.4,39.832,40.72432929333388,71.2,30418,1,1,synthetic_demo
40.5,58.5,41.98,44.31750673783486,73.5,30465,1,1,synthetic_demo
42.4,61.6,44.128,48.25039151537789,75.8,30512,1,1,synthetic_demo
44.3,64.7,46.275999999999996,52.55998600031249,78.1,30559,1,1,synthetic_demo
29.2,67.8,31.424,31.29367064338018,80.4,30606,1,1,synthetic_demo
31.1,70.9,33.572,34.16316716614457,82.7,30653,1,1,synthetic_demo
33,74,35.72,37.279675819183836,85,30700,1,1,synthetic_demo
34.9,77.1,37.867999999999995,40.671254114881705,87.3,30747,1,1,synthetic_demo
36.8,80.2,40.016,44.36850726999762,89.6,30794,1,1,synthetic_demo
38.7,83.3,42.164,48.40476085905141,91.9,30841,1,1,synthetic_demo
40.6,86.4,44.312000000000005,52.81624073837558,94.2,30888,1,1,synthetic_demo
42.5,89.5,46.46,57.642260284692014,16.5,30935,1,1,synthetic_demo
44.4,92.6,48.608,62.9254149795106,18.8,30982,1,1,synthetic_demo
29.3,95.7,33.756,35.881657419359115,21.1,31029,1,1,synthetic_demo
31.2,37.8,31.2,28.380693145945212,23.4,31076,1,1,synthetic_demo
33.1,40.9,33.172000000000004,30.83847103297747,25.7,31123,1,1,synthetic_demo
35,44,35.32,33.50774039760749,28,31170,1,1,synthetic_demo
36.9,47.1,37.467999999999996,36.41405643937014,30.3,31217,1,1,synthetic_demo
38.8,50.2,39.616,39.58538703503811,32.6,31264,1,1,synthetic_demo
40.7,53.3,41.764,43.052280517050384,34.9,31311,1,1,synthetic_demo
42.6,56.4,43.912,46.84804065334494,37.2,31358,1,1,synthetic_demo
44.5,59.5,46.06,51.008908875164906,39.5,31405,1,1,synthetic_demo
29.4,62.6,31.208,30.694589916655417,41.8,31452,1,1,synthetic_demo
31.3,65.7,33.356,33.48661300895872,44.1,31499,1,1,synthetic_demo
33.2,68.8,35.504000000000005,36.51843699776866,46.4,31546,1,1,synthetic_demo
35.1,71.9,37.652,39.81756558055948,48.7,31593,1,1,synthetic_demo
37,75,39.8,43.41401728361292,51,31640,1,1,synthetic_demo
38.9,78.1,41.948,47.3404968171461,53.3,31687,1,1,synthetic_demo
40.8,81.2,44.096,51.63257368473282,55.6,31734,1,1,synthetic_demo
42.7,84.3,46.244,56.32886809215661,57.9,31781,1,1,synthetic_demo
44.6,87.4,48.392,61.4712441883118,60.2,31828,1,1,synthetic_demo
29.5,90.5,33.54,35.330160604674575,62.5,31875,1,1,synthetic_demo
31.4,93.6,35.687999999999995,38.64978993094165,64.8,31922,1,1,synthetic_demo
33.3,35.7,33.3,29.99807600755949,67.1,31969,1,1,synthetic_demo
35.2,38.8,35.2,32.56731941309587,69.4,32016,1,1,synthetic_demo
37.1,41.9,37.252,35.36466152847218,71.7,32063,1,1,synthetic_demo
39,45,39.4,38.41741343940747,74,32110,1,1,synthetic_demo
40.9,48.1,41.548,41.75542980333527,76.3,32157,1,1,synthetic_demo
42.8,51.2,43.696,45.41128248756235,78.6,32204,1,1,synthetic_demo
44.7,54.3,45.844,49.42044144339266,80.9,32251,1,1,synthetic_demo
29.6,57.4,30.992,30.07736739997382,83.2,32298,1,1,synthetic_demo
31.5,60.5,33.14,32.79016212727859,85.5,32345,1,1,synthetic_demo
33.4,63.6,35.288,35.735406365568565,87.8,32392,1,1,synthetic_demo
35.3,66.7,37.436,38.940041356043594,90.1,32439,1,1,synthetic_demo
37.2,69.8,39.584,42.433489941420675,92.4,32486,1,1,synthetic_demo
39.1,72.9,41.732,46.247826618630754,94.7,32533,1,1,synthetic_demo
41,76,43.88,50.417954829838024,17,32580,1,1,synthetic_demo
42.9,79.1,46.028,54.98179153821188,19.3,32627,1,1,synthetic_demo
44.8,82.2,48.175999999999995,59.98045912239594,21.6,32674,1,1,synthetic_demo
29.7,85.3,33.324,34.76095127635649,23.9,32721,1,1,synthetic_demo
31.6,88.4,35.472,38.00612458890106,26.2,32768,1,1,synthetic_demo
33.5,91.5,37.62,41.53617453635178,28.5,32815,1,1,synthetic_demo
35.4,94.6,39.768,45.38229425109466,30.8,32862,1,1,synthetic_demo
37.3,36.7,37.3,34.28826241346454,33.1,32909,1,1,synthetic_demo
39.2,39.8,39.2,37.21999273863419,35.4,32956,1,1,synthetic_demo
41.1,42.9,41.332,40.42650791281251,37.7,33003,1,1,synthetic_demo
43,46,43.48,43.93963767048163,40,33050,1,1,synthetic_demo
44.9,49.1,45.628,47.79406988381095,42.3,33097,1,1,synthetic_demo
29.8,52.2,30.776,29.441721015992478,44.6,33144,1,1,synthetic_demo
31.7,55.3,32.924,32.07350955267372,46.9,33191,1,1,synthetic_demo
33.6,58.4,35.072,34.930254628241045,49.2,33238,1,1,synthetic_demo
35.5,61.5,37.22,38.03832632683702,51.5,33285,1,1,synthetic_demo
37.4,64.6,39.367999999999995,41.426542754386716,53.8,33332,1,1,synthetic_demo
39.3,67.7,41.516,45.12633878475898,56.1,33379,1,1,synthetic_demo
41.2,70.8,43.664,49.17194202868461,58.4,33426,1,1,synthetic_demo
43.1,73.9,45.812000000000005,53.6005560731634,60.7,33473,1,1,synthetic_demo
28,77,30.96,31.254447274486065,63,33520,1,1,synthetic_demo
29.9,80.1,33.108,34.17375055708976,65.3,33567,1,1,synthetic_demo
31.8,83.2,35.256,37.3427257666755,67.6,33614,1,1,synthetic_demo
33.7,86.3,37.404,40.789477891336304,69.9,33661,1,1,synthetic_demo
35.6,89.4,39.552,44.54465364841866,72.2,33708,1,1,synthetic_demo
37.5,92.5,41.7,48.64161370029136,74.5,33755,1,1,synthetic_demo
39.4,95.6,43.848,53.11661215404402,76.8,33802,1,1,synthetic_demo
41.3,37.7,41.3,39.06506356500009,79.1,33849,1,1,synthetic_demo
43.2,40.8,43.264,42.43262199996937,81.4,33896,1,1,synthetic_demo
28.1,43.9,28.412000000000003,26.432168214575935,83.7,33943,1,1,synthetic_demo
30,47,30.56,28.787365470033773,86,33990,1,1,synthetic_demo
31.9,50.1,32.708,31.3363468951614,88.3,34037,1,1,synthetic_demo
33.8,53.2,34.855999999999995,34.10264885708925,90.6,34084,1,1,synthetic_demo
35.7,56.3,37.004000000000005,37.11206152259359,92.9,34131,1,1,synthetic_demo
37.6,59.4,39.152,40.3927891473419,15.2,34178,1,1,synthetic_demo
39.5,62.5,41.3,43.975617511484785,17.5,34225,1,1,synthetic_demo
41.4,65.6,43.448,47.894088562846065,19.8,34272,1,1,synthetic_demo
43.3,68.7,45.596,52.1846823167548,22.1,34319,1,1,synthetic_demo
28.2,71.8,30.744,30.720219150223837,24.4,34366,1,1,synthetic_demo
30.1,74.9,32.892,33.56827637063303,26.7,34413,1,1,synthetic_demo
32,78,35.04,36.65928849970096,29,34460,1,1,synthetic_demo
33.9,81.1,37.187999999999995,40.02083707801516,31.3,34507,1,1,synthetic_demo
35.8,84.2,39.336,43.683013742756756,33.6,34554,1,1,synthetic_demo
37.7,87.3,41.484,47.67859116141855,35.9,34601,1,1,synthetic_demo
39.6,90.4,43.632000000000005,52.04320123175414,38.2,34648,1,1,synthetic_demo
41.5,93.5,45.78,56.815520595743436,40.5,34695,1,1,synthetic_demo
43.4,35.6,43.4,40.88974638406856,42.8,34742,1,1,synthetic_demo
28.3,38.7,28.3,25.836221565879466,45.1,34789,0,1,synthetic_demo
30.2,41.8,30.343999999999998,28.114012223209734,47.4,34836,1,1,synthetic_demo
32.1,44.9,32.492000000000004,30.578362315185093,49.7,34883,1,1,synthetic_demo
34,48,34.64,33.25225245987967,52,34930,1,1,synthetic_demo
35.9,51.1,36.788,36.16088408676096,54.3,34977,1,1,synthetic_demo
37.8,54.2,38.936,39.331838427438065,56.6,35024,1,1,synthetic_demo
39.7,57.3,41.084,42.795242636720786,58.9,35071,1,1,synthetic_demo
41.6,60.4,43.232,46.58394310652702,61.2,35118,1,1,synthetic_demo
43.5,63.5,45.38,50.73368602300384,63.5,35165,1,1,synthetic_demo
28.4,66.6,30.528,30.169086514368065,65.8,35212,1,1,synthetic_demo
30.3,69.7,32.676,32.944243415013005,68.1,35259,1,1,synthetic_demo
32.2,72.8,34.824000000000005,35.95550439311193,70.4,35306,1,1,synthetic_demo
34.1,75.9,36.972,39.22991916540116,72.7,35353,1,1,synthetic_demo
36,79,39.12,42.79701556424243,75,35400,1,1,synthetic_demo
37.9,82.1,41.268,46.68896918481114,77.3,35447,1,1,synthetic_demo
39.8,85.2,43.416,50.940780281211715,79.6,35494,1,1,synthetic_demo
41.7,88.3,45.564,55.59045796055946,81.9,35541,1,1,synthetic_demo
43.6,91.4,47.712,60.67921171158554,84.2,35588,1,1,synthetic_demo
28.5,94.5,32.86,34.55149987189221,86.5,35635,1,1,synthetic_demo
30.4,36.6,30.4,27.42136946540062,88.8,35682,1,1,synthetic_demo
32.3,39.7,32.3,29.799240495445318,91.1,35729,1,1,synthetic_demo
34.2,42.8,34.424,32.3787251515101,93.4,35776,1,1,synthetic_demo
36.1,45.9,36.572,35.184427246072374,15.7,35823,1,1,synthetic_demo
38,49,38.72,38.24329575245146,18,35870,1,1,synthetic_demo
39.9,52.1,40.868,41.58478960744248,20.3,35917,1,1,synthetic_demo
41.8,55.2,43.016,45.24104969245926,22.6,35964,1,1,synthetic_demo
43.7,58.3,45.164,49.24707804488227,24.9,36011,1,1,synthetic_demo
28.6,61.4,30.312,29.600782717900437,27.2,36058,0,1,synthetic_demo
30.5,64.5,32.46,32.30136313557314,29.5,36105,1,1,synthetic_demo
32.4,67.6,34.608,35.231061593643105,31.8,36152,1,1,synthetic_demo
34.3,70.7,36.756,38.41638754978636,34.1,36199,1,1,synthetic_demo
36.2,73.8,38.904,41.88629624725647,36.4,36246,1,1,synthetic_demo
38.1,76.9,41.052,45.6723570711325,38.7,36293,1,1,synthetic_demo
40,80,43.2,49.80892913658708,41,36340,1,1,synthetic_demo
41.9,83.1,45.348,54.33334415947843,43.3,36387,1,1,synthetic_demo
43.8,86.2,47.495999999999995,59.28609664712722,45.6,36434,1,1,synthetic_demo
28.7,89.3,32.644,34.02889705106702,47.9,36481,1,1,synthetic_demo
30.6,92.4,34.792,37.23638627195164,50.2,36528,1,1,synthetic_demo
32.5,95.5,36.94,40.7233269420757,52.5,36575,1,1,synthetic_demo
34.4,37.6,34.4,31.48172292452794,54.8,36622,1,1,synthetic_demo
36.3,40.7,36.355999999999995,34.18232027988704,57.1,36669,1,1,synthetic_demo
38.2,43.8,38.504000000000005,37.12676209893322,59.4,36716,1,1,synthetic_demo
40.1,46.9,40.652,40.343829446638445,61.7,36763,1,1,synthetic_demo
42,50,42.8,43.86494767764245,64,36810,1,1,synthetic_demo
43.9,53.1,44.948,47.72436429883982,66.3,36857,1,1,synthetic_demo
28.8,56.2,30.096,29.015038030383533,68.6,36904,1,1,synthetic_demo
30.7,59.3,32.244,31.639343697876352,70.9,36951,1,1,synthetic_demo
32.6,62.4,34.392,34.485644761383284,73.2,36998,1,1,synthetic_demo
34.5,65.5,36.54,37.57990192533234,75.5,37045,1,1,synthetic_demo
36.4,68.6,38.687999999999995,40.95048899984005,77.8,37092,1,1,synthetic_demo
38.3,71.7,40.836,44.6283599616778,80.1,37139,1,1,synthetic_demo
40.2,74.8,42.984,48.64722323074967,82.4,37186,1,1,synthetic_demo
42.1,77.9,45.132000000000005,53.043723213661636,84.7,37233,1,1,synthetic_demo
44,81,47.28,57.85762915355586,87,37280,1,1,synthetic_demo
28.9,84.1,32.428,33.48926831884205,89.3,37327,1,1,synthetic_demo
30.8,87.2,34.576,36.625097728768836,91.6,37374,1,1,synthetic_demo
32.7,90.3,36.724000000000004,40.03363684902968,93.9,37421,1,1,synthetic_demo
34.6,93.4,38.872,43.744989969788456,16.2,37468,1,1,synthetic_demo
36.5,35.5,36.5,33.15418848937877,18.5,37515,1,1,synthetic_demo
38.4,38.6,38.4,35.981834230206765,20.8,37562,1,1,synthetic_demo
40.3,41.7,40.436,39.07192872010618,23.1,37609,1,1,synthetic_demo
42.2,44.8,42.584,42.45517170892961,25.4,37656,1,1,synthetic_demo
44.1,47.9,44.732,46.165045729171844,27.7,37703,1,1,synthetic_demo
29,51,29.88,28.41157961385221,30,37750,1,1,synthetic_demo
30.9,54.1,32.028,30.957889960461557,32.3,37797,1,1,synthetic_demo
32.8,57.2,34.175999999999995,33.71893504138107,34.6,37844,1,1,synthetic_demo
34.7,60.3,36.324000000000005,36.720118254510375,36.9,37891,1,1,synthetic_demo
36.6,63.4,38.472,39.989223072956165,39.2,37938,1,1,synthetic_demo
38.5,66.5,40.62,43.556578806444676,41.5,37985,1,1,synthetic_demo
40.4,69.6,42.768,47.45523356213784,43.8,38032,1,1,synthetic_demo
42.3,72.7,44.916,51.7211344577192,46.1,38079,1,1,synthetic_demo
44.2,75.8,47.064,56.393315127245785,48.4,38126,1,1,synthetic_demo
29.1,78.9,32.212,32.93234395310929,50.7,38173,1,1,synthetic_demo
31,82,34.36,35.99482778845474,53,38220,1,1,synthetic_demo
32.9,85.1,36.507999999999996,39.323143813473564,55.3,38267,1,1,synthetic_demo
34.8,88.2,38.656,42.94686332936029,57.6,38314,1,1,synthetic_demo
36.7,91.3,40.804,46.89819914548207,59.9,38361,1,1,synthetic_demo
38.6,94.4,42.952,51.21218204495882,62.2,38408,1,1,synthetic_demo
40.5,36.5,40.5,37.76864950309354,64.5,38455,1,1,synthetic_demo
42.4,39.6,42.4,41.011251688457214,66.8,38502,1,1,synthetic_demo
44.3,42.7,44.516,44.568618272230964,69.1,38549,1,1,synthetic_demo
29.2,45.8,29.663999999999998,27.790131496560655,71.4,38596,1,1,synthetic_demo
31.1,48.9,31.812,30.25670344745373,73.7,38643,1,1,synthetic_demo
33,52,33.96,32.930610035102156,76,38690,1,1,synthetic_demo
34.9,55.1,36.108,35.836688738391466,78.3,38737,1,1,synthetic_demo
36.8,58.2,38.256,39.00212372959927,80.6,38784,1,1,synthetic_demo
38.7,61.3,40.404,42.456610332051035,82.9,38831,1,1,synthetic_demo
40.6,64.4,42.552,46.23252666147439,85.2,38878,1,1,synthetic_demo
42.5,67.5,44.7,50.36511250521464,87.5,38925,1,1,synthetic_demo
44.4,70.6,46.848,54.892655481138746,89.8,38972,1,1,synthetic_demo
29.3,73.7,31.996000000000002,32.357851116058164,92.1,39019,1,1,synthetic_demo
31.2,76.8,34.144,35.34528131239662,94.4,39066,1,1,synthetic_demo
33.1,79.9,36.292,38.59152898618336,16.7,39113,1,1,synthetic_demo
35,83,38.44,42.1256239318505,19,39160,1,1,synthetic_demo
36.9,86.1,40.588,45.97920508343459,21.3,39207,1,1,synthetic_demo
38.8,89.2,42.736,50.18669568775696,23.6,39254,1,1,synthetic_demo
40.7,92.3,44.884,54.78548577342872,25.9,39301,1,1,synthetic_demo
42.6,95.4,47.032000000000004,59.81612195618986,28.2,39348,1,1,synthetic_demo
44.5,37.5,44.5,42.934572820482074,30.5,39395,1,1,synthetic_demo
29.4,40.6,29.448,27.150414546584823,32.8,39442,1,1,synthetic_demo
31.3,43.7,31.596,29.53548232102734,35.1,39489,1,1,synthetic_demo
33.2,46.8,33.744,32.120343771737986,37.4,39536,1,1,synthetic_demo
35.1,49.9,35.892,34.929261786786064,39.7,39583,1,1,synthetic_demo
37,53,38.04,37.98881221375313,42,39630,1,1,synthetic_demo
38.9,56.1,40.187999999999995,41.32804700949931,44.3,39677,1,1,synthetic_demo
40.8,59.2,42.336,44.97866455832738,46.6,39724,1,1,synthetic_demo
42.7,62.3,44.484,48.97518721401372,48.9,39771,1,1,synthetic_demo
44.6,65.4,46.632000000000005,53.35514610887404,51.2,39818,1,1,synthetic_demo
29.5,68.5,31.78,31.76551382784761,53.5,39865,1,1,synthetic_demo
31.4,71.6,33.928,34.67615981896819,55.8,39912,1,1,synthetic_demo
33.3,74.7,36.076,37.838469965397586,58.1,39959,1,1,synthetic_demo
35.2,77.8,38.224000000000004,41.28092397780564,60.4,40006,1,1,synthetic_demo
37.1,80.9,40.372,45.034577986954645,62.7,40053,1,1,synthetic_demo
39,84,42.52,49.13323842022727,65,40100,1,1,synthetic_demo
40.9,87.1,44.668,53.6136431573909,67.3,40147,1,1,synthetic_demo
42.8,90.2,46.815999999999995,58.51565000738524,69.6,40194,1,1,synthetic_demo
44.7,93.3,48.964000000000006,63.88243253533214,71.9,40241,1,1,synthetic_demo
29.6,35.4,29.6,26.492146445280024,74.2,40288,1,1,synthetic_demo
31.5,38.5,31.5,28.79392135372274,76.5,40335,1,1,synthetic_demo
33.4,41.6,33.528,31.287806679365605,78.8,40382,1,1,synthetic_demo
35.3,44.7,35.675999999999995,33.997481988233105,81.1,40429,1,1,synthetic_demo
37.2,47.8,37.824000000000005,36.94890571919639,83.4,40476,1,1,synthetic_demo
39.1,50.9,39.972,40.17047702178745,85.7,40523,1,1,synthetic_demo
41,54,42.12,43.69320474751649,88,40570,1,1,synthetic_demo
42.9,57.1,44.268,47.55088365147786,90.3,40617,1,1,synthetic_demo
44.8,60.2,46.416,51.780277848762,92.6,40664,1,1,synthetic_demo
29.7,63.3,31.564,31.15505294013325,94.9,40711,1,1,synthetic_demo
31.6,66.4,33.712,33.98716145591663,17.2,40758,1,1,synthetic_demo
33.5,69.5,35.86,37.06364076804862,19.5,40805,1,1,synthetic_demo
35.4,72.6,38.007999999999996,40.41241186711916,21.8,40852,1,1,synthetic_demo
37.3,75.7,40.156,44.063939092623045,24.1,40899,1,1,synthetic_demo
39.2,78.8,42.304,48.05140270865262,26.4,40946,1,1,synthetic_demo
41.1,81.9,44.452,52.41087874264206,28.7,40993,1,1,synthetic_demo
43,85,46.6,57.1815261302378,31,41040,1,1,synthetic_demo
44.9,88.1,48.748,62.4057811968176,33.3,41087,1,1,synthetic_demo
29.8,91.2,33.896,35.870834418745474,35.6,41134,1,1,synthetic_demo
31.7,94.3,36.044,39.23851448132247,37.9,41181,1,1,synthetic_demo
33.6,36.4,33.6,30.43266555595846,40.2,41228,1,1,synthetic_demo
35.5,39.5,35.5,33.040990079838416,42.5,41275,1,1,synthetic_demo
37.4,42.6,37.608,35.88201735815594,44.8,41322,1,1,synthetic_demo
39.3,45.7,39.756,38.983484231366106,47.1,41369,1,1,synthetic_demo
41.2,48.8,41.904,42.375700155364534,49.4,41416,1,1,synthetic_demo
43.1,51.9,44.052,46.09172205950176,51.7,41463,1,1,synthetic_demo
28,55,29.2,27.98631948177576,54,41510,1,1,synthetic_demo
29.9,58.1,31.348,30.52618610944963,56.3,41557,1,1,synthetic_demo
31.8,61.2,33.496,33.27798097260265,58.6,41604,1,1,synthetic_demo
33.7,64.3,35.644000000000005,36.26671180084501,60.9,41651,1,1,synthetic_demo
35.6,67.4,37.792,39.519732168942035,63.2,41698,1,1,synthetic_demo
37.5,70.5,39.94,43.06690557697881,65.5,41745,1,1,synthetic_demo
39.4,73.6,42.088,46.94077672110502,67.8,41792,1,1,synthetic_demo
41.3,76.7,44.236,51.17675001155192,70.1,41839,1,1,synthetic_demo
43.2,79.8,46.384,55.813275382293035,72.4,41886,1,1,synthetic_demo
28.1,82.9,31.532000000000004,32.25948621841332,74.7,41933,1,1,synthetic_demo
30,86,33.68,35.29071128559371,77,41980,1,1,synthetic_demo
31.9,89.1,35.827999999999996,38.58291034648464,79.3,42027,1,1,synthetic_demo
33.8,92.2,37.976,42.16512828239904,81.6,42074,1,1,synthetic_demo
35.7,95.3,40.124,46.06901177803144,83.9,42121,1,1,synthetic_demo
37.6,37.4,37.6,34.78775612980786,86.2,42168,1,1,synthetic_demo
39.5,40.5,39.54,37.76664814744214,88.5,42215,1,1,synthetic_demo
41.4,43.6,41.687999999999995,41.02569910579403,90.8,42262,1,1,synthetic_demo
43.3,46.7,43.836,44.59721781939518,93.1,42309,1,1,synthetic_demo
28.2,49.8,28.983999999999998,27.413840023414306,15.4,42356,0,1,synthetic_demo
30.1,52.9,31.132,29.8786277704471,17.7,42403,0,1,synthetic_demo
32,56,33.28,32.548309692093,20,42450,1,1,synthetic_demo
33.9,59.1,35.428,35.44734983120464,22.3,42497,1,1,synthetic_demo
35.8,62.2,37.576,38.60252559144264,24.6,42544,1,1,synthetic_demo
37.7,65.3,39.724000000000004,42.04309052509314,26.9,42591,1,1,synthetic_demo
39.6,68.4,41.872,45.80094429482283,29.2,42638,1,1,synthetic_demo
41.5,71.5,44.02,49.910809867333214,31.5,42685,1,1,synthetic_demo
43.4,74.6,46.168,54.41041798459311,33.8,42732,1,1,synthetic_demo
28.3,77.7,31.316000000000003,31.731692911339398,36.1,42779,1,1,synthetic_demo
30.2,80.8,33.464,34.692334632424554,38.4,42826,1,1,synthetic_demo
32.1,83.9,35.612,37.90728949318551,40.7,42873,1,1,synthetic_demo
34,87,37.76,41.40508258353191,43,42920,1,1,synthetic_demo
35.9,90.1,39.908,45.216809319318244,45.3,42967,1,1,synthetic_demo
37.8,93.2,42.056,49.376308882605684,47.6,43014,1,1,synthetic_demo
39.7,35.3,39.7,36.51954389312816,49.9,43061,1,1,synthetic_demo
41.6,38.4,41.6,39.642745286268834,52.2,43108,1,1,synthetic_demo
43.5,41.5,43.62,43.06688141660881,54.5,43155,1,1,synthetic_demo
28.4,44.6,28.767999999999997,26.824066945057293,56.8,43202,1,1,synthetic_demo
30.3,47.7,30.916,29.212089108983076,59.1,43249,1,1,synthetic_demo
32.2,50.8,33.064,31.797835483105583,61.4,43296,1,1,synthetic_demo
34.1,53.9,35.212,34.6052179580385,63.7,43343,1,1,synthetic_demo
36,57,37.36,37.660428951415426,66,43390,1,1,synthetic_demo
37.9,60.1,39.507999999999996,40.99210289899086,68.3,43437,1,1,synthetic_demo
39.8,63.2,41.656,44.63148490343404,70.6,43484,1,1,synthetic_demo
41.7,66.3,43.804,48.612606600057674,72.9,43531,1,1,synthetic_demo
43.6,69.4,45.952,52.97246928647742,75.2,43578,1,1,synthetic_demo
28.5,72.5,31.1,31.187013129229474,77.5,43625,1,1,synthetic_demo
30.4,75.6,33.248,34.07541889574554,79.8,43672,1,1,synthetic_demo
32.3,78.7,35.396,37.211343249157345,82.1,43719,1,1,synthetic_demo
34.2,81.8,37.544000000000004,40.62278311667118,84.4,43766,1,1,synthetic_demo
36.1,84.9,39.692,44.34027392574173,86.7,43813,1,1,synthetic_demo
38,88,41.84,48.39706175950467,89,43860,1,1,synthetic_demo
39.9,91.1,43.988,52.82928278767774,91.3,43907,1,1,synthetic_demo
41.8,94.2,46.135999999999996,57.67615001865331,93.6,43954,1,1,synthetic_demo
43.7,36.3,43.7,41.50021840530406,15.9,44001,1,1,synthetic_demo
28.6,39.4,28.6,26.216730278261846,18.2,44048,1,1,synthetic_demo
30.5,42.5,30.7,28.526278035067577,20.5,44095,1,1,synthetic_demo
32.4,45.6,32.848,31.02624273180659,22.8,44142,1,1,synthetic_demo
34.3,48.7,34.995999999999995,33.73997558238466,25.1,44189,1,1,synthetic_demo
36.2,51.8,37.144000000000005,36.693075143738284,27.4,44236,1,1,synthetic_demo
38.1,54.9,39.292,39.91354750591904,29.7,44283,1,1,synthetic_demo
40,58,41.44,43.43197362402563,32,44330,1,1,synthetic_demo
41.9,61.1,43.588,47.281683852516636,34.3,44377,1,1,synthetic_demo
43.8,64.2,45.736,51.498939730227,36.6,44424,1,1,synthetic_demo
28.7,67.3,30.884,30.625179972416692,38.9,44471,1,1,synthetic_demo
30.6,70.4,33.032000000000004,33.439675254820294,41.2,44518,1,1,synthetic_demo
32.5,73.5,35.18,36.49475947897973,43.5,44565,1,1,synthetic_demo
34.4,76.6,37.327999999999996,39.817892979224474,45.8,44612,1,1,synthetic_demo
36.3,79.7,39.476,43.439042415405325,48.1,44659,1,1,synthetic_demo
38.2,82.8,41.624,47.390851639079244,50.4,44706,1,1,synthetic_demo
40.1,85.9,43.772000000000006,51.70881981804356,52.7,44753,1,1,synthetic_demo
42,89,45.92,56.43148686620356,55,44800,1,1,synthetic_demo
43.9,92.1,48.068,61.60062621324194,57.3,44847,1,1,synthetic_demo
28.8,95.2,33.216,35.08393630769595,59.6,44894,1,1,synthetic_demo
30.7,37.3,30.7,27.820899155662527,61.9,44941,1,1,synthetic_demo
32.6,40.4,32.632,30.233212313459692,64.2,44988,1,1,synthetic_demo
34.5,43.5,34.78,32.85127837789247,66.5,45035,1,1,synthetic_demo
36.4,46.6,36.928,35.700093110678516,68.8,45082,1,1,synthetic_demo
38.3,49.7,39.076,38.80702496646285,71.1,45129,1,1,synthetic_demo
40.2,52.8,41.224000000000004,42.20198110405859,73.4,45176,1,1,synthetic_demo
42.1,55.9,43.372,45.917580585926636,75.7,45223,1,1,synthetic_demo
44,59,45.52,49.989334815553036,78,45270,1,1,synthetic_demo
28.9,62.1,30.668,30.045923455411316,80.3,45317,1,1,synthetic_demo
30.8,65.2,32.816,32.78481160453817,82.6,45364,1,1,synthetic_demo
32.7,68.3,34.964000000000006,35.757222555799856,84.9,45411,1,1,synthetic_demo
34.6,71.4,37.112,38.990071561487106,87.2,45458,1,1,synthetic_demo
36.5,74.5,39.26,42.51274767489346,89.5,45505,1,1,synthetic_demo
38.4,77.6,41.408,46.357283322902724,91.8,45552,1,1,synthetic_demo
40.3,80.7,43.556,50.55853112020549,94.1,45599,1,1,synthetic_demo
42.2,83.8,45.704,55.154347973399595,16.4,45646,1,1,synthetic_demo
44.1,86.9,47.852000000000004,60.185786510752266,18.7,45693,1,1,synthetic_demo
29,90,33,34.5510816715039,21,45740,1,1,synthetic_demo
30.9,93.1,35.147999999999996,37.80458142918615,23.3,45787,1,1,synthetic_demo
32.8,35.2,32.8,29.418421563926813,25.6,45834,0,1,synthetic_demo
34.7,38.3,34.7,31.938778261156674,27.9,45881,1,1,synthetic_demo
36.6,41.4,36.712,34.681107811047085,30.2,45928,1,1,synthetic_demo
38.5,44.5,38.86,37.672131682508095,32.5,45975,1,1,synthetic_demo
40.4,47.6,41.007999999999996,40.941073528128754,34.8,46022,1,1,synthetic_demo
42.3,50.7,43.156,44.51983104547955,37.1,46069,1,1,synthetic_demo
44.2,53.8,45.304,48.44315506392906,39.4,46116,1,1,synthetic_demo
29.1,56.9,30.452,29.448970480759424,41.7,46163,1,1,synthetic_demo
31,60,32.6,32.11053252813762,44,46210,1,1,synthetic_demo
32.9,63.1,34.748,34.998413332904605,46.3,46257,1,1,synthetic_demo
34.8,66.2,36.896,38.1389745170482,48.6,46304,1,1,synthetic_demo
36.7,69.3,39.044000000000004,41.56101862849843,50.9,46351,1,1,synthetic_demo
38.6,72.4,41.192,45.295957415837066,53.2,46398,1,1,synthetic_demo
40.5,75.5,43.34,49.37798732831679,55.5,46445,1,1,synthetic_demo
42.4,78.6,45.488,53.844272290725684,57.8,46492,1,1,synthetic_demo
44.3,81.7,47.635999999999996,58.73513379019368,60.1,46539,1,1,synthetic_demo
29.2,84.8,32.784,34.000950893195274,62.4,46586,1,1,synthetic_demo
31.1,87.9,34.932,37.18179822149658,64.7,46633,1,1,synthetic_demo
33,91,37.08,40.64031756142877,67,46680,1,1,synthetic_demo
34.9,94.1,39.227999999999994,44.407054633078715,69.3,46727,1,1,synthetic_demo
36.8,36.2,36.8,33.63574018920092,71.6,46774,1,1,synthetic_demo
38.7,39.3,38.7,36.50845980505066,73.9,46821,1,1,synthetic_demo
40.6,42.4,40.792,39.6488125845732,76.2,46868,1,1,synthetic_demo
42.5,45.5,42.94,43.08796472573728,78.5,46915,1,1,synthetic_demo
44.4,48.6,45.088,46.8598959827669,80.8,46962,1,1,synthetic_demo
29.3,51.7,30.236,28.834044812757224,83.1,47009,1,1,synthetic_demo
31.2,54.8,32.384,31.41653926978301,85.4,47056,1,1,synthetic_demo
33.1,57.9,34.532000000000004,34.218009115144135,87.7,47103,1,1,synthetic_demo
35,61,36.68,37.26425373304674,90,47150,1,1,synthetic_demo
36.9,64.1,38.827999999999996,40.583480207295665,92.3,47197,1,1,synthetic_demo
38.8,67.2,40.976,44.20647029391556,94.6,47244,1,1,synthetic_demo
40.7,70.3,43.124,48.16675460316402,16.9,47291,1,1,synthetic_demo
42.6,73.4,45.272000000000006,52.50079404176452,19.2,47338,1,1,synthetic_demo
44.5,76.5,47.42,57.248168553783444,21.5,47385,1,1,synthetic_demo
29.4,79.6,32.568,33.433270884437235,23.8,47432,1,1,synthetic_demo
31.3,82.7,34.716,36.539759449632975,26.1,47479,1,1,synthetic_demo
33.2,85.8,36.864000000000004,39.91696358151964,28.4,47526,1,1,synthetic_demo
35.1,88.9,39.012,43.594891239384395,30.7,47573,1,1,synthetic_demo
37,92,41.16,47.60622120123185,33,47620,1,1,synthetic_demo
38.9,95.1,43.308,51.98648075941861,35.3,47667,1,1,synthetic_demo
40.8,37.2,40.8,38.32475543192193,37.6,47714,1,1,synthetic_demo
42.7,40.3,42.724000000000004,41.62150633587083,39.9,47761,1,1,synthetic_demo
44.6,43.4,44.872,45.23904802943629,42.2,47808,1,1,synthetic_demo
29.5,46.5,30.02,28.20086705102064,44.5,47855,1,1,synthetic_demo
31.4,49.6,32.168,30.70252970699472,46.8,47902,1,1,synthetic_demo
33.3,52.7,34.315999999999995,33.415683630206864,49.1,47949,1,1,synthetic_demo
35.2,55.8,36.464000000000006,36.365557300277054,51.4,47996,1,1,synthetic_demo
37.1,58.9,38.612,39.579753318067105,53.7,48043,1,1,synthetic_demo
39,62,40.76,43.08841407207251,56,48090,1,1,synthetic_demo
40.9,65.1,42.908,46.92439459869284,58.3,48137,1,1,synthetic_demo
42.8,68.2,45.056,51.12344268851079,60.6,48184,1,1,synthetic_demo
44.7,71.3,47.204,55.72438627834064,62.9,48231,1,1,synthetic_demo
29.6,74.4,32.352000000000004,32.84776541041903,65.2,48278,1,1,synthetic_demo
31.5,77.5,34.5,35.87816636138993,67.5,48325,1,1,synthetic_demo
33.4,80.6,36.647999999999996,39.172187941270856,69.8,48372,1,1,synthetic_demo
35.3,83.7,38.796,42.759291776624416,72.1,48419,1,1,synthetic_demo
37.2,86.8,40.944,46.67157774950307,74.4,48466,1,1,synthetic_demo
39.1,89.9,43.092,50.943960398009665,76.7,48513,1,1,synthetic_demo
41,93,45.24,55.614352620722855,79,48560,1,1,synthetic_demo
42.9,35.1,42.9,40.11997576474383,81.3,48607,1,1,synthetic_demo
44.8,38.2,44.8,43.58009657512804,83.6,48654,1,1,synthetic_demo
29.7,41.3,29.804,27.54915460391,85.9,48701,1,1,synthetic_demo
31.6,44.4,31.952,29.968198322932206,88.2,48748,1,1,synthetic_demo
33.5,47.5,34.1,32.591106999745456,90.5,48795,1,1,synthetic_demo
35.4,50.6,36.248,35.44252948314365,92.8,48842,1,1,synthetic_demo
37.3,53.7,38.396,38.54945481207209,15.1,48889,1,1,synthetic_demo
39.2,56.8,40.544000000000004,41.94137657171915,17.4,48936,1,1,synthetic_demo
41.1,59.9,42.692,45.65046442837924,19.7,48983,1,1,synthetic_demo
43,63,44.84,49.71174289652919,22,49030,1,1,synthetic_demo
44.9,66.1,46.988,54.163277379224105,24.3,49077,1,1,synthetic_demo
29.8,69.2,32.136,32.24415506334635,26.6,49124,1,1,synthetic_demo
31.7,72.3,34.284,35.1967168292642,28.9,49171,1,1,synthetic_demo
33.6,75.4,36.432,38.40566436591395,31.2,49218,1,1,synthetic_demo
35.5,78.5,38.58,41.89990433588141,33.5,49265,1,1,synthetic_demo
37.4,81.6,40.727999999999994,45.71094874238321,35.8,49312,1,1,synthetic_demo
39.3,84.7,42.876,49.873090030562565,38.1,49359,1,1,synthetic_demo
41.2,87.8,45.024,54.42358347625013,40.4,49406,1,1,synthetic_demo
43.1,90.9,47.172000000000004,59.402836901901935,42.7,49453,1,1,synthetic_demo
28,94,32.32,33.779818750671296,45,49500,1,1,synthetic_demo
29.9,36.1,29.9,26.878621661809493,47.3,49547,1,1,synthetic_demo
31.8,39.2,31.8,29.213236178529804,49.6,49594,1,1,synthetic_demo
33.7,42.3,33.884,31.743945710353717,51.9,49641,1,1,synthetic_demo
35.6,45.4,36.032000000000004,34.4948106894654,54.2,49688,1,1,synthetic_demo
37.5,48.5,38.18,37.49219745366628,56.5,49735,1,1,synthetic_demo
39.4,51.6,40.327999999999996,40.764941288166014,58.8,49782,1,1,synthetic_demo
41.3,54.7,42.476,44.34451663144576,61.1,49829,1,1,synthetic_demo
43.2,57.8,44.624,48.26521449995661,63.4,49876,1,1,synthetic_demo
28.1,60.9,29.772000000000002,28.972281190607614,65.7,49923,1,1,synthetic_demo
30,64,31.92,31.62215723579067,68,49970,1,1,synthetic_demo
31.9,67.1,34.068,34.495105322661274,70.3,50017,1,1,synthetic_demo
33.8,70.2,36.215999999999994,37.61706296555762,72.6,50064,1,1,synthetic_demo
35.7,73.3,38.364000000000004,41.01637317239983,74.9,50111,1,1,synthetic_demo
37.6,76.4,40.512,44.723951024527295,77.2,50158,1,1,synthetic_demo
39.5,79.5,42.66,48.77345747460865,79.5,50205,1,1,synthetic_demo
41.4,82.6,44.808,53.20148041602265,81.8,50252,1,1,synthetic_demo
43.3,85.7,46.955999999999996,58.0477230647145,84.1,50299,1,1,synthetic_demo
28.2,88.8,32.104,33.27514847548574,86.4,50346,1,1,synthetic_demo
30.1,91.9,34.252,36.41936847077671,88.7,50393,1,1,synthetic_demo
32,95,36.4,39.83595394194347,91,50440,1,1,synthetic_demo
33.9,37.1,33.9,30.873862584394114,93.3,50487,1,1,synthetic_demo
35.8,40.2,35.815999999999995,33.52203744012852,15.6,50534,1,1,synthetic_demo
37.7,43.3,37.964000000000006,36.40758988876773,17.9,50581,1,1,synthetic_demo
39.6,46.4,40.112,39.55868735789151,20.2,50628,1,1,synthetic_demo
41.5,49.5,42.26,43.00609913892299,22.5,50675,1,1,synthetic_demo
43.4,52.6,44.408,46.783372466348496,24.8,50722,1,1,synthetic_demo
28.3,55.7,29.556,28.406042408772258,27.1,50769,0,1,synthetic_demo
30.2,58.8,31.704,30.98148609389312,29.4,50816,1,1,synthetic_demo
32.1,61.9,33.852000000000004,33.7730228799545,31.7,50863,1,1,synthetic_demo
34,65,36,36.80605020608705,34,50910,1,1,synthetic_demo
35.9,68.1,38.147999999999996,40.10833867531157,36.3,50957,1,1,synthetic_demo
37.8,71.2,40.296,43.71019734379318,38.6,51004,1,1,synthetic_demo
39.7,74.3,42.444,47.644646211315084,40.9,51051,1,1,synthetic_demo
41.6,77.4,44.592,51.94759596763562,43.2,51098,1,1,synthetic_demo
43.5,80.5,46.74,56.65803503703637,45.5,51145,1,1,synthetic_demo
28.4,83.6,31.887999999999998,32.75387436338093,47.8,51192,1,1,synthetic_demo
30.3,86.7,34.036,35.828180833308856,50.1,51239,1,1,synthetic_demo
32.2,89.8,36.184000000000005,39.16824855084411,52.4,51286,1,1,synthetic_demo
34.1,92.9,38.332,42.80355191654503,54.7,51333,1,1,synthetic_demo
36,35,36,32.523842338588416,57,51380,1,1,synthetic_demo
37.9,38.1,37.9,35.29523661317057,59.3,51427,1,1,synthetic_demo
39.8,41.2,39.896,38.32218952565637,61.6,51474,1,1,synthetic_demo
41.7,44.3,42.044000000000004,41.63475523955588,63.9,51521,1,1,synthetic_demo
43.6,47.4,44.192,45.2657268613693,66.2,51568,1,1,synthetic_demo
28.5,50.5,29.34,27.82252638656674,68.5,51615,1,1,synthetic_demo
30.4,53.6,31.488,30.32185255042277,70.8,51662,1,1,synthetic_demo
32.3,56.7,33.635999999999996,33.03015708039671,73.1,51709,1,1,synthetic_demo
34.2,59.8,35.784000000000006,35.97228887991365,75.4,51756,1,1,synthetic_demo
36.1,62.9,37.932,39.1754373372103,77.7,51803,1,1,synthetic_demo
38,66,40.08,42.6692963196285,80,51850,1,1,synthetic_demo
39.9,69.1,42.227999999999994,46.48623535267323,82.3,51897,1,1,synthetic_demo
41.8,72.2,44.376,50.661478039774615,84.6,51944,1,1,synthetic_demo
43.7,75.3,46.524,55.233287766374545,86.9,51991,1,1,synthetic_demo
28.6,78.4,31.672,32.21573233034844,89.2,52038,1,1,synthetic_demo
30.5,81.5,33.82,35.21847434960017,91.5,52085,1,1,synthetic_demo
32.4,84.6,35.967999999999996,38.480239805062226,93.8,52132,1,1,synthetic_demo
34.3,87.7,38.116,42.02997861550585,16.1,52179,1,1,synthetic_demo
36.2,90.8,40.264,45.8992398272478,18.4,52226,1,1,synthetic_demo
38.1,93.9,42.412,50.12234628061563,20.7,52273,1,1,synthetic_demo
40,36,40,37.055018111464186,23,52320,1,1,synthetic_demo
41.9,39.1,41.9,40.23002354555483,25.3,52367,1,1,synthetic_demo
43.8,42.2,43.976,43.71178281332678,27.6,52414,1,1,synthetic_demo
28.7,45.3,29.124,27.22146289376636,29.9,52461,1,1,synthetic_demo
30.6,48.4,31.272000000000002,29.642964237688954,32.2,52508,1,1,synthetic_demo
32.5,51.5,33.42,32.26619201588375,34.5,52555,1,1,synthetic_demo
34.4,54.6,35.568,35.115438076575145,36.8,52602,1,1,synthetic_demo
36.3,57.7,37.715999999999994,38.217301723574494,39.1,52649,1,1,synthetic_demo
38.2,60.8,39.864000000000004,41.600852411304565,41.4,52696,1,1,synthetic_demo
40.1,63.9,42.012,45.29779960853298,43.7,52743,1,1,synthetic_demo
42,67,44.16,49.34266988804089,46,52790,1,1,synthetic_demo
43.9,70.1,46.308,53.77299128716894,48.3,52837,1,1,synthetic_demo
28.8,73.2,31.456,31.660455228186382,50.6,52884,1,1,synthetic_demo
30.7,76.3,33.604,34.589959935041584,52.9,52931,1,1,synthetic_demo
32.6,79.4,35.752,37.771615289324245,55.2,52978,1,1,synthetic_demo
34.5,82.5,37.9,41.2338383028995,57.5,53025,1,1,synthetic_demo
36.4,85.6,40.048,45.00761309601032,59.8,53072,1,1,synthetic_demo
38.3,88.7,42.196,49.126664276162074,62.1,53119,1,1,synthetic_demo
40.2,91.8,44.344,53.62763760137459,64.4,53166,1,1,synthetic_demo
42.1,94.9,46.492000000000004,58.550287971456854,66.7,53213,1,1,synthetic_demo
44,37,44,42.12104047755021,69,53260,1,1,synthetic_demo
28.9,40.1,28.907999999999998,26.602578591980574,71.3,53307,1,1,synthetic_demo
30.8,43.2,31.056,28.9445254803075,73.6,53354,1,1,synthetic_demo
32.7,46.3,33.204,31.480808262570037,75.9,53401,1,1,synthetic_demo
34.6,49.4,35.352000000000004,34.235153153185756,78.2,53448,1,1,synthetic_demo
36.5,52.5,37.5,37.23356044203902,80.5,53495,1,1,synthetic_demo
38.4,55.6,39.647999999999996,40.50446588599731,82.8,53542,1,1,synthetic_demo
40.3,58.7,41.796,44.078909253482806,85.1,53589,1,1,synthetic_demo
42.2,61.8,43.944,47.99071008062165,87.4,53636,1,1,synthetic_demo
44.1,64.9,46.092,52.276650685245365,89.7,53683,1,1,synthetic_demo
29,68,31.240000000000002,31.087772818469613,92,53730,1,1,synthetic_demo
30.9,71.1,33.388,33.94234521605946,94.3,53777,1,1,synthetic_demo
32.8,74.2,35.535999999999994,37.04205909214117,16.6,53824,1,1,synthetic_demo
34.7,77.3,37.684000000000005,40.414790067556424,18.9,53871,1,1,synthetic_demo
36.6,80.4,39.832,44.09094850261318,21.2,53918,1,1,synthetic_demo
38.5,83.5,41.98,48.10365158403204,23.5,53965,1,1,synthetic_demo
40.4,86.6,44.128,52.488902679326685,25.8,54012,1,1,synthetic_demo
42.3,89.7,46.275999999999996,57.285778003540756,28.1,54059,1,1,synthetic_demo
44.2,92.8,48.42400000000001,62.53662063071779,30.4,54106,1,1,synthetic_demo
29.1,95.9,33.572,35.62404163628873,32.7,54153,1,1,synthetic_demo
31,38,31,28.22623726782049,35,54200,1,1,synthetic_demo
32.9,41.1,32.988,30.67368285233565,37.3,54247,1,1,synthetic_demo
34.8,44.2,35.135999999999996,33.331085704736104,39.6,54294,1,1,synthetic_demo
36.7,47.3,37.284000000000006,36.22383811151481,41.9,54341,1,1,synthetic_demo
38.6,50.4,39.432,39.3797327867153,44.2,54388,1,1,synthetic_demo
40.5,53.5,41.58,42.82913009357547,46.5,54435,1,1,synthetic_demo
42.4,56.6,43.728,46.60513246380501,48.8,54482,1,1,synthetic_demo
44.3,59.7,45.876,50.743766062112144,51.1,54529,1,1,synthetic_demo
29.2,62.8,31.024,30.497411746375743,53.4,54576,1,1,synthetic_demo
31.1,65.9,33.172000000000004,33.27533450280574,55.7,54623,1,1,synthetic_demo
33,69,35.32,36.29125177734709,58,54670,1,1,synthetic_demo
34.9,72.1,37.467999999999996,39.57248925658847,60.3,54717,1,1,synthetic_demo
36.8,75.2,39.616,43.14887464717981,62.6,54764,1,1,synthetic_demo
38.7,78.3,41.764,47.052908466551315,64.9,54811,1,1,synthetic_demo
40.6,81.4,43.912,51.3199420845344,67.2,54858,1,1,synthetic_demo
42.5,84.5,46.06,55.988363062083515,69.5,54905,1,1,synthetic_demo
44.4,87.6,48.208,61.09978782078973,71.8,54952,1,1,synthetic_demo
29.3,90.7,33.356,35.08079235042708,74.1,54999,1,1,synthetic_demo
31.2,93.8,35.504,38.38112743623442,76.4,55046,1,1,synthetic_demo
33.1,35.9,33.1,29.844489244104917,78.7,55093,1,1,synthetic_demo
35,39,35,32.402883534243,81,55140,1,1,synthetic_demo
36.9,42.1,37.068,35.18775533115675,83.3,55187,1,1,synthetic_demo
38.8,45.2,39.215999999999994,38.22624490007415,85.6,55234,1,1,synthetic_demo
40.7,48.3,41.364000000000004,41.54802343289931,87.9,55281,1,1,synthetic_demo
42.6,51.4,43.512,45.18546612733918,90.2,55328,1,1,synthetic_demo
44.5,54.5,45.66,49.17383249910063,92.5,55375,1,1,synthetic_demo
29.4,57.6,30.808,29.889095514366648,94.8,55422,1,1,synthetic_demo
31.3,60.7,32.956,32.58862876170159,17.1,55469,1,1,synthetic_demo
33.2,63.8,35.104,35.51887035548896,19.4,55516,1,1,synthetic_demo
35.1,66.9,37.252,38.70658744561098,21.7,55563,1,1,synthetic_demo
37,70,39.4,42.18101613137206,24,55610,1,1,synthetic_demo
38.9,73.1,41.548,45.97403095177182,26.3,55657,1,1,synthetic_demo
40.8,76.2,43.696,50.120321610549766,28.6,55704,1,1,synthetic_demo
42.7,79.3,45.844,54.65757698348777,30.9,55751,1,1,synthetic_demo
44.6,82.4,47.992000000000004,59.62667644298503,33.2,55798,1,1,synthetic_demo
29.5,85.5,33.14,34.520013609941174,35.5,55845,1,1,synthetic_demo
31.4,88.6,35.288,37.74669217822041,37.8,55892,1,1,synthetic_demo
33.3,91.7,37.436,41.25607758804496,40.1,55939,1,1,synthetic_demo
35.2,94.8,39.584,45.07916186498683,42.4,55986,1,1,synthetic_demo
37.1,36.9,37.1,34.12492864917956,44.7,56033,1,1,synthetic_demo
39,40,39,37.04358972391775,47,56080,1,1,synthetic_demo
40.9,43.1,41.147999999999996,40.2351460399948,49.3,56127,1,1,synthetic_demo
42.8,46.2,43.296,43.73123536963634,51.6,56174,1,1,synthetic_demo
44.7,49.3,45.444,47.566340021349134,53.9,56221,1,1,synthetic_demo
29.6,52.4,30.592000000000002,29.26254445572523,56.2,56268,1,1,synthetic_demo
31.5,55.5,32.74,31.88192558783408,58.5,56315,1,1,synthetic_demo
33.4,58.6,34.888,34.72458825506789,60.8,56362,1,1,synthetic_demo
35.3,61.7,37.035999999999994,37.816732408813934,63.1,56409,1,1,synthetic_demo
37.2,64.8,39.184000000000005,41.18699352727879,65.4,56456,1,1,synthetic_demo
39.1,67.9,41.332,44.86661080116637,67.7,56503,1,1,synthetic_demo
41,71,43.48,48.88960253840131,70,56550,1,1,synthetic_demo
42.9,74.1,45.628,53.29294883668142,72.3,56597,1,1,synthetic_demo
44.8,77.2,47.775999999999996,58.11678156020641,74.6,56644,1,1,synthetic_demo
29.7,80.3,32.924,33.941428927214844,76.9,56691,1,1,synthetic_demo
31.6,83.4,35.072,37.09272387685915,79.2,56738,1,1,synthetic_demo
33.5,86.5,37.22,40.519689589010156,81.5,56785,1,1,synthetic_demo
35.4,89.6,39.367999999999995,44.25277552746387,83.8,56832,1,1,synthetic_demo
37.3,92.7,41.516,48.3251314912306,86.1,56879,1,1,synthetic_demo
39.2,95.8,43.664,52.772786541737574,88.4,56926,1,1,synthetic_demo
41.1,37.9,41.1,38.890050114116406,90.7,56973,1,1,synthetic_demo
43,41,43.08,42.241959662820584,93,57020,1,1,synthetic_demo
44.9,44.1,45.228,45.92077356163061,15.3,57067,1,1,synthetic_demo
29.8,47.2,30.376,28.61747570794722,17.6,57114,0,1,synthetic_demo
31.7,50.3,32.524,31.15491917720594,19.9,57161,0,1,synthetic_demo
33.6,53.4,34.672000000000004,33.90807529363137,22.2,57208,1,1,synthetic_demo
35.5,56.5,36.82,36.902568088882795,24.5,57255,1,1,synthetic_demo
37.4,59.6,38.967999999999996,40.16642334615244,26.8,57302,1,1,synthetic_demo
39.3,62.7,41.116,43.730235477169686,29.1,57349,1,1,synthetic_demo
41.2,65.8,43.264,47.627341602930045,31.4,57396,1,1,synthetic_demo
43.1,68.9,45.412,51.894002888240294,33.7,57443,1,1,synthetic_demo
28,72,30.56,30.511690957960997,36,57490,1,1,synthetic_demo
29.9,75.1,32.708,33.344758637171545,38.3,57537,1,1,synthetic_demo
31.8,78.2,34.856,36.41892013165894,40.6,57584,1,1,synthetic_demo
33.7,81.3,37.004000000000005,39.76157650713373,42.9,57631,1,1,synthetic_demo
35.6,84.4,39.152,43.4026260394467,45.2,57678,1,1,synthetic_demo
37.5,87.5,41.3,47.37463458135669,47.5,57725,1,1,synthetic_demo
39.4,90.6,43.448,51.713013192012426,49.8,57772,1,1,synthetic_demo
41.3,93.7,45.596,56.45620307799758,52.1,57819,1,1,synthetic_demo
43.2,35.8,43.2,40.717153617620184,54.4,57866,1,1,synthetic_demo
28.1,38.9,28.1,25.68507616280191,56.7,57913,1,1,synthetic_demo
30,42,30.16,27.953603185987628,59,57960,1,1,synthetic_demo
31.9,45.1,32.308,30.407300298837907,61.3,58007,1,1,synthetic_demo
33.8,48.2,34.455999999999996,33.0689976487162,63.6,58054,1,1,synthetic_demo
35.7,51.3,36.604,35.96373456676824,65.9,58101,1,1,synthetic_demo
37.6,54.4,38.752,39.118918006993255,68.2,58148,1,1,synthetic_demo
39.5,57.5,40.9,42.564488110566,70.5,58195,1,1,synthetic_demo
41.4,60.6,43.048,46.3330909589706,72.8,58242,1,1,synthetic_demo
43.3,63.7,45.196,50.460258567354884,75.1,58289,1,1,synthetic_demo
28.2,66.8,30.343999999999998,29.96876934867621,77.4,58336,1,1,synthetic_demo
30.1,69.9,32.492000000000004,32.72971987059078,79.7,58383,1,1,synthetic_demo
32,73,34.64,35.724975134335516,82,58430,1,1,synthetic_demo
33.9,76.1,36.788,38.9814081582855,84.3,58477,1,1,synthetic_demo
35.8,79.2,38.936,42.52835734473082,86.6,58524,1,1,synthetic_demo
37.7,82.3,41.084,46.397795562253684,88.9,58571,1,1,synthetic_demo
39.6,85.4,43.232,50.62450647336067,91.2,58618,1,1,synthetic_demo
41.5,88.5,45.38,55.246268157468386,93.5,58665,1,1,synthetic_demo
43.4,91.6,47.528,60.30404406687304,15.8,58712,1,1,synthetic_demo
28.3,94.7,32.676,34.30151375423218,18.1,58759,1,1,synthetic_demo
30.2,36.8,30.2,27.270637555361677,20.4,58806,1,1,synthetic_demo
32.1,39.9,32.1,29.6387562667235,22.7,58853,1,1,synthetic_demo
34,43,34.24,32.2070178286422,25,58900,1,1,synthetic_demo
35.9,46.1,36.388,34.9998680313049,27.3,58947,1,1,synthetic_demo
37.8,49.2,38.535999999999994,38.04408580498068,29.6,58994,1,1,synthetic_demo
39.7,52.3,40.684000000000005,41.368947467722464,31.9,59041,1,1,synthetic_demo
41.6,55.4,42.832,45.00639814737744,34.2,59088,1,1,synthetic_demo
43.5,58.5,44.98,48.99123043064133,36.5,59135,1,1,synthetic_demo
28.4,61.6,30.128,29.408854794070162,38.8,59182,1,1,synthetic_demo
30.3,64.7,32.276,32.09602652727893,41.1,59229,1,1,synthetic_demo
32.2,67.8,34.424,35.01057964083776,43.4,59276,1,1,synthetic_demo
34.1,70.9,36.572,38.17885070918238,45.7,59323,1,1,synthetic_demo
36,74,38.72,41.62960951587266,48,59370,1,1,synthetic_demo
37.9,77.1,40.867999999999995,45.394226847124706,50.3,59417,1,1,synthetic_demo
39.8,80.2,43.016,49.50684951353497,52.6,59464,1,1,synthetic_demo
41.7,83.3,45.164,54.00458265135451,54.9,59511,1,1,synthetic_demo
43.6,86.4,47.312000000000005,58.92767934224278,57.2,59558,1,1,synthetic_demo
28.5,89.5,32.46,33.78684379401432,59.5,59605,1,1,synthetic_demo
30.4,92.6,34.608,36.97590198076769,61.8,59652,1,1,synthetic_demo
32.3,95.7,36.756,40.44225983410874,64.1,59699,1,1,synthetic_demo
34.2,37.8,34.2,31.32179464315612,66.4,59746,1,1,synthetic_demo
36.1,40.9,36.172000000000004,34.010600748678876,68.7,59793,1,1,synthetic_demo
38,44,38.32,36.941530879752335,71,59840,1,1,synthetic_demo
39.9,47.1,40.467999999999996,40.143187917668726,73.3,59887,1,1,synthetic_demo
41.8,50.2,42.616,43.646806060895926,75.6,59934,1,1,synthetic_demo
43.7,53.3,44.764,47.48642812679631,77.9,59981,1,1,synthetic_demo
28.6,56.4,29.912000000000003,28.831679890709847,80.2,60028,1,1,synthetic_demo
30.5,59.5,32.06,31.443389249094608,82.5,60075,1,1,synthetic_demo
32.4,62.6,34.208,34.27542094322571,84.8,60122,1,1,synthetic_demo
34.3,65.7,36.355999999999995,37.35356664810415,87.1,60169,1,1,synthetic_demo
36.2,68.8,38.504000000000005,40.70601872372961,89.4,60216,1,1,synthetic_demo
38.1,71.9,40.652,44.36353671540218,91.7,60263,1,1,synthetic_demo
40,75,42.8,48.359621065550385,94,60310,1,1,synthetic_demo
41.9,78.1,44.948,52.73069408971439,16.3,60357,1,1,synthetic_demo
43.8,81.2,47.096,57.51628825692263,18.6,60404,1,1,synthetic_demo
28.7,84.3,32.244,33.255324987737396,20.9,60451,0,1,synthetic_demo
30.6,87.4,34.392,36.373497404421784,23.2,60498,1,1,synthetic_demo
32.5,90.5,36.54,39.76228888228116,25.5,60545,1,1,synthetic_demo
34.4,93.6,38.687999999999995,43.45160813127168,27.8,60592,1,1,synthetic_demo
36.3,35.7,36.3,32.99556103174366,30.1,60639,1,1,synthetic_demo
38.2,38.8,38.2,35.810853183529886,32.4,60686,1,1,synthetic_demo
40.1,41.9,40.252,38.88677939902241,34.7,60733,1,1,synthetic_demo
42,45,42.4,42.253852909878205,37,60780,1,1,synthetic_demo
43.9,48.1,44.548,45.94535636109595,39.3,60827,1,1,synthetic_demo
28.8,51.2,29.696,28.23697414867681,41.6,60874,1,1,synthetic_demo
30.7,54.3,31.843999999999998,30.771515392827755,43.9,60921,1,1,synthetic_demo
32.6,57.4,33.992000000000004,33.51918284140065,46.2,60968,1,1,synthetic_demo
34.5,60.5,36.14,36.50521475545963,48.5,61015,1,1,synthetic_demo
36.4,63.6,38.288,39.757217206848786,50.8,61062,1,1,synthetic_demo
38.3,66.7,40.436,43.30532928094713,53.1,61109,1,1,synthetic_demo
40.2,69.8,42.584,47.18239547468351,55.4,61156,1,1,synthetic_demo
42.1,72.9,44.732,51.42414534372186,57.7,61203,1,1,synthetic_demo
44,76,46.88,56.06938044037341,60,61250,1,1,synthetic_demo
28.9,79.1,32.028,32.70668994078961,62.3,61297,1,1,synthetic_demo
30.8,82.2,34.176,35.75230542780732,64.6,61344,1,1,synthetic_demo
32.7,85.3,36.324000000000005,39.06172450965927,66.9,61391,1,1,synthetic_demo
34.6,88.4,38.472,42.66432669517451,69.2,61438,1,1,synthetic_demo
36.5,91.5,40.62,46.59211962755372,71.5,61485,1,1,synthetic_demo
38.4,94.6,42.768,50.879914978693265,73.8,61532,1,1,synthetic_demo
40.3,36.7,40.3,37.59928738676012,76.1,61579,1,1,synthetic_demo
42.2,39.8,42.2,40.82707218784372,78.4,61626,1,1,synthetic_demo
44.1,42.9,44.332,44.36751485973846,80.7,61673,1,1,synthetic_demo
29,46,29.48,27.62446396543533,83,61720,1,1,synthetic_demo
30.9,49.1,31.628,30.080109002932762,85.3,61767,1,1,synthetic_demo
32.8,52.2,33.775999999999996,32.74154561468692,87.6,61814,1,1,synthetic_demo
34.7,55.3,35.924,35.63345007420271,89.9,61861,1,1,synthetic_demo
36.6,58.4,38.072,38.78283324070409,92.2,61908,1,1,synthetic_demo
38.5,61.5,40.22,42.219204460095455,94.5,61955,1,1,synthetic_demo
40.4,64.6,42.367999999999995,45.97474264531759,16.8,62002,1,1,synthetic_demo
42.3,67.7,44.516,50.0844745913011,19.1,62049,1,1,synthetic_demo
44.2,70.8,46.664,54.586460567401076,21.4,62096,1,1,synthetic_demo
29.1,73.9,31.812,32.14066816393886,23.7,62143,0,1,synthetic_demo
31,77,33.96,35.11203341110994,26,62190,1,1,synthetic_demo
32.9,80.1,36.108,38.34025052243516,28.3,62237,1,1,synthetic_demo
34.8,83.2,38.256,41.85416132656209,30.6,62284,1,1,synthetic_demo
36.7,86.3,40.404,45.68520357344033,32.9,62331,1,1,synthetic_demo
38.6,89.4,42.552,49.867585538340236,35.2,62378,1,1,synthetic_demo
40.5,92.5,44.7,54.43846791879872,37.5,62425,1,1,synthetic_demo
42.4,95.6,46.848,59.43815306607348,39.8,62472,1,1,synthetic_demo
44.3,37.7,44.3,42.752398334030616,42.1,62519,1,1,synthetic_demo
29.2,40.8,29.264,26.993872599556216,44.4,62566,1,1,synthetic_demo
31.1,43.9,31.412000000000003,29.368870784114904,46.7,62613,1,1,synthetic_demo
33,47,33.56,31.942185993265415,49,62660,1,1,synthetic_demo
34.9,50.1,35.708,34.73792388009823,51.3,62707,1,1,synthetic_demo
36.8,53.2,37.855999999999995,37.78249110678146,53.6,62754,1,1,synthetic_demo
38.7,56.3,40.004000000000005,41.10475793955095,55.9,62801,1,1,synthetic_demo
40.6,59.4,42.152,44.73622800763321,58.2,62848,1,1,synthetic_demo
42.5,62.5,44.3,48.71121528260615,60.5,62895,1,1,synthetic_demo
44.4,65.6,46.448,53.06702832241787,62.8,62942,1,1,synthetic_demo
29.3,68.7,31.596,31.55698604712614,65.1,62989,1,1,synthetic_demo
31.2,71.8,33.744,34.4523853936208,67.4,63036,1,1,synthetic_demo
33.1,74.9,35.892,37.59754719731082,69.7,63083,1,1,synthetic_demo
35,78,38.04,41.02076706848601,72,63130,1,1,synthetic_demo
36.9,81.1,40.187999999999995,44.7529039752212,74.3,63177,1,1,synthetic_demo
38.8,84.2,42.336,48.827553552793006,76.6,63224,1,1,synthetic_demo
40.7,87.3,44.484,53.281228689277654,78.9,63271,1,1,synthetic_demo
42.6,90.4,46.632000000000005,58.1535474301841,81.2,63318,1,1,synthetic_demo
44.5,93.5,48.78,63.487428232401996,83.5,63365,1,1,synthetic_demo
29.4,35.6,29.4,26.34492014429605,85.8,63412,1,1,synthetic_demo
31.3,38.7,31.3,28.637498073770207,88.1,63459,1,1,synthetic_demo
33.2,41.8,33.344,31.120777129458286,90.4,63506,1,1,synthetic_demo
35.1,44.9,35.492000000000004,33.81828365183756,92.7,63553,1,1,synthetic_demo
37,48,37.64,36.75581106151227,15,63600,1,1,synthetic_demo
38.9,51.1,39.788,39.96158114412504,17.3,63647,1,1,synthetic_demo
40.8,54.2,41.936,43.46641248414432,19.6,63694,1,1,synthetic_demo
42.7,57.3,44.084,47.303896105344876,21.9,63741,1,1,synthetic_demo
44.6,60.4,46.232,51.51057836354728,24.2,63788,1,1,synthetic_demo
29.5,63.5,31.38,30.95536683311421,26.5,63835,1,1,synthetic_demo
31.4,66.6,33.528,33.77306206624694,28.8,63882,1,1,synthetic_demo
33.3,69.7,35.675999999999995,36.83329125285424,31.1,63929,1,1,synthetic_demo
35.2,72.8,37.824000000000005,40.16379518745824,33.4,63976,1,1,synthetic_demo
37.1,75.9,39.972,43.79484510766203,35.7,64023,1,1,synthetic_demo
39,79,42.12,47.75941470473755,38,64070,1,1,synthetic_demo
40.9,82.1,44.268,52.093359394050424,40.3,64117,1,1,synthetic_demo
42.8,85.2,46.416,56.835602889459224,42.6,64164,1,1,synthetic_demo
44.7,88.3,48.564,62.02833111328863,44.9,64211,1,1,synthetic_demo
29.6,91.4,33.712,35.618163420864235,47.2,64258,1,1,synthetic_demo
31.5,94.5,35.86,38.96617059550127,49.5,64305,1,1,synthetic_demo
33.4,36.6,33.4,30.27698856886493,51.8,64352,1,1,synthetic_demo
35.3,39.7,35.3,32.87417304100345,54.1,64399,1,1,synthetic_demo
37.2,42.8,37.424,35.70240930505451,56.4,64446,1,1,synthetic_demo
39.1,45.9,39.572,38.78926120432306,58.7,64493,1,1,synthetic_demo
41,49,41.72,42.16485245607978,61,64540,1,1,synthetic_demo
42.9,52.1,43.868,45.8620409499474,63.3,64587,1,1,synthetic_demo
44.8,55.2,46.016,49.91660028657246,65.6,64634,1,1,synthetic_demo
29.7,58.3,31.163999999999998,30.3355305909916,67.9,64681,1,1,synthetic_demo
31.6,61.4,33.312000000000005,33.073760743874715,70.2,64728,1,1,synthetic_demo
33.5,64.5,35.46,36.04715582070699,72.5,64775,1,1,synthetic_demo
35.4,67.6,37.608,39.28289314348836,74.8,64822,1,1,synthetic_demo
37.3,70.7,39.756,42.81064721067965,77.1,64869,1,1,synthetic_demo
39.2,73.8,41.904,46.662760404804104,79.4,64916,1,1,synthetic_demo
41.1,76.9,44.052,50.874420943945964,81.7,64963,1,1,synthetic_demo
43,80,46.2,55.48384812257676,84,65010,1,1,synthetic_demo
44.9,83.1,48.348,60.53248487463726,86.3,65057,1,1,synthetic_demo
29.8,86.2,33.496,35.04658911070022,88.6,65104,1,1,synthetic_demo
31.7,89.3,35.644,38.31992410585468,90.9,65151,1,1,synthetic_demo
33.6,92.4,37.792,41.88107410358687,93.2,65198,1,1,synthetic_demo
35.5,95.5,39.94,45.76148234492579,15.5,65245,1,1,synthetic_demo
37.4,37.6,37.4,34.621897949921674,17.8,65292,1,1,synthetic_demo
39.3,40.7,39.355999999999995,37.58738092377681,20.1,65339,1,1,synthetic_demo
41.2,43.8,41.504000000000005,40.831099729609974,22.4,65386,1,1,synthetic_demo
43.1,46.9,43.652,44.38516887457866,24.7,65433,1,1,synthetic_demo
28,50,28.8,27.24356316525069,27,65480,0,1,synthetic_demo
29.9,53.1,30.948,29.69719418953142,29.3,65527,1,1,synthetic_demo
31.8,56.2,33.096000000000004,32.35417533758609,31.6,65574,1,1,synthetic_demo
33.7,59.3,35.244,35.23881041664244,33.9,65621,1,1,synthetic_demo
35.6,62.4,37.392,38.37770455997007,36.2,65668,1,1,synthetic_demo
37.5,65.5,39.54,41.79992645804415,38.5,65715,1,1,synthetic_demo
39.4,68.6,41.687999999999995,45.53717775907343,40.8,65762,1,1,synthetic_demo
41.3,71.7,43.836,49.623969697891425,43.1,65809,1,1,synthetic_demo
43.2,74.8,45.984,54.097806999943856,45.4,65856,1,1,synthetic_demo
28.1,77.9,31.132,31.512394166639297,47.7,65903,1,1,synthetic_demo
30,81,33.28,34.456949001547564,50,65950,1,1,synthetic_demo
31.9,84.1,35.428,37.65386375016115,52.3,65997,1,1,synthetic_demo
33.8,87.2,37.576,41.131477074025995,54.6,66044,1,1,synthetic_demo
35.7,90.3,39.724000000000004,44.92068482220607,56.9,66091,1,1,synthetic_demo
37.6,93.4,41.872,49.05511290171269,59.2,66138,1,1,synthetic_demo
39.5,35.5,39.5,36.35551874652336,61.5,66185,1,1,synthetic_demo
41.4,38.6,41.4,39.46470150191857,63.8,66232,1,1,synthetic_demo
43.3,41.7,43.436,42.872794069995265,66.1,66279,1,1,synthetic_demo
28.2,44.8,28.584,26.662390221866684,68.4,66326,1,1,synthetic_demo
30.1,47.9,30.732000000000003,29.040071270404837,70.7,66373,1,1,synthetic_demo
32,51,32.88,31.613996326727552,73,66420,1,1,synthetic_demo
33.9,54.1,35.028,34.407920911474974,75.3,66467,1,1,synthetic_demo
35.8,57.2,37.175999999999995,37.4478691934167,77.6,66514,1,1,synthetic_demo
37.7,60.3,39.324000000000005,40.76229492592827,79.9,66561,1,1,synthetic_demo
39.6,63.4,41.472,44.38224953642934,82.2,66608,1,1,synthetic_demo
41.5,66.5,43.62,48.34155742905817,84.5,66655,1,1,synthetic_demo
43.4,69.6,45.768,52.676998548628426,86.8,66702,1,1,synthetic_demo
28.3,72.7,30.916,30.975863251665043,89.1,66749,1,1,synthetic_demo
30.2,75.8,33.064,33.8489599645765,91.4,66796,1,1,synthetic_demo
32.1,78.9,35.212,36.96768344472392,93.7,66843,1,1,synthetic_demo
34,82,37.36,40.35984795229443,16,66890,1,1,synthetic_demo
35.9,85.1,39.507999999999996,44.055793263862185,18.3,66937,1,1,synthetic_demo
37.8,88.2,41.656,48.088556260148295,20.6,66984,1,1,synthetic_demo
39.7,91.3,43.804,52.49404978590938,22.9,67031,1,1,synthetic_demo
41.6,94.4,45.952,57.311248828744226,25.2,67078,1,1,synthetic_demo
43.5,36.5,43.5,41.3244258242463,27.5,67125,1,1,synthetic_demo
28.4,39.6,28.4,26.06383522475939,29.8,67172,1,1,synthetic_demo
30.3,42.7,30.516000000000002,28.363872221249004,32.1,67219,1,1,synthetic_demo
32.2,45.8,32.664,30.852910730831407,34.4,67266,1,1,synthetic_demo
34.1,48.9,34.812000000000005,33.554149501819715,36.7,67313,1,1,synthetic_demo
36,52,36.96,36.49302290304565,39,67360,1,1,synthetic_demo
37.9,55.1,39.108,39.69736056130443,41.3,67407,1,1,synthetic_demo
39.8,58.2,41.256,43.1975541357573,43.6,67454,1,1,synthetic_demo
41.7,61.3,43.404,47.02673129085272,45.9,67501,1,1,synthetic_demo
43.6,64.4,45.552,51.220936917134665,48.2,67548,1,1,synthetic_demo
28.5,67.5,30.7,30.422357051351582,50.5,67595,1,1,synthetic_demo
30.4,70.6,32.848,33.222335635444914,52.8,67642,1,1,synthetic_demo
32.3,73.7,34.995999999999995,36.26107366534811,55.1,67689,1,1,synthetic_demo
34.2,76.8,37.144000000000005,39.5658526083172,57.4,67736,1,1,synthetic_demo
36.1,79.9,39.292,43.166447428348214,59.7,67783,1,1,synthetic_demo
38,83,41.44,47.09529688680554,62,67830,1,1,synthetic_demo
39.9,86.1,43.588,51.387681097903986,64.3,67877,1,1,synthetic_demo
41.8,89.2,45.736,56.081906387089965,66.6,67924,1,1,synthetic_demo
43.7,92.3,47.884,61.2194974878668,68.9,67971,1,1,synthetic_demo
28.6,95.4,33.032000000000004,34.830681942796446,71.2,68018,1,1,synthetic_demo
30.5,37.5,30.5,27.668304148589037,73.5,68065,1,1,synthetic_demo
32.4,40.6,32.448,30.0706020813892,75.8,68112,1,1,synthetic_demo
34.3,43.7,34.596,32.67715468070246,78.1,68159,1,1,synthetic_demo
36.2,46.8,36.744,35.51279762021142,80.4,68206,1,1,synthetic_demo
38.1,49.9,38.892,38.60472715018871,82.7,68253,1,1,synthetic_demo
40,53,41.04,41.98266555298894,85,68300,1,1,synthetic_demo
41.9,56.1,43.187999999999995,45.6790337827526,87.3,68347,1,1,synthetic_demo
43.8,59.2,45.336,49.729131340022406,89.6,68394,1,1,synthetic_demo
28.7,62.3,30.483999999999998,29.85160790908707,91.9,68441,1,1,synthetic_demo
30.6,65.4,32.632000000000005,32.57678638729044,94.2,68488,1,1,synthetic_demo
32.5,68.5,34.78,35.53372141918519,16.5,68535,1,1,synthetic_demo
34.4,71.6,36.928,38.749153228622355,18.8,68582,1,1,synthetic_demo
36.3,74.7,39.076,42.25228316726195,21.1,68629,1,1,synthetic_demo
38.2,77.8,41.224000000000004,46.0749427236759,23.4,68676,1,1,synthetic_demo
40.1,80.9,43.372,50.251769770427515,25.7,68723,1,1,synthetic_demo
42,84,45.52,54.820392098439314,28,68770,1,1,synthetic_demo
43.9,87.1,47.668,59.821618275498075,30.3,68817,1,1,synthetic_demo
28.8,90.2,32.816,34.30587242598923,32.6,68864,1,1,synthetic_demo
30.7,93.3,34.964,37.54057617220681,34.9,68911,1,1,synthetic_demo
32.6,35.4,32.6,29.266750393477057,37.2,68958,1,1,synthetic_demo
34.5,38.5,34.5,31.77659120801977,39.5,69005,1,1,synthetic_demo
36.4,41.6,36.528,34.506821317687255,41.8,69052,1,1,synthetic_demo
38.3,44.7,38.675999999999995,37.48399428573218,44.1,69099,1,1,synthetic_demo
40.2,47.8,40.824000000000005,40.73715334799243,46.4,69146,1,1,synthetic_demo
42.1,50.9,42.972,44.29800271598687,48.7,69193,1,1,synthetic_demo
44,54,45.12,48.20108610237058,51,69240,1,1,synthetic_demo
28.9,57.1,30.267999999999997,29.263345077358874,53.3,69287,1,1,synthetic_demo
30.8,60.2,32.416000000000004,31.912019303576656,55.6,69334,1,1,synthetic_demo
32.7,63.3,34.564,34.785310216429444,57.9,69381,1,1,synthetic_demo
34.6,66.4,36.712,37.90940828687316,60.2,69428,1,1,synthetic_demo
36.5,69.5,38.86,41.312932394699274,62.5,69475,1,1,synthetic_demo
38.4,72.6,41.007999999999996,45.02709754178785,64.8,69522,1,1,synthetic_demo
40.3,75.7,43.156,49.085889786859425,67.1,69569,1,1,synthetic_demo
42.2,78.8,45.304,53.526248452313695,69.4,69616,1,1,synthetic_demo
44.1,81.9,47.452,58.38825564131888,71.7,69663,1,1,synthetic_demo
29,85,32.6,33.763966023087015,74,69710,1,1,synthetic_demo
30.9,88.1,34.748,36.92680047165736,76.3,69757,1,1,synthetic_demo
32.8,91.2,36.896,40.36518314290129,78.6,69804,1,1,synthetic_demo
34.7,94.3,39.044000000000004,44.10946188060246,80.9,69851,1,1,synthetic_demo
36.6,36.4,36.6,33.47471797879502,83.2,69898,1,1,synthetic_demo
38.5,39.5,38.5,36.33475733615887,85.5,69945,1,1,synthetic_demo
40.4,42.6,40.608,39.4605826113085,87.8,69992,1,1,synthetic_demo
42.3,45.7,42.756,42.88317117906145,90.1,70039,1,1,synthetic_demo
44.2,48.8,44.904,46.63630050408436,92.4,70086,1,1,synthetic_demo
29.1,51.9,30.052,28.657294691589,94.7,70133,1,1,synthetic_demo
31,55,32.2,31.227738150792817,17,70180,1,1,synthetic_demo
32.9,58.1,34.348,34.0155200418662,19.3,70227,1,1,synthetic_demo
34.8,61.2,36.495999999999995,37.04627251424999,21.6,70274,1,1,synthetic_demo
36.7,64.3,38.644000000000005,40.348023056456704,23.9,70321,1,1,synthetic_demo
38.6,67.4,40.792,43.95136090921848,26.2,70368,1,1,synthetic_demo
40.5,70.5,42.94,47.8896106840574,28.5,70415,1,1,synthetic_demo
42.4,73.6,45.088,52.199013239152805,30.8,70462,1,1,synthetic_demo
44.3,76.7,47.236,56.91891385199333,33.1,70509,1,1,synthetic_demo
29.2,79.8,32.384,33.20469199619083,35.4,70556,1,1,synthetic_demo
31.1,82.9,34.532000000000004,36.29396555815775,37.7,70603,1,1,synthetic_demo
33,86,36.68,39.65189351959203,40,70650,1,1,synthetic_demo
34.9,89.1,38.827999999999996,43.30828977478548,42.3,70697,1,1,synthetic_demo
36.8,92.2,40.976,47.29562556476036,44.6,70744,1,1,synthetic_demo
38.7,95.3,43.124,51.64920660105162,46.9,70791,1,1,synthetic_demo
40.6,37.4,40.6,38.15251393073202,49.2,70838,1,1,synthetic_demo
42.5,40.5,42.54,41.43406750312878,51.5,70885,1,1,synthetic_demo
44.4,43.6,44.687999999999995,45.03426882404602,53.8,70932,1,1,synthetic_demo
29.3,46.7,29.836000000000002,28.03317974382519,56.1,70979,1,1,synthetic_demo
31.2,49.8,31.983999999999998,30.523643351007188,58.4,71026,1,1,synthetic_demo
33.1,52.9,34.132,33.22402732627159,60.7,71073,1,1,synthetic_demo
35,56,36.28,36.15939686968226,63,71120,1,1,synthetic_demo
36.9,59.1,38.428,39.35717909908228,65.3,71167,1,1,synthetic_demo
38.8,62.2,40.576,42.8473281589516,67.6,71214,1,1,synthetic_demo
40.7,65.3,42.724000000000004,46.66249751901295,69.9,71261,1,1,synthetic_demo
42.6,68.4,44.872,50.838219515758766,72.2,71308,1,1,synthetic_demo
44.5,71.5,47.02,55.413092177719165,74.5,71355,1,1,synthetic_demo
29.4,74.6,32.168,32.62777648214846,76.8,71402,1,1,synthetic_demo
31.3,77.7,34.316,35.64177520237584,79.1,71449,1,1,synthetic_demo
33.2,80.8,36.464000000000006,38.917396939239936,81.4,71496,1,1,synthetic_demo
35.1,83.9,38.612,42.483913104435885,83.7,71543,1,1,synthetic_demo
37,87,40.76,46.37322004899099,86,71590,1,1,synthetic_demo
38.9,90.1,42.908,50.620014894044346,88.3,71637,1,1,synthetic_demo
40.8,93.2,45.056,55.26197866277216,90.6,71684,1,1,synthetic_demo
42.7,35.3,42.7,39.950215227201994,92.9,71731,1,1,synthetic_demo
44.6,38.4,44.6,43.394480284109534,15.2,71778,1,1,synthetic_demo
29.5,41.5,29.62,27.39072005628724,17.5,71825,0,1,synthetic_demo
31.4,44.6,31.767999999999997,29.79943195427348,19.8,71872,1,1,synthetic_demo
33.3,47.7,33.916,32.410504917663516,22.1,71919,1,1,synthetic_demo
35.2,50.8,36.064,35.24842850992965,24.4,71966,1,1,synthetic_demo
37.1,53.9,38.212,38.34002043877448,26.7,72013,1,1,synthetic_demo
39,57,40.36,41.71459035658279,29,72060,1,1,synthetic_demo
40.9,60.1,42.507999999999996,45.404110835352384,31.3,72107,1,1,synthetic_demo
42.8,63.2,44.656,49.44339557058478,33.6,72154,1,1,synthetic_demo
44.7,66.3,46.804,53.87028485629712,35.9,72201,1,1,synthetic_demo
29.6,69.4,31.952,32.03294246617044,38.2,72248,1,1,synthetic_demo
31.5,72.5,34.1,34.96992982194541,40.5,72295,1,1,synthetic_demo
33.4,75.6,36.248,38.16136983077018,42.8,72342,1,1,synthetic_demo
35.3,78.7,38.396,41.63598282939476,45.1,72389,1,1,synthetic_demo
37.2,81.8,40.544000000000004,45.42508133536119,47.4,72436,1,1,synthetic_demo
39.1,84.9,42.692,49.56274458054528,49.7,72483,1,1,synthetic_demo
41,88,44.84,54.086000329286136,52,72530,1,1,synthetic_demo
42.9,91.1,46.988,59.03501402188499,54.3,72577,1,1,synthetic_demo
44.8,94.2,49.135999999999996,64.45328527165084,56.6,72624,1,1,synthetic_demo
29.7,36.3,29.7,26.729632254768354,58.9,72671,1,1,synthetic_demo
31.6,39.4,31.6,29.05479761089029,61.2,72718,1,1,synthetic_demo
33.5,42.5,33.7,31.574622052403836,63.5,72765,1,1,synthetic_demo
35.4,45.6,35.848,34.313010759512856,65.8,72812,1,1,synthetic_demo
37.3,48.7,37.995999999999995,37.296162930128695,68.1,72859,1,1,synthetic_demo
39.2,51.8,40.144000000000005,40.552734267870626,70.4,72906,1,1,synthetic_demo
41.1,54.9,42.292,44.11400662968313,72.7,72953,1,1,synthetic_demo
43,58,44.44,48.01406488886814,75,73000,1,1,synthetic_demo
44.9,61.1,46.588,52.28998105704377,77.3,73047,1,1,synthetic_demo
29.8,64.2,31.736,31.419909755301095,79.6,73094,1,1,synthetic_demo
31.7,67.3,33.884,34.27812645379641,81.9,73141,1,1,synthetic_demo
33.6,70.4,36.032000000000004,37.383485031304275,84.2,73188,1,1,synthetic_demo
35.5,73.5,38.18,40.76414609792718,86.5,73235,1,1,synthetic_demo
37.4,76.6,40.327999999999996,44.45082933414895,88.8,73282,1,1,synthetic_demo
39.3,79.7,42.476,48.47698672297327,91.1,73329,1,1,synthetic_demo
41.2,82.8,44.624,52.87898305049556,93.4,73376,1,1,synthetic_demo
43.1,85.9,46.772000000000006,57.69628371697884,15.7,73423,1,1,synthetic_demo
28,89,31.92,33.03706243414623,18,73470,1,1,synthetic_demo
29.9,92.1,34.068,36.16333116489347,20.3,73517,1,1,synthetic_demo
31.8,95.2,36.216,39.55985929071524,22.6,73564,1,1,synthetic_demo
33.7,37.3,33.7,30.71604432615115,24.9,73611,1,1,synthetic_demo
35.6,40.4,35.632,33.352783080493445,27.2,73658,1,1,synthetic_demo
37.5,43.5,37.78,36.22521833473161,29.5,73705,1,1,synthetic_demo
39.4,46.6,39.928,39.36134232613443,31.8,73752,1,1,synthetic_demo
41.3,49.7,42.076,42.791736317785265,34.1,73799,1,1,synthetic_demo
43.2,52.8,44.224000000000004,46.54974611760743,36.4,73846,1,1,synthetic_demo
28.1,55.9,29.372,28.22518913883359,38.7,73893,1,1,synthetic_demo
30,59,31.52,30.788394951744525,41,73940,1,1,synthetic_demo
31.9,62.1,33.668,33.56605872633778,43.3,73987,1,1,synthetic_demo
33.8,65.2,35.815999999999995,36.58341175718457,45.6,74034,1,1,synthetic_demo
35.7,68.3,37.964000000000006,39.86804621657447,47.9,74081,1,1,synthetic_demo
37.6,71.4,40.112,43.45007988417865,50.2,74128,1,1,synthetic_demo
39.5,74.5,42.26,47.362328073689866,52.5,74175,1,1,synthetic_demo
41.4,77.6,44.408,51.64048281214718,54.8,74222,1,1,synthetic_demo
43.3,80.7,46.556,56.32329931531459,57.1,74269,1,1,synthetic_demo
28.2,83.8,31.704,32.52369867393812,59.4,74316,1,1,synthetic_demo
30.1,86.9,33.852000000000004,35.58081197073445,61.7,74363,1,1,synthetic_demo
32,90,36,38.90164057657803,64,74410,1,1,synthetic_demo
33.9,93.1,38.147999999999996,42.51546648536636,66.3,74457,1,1,synthetic_demo
35.8,35.2,35.8,32.367381042102586,68.6,74504,1,1,synthetic_demo
37.7,38.3,37.7,35.12679428960287,70.9,74551,1,1,synthetic_demo
39.6,41.4,39.712,38.13999259949802,73.2,74598,1,1,synthetic_demo
41.5,44.5,41.86,41.43684670064794,75.5,74645,1,1,synthetic_demo
43.4,47.6,44.007999999999996,45.049953030383804,77.8,74692,1,1,synthetic_demo
28.3,50.7,29.156000000000002,27.650212749097907,80.1,74739,1,1,synthetic_demo
30.2,53.8,31.304,30.138111426045064,82.4,74786,1,1,synthetic_demo
32.1,56.9,33.452,32.83341683149291,84.7,74833,1,1,synthetic_demo
34,60,35.6,35.76081557484959,87,74880,1,1,synthetic_demo
35.9,63.1,37.748,38.94732261985551,89.3,74927,1,1,synthetic_demo
37.8,66.2,39.896,42.42244472133579,91.6,74974,1,1,synthetic_demo
39.7,69.3,42.044000000000004,46.21835104231676,93.9,75021,1,1,synthetic_demo
41.6,72.4,44.192,50.37005100848604,16.2,75068,1,1,synthetic_demo
43.5,75.5,46.34,54.91557944467386,18.5,75115,1,1,synthetic_demo
28.4,78.6,31.488,31.99364264308303,20.8,75162,0,1,synthetic_demo
30.3,81.7,33.636,34.97996394557479,23.1,75209,1,1,synthetic_demo
32.2,84.8,35.784000000000006,38.223323798569936,25.4,75256,1,1,synthetic_demo
34.1,87.9,37.932,41.752483460326246,27.7,75303,1,1,synthetic_demo
36,91,40.08,45.59879008032989,30,75350,1,1,synthetic_demo
37.9,94.1,42.227999999999994,49.79635079525856,32.3,75397,1,1,synthetic_demo
39.8,36.2,39.8,36.88825875797962,34.6,75444,1,1,synthetic_demo
41.7,39.3,41.7,40.04887993035092,36.9,75491,1,1,synthetic_demo
43.6,42.4,43.792,43.51419449202655,39.2,75538,1,1,synthetic_demo
28.5,45.5,28.94,27.057870308688845,41.5,75585,1,1,synthetic_demo
30.4,48.6,31.087999999999997,29.468769290122136,43.8,75632,1,1,synthetic_demo
32.3,51.7,33.236,32.07988749658748,46.1,75679,1,1,synthetic_demo
34.2,54.8,35.384,34.91535837155967,48.4,75726,1,1,synthetic_demo
36.1,57.9,37.532000000000004,38.00161083981679,50.7,75773,1,1,synthetic_demo
38,61,39.68,41.36753144692938,53,75820,1,1,synthetic_demo
39.9,64.1,41.827999999999996,45.04463366289948,55.3,75867,1,1,synthetic_demo
41.8,67.2,43.976,49.06723440821128,57.6,75914,1,1,synthetic_demo
43.7,70.3,46.124,53.472637848288585,59.9,75961,1,1,synthetic_demo
28.6,73.4,31.272000000000002,31.446629503157855,62.2,76008,1,1,synthetic_demo
30.5,76.5,33.42,34.36050046312164,64.5,76055,1,1,synthetic_demo
32.4,79.6,35.568,37.52459915464483,66.8,76102,1,1,synthetic_demo
34.3,82.7,37.715999999999994,40.967157713823646,69.1,76149,1,1,synthetic_demo
36.2,85.8,39.864000000000004,44.71896230372094,71.4,76196,1,1,synthetic_demo
38.1,88.9,42.012,48.8135259248853,73.7,76243,1,1,synthetic_demo
40,92,44.16,53.28726850707514,76,76290,1,1,synthetic_demo
41.9,95.1,46.308,58.179704326912145,78.3,76337,1,1,synthetic_demo
43.8,37.2,43.8,41.94197442312218,80.6,76384,1,1,synthetic_demo
28.7,40.3,28.724,26.44789083043674,82.9,76431,1,1,synthetic_demo
30.6,43.4,30.872,28.780075370159103,85.2,76478,1,1,synthetic_demo
32.5,46.5,33.02,31.305153956089217,87.5,76525,1,1,synthetic_demo
34.4,49.6,35.168,34.046698325973026,89.8,76572,1,1,synthetic_demo
36.3,52.7,37.315999999999995,37.030542475431126,92.1,76619,1,1,synthetic_demo
38.2,55.8,39.464000000000006,40.284943495901224,94.4,76666,1,1,synthetic_demo
40.1,58.9,41.612,43.84074956091695,16.7,76713,1,1,synthetic_demo
42,62,43.76,47.73157512027663,19,76760,1,1,synthetic_demo
43.9,65.1,45.908,51.99398334942508,21.3,76807,1,1,synthetic_demo
28.8,68.2,31.056,30.88239134647966,23.6,76854,1,1,synthetic_demo
30.7,71.3,33.204,33.72213162999299,25.9,76901,1,1,synthetic_demo
32.6,74.4,35.352000000000004,36.80515336934161,28.2,76948,1,1,synthetic_demo
34.5,77.5,37.5,40.15915113302681,30.5,76995,1,1,synthetic_demo
36.4,80.6,39.647999999999996,43.81434130301906,32.8,77042,1,1,synthetic_demo
38.3,83.7,41.796,47.80363359543141,35.1,77089,1,1,synthetic_demo
40.2,86.8,43.944,52.16280984530843,37.4,77136,1,1,synthetic_demo
42.1,89.9,46.092,56.93071010151708,39.7,77183,1,1,synthetic_demo
44,93,48.24,62.14942606519378,42,77230,1,1,synthetic_demo
28.9,35.1,28.9,25.820000213928136,44.3,77277,1,1,synthetic_demo
30.8,38.2,30.8,28.071733179345987,46.6,77324,1,1,synthetic_demo
32.7,41.3,32.804,30.50889592319962,48.9,77371,1,1,synthetic_demo
34.6,44.4,34.952,33.15448987857181,51.2,77418,1,1,synthetic_demo
36.5,47.5,37.1,36.03374516184483,53.5,77465,1,1,synthetic_demo
38.4,50.6,39.248,39.17428010488244,55.8,77512,1,1,synthetic_demo
40.3,53.7,41.396,42.60626792013674,58.1,77559,1,1,synthetic_demo
42.2,56.8,43.544000000000004,46.36261055953577,60.4,77606,1,1,synthetic_demo
44.1,59.9,45.692,50.47911981581198,62.7,77653,1,1,synthetic_demo
29,63,30.84,30.30065717005273,65,77700,1,1,synthetic_demo
30.9,66.1,32.988,33.06456425853066,67.3,77747,1,1,synthetic_demo
32.8,69.2,35.135999999999996,36.06466966544703,69.6,77794,1,1,synthetic_demo
34.7,72.3,37.284000000000006,39.32812188724876,71.9,77841,1,1,synthetic_demo
36.6,75.4,39.432,42.884558670361116,74.2,77888,1,1,synthetic_demo
38.5,78.5,41.58,46.76627723768282,76.5,77935,1,1,synthetic_demo
40.4,81.6,43.727999999999994,51.008411762506434,78.8,77982,1,1,synthetic_demo
42.3,84.7,45.876,55.649118137122656,81.1,78029,1,1,synthetic_demo
44.2,87.8,48.024,60.72976607087308,83.4,78076,1,1,synthetic_demo
29.1,90.9,33.172000000000004,34.832365847118304,85.7,78123,1,1,synthetic_demo
31,94,35.32,38.11353429408227,88,78170,1,1,synthetic_demo
32.9,36.1,32.9,29.690789561297247,90.3,78217,1,1,synthetic_demo
34.8,39.2,34.8,32.238383701937906,92.6,78264,1,1,synthetic_demo
36.7,42.3,36.884,35.010842539473074,94.9,78311,1,1,synthetic_demo
38.6,45.4,39.032000000000004,38.03513628009672,17.2,78358,1,1,synthetic_demo
40.5,48.5,41.18,41.34075344931608,19.5,78405,1,1,synthetic_demo
42.4,51.6,43.327999999999996,44.95987341223213,21.8,78452,1,1,synthetic_demo
44.3,54.7,45.476,48.927546123911796,24.1,78499,1,1,synthetic_demo
29.2,57.8,30.624,29.701152849371308,26.4,78546,1,1,synthetic_demo
31.1,60.9,32.772,32.387501839466914,28.7,78593,1,1,synthetic_demo
33,64,34.92,35.30282773551035,31,78640,1,1,synthetic_demo
34.9,67.1,37.068,38.47372439829523,33.3,78687,1,1,synthetic_demo
36.8,70.2,39.215999999999994,41.929242024362004,35.6,78734,1,1,synthetic_demo
38.7,73.3,41.364000000000004,45.70105607405124,37.9,78781,1,1,synthetic_demo
40.6,76.4,43.512,49.823643430693224,40.2,78828,1,1,synthetic_demo
42.5,79.5,45.66,54.33446583947502,42.5,78875,1,1,synthetic_demo
44.4,82.6,47.808,59.27416066206885,44.8,78922,1,1,synthetic_demo
29.3,85.7,32.956,34.27992728149505,47.1,78969,1,1,synthetic_demo
31.2,88.8,35.104,37.488231517458594,49.4,79016,1,1,synthetic_demo
33.1,91.9,37.252,40.977085279477485,51.7,79063,1,1,synthetic_demo
35,95,39.4,44.77728040392526,54,79110,1,1,synthetic_demo
36.9,37.1,36.9,33.96145422294336,56.3,79157,1,1,synthetic_demo
38.8,40.2,38.815999999999995,36.8671027651102,58.6,79204,1,1,synthetic_demo
40.7,43.3,40.964000000000006,40.04376634874825,60.9,79251,1,1,synthetic_demo
42.6,46.4,43.112,43.52289160133343,63.2,79298,1,1,synthetic_demo
44.5,49.5,45.26,47.33875612303635,65.5,79345,1,1,synthetic_demo
29.4,52.6,30.407999999999998,29.083601112077876,67.8,79392,1,1,synthetic_demo
31.3,55.7,32.556,31.69064451444446,70.1,79439,1,1,synthetic_demo
33.2,58.8,34.704,34.51930371320926,72.4,79486,1,1,synthetic_demo
35.1,61.9,36.852000000000004,37.59560931066247,74.7,79533,1,1,synthetic_demo
37,65,39,40.9480149791312,77,79580,1,1,synthetic_demo
38.9,68.1,41.147999999999996,44.60756508639756,79.3,79627,1,1,synthetic_demo
40.8,71.2,43.296,48.60806953636671,81.6,79674,1,1,synthetic_demo
42.7,74.3,45.444,52.98628587481893,83.9,79721,1,1,synthetic_demo
44.6,77.4,47.592,57.78210869765827,86.2,79768,1,1,synthetic_demo
29.5,80.5,32.74,33.70986661520777,88.5,79815,1,1,synthetic_demo
31.4,83.6,34.888,36.84359442549916,90.8,79862,1,1,synthetic_demo
33.3,86.7,37.035999999999994,40.25089887550162,93.1,79909,1,1,synthetic_demo
35.2,89.8,39.184000000000005,43.96203307463942,15.4,79956,1,1,synthetic_demo
37.1,92.9,41.332,48.00993689725695,17.7,80003,1,1,synthetic_demo
39,35,39,35.66976600842803,20,80050,1,1,synthetic_demo
40.9,38.1,40.9,38.71486227665434,22.3,80097,1,1,synthetic_demo
42.8,41.2,42.896,42.05118825171033,24.6,80144,1,1,synthetic_demo
44.7,44.3,45.044000000000004,45.712238599305614,26.9,80191,1,1,synthetic_demo
29.6,47.4,30.192,28.44772151147664,29.2,80238,1,1,synthetic_demo
31.5,50.5,32.34,30.97368904838957,31.5,80285,1,1,synthetic_demo
33.4,53.6,34.488,33.71377014456722,33.8,80332,1,1,synthetic_demo
35.3,56.7,36.635999999999996,36.693423461584274,36.1,80379,1,1,synthetic_demo
37.2,59.8,38.784000000000006,39.94049711313691,38.4,80426,1,1,synthetic_demo
39.1,62.9,40.932,43.48539498370198,40.7,80473,1,1,synthetic_demo
41,66,43.08,47.3612502469646,43,80520,1,1,synthetic_demo
42.9,69.1,45.227999999999994,51.60410613515096,45.3,80567,1,1,synthetic_demo
44.8,72.2,47.376,56.253103998016876,47.6,80614,1,1,synthetic_demo
29.7,75.3,32.524,33.1219065780732,49.9,80661,1,1,synthetic_demo
31.6,78.4,34.672000000000004,36.17932316481723,52.2,80708,1,1,synthetic_demo
33.5,81.5,36.82,39.50320464166852,54.5,80755,1,1,synthetic_demo
35.4,84.6,38.967999999999996,43.12325680383307,56.8,80802,1,1,synthetic_demo
37.3,87.7,41.116,47.0718396092872,59.1,80849,1,1,synthetic_demo
39.2,90.8,43.264,51.38414423788905,61.4,80896,1,1,synthetic_demo
41.1,93.9,45.412,56.09837745951269,63.7,80943,1,1,synthetic_demo
43,36,43,40.54428165515954,66,80990,1,1,synthetic_demo
44.9,39.1,44.9,44.04747723945026,68.3,81037,1,1,synthetic_demo
29.8,42.2,29.976000000000003,27.793230399901965,70.6,81084,1,1,synthetic_demo
31.7,45.3,32.124,30.23632880173815,72.9,81131,1,1,synthetic_demo
33.6,48.4,34.272,32.88589595902169,75.2,81178,1,1,synthetic_demo
35.5,51.5,36.42,35.76680985092857,77.5,81225,1,1,synthetic_demo
37.4,54.6,38.568,38.90630393791818,79.8,81272,1,1,synthetic_demo
39.3,57.7,40.715999999999994,42.3341321695804,82.1,81319,1,1,synthetic_demo
41.2,60.8,42.864000000000004,46.082741177175485,84.4,81366,1,1,synthetic_demo
43.1,63.9,45.012,50.1874497033172,86.7,81413,1,1,synthetic_demo
28,67,30.16,29.768934641435926,89,81460,1,1,synthetic_demo
29.9,70.1,32.308,32.515766717253335,91.3,81507,1,1,synthetic_demo
31.8,73.2,34.456,35.49511449664239,93.6,81554,1,1,synthetic_demo
33.7,76.3,36.604,38.73367512293117,15.9,81601,1,1,synthetic_demo
35.6,79.4,38.752,42.260598430474744,18.2,81648,1,1,synthetic_demo
37.5,82.5,40.9,46.10765546242202,20.5,81695,1,1,synthetic_demo
39.4,85.6,43.048,50.30941422998083,22.8,81742,1,1,synthetic_demo
41.3,88.7,45.196,54.903422764337094,25.1,81789,1,1,synthetic_demo
43.2,91.8,47.344,59.930399499931085,27.4,81836,1,1,synthetic_demo
28.1,94.9,32.492000000000004,34.052507142670976,29.7,81883,1,1,synthetic_demo
30,37,30,27.119840901941483,32,81930,1,1,synthetic_demo
31.9,40.1,31.907999999999998,29.478253702514415,34.3,81977,1,1,synthetic_demo
33.8,43.2,34.056,32.03534644034315,36.6,82024,1,1,synthetic_demo
35.7,46.3,36.204,34.81540761094287,38.9,82071,1,1,synthetic_demo
37.6,49.4,38.352000000000004,37.84504686664461,41.2,82118,1,1,synthetic_demo
39.5,52.5,40.5,41.15335870964722,43.5,82165,1,1,synthetic_demo
41.4,55.6,42.647999999999996,44.77209335509514,45.8,82212,1,1,synthetic_demo
43.3,58.7,44.796,48.735834817954974,48.1,82259,1,1,synthetic_demo
28.2,61.8,29.944,29.217319547128593,50.4,82306,1,1,synthetic_demo
30.1,64.9,32.092,31.891163370548515,52.7,82353,1,1,synthetic_demo
32,68,34.24,34.79066176897007,55,82400,1,1,synthetic_demo
33.9,71.1,36.388,37.94197923855583,57.3,82447,1,1,synthetic_demo
35.8,74.2,38.535999999999994,41.373700946704886,59.6,82494,1,1,synthetic_demo
37.7,77.3,40.684000000000005,45.11699996308882,61.9,82541,1,1,synthetic_demo
39.6,80.4,42.832,49.20581171496718,64.2,82588,1,1,synthetic_demo
41.5,83.5,44.98,53.677015719193335,66.5,82635,1,1,synthetic_demo
43.4,86.6,47.128,58.570624630908355,68.8,82682,1,1,synthetic_demo
28.3,89.7,32.276,33.545684094557835,71.1,82729,1,1,synthetic_demo
30.2,92.8,34.424,36.716433835259885,73.4,82776,1,1,synthetic_demo
32.1,95.9,36.572,40.162344009493324,75.7,82823,1,1,synthetic_demo
34,38,34,31.16178319740474,78,82870,1,1,synthetic_demo
35.9,41.1,35.988,33.83885197584883,80.3,82917,1,1,synthetic_demo
37.8,44.2,38.135999999999996,36.75633318252329,82.6,82964,1,1,synthetic_demo
39.7,47.3,40.284000000000006,39.94265229872414,84.9,83011,1,1,synthetic_demo
41.6,50.4,42.432,43.42885318822785,87.2,83058,1,1,synthetic_demo
43.5,53.5,44.58,47.24877483827883,89.5,83105,1,1,synthetic_demo
28.4,56.6,29.727999999999998,28.64862307377226,91.8,83152,1,1,synthetic_demo
30.3,59.7,31.876,31.247809639544858,94.1,83199,1,1,synthetic_demo
32.2,62.8,34.024,34.06565488856359,16.4,83246,1,1,synthetic_demo
34.1,65.9,36.172000000000004,37.127782252963584,18.7,83293,1,1,synthetic_demo
36,69,38.32,40.462203467502874,21,83340,1,1,synthetic_demo
37.9,72.1,40.467999999999996,44.099484509438284,23.3,83387,1,1,synthetic_demo
39.8,75.2,42.616,48.07291874585823,25.6,83434,1,1,synthetic_demo
41.7,78.3,44.764,52.41870734214955,27.9,83481,1,1,synthetic_demo
43.6,81.4,46.912,57.17614697290003,30.2,83528,1,1,synthetic_demo
28.5,84.5,32.06,33.02218771613642,32.5,83575,1,1,synthetic_demo
30.4,87.6,34.208,36.12281872046705,34.8,83622,1,1,synthetic_demo
32.3,90.7,36.355999999999995,39.49199025029951,37.1,83669,1,1,synthetic_demo
34.2,93.8,38.504000000000005,43.15941633672074,39.4,83716,1,1,synthetic_demo
36.1,35.9,36.1,32.83677425128537,41.7,83763,1,1,synthetic_demo
38,39,38,35.639766007053204,44,83810,1,1,synthetic_demo
39.9,42.1,40.068,38.70158622789498,46.3,83857,1,1,synthetic_demo
41.8,45.2,42.215999999999994,42.05256242933258,48.6,83904,1,1,synthetic_demo
43.7,48.3,44.364000000000004,45.72577820871036,50.9,83951,1,1,synthetic_demo
28.6,51.4,29.512,28.06257706351926,53.2,83998,1,1,synthetic_demo
30.5,54.5,31.66,30.58541536261607,55.5,84045,1,1,synthetic_demo
32.4,57.6,33.808,33.319780292808325,57.8,84092,1,1,synthetic_demo
34.3,60.7,35.955999999999996,36.29074574642195,60.1,84139,1,1,synthetic_demo
36.2,63.8,38.104,39.52574120020275,62.4,84186,1,1,synthetic_demo
38.1,66.9,40.252,43.05471635967184,64.7,84233,1,1,synthetic_demo
40,70,42.4,46.910312994513696,67,84280,1,1,synthetic_demo
41.9,73.1,44.548,51.128044019950345,69.3,84327,1,1,synthetic_demo
43.8,76.2,46.696,55.746479866718026,71.6,84374,1,1,synthetic_demo
28.7,79.3,31.843999999999998,32.48175292440778,73.9,84421,1,1,synthetic_demo
30.6,82.4,33.992000000000004,35.51060853689194,76.2,84468,1,1,synthetic_demo
32.5,85.5,36.14,38.80125082248662,78.5,84515,1,1,synthetic_demo
34.4,88.6,38.288,42.382868380669564,80.8,84562,1,1,synthetic_demo
36.3,91.7,40.436,46.28726461094942,83.1,84609,1,1,synthetic_demo
38.2,94.8,42.584,50.54903303604725,85.4,84656,1,1,synthetic_demo
40.1,36.9,40.1,37.429729351406365,87.7,84703,1,1,synthetic_demo
42,40,42,40.642758142113955,90,84750,1,1,synthetic_demo
43.9,43.1,44.147999999999996,44.16634842335209,92.3,84797,1,1,synthetic_demo
28.8,46.2,29.296,27.458910266970094,94.6,84844,1,1,synthetic_demo
30.7,49.3,31.444,29.90368708777916,16.9,84891,1,1,synthetic_demo
32.6,52.4,33.592,32.552720921418015,19.2,84938,1,1,synthetic_demo
34.5,55.5,35.74,35.430527585586944,21.5,84985,1,1,synthetic_demo
36.4,58.6,37.888,38.56394541385753,23.8,85032,1,1,synthetic_demo
38.3,61.7,40.035999999999994,41.98229860021645,26.1,85079,1,1,synthetic_demo
40.2,64.8,42.184000000000005,45.71756771861736,28.4,85126,1,1,synthetic_demo
42.1,67.9,44.332,49.804567473782086,30.7,85173,1,1,synthetic_demo
44,71,46.48,54.281131727190946,33,85220,1,1,synthetic_demo
28.9,74.1,31.628,31.92411156273717,35.3,85267,1,1,synthetic_demo
30.8,77.2,33.776,34.87951312684581,37.6,85314,1,1,synthetic_demo
32.7,80.3,35.924,38.08981217028885,39.9,85361,1,1,synthetic_demo
34.6,83.4,38.072,41.58366342056057,42.2,85408,1,1,synthetic_demo
36.5,86.5,40.22,45.39230434735953,44.5,85455,1,1,synthetic_demo
38.4,89.6,42.367999999999995,49.5497291975784,46.8,85502,1,1,synthetic_demo
40.3,92.7,44.516,54.092870320236045,49.1,85549,1,1,synthetic_demo
42.2,95.8,46.664,59.06178682400574,51.4,85596,1,1,synthetic_demo
44.1,37.9,44.1,42.56998399030507,53.7,85643,1,1,synthetic_demo
29,41,29.08,26.837348317018442,56,85690,1,1,synthetic_demo
30.9,44.1,31.227999999999998,29.20232804540397,58.3,85737,1,1,synthetic_demo
32.8,47.2,33.376,31.764156187992775,60.6,85784,1,1,synthetic_demo
34.7,50.3,35.524,34.54678189389506,62.9,85831,1,1,synthetic_demo
36.6,53.4,37.672000000000004,37.576443408452036,65.2,85878,1,1,synthetic_demo
38.5,56.5,39.82,40.88183011374623,67.5,85925,1,1,synthetic_demo
40.4,59.6,41.967999999999996,44.494251728497346,69.8,85972,1,1,synthetic_demo
42.3,62.7,44.116,48.447814724883,72.1,86019,1,1,synthetic_demo
44.2,65.8,46.264,52.77960600755637,74.4,86066,1,1,synthetic_demo
29.1,68.9,31.412000000000003,31.348992374768443,76.7,86113,1,1,synthetic_demo
31,72,33.56,34.22923903376514,79,86160,1,1,synthetic_demo
32.9,75.1,35.708,37.35735723139676,81.3,86207,1,1,synthetic_demo
34.8,78.2,37.855999999999995,40.76145932376389,83.6,86254,1,1,synthetic_demo
36.7,81.3,40.004000000000005,44.4722080013986,85.9,86301,1,1,synthetic_demo
38.6,84.4,42.152,48.522989031721664,88.2,86348,1,1,synthetic_demo
40.5,87.5,44.3,52.95009127453933,90.5,86395,1,1,synthetic_demo
42.4,90.6,46.448,57.792894014500604,92.8,86442,1,1,synthetic_demo
44.3,93.7,48.596,63.09406164187452,15.1,86489,1,1,synthetic_demo
29.2,35.8,29.2,26.197613702551777,17.4,86536,0,1,synthetic_demo
31.1,38.9,31.1,28.481038120776077,19.7,86583,0,1,synthetic_demo
33,42,33.16,30.953761951428667,22,86630,1,1,synthetic_demo
34.9,45.1,35.308,33.63915902180499,24.3,86677,1,1,synthetic_demo
36.8,48.2,37.455999999999996,36.56285848396365,26.6,86724,1,1,synthetic_demo
38.7,51.3,39.604,39.752905547050865,28.9,86771,1,1,synthetic_demo
40.6,54.4,41.752,43.239929353792036,31.2,86818,1,1,synthetic_demo
42.5,57.5,43.9,47.057318059997655,33.5,86865,1,1,synthetic_demo
44.4,60.6,46.048,51.241401163697,35.8,86912,1,1,synthetic_demo
29.3,63.7,31.196,30.7561209781941,38.1,86959,1,1,synthetic_demo
31.2,66.8,33.344,33.55948947484498,40.4,87006,1,1,synthetic_demo
33.1,69.9,35.492000000000004,36.603565408438264,42.7,87053,1,1,synthetic_demo
35,73,37.64,39.91591020512152,45,87100,1,1,synthetic_demo
36.9,76.1,39.788,43.52660286700781,47.3,87147,1,1,synthetic_demo
38.8,79.2,41.936,47.46841141782905,49.6,87194,1,1,synthetic_demo
40.7,82.3,44.084,51.776971605126576,51.9,87241,1,1,synthetic_demo
42.6,85.4,46.232,56.49097290417834,54.2,87288,1,1,synthetic_demo
44.5,88.5,48.38,61.65235185633772,56.5,87335,1,1,synthetic_demo
29.4,91.6,33.528,35.36645744993029,58.8,87382,1,1,synthetic_demo
31.3,94.7,35.676,38.694921643050094,61.1,87429,1,1,synthetic_demo
33.2,36.8,33.2,30.121210487178587,63.4,87476,1,1,synthetic_demo
35.1,39.9,35.1,32.70730551688906,65.7,87523,1,1,synthetic_demo
37,43,37.24,35.52280990927141,68,87570,1,1,synthetic_demo
38.9,46.1,39.388,38.59511527875077,70.3,87617,1,1,synthetic_demo
40.8,49.2,41.535999999999994,41.95416040996126,72.6,87664,1,1,synthetic_demo
42.7,52.3,43.684000000000005,45.632604996676044,74.9,87711,1,1,synthetic_demo
44.6,55.4,45.832,49.66601061822052,77.2,87758,1,1,synthetic_demo
29.5,58.5,30.98,30.145219838380807,79.5,87805,1,1,synthetic_demo
31.4,61.6,33.128,32.8699643135257,81.8,87852,1,1,synthetic_demo
33.3,64.7,35.275999999999996,35.8281125403109,84.1,87899,1,1,synthetic_demo
35.2,67.8,37.424,39.04666639711083,86.4,87946,1,1,synthetic_demo
37.1,70.9,39.572,42.5551122283694,88.7,87993,1,1,synthetic_demo
39,74,41.72,46.38559098924784,91,88040,1,1,synthetic_demo
40.9,77.1,43.867999999999995,50.573075630709965,93.3,88087,1,1,synthetic_demo
42.8,80.2,46.016,55.155555771533216,15.6,88134,1,1,synthetic_demo
44.7,83.3,48.164,60.1742296912451,17.9,88181,1,1,synthetic_demo
29.6,86.4,33.312000000000005,34.803340476615645,20.2,88228,1,1,synthetic_demo
31.5,89.5,35.46,38.05793405605675,22.5,88275,1,1,synthetic_demo
33.4,92.6,37.608,41.59815140647247,24.8,88322,1,1,synthetic_demo
35.3,95.7,39.756,45.455233249975585,27.1,88369,1,1,synthetic_demo
37.2,37.8,37.2,34.45591289091263,29.4,88416,1,1,synthetic_demo
39.1,40.9,39.172000000000004,37.408045386858674,31.7,88463,1,1,synthetic_demo
41,44,41.32,40.63650016464307,34,88510,1,1,synthetic_demo
42.9,47.1,43.467999999999996,44.17319824841694,36.3,88557,1,1,synthetic_demo
44.8,50.2,45.616,48.052922724382924,38.6,88604,1,1,synthetic_demo
29.7,53.3,30.764,29.51600824184995,40.9,88651,1,1,synthetic_demo
31.6,56.4,32.912,32.1603600318328,43.2,88698,1,1,synthetic_demo
33.5,59.5,35.06,35.030670873365366,45.5,88745,1,1,synthetic_demo
35.4,62.6,37.208,38.15337441985756,47.8,88792,1,1,synthetic_demo
37.3,65.7,39.355999999999995,41.55735532873625,50.1,88839,1,1,synthetic_demo
39.2,68.8,41.504000000000005,45.27411810095558,52.4,88886,1,1,synthetic_demo
41.1,71.9,43.652,49.33796314524987,54.7,88933,1,1,synthetic_demo
43,75,45.8,53.7861701149157,57,88980,1,1,synthetic_demo
44.9,78.1,47.948,58.659188552456925,59.3,89027,1,1,synthetic_demo
29.8,81.2,33.096000000000004,34.22234380265496,61.6,89074,1,1,synthetic_demo
31.7,84.3,35.244,37.40133373038689,63.9,89121,1,1,synthetic_demo
33.6,87.4,37.392,40.85889476897719,66.2,89168,1,1,synthetic_demo
35.5,90.5,39.54,44.62572410697156,68.5,89215,1,1,synthetic_demo
37.4,93.6,41.687999999999995,48.735235322145456,70.8,89262,1,1,synthetic_demo
39.3,35.7,39.3,36.19127761618752,73.1,89309,1,1,synthetic_demo
41.2,38.8,41.2,39.28649930385541,75.4,89356,1,1,synthetic_demo
43.1,41.9,43.252,42.678615689655565,77.7,89403,1,1,synthetic_demo
28,45,28.4,26.50080684872562,80,89450,1,1,synthetic_demo
29.9,48.1,30.548,28.868202269613203,82.3,89497,1,1,synthetic_demo
31.8,51.2,32.696,31.43036970256954,84.6,89544,1,1,synthetic_demo
33.7,54.3,34.844,34.21090903243987,86.9,89591,1,1,synthetic_demo
35.6,57.4,36.992000000000004,37.23567695099811,89.2,89638,1,1,synthetic_demo
37.5,60.5,39.14,40.532947339109484,91.5,89685,1,1,synthetic_demo
39.4,63.6,41.288,44.133578797041835,93.8,89732,1,1,synthetic_demo
41.3,66.7,43.436,48.071189384230934,16.1,89779,1,1,synthetic_demo
43.2,69.8,45.584,52.382338617594655,18.4,89826,1,1,synthetic_demo
28.1,72.9,30.732000000000003,30.765302114865275,20.7,89873,0,1,synthetic_demo
30,76,32.88,33.62318671750142,23,89920,1,1,synthetic_demo
31.9,79.1,35.028,36.724817153837655,25.3,89967,1,1,synthetic_demo
33.8,82.2,37.175999999999995,40.097825865652936,27.6,90014,1,1,synthetic_demo
35.7,85.3,39.324000000000005,43.77235786638071,29.9,90061,1,1,synthetic_demo
37.6,88.4,41.472,47.781241761364036,32.2,90108,1,1,synthetic_demo
39.5,91.5,43.62,52.16016803681373,34.5,90155,1,1,synthetic_demo
41.4,94.6,45.768,56.94787466532375,36.8,90202,1,1,synthetic_demo
43.3,36.7,43.3,41.148370320595355,39.1,90249,1,1,synthetic_demo
28.2,39.8,28.2,25.91094042031906,41.4,90296,1,1,synthetic_demo
30.1,42.9,30.332,28.20151477036258,43.7,90343,1,1,synthetic_demo
32,46,32.48,30.679682961362108,46,90390,1,1,synthetic_demo
33.9,49.1,34.628,33.36849199174531,48.3,90437,1,1,synthetic_demo
35.8,52.2,36.775999999999996,36.293212795390765,50.6,90484,1,1,synthetic_demo
37.7,55.3,38.924,39.481499326763405,52.9,90531,1,1,synthetic_demo
39.6,58.4,41.072,42.963554778035856,55.2,90578,1,1,synthetic_demo
41.5,61.5,43.22,46.77230499078311,57.5,90625,1,1,synthetic_demo
43.4,64.6,45.367999999999995,50.94357911266374,59.8,90672,1,1,synthetic_demo
28.3,67.7,30.516000000000002,30.220033591990695,62.1,90719,1,1,synthetic_demo
30.2,70.8,32.664,33.00558529672845,64.4,90766,1,1,synthetic_demo
32.1,73.9,34.812000000000005,36.028077396262326,66.7,90813,1,1,synthetic_demo
34,77,36.96,39.31461332105697,69,90860,1,1,synthetic_demo
35.9,80.1,39.108,42.894777208406126,71.3,90907,1,1,synthetic_demo
37.8,83.2,41.256,46.80080363769091,73.6,90954,1,1,synthetic_demo
39.7,86.3,43.404,51.06775461691106,75.9,91001,1,1,synthetic_demo
41.6,89.4,45.552,55.733703869594635,78.2,91048,1,1,synthetic_demo
43.5,92.5,47.7,60.83992845870638,80.5,91095,1,1,synthetic_demo
28.4,95.6,32.848,34.5784304920959,82.8,91142,1,1,synthetic_demo
30.3,37.7,30.3,27.515655333514925,85.1,91189,1,1,synthetic_demo
32.2,40.8,32.264,29.90798597855724,87.4,91236,1,1,synthetic_demo
34.1,43.9,34.412,32.503081045600936,89.7,91283,1,1,synthetic_demo
36,47,36.56,35.32561685467587,92,91330,1,1,synthetic_demo
37.9,50.1,38.708,38.402618223618,94.3,91377,1,1,synthetic_demo
39.8,53.2,40.855999999999995,41.76362336808055,16.6,91424,1,1,synthetic_demo
41.7,56.3,43.004000000000005,45.44085598164776,18.9,91471,1,1,synthetic_demo
43.6,59.4,45.152,49.46940454779191,21.2,91518,1,1,synthetic_demo
28.5,62.5,30.3,29.657700973473684,23.5,91565,1,1,synthetic_demo
30.4,65.6,32.448,32.36925237514428,25.8,91612,1,1,synthetic_demo
32.3,68.7,34.596,35.310804081538876,28.1,91659,1,1,synthetic_demo
34.2,71.8,36.744,38.508922099963215,30.4,91706,1,1,synthetic_demo
36.1,74.9,38.892,41.992620930954715,32.7,91753,1,1,synthetic_demo
38,78,41.04,45.79353201410642,35,91800,1,1,synthetic_demo
39.9,81.1,43.187999999999995,49.94607940813023,37.3,91847,1,1,synthetic_demo
41.8,84.2,45.336,54.48766275552663,39.6,91894,1,1,synthetic_demo
43.7,87.3,47.484,59.45884756978084,41.9,91941,1,1,synthetic_demo
28.6,90.4,32.632000000000005,34.06157911560585,44.2,91988,1,1,synthetic_demo
30.5,93.5,34.78,37.27761167714867,46.5,92035,1,1,synthetic_demo
32.4,35.6,32.4,29.114961430971814,48.8,92082,1,1,synthetic_demo
34.3,38.7,34.3,31.614333779020253,51.1,92129,1,1,synthetic_demo
36.2,41.8,36.344,34.33252009668456,53.4,92176,1,1,synthetic_demo
38.1,44.9,38.492000000000004,37.295906794458375,55.7,92223,1,1,synthetic_demo
40,48,40.64,40.533357481952244,58,92270,1,1,synthetic_demo
41.9,51.1,42.788,44.076383712988545,60.3,92317,1,1,synthetic_demo
43.8,54.2,44.936,47.9593229498178,62.6,92364,1,1,synthetic_demo
28.7,57.3,30.084,29.07803584575745,64.9,92411,1,1,synthetic_demo
30.6,60.4,32.232,31.713897519760593,67.2,92458,1,1,synthetic_demo
32.5,63.5,34.38,34.57268335939065,69.5,92505,1,1,synthetic_demo
34.4,66.6,36.528,37.680413478020235,71.8,92552,1,1,synthetic_demo
36.3,69.7,38.675999999999995,41.06552391911859,74.1,92599,1,1,synthetic_demo
38.2,72.8,40.824000000000005,44.75903380827258,76.4,92646,1,1,synthetic_demo
40.1,75.9,42.972,48.79471972281148,78.7,92693,1,1,synthetic_demo
42,79,45.12,53.209297330675064,81,92740,1,1,synthetic_demo
43.9,82.1,47.268,58.04261033775421,83.3,92787,1,1,synthetic_demo
28.8,85.2,32.416000000000004,33.52780854428251,85.6,92834,1,1,synthetic_demo
30.7,88.3,34.564,36.672747867158215,87.9,92881,1,1,synthetic_demo
32.6,91.4,36.712,40.09112389728257,90.2,92928,1,1,synthetic_demo
34.5,94.5,38.86,43.81308751059398,92.5,92975,1,1,synthetic_demo
36.4,36.6,36.4,33.313549524696,94.8,93022,1,1,synthetic_demo
38.3,39.7,38.3,36.16096360500151,17.1,93069,1,1,synthetic_demo
40.2,42.8,40.424,39.272325591926275,19.4,93116,1,1,synthetic_demo
42.1,45.9,42.572,42.67842484604709,21.7,93163,1,1,synthetic_demo
44,49,44.72,46.41283738918811,24,93210,1,1,synthetic_demo
28.9,52.1,29.868,28.480766699306432,26.3,93257,0,1,synthetic_demo
30.8,55.2,32.016,31.03922700261514,28.6,93304,1,1,synthetic_demo
32.7,58.3,34.164,33.81339787705903,30.9,93351,1,1,synthetic_demo
34.6,61.4,36.312000000000005,36.82874501225922,33.2,93398,1,1,synthetic_demo
36.5,64.5,38.46,40.11311711450508,35.5,93445,1,1,synthetic_demo
38.4,67.6,40.608,43.69691176067299,37.8,93492,1,1,synthetic_demo
40.3,70.7,42.756,47.613248453513364,40.1,93539,1,1,synthetic_demo
42.2,73.8,44.904,51.89814893122781,42.4,93586,1,1,synthetic_demo
44.1,76.9,47.052,56.59072477188549,44.7,93633,1,1,synthetic_demo
29,80,32.2,32.976850374670136,47,93680,1,1,synthetic_demo
30.9,83.1,34.348,36.04901951412856,49.3,93727,1,1,synthetic_demo
32.8,86.2,36.495999999999995,39.38779371620714,51.6,93774,1,1,synthetic_demo
34.7,89.3,38.644000000000005,43.0227937002948,53.9,93821,1,1,synthetic_demo
36.6,92.4,40.792,46.98628410001814,56.2,93868,1,1,synthetic_demo
38.5,95.5,42.94,51.31335001527018,58.5,93915,1,1,synthetic_demo
40.4,37.6,40.4,37.98009169448826,60.8,93962,1,1,synthetic_demo
42.3,40.7,42.355999999999995,41.24651131264335,63.1,94009,1,1,synthetic_demo
44.2,43.8,44.504000000000005,44.829445944239644,65.4,94056,1,1,synthetic_demo
29.1,46.9,29.652,27.865618902418575,67.7,94103,1,1,synthetic_demo
31,50,31.8,30.344943773448016,70,94150,1,1,synthetic_demo
32.9,53.1,33.948,33.0326267508278,72.3,94197,1,1,synthetic_demo
34.8,56.2,36.096,35.953570511451794,74.6,94244,1,1,synthetic_demo
36.7,59.3,38.244,39.13502748441497,76.9,94291,1,1,synthetic_demo
38.6,62.4,40.392,42.60676440259989,79.2,94338,1,1,synthetic_demo
40.5,65.5,42.54,46.40123403979801,81.5,94385,1,1,synthetic_demo
42.4,68.6,44.687999999999995,50.553754187579926,83.8,94432,1,1,synthetic_demo
44.3,71.7,46.836,55.10269391379298,86.1,94479,1,1,synthetic_demo
29.2,74.8,31.983999999999998,32.4084330991864,88.4,94526,1,1,synthetic_demo
31.1,77.9,34.132000000000005,35.406132894818924,90.7,94573,1,1,synthetic_demo
33,81,36.28,38.663469477755285,93,94620,1,1,synthetic_demo
34.9,84.1,38.428,42.20952491649224,15.3,94667,1,1,synthetic_demo
36.8,87.2,40.576,46.075992941942545,17.6,94714,1,1,synthetic_demo
38.7,90.3,42.724000000000004,50.297354208551525,19.9,94761,1,1,synthetic_demo
40.6,93.4,44.872,54.91105885375323,22.2,94808,1,1,synthetic_demo
42.5,35.5,42.5,39.78017028052029,24.5,94855,1,1,synthetic_demo
44.4,38.6,44.4,43.20864166532515,26.8,94902,1,1,synthetic_demo
29.3,41.7,29.436,27.232314674893157,29.1,94949,1,1,synthetic_demo
31.2,44.8,31.584,29.630747432231363,31.4,94996,1,1,synthetic_demo
33.1,47.9,33.732,32.230045537399036,33.7,95043,1,1,synthetic_demo
35,51,35.88,35.05454000631777,36,95090,1,1,synthetic_demo
36.9,54.1,38.028,38.13087799086889,38.3,95137,1,1,synthetic_demo
38.8,57.2,40.175999999999995,41.488186023987645,40.6,95184,1,1,synthetic_demo
40.7,60.3,42.324000000000005,45.15824043486188,42.9,95231,1,1,synthetic_demo
42.6,63.4,44.472,49.17564498975301,45.2,95278,1,1,synthetic_demo
44.5,66.5,46.62,53.57801580165489,47.5,95325,1,1,synthetic_demo
29.4,69.6,31.767999999999997,31.822282079859697,49.8,95372,1,1,synthetic_demo
31.3,72.7,33.916000000000004,34.743790955118705,52.1,95419,1,1,synthetic_demo
33.2,75.8,36.064,37.91783029696023,54.4,95466,1,1,synthetic_demo
35.1,78.9,38.212,41.37293496948739,56.7,95513,1,1,synthetic_demo
37,82,40.36,45.14021889675013,59,95560,1,1,synthetic_demo
38.9,85.1,42.507999999999996,49.25354902867008,61.3,95607,1,1,synthetic_demo
40.8,88.2,44.656,53.7497265885891,63.6,95654,1,1,synthetic_demo
42.7,91.3,46.804,58.668675644292975,65.9,95701,1,1,synthetic_demo
44.6,94.4,48.952,64.05363903176926,68.2,95748,1,1,synthetic_demo
29.5,36.5,29.5,26.580573061553835,70.5,95795,1,1,synthetic_demo
31.4,39.6,31.4,28.89633420155224,72.8,95842,1,1,synthetic_demo
33.3,42.7,33.516,31.405326205120176,75.1,95889,1,1,synthetic_demo
35.2,45.8,35.664,34.131299719582245,77.4,95936,1,1,synthetic_demo
37.1,48.9,37.812000000000005,37.100287559481856,79.7,95983,1,1,synthetic_demo
39,52,39.96,40.340766641093076,82,96030,1,1,synthetic_demo
40.9,55.1,42.108,43.88382707201192,84.3,96077,1,1,synthetic_demo
42.8,58.2,44.256,47.76334845265877,86.6,96124,1,1,synthetic_demo
44.7,61.3,46.404,52.01618343425359,88.9,96171,1,1,synthetic_demo
29.6,64.4,31.552000000000003,31.21811952192185,91.2,96218,1,1,synthetic_demo
31.5,67.5,33.7,34.061693282500904,93.5,96265,1,1,synthetic_demo
33.4,70.6,35.848,37.150551720269505,15.8,96312,1,1,synthetic_demo
35.3,73.7,37.995999999999995,40.5126738821651,18.1,96359,1,1,synthetic_demo
37.2,76.8,40.144000000000005,44.17858492121931,20.4,96406,1,1,synthetic_demo
39.1,79.9,42.292,48.18152876308089,22.7,96453,1,1,synthetic_demo
41,83,44.44,52.557648037849425,25,96500,1,1,synthetic_demo
42.9,86.1,46.588,57.34617132035453,27.3,96547,1,1,synthetic_demo
44.8,89.2,48.736,62.5896077094613,29.6,96594,1,1,synthetic_demo
29.7,92.3,33.884,35.90828256515479,31.9,96641,1,1,synthetic_demo
31.6,95.4,36.032000000000004,39.28488558575974,34.2,96688,1,1,synthetic_demo
33.5,37.5,33.5,30.558137105062208,36.5,96735,1,1,synthetic_demo
35.4,40.6,35.448,33.18349203588206,38.8,96782,1,1,synthetic_demo
37.3,43.7,37.596,36.0428710481853,41.1,96829,1,1,synthetic_demo
39.2,46.8,39.744,39.16409196402211,43.4,96876,1,1,synthetic_demo
41.1,49.9,41.892,42.57754883098704,45.7,96923,1,1,synthetic_demo
43,53,44.04,46.316386881207094,48,96970,1,1,synthetic_demo
44.9,56.1,46.187999999999995,50.41668473486342,50.3,97017,1,1,synthetic_demo
29.8,59.2,31.336000000000002,30.59566444725584,52.6,97064,1,1,synthetic_demo
31.7,62.3,33.484,33.359536078328624,54.9,97111,1,1,synthetic_demo
33.6,65.4,35.632000000000005,36.3613056966946,57.2,97158,1,1,synthetic_demo
35.5,68.5,37.78,39.628387859972946,59.5,97205,1,1,synthetic_demo
37.4,71.6,39.928,43.19070992591469,61.8,97252,1,1,synthetic_demo
39.3,74.7,42.076,47.08088341538398,64.1,97299,1,1,synthetic_demo
41.2,77.8,44.224000000000004,51.334382624741004,66.4,97346,1,1,synthetic_demo
43.1,80.9,46.372,55.98973053205573,68.7,97393,1,1,synthetic_demo
28,84,31.52,32.294306117621154,71,97440,1,1,synthetic_demo
29.9,87.1,33.668,35.33433924497526,73.3,97487,1,1,synthetic_demo
31.8,90.2,35.816,38.63605365569868,75.6,97534,1,1,synthetic_demo
33.7,93.3,37.964000000000006,42.2285398292199,77.9,97581,1,1,synthetic_demo
35.6,35.4,35.6,32.21075547152148,80.2,97628,1,1,synthetic_demo
37.5,38.5,37.5,34.958239215796944,82.5,97675,1,1,synthetic_demo
39.4,41.6,39.528,37.95774336410284,84.8,97722,1,1,synthetic_demo
41.3,44.7,41.675999999999995,41.23895600412477,87.1,97769,1,1,synthetic_demo
43.2,47.8,43.824000000000005,44.83427773525823,89.4,97816,1,1,synthetic_demo
28.1,50.9,28.972,27.478097087059567,91.7,97863,1,1,synthetic_demo
30,54,31.12,29.954632667698377,94,97910,1,1,synthetic_demo
31.9,57.1,33.268,32.63701213001429,16.3,97957,1,1,synthetic_demo
33.8,60.2,35.416,35.54976054881152,18.6,98004,1,1,synthetic_demo
35.7,63.3,37.564,38.71971926074911,20.9,98051,1,1,synthetic_demo
37.6,66.4,39.712,42.17620874383,23.2,98098,1,1,synthetic_demo
39.5,69.5,41.86,45.951198672771085,25.5,98145,1,1,synthetic_demo
41.4,72.6,44.007999999999996,50.07948520827172,27.8,98192,1,1,synthetic_demo
43.3,75.7,46.156,54.59887556591468,30.1,98239,1,1,synthetic_demo
28.2,78.8,31.304,31.772248872390502,32.4,98286,1,1,synthetic_demo
30.1,81.9,33.452,34.74225547069219,34.7,98333,1,1,synthetic_demo
32,85,35.6,37.967327211212584,37,98380,1,1,synthetic_demo
33.9,88.1,37.748,41.47603756563669,39.3,98427,1,1,synthetic_demo
35.8,91.2,39.896,45.299532699993065,41.6,98474,1,1,synthetic_demo
37.7,94.3,42.044000000000004,49.47170500024936,43.9,98521,1,1,synthetic_demo
39.6,36.4,39.6,36.721297841104544,46.2,98568,1,1,synthetic_demo
41.5,39.5,41.5,39.86759426237289,48.5,98615,1,1,synthetic_demo
43.4,42.6,43.608,43.31653359441912,50.8,98662,1,1,synthetic_demo
28.3,45.7,28.756,26.89438308942356,53.1,98709,1,1,synthetic_demo
30.2,48.8,30.904,29.294736758197008,55.4,98756,1,1,synthetic_demo
32.1,51.9,33.052,31.893810783031324,57.7,98803,1,1,synthetic_demo
34,55,35.2,34.715580943612125,60,98850,1,1,synthetic_demo
35.9,58.1,37.348,37.786306564399446,62.3,98897,1,1,synthetic_demo
37.8,61.2,39.495999999999995,41.1346920988784,64.6,98944,1,1,synthetic_demo
39.7,64.3,41.644000000000005,44.79205587331844,66.9,98991,1,1,synthetic_demo
41.6,67.4,43.792,48.79250604933645,69.2,99038,1,1,synthetic_demo
43.5,70.5,45.94,53.17312385231135,71.5,99085,1,1,synthetic_demo
28.4,73.6,31.087999999999997,31.23341092278513,73.8,99132,1,1,synthetic_demo
30.3,76.7,33.236000000000004,34.13174705784071,76.1,99179,1,1,synthetic_demo
32.2,79.8,35.384,37.27839904629577,78.4,99226,1,1,synthetic_demo
34.1,82.9,37.532000000000004,40.70141500410746,80.7,99273,1,1,synthetic_demo
36,86,39.68,44.43138403196011,83,99320,1,1,synthetic_demo
37.9,89.1,41.827999999999996,48.50160845757213,85.3,99367,1,1,synthetic_demo
39.8,92.2,43.976,52.948283355959155,87.6,99414,1,1,synthetic_demo
41.7,95.3,46.124,57.810683393446396,89.9,99461,1,1,synthetic_demo
43.6,37.4,43.6,41.7626621226838,92.2,99508,1,1,synthetic_demo
28.5,40.5,28.54,26.29321423081095,94.5,99555,1,1,synthetic_demo
30.4,43.6,30.688,28.615686029821507,16.8,99602,0,1,synthetic_demo
32.3,46.7,32.836,31.129617912778247,19.1,99649,1,1,synthetic_demo
34.2,49.8,34.984,33.858427863205684,21.4,99696,1,1,synthetic_demo
36.1,52.9,37.132,36.827784342423286,23.7,99743,1,1,synthetic_demo
38,56,39.28,40.065766574230246,26,99790,1,1,synthetic_demo
39.9,59.1,41.428,43.60303197312573,28.3,99837,1,1,synthetic_demo
41.8,62.2,43.576,47.47299077664793,30.6,99884,1,1,synthetic_demo
43.7,65.3,45.724000000000004,51.711987930202625,32.9,99931,1,1,synthetic_demo
28.6,68.4,30.872000000000003,30.67752667596726,35.2,99978,1,1,synthetic_demo
30.5,71.5,33.02,33.5025265766431,37.5,10025,1,1,synthetic_demo
32.4,74.6,35.168,36.568958504227446,39.8,10072,1,1,synthetic_demo
34.3,77.7,37.315999999999995,39.90433681214144,42.1,10119,1,1,synthetic_demo
36.2,80.8,39.464000000000006,43.538684780194075,44.4,10166,1,1,synthetic_demo
38.1,83.9,41.612,47.504705569154964,46.7,10213,1,1,synthetic_demo
40,87,43.76,51.83796043603844,49,10260,1,1,synthetic_demo
41.9,90.1,45.908,56.5770542571481,51.3,10307,1,1,synthetic_demo
43.8,93.2,48.056,61.76382839341366,53.6,10354,1,1,synthetic_demo
28.7,35.3,28.7,25.67431876710712,55.9,10401,1,1,synthetic_demo
30.6,38.4,30.6,27.917186502629253,58.2,10448,1,1,synthetic_demo
32.5,41.5,32.62,30.344115896294678,60.5,10495,1,1,synthetic_demo
34.4,44.6,34.768,32.977958575370906,62.8,10542,1,1,synthetic_demo
36.3,47.7,36.916,35.84378322728775,65.1,10589,1,1,synthetic_demo
38.2,50.8,39.064,38.96903458049789,67.4,10636,1,1,synthetic_demo
40.1,53.9,41.212,42.383699513300904,69.7,10683,1,1,synthetic_demo
42,57,43.36,46.12048035251239,72,10730,1,1,synthetic_demo
43.9,60.1,45.507999999999996,50.21497541168122,74.3,10777,1,1,synthetic_demo
28.8,63.2,30.656000000000002,30.10432746477294,76.6,10824,1,1,synthetic_demo
30.7,66.3,32.804,32.85430332494439,78.9,10871,1,1,synthetic_demo
32.6,69.4,34.952,35.838691449358976,81.2,10918,1,1,synthetic_demo
34.5,72.5,37.1,39.08446396315411,83.5,10965,1,1,synthetic_demo
36.4,75.6,39.248,42.62106951002781,85.8,11012,1,1,synthetic_demo
38.3,78.7,41.396,46.48060291470073,88.1,11059,1,1,synthetic_demo
40.2,81.8,43.544000000000004,50.69798208924228,90.4,11106,1,1,synthetic_demo
42.1,84.9,45.692,55.31113223157731,92.7,11153,1,1,synthetic_demo
44,88,47.84,60.36117735201131,15,11200,1,1,synthetic_demo
28.9,91.1,32.988,34.58487804811546,17.3,11247,1,1,synthetic_demo
30.8,94.2,35.136,37.84700695011496,19.6,11294,1,1,synthetic_demo
32.7,36.3,32.7,29.53698358382921,21.9,11341,1,1,synthetic_demo
34.6,39.4,34.6,32.07382660395787,24.2,11388,1,1,synthetic_demo
36.5,42.5,36.7,34.83392988165063,26.5,11435,1,1,synthetic_demo
38.4,45.6,38.848,37.84409432376758,28.8,11482,1,1,synthetic_demo
40.3,48.7,40.995999999999995,41.13362658679067,31.1,11529,1,1,synthetic_demo
42.2,51.8,43.144000000000005,44.73451103844987,33.4,11576,1,1,synthetic_demo
44.1,54.9,45.292,48.68158894637858,35.7,11623,1,1,synthetic_demo
29,58,30.44,29.513541521635847,38,11670,1,1,synthetic_demo
30.9,61.1,32.588,32.18678330100187,40.3,11717,1,1,synthetic_demo
32.8,64.2,34.736,35.08728023875288,42.6,11764,1,1,synthetic_demo
34.7,67.3,36.884,38.241453706941094,44.9,11811,1,1,synthetic_demo
36.6,70.4,39.032000000000004,41.67816883810905,47.2,11858,1,1,synthetic_demo
38.5,73.5,41.18,45.42890289133359,49.5,11905,1,1,synthetic_demo
40.4,76.6,43.327999999999996,49.52792084568618,51.8,11952,1,1,synthetic_demo
42.3,79.7,45.476,54.01245827070455,54.1,11999,1,1,synthetic_demo
44.2,82.8,47.624,58.922911511028374,56.4,12046,1,1,synthetic_demo
29.1,85.9,32.772000000000006,34.04069005794788,58.7,12093,1,1,synthetic_demo
31,89,34.92,37.23073991673746,61,12140,1,1,synthetic_demo
32.9,92.1,37.068,40.69919442092732,63.3,12187,1,1,synthetic_demo
34.8,95.2,39.215999999999994,44.476646133277775,65.6,12234,1,1,synthetic_demo
36.7,37.3,36.7,33.79784696743134,67.9,12281,1,1,synthetic_demo
38.6,40.4,38.632,36.690539773478136,70.2,12328,1,1,synthetic_demo
40.5,43.5,40.78,39.85237680505669,72.5,12375,1,1,synthetic_demo
42.4,46.6,42.928,43.31461436065925,74.8,12422,1,1,synthetic_demo
44.3,49.7,45.076,47.11132618571145,77.1,12469,1,1,synthetic_demo
29.2,52.8,30.224,28.90489395236687,79.4,12516,1,1,synthetic_demo
31.1,55.9,32.372,31.499669176128087,81.7,12563,1,1,synthetic_demo
33,59,34.52,34.314403693673604,84,12610,1,1,synthetic_demo
34.9,62.1,36.668,37.374959540001996,86.3,12657,1,1,synthetic_demo
36.8,65.2,38.815999999999995,40.70960940154419,88.6,12704,1,1,synthetic_demo
38.7,68.3,40.964000000000006,44.34920368155115,90.9,12751,1,1,synthetic_demo
40.6,71.4,43.112,48.327344776852044,93.2,12798,1,1,synthetic_demo
42.5,74.5,45.26,52.68056861686652,15.5,12845,1,1,synthetic_demo
44.4,77.6,47.408,57.448533503347974,17.8,12892,1,1,synthetic_demo
29.3,80.7,32.556,33.479062212563015,20.1,12939,1,1,synthetic_demo
31.2,83.8,34.704,36.59533559868277,22.4,12986,1,1,synthetic_demo
33.1,86.9,36.852000000000004,39.98310349060493,24.7,13033,1,1,synthetic_demo
35,90,39,43.67242354056078,27,13080,1,1,synthetic_demo
36.9,93.1,41.147999999999996,47.69602663493334,29.3,13127,1,1,synthetic_demo
38.8,35.2,38.8,35.50796063014624,31.6,13174,1,1,synthetic_demo
40.7,38.3,40.7,38.53950926459718,33.9,13221,1,1,synthetic_demo
42.6,41.4,42.712,41.86031707532767,36.2,13268,1,1,synthetic_demo
44.5,44.5,44.86,45.50367974697207,38.5,13315,1,1,synthetic_demo
29.4,47.6,30.008,28.278106709789103,40.8,13362,1,1,synthetic_demo
31.3,50.7,32.156,30.792660267187326,43.1,13409,1,1,synthetic_demo
33.2,53.8,34.304,33.51973707092956,45.4,13456,1,1,synthetic_demo
35.1,56.9,36.452,36.484631175713965,47.7,13503,1,1,synthetic_demo
37,60,38.6,39.715013826890335,50,13550,1,1,synthetic_demo
38.9,63.1,40.748,43.24109922102329,52.3,13597,1,1,synthetic_demo
40.8,66.2,42.896,47.09581746218365,54.6,13644,1,1,synthetic_demo
42.7,69.3,45.044000000000004,51.31499476615009,56.9,13691,1,1,synthetic_demo
44.6,72.4,47.192,55.9375409523315,59.2,13738,1,1,synthetic_demo
29.5,75.5,32.34,32.89971962047437,61.5,13785,1,1,synthetic_demo
31.4,78.6,34.488,35.940496672777925,63.8,13832,1,1,synthetic_demo
33.3,81.7,36.635999999999996,39.24572016295828,66.1,13879,1,1,synthetic_demo
35.2,84.8,38.784000000000006,42.844904284292014,68.4,13926,1,1,synthetic_demo
37.1,87.9,40.932,46.77020401796432,70.7,13973,1,1,synthetic_demo
39,91,43.08,51.05659162191288,73,14020,1,1,synthetic_demo
40.9,94.1,45.227999999999994,55.74204042606755,75.3,14067,1,1,synthetic_demo
42.8,36.2,42.8,40.37114113378432,77.6,14114,1,1,synthetic_demo
44.7,39.3,44.7,43.858137177262094,79.9,14161,1,1,synthetic_demo
29.6,42.4,29.792,27.63289856722805,82.2,14208,1,1,synthetic_demo
31.5,45.5,31.94,30.065452508945054,84.5,14255,1,1,synthetic_demo
33.4,48.6,34.088,32.70295203406654,86.8,14302,1,1,synthetic_demo
35.3,51.7,36.236,35.57011451435462,89.1,14349,1,1,synthetic_demo
37.2,54.8,38.384,38.694000698995026,91.4,14396,1,1,synthetic_demo
39.1,57.9,40.532000000000004,42.104179166237586,93.7,14443,1,1,synthetic_demo
41,61,42.68,45.83289795552789,16,14490,1,1,synthetic_demo
42.9,64.1,44.827999999999996,49.915263433620495,18.3,14537,1,1,synthetic_demo
44.8,67.2,46.976,54.389426435827346,20.6,14584,1,1,synthetic_demo
29.7,70.3,32.124,32.30238422893155,22.9,14631,0,1,synthetic_demo
31.6,73.4,34.272000000000006,35.265922452775314,25.2,14678,1,1,synthetic_demo
33.5,76.5,36.42,38.4867196943269,27.5,14725,1,1,synthetic_demo
35.4,79.6,38.568,41.99373808020227,29.8,14772,1,1,synthetic_demo
37.3,82.7,40.715999999999994,45.818547727343805,32.1,14819,1,1,synthetic_demo
39.2,85.8,42.864000000000004,49.99550193404054,34.4,14866,1,1,synthetic_demo
41.1,88.9,45.012,54.5619196608166,36.7,14913,1,1,synthetic_demo
43,92,47.16,59.55827534096326,39,14960,1,1,synthetic_demo
44.9,95.1,49.308,65.02839604787009,41.3,15007,1,1,synthetic_demo
29.8,37.2,29.8,26.96898509185671,43.6,15054,1,1,synthetic_demo
31.7,40.3,31.724,29.317738426270363,45.9,15101,1,1,synthetic_demo
33.6,43.4,33.872,31.86371662441201,48.2,15148,1,1,synthetic_demo
35.5,46.5,36.02,34.63105161297434,50.5,15195,1,1,synthetic_demo
37.4,49.6,38.168,37.646184529683914,52.8,15242,1,1,synthetic_demo
39.3,52.7,40.315999999999995,40.93802886199111,55.1,15289,1,1,synthetic_demo
41.2,55.8,42.464000000000006,44.538140751420926,57.4,15336,1,1,synthetic_demo
43.1,58.9,44.612,48.480896518394104,59.7,15383,1,1,synthetic_demo
28,62,29.76,29.026178324910855,62,15430,1,1,synthetic_demo
29.9,65.1,31.907999999999998,31.686774797335126,64.3,15477,1,1,synthetic_demo
31.8,68.2,34.056,34.57130886162583,66.6,15524,1,1,synthetic_demo
33.7,71.3,36.204,37.705773738728595,68.9,15571,1,1,synthetic_demo
35.6,74.4,38.352000000000004,41.11857082150278,71.2,15618,1,1,synthetic_demo
37.5,77.5,40.5,44.84067634348735,73.5,15665,1,1,synthetic_demo
39.4,80.6,42.647999999999996,48.90581526794925,75.8,15712,1,1,synthetic_demo
41.3,83.7,44.796,53.3506424506766,78.1,15759,1,1,synthetic_demo
43.2,86.8,46.944,58.2149311175819,80.4,15806,1,1,synthetic_demo
28.1,89.9,32.092,33.30541509089696,82.7,15853,1,1,synthetic_demo
30,93,34.24,36.457978483258316,85,15900,1,1,synthetic_demo
31.9,35.1,31.9,28.549207106190924,87.3,15947,1,1,synthetic_demo
33.8,38.2,33.8,31.001695231970103,89.6,15994,1,1,synthetic_demo
35.7,41.3,35.804,33.66708065511751,91.9,16041,1,1,synthetic_demo
37.6,44.4,37.952,36.57117572629596,94.2,16088,1,1,synthetic_demo
39.5,47.5,40.1,39.74222930872844,16.5,16135,1,1,synthetic_demo
41.4,50.6,42.248,43.21109575121968,18.8,16182,1,1,synthetic_demo
43.3,53.7,44.396,47.01141106855506,21.1,16229,1,1,synthetic_demo
28.2,56.8,29.544,28.46586974558097,23.4,16276,1,1,synthetic_demo
30.1,59.9,31.692,31.052606870506256,25.7,16323,1,1,synthetic_demo
32,63,33.84,33.85634840360462,28,16370,1,1,synthetic_demo
33.9,66.1,35.988,36.902550318826165,30.3,16417,1,1,synthetic_demo
35.8,69.2,38.135999999999996,40.21904454867895,32.6,16464,1,1,synthetic_demo
37.7,72.3,40.284000000000006,43.836204363923954,34.9,16511,1,1,synthetic_demo
39.6,75.4,42.432,47.7871169565737,37.2,16558,1,1,synthetic_demo
41.5,78.5,44.58,52.10776328091829,39.5,16605,1,1,synthetic_demo
43.4,81.6,46.727999999999994,56.837205194943664,41.8,16652,1,1,synthetic_demo
28.3,84.7,31.876,32.78985443488348,44.1,16699,1,1,synthetic_demo
30.2,87.8,34.024,35.87305916741183,46.4,16746,1,1,synthetic_demo
32.1,90.9,36.172000000000004,39.22273796103174,48.7,16793,1,1,synthetic_demo
34,94,38.32,42.868411067264354,51,16840,1,1,synthetic_demo
35.9,36.1,35.9,32.677835920392766,53.3,16887,1,1,synthetic_demo
37.8,39.2,37.8,35.46858056006591,55.6,16934,1,1,synthetic_demo
39.7,42.3,39.884,38.51635712972582,57.9,16981,1,1,synthetic_demo
41.6,45.4,42.032000000000004,41.851308229078256,60.2,17028,1,1,synthetic_demo
43.5,48.5,44.18,45.506319245916316,62.5,17075,1,1,synthetic_demo
28.4,51.6,29.328,27.888391353474354,64.8,17122,1,1,synthetic_demo
30.3,54.7,31.476,30.399592751810783,67.1,17169,1,1,synthetic_demo
32.2,57.8,33.624,33.12073013628942,69.4,17216,1,1,synthetic_demo
34.1,60.9,35.772,36.076713796744805,71.7,17263,1,1,synthetic_demo
36,64,37.92,39.294797419133104,74,17310,1,1,synthetic_demo
37.9,67.1,40.068,42.804742171751855,76.3,17357,1,1,synthetic_demo
39.8,70.2,42.215999999999994,46.63898797818149,78.6,17404,1,1,synthetic_demo
41.7,73.3,44.364000000000004,50.83283203294461,80.9,17451,1,1,synthetic_demo
43.6,76.4,46.512,55.42461460355727,83.2,17498,1,1,synthetic_demo
28.5,79.5,31.66,32.25753163825853,85.5,17545,1,1,synthetic_demo
30.4,82.6,33.808,35.26973546016643,87.8,17592,1,1,synthetic_demo
32.3,85.7,35.955999999999996,38.54172066649027,90.1,17639,1,1,synthetic_demo
34.2,88.8,38.104,42.10248582836676,92.4,17686,1,1,synthetic_demo
36.1,91.9,40.252,45.983631022092624,94.7,17733,1,1,synthetic_demo
38,95,42.4,50.21953258128345,17,17780,1,1,synthetic_demo
39.9,37.1,39.9,37.25998453812123,19.3,17827,1,1,synthetic_demo
41.8,40.2,41.815999999999995,40.458318797769245,21.6,17874,1,1,synthetic_demo
43.7,43.3,43.964000000000006,43.965128290624406,23.9,17921,1,1,synthetic_demo
28.6,46.4,29.112000000000002,27.29347423632867,26.2,17968,0,1,synthetic_demo
30.5,49.5,31.26,29.727441476137532,28.5,18015,0,1,synthetic_demo
32.4,52.6,33.408,32.36413964239093,30.8,18062,1,1,synthetic_demo
34.3,55.7,35.556,35.227924844739746,33.1,18109,1,1,synthetic_demo
36.2,58.8,37.704,38.34546367667589,35.4,18156,1,1,synthetic_demo
38.1,61.9,39.852000000000004,41.74589600394151,37.7,18203,1,1,synthetic_demo
40,65,42,45.461004923477,40,18250,1,1,synthetic_demo
41.9,68.1,44.147999999999996,49.5253939501863,42.3,18297,1,1,synthetic_demo
43.8,71.2,46.296,53.97667147651343,44.6,18344,1,1,synthetic_demo
28.7,74.3,31.444,31.70818086107816,46.9,18391,1,1,synthetic_demo
30.6,77.4,33.592,34.64771966936208,49.2,18438,1,1,synthetic_demo
32.5,80.5,35.74,37.84021276269208,51.5,18485,1,1,synthetic_demo
34.4,83.6,37.888,41.314128630067444,53.8,18532,1,1,synthetic_demo
36.3,86.7,40.035999999999994,45.10050536280605,56.1,18579,1,1,synthetic_demo
38.2,89.8,42.184000000000005,49.23312412064391,58.4,18626,1,1,synthetic_demo
40.1,92.9,44.332,53.74868988470601,60.7,18673,1,1,synthetic_demo
42,35,42,39.03166337434971,63,18720,1,1,synthetic_demo
43.9,38.1,43.9,42.38734048560822,65.3,18767,1,1,synthetic_demo
28.8,41.2,28.896,26.680846385263376,67.6,18814,1,1,synthetic_demo
30.7,44.3,31.044,29.035858782730564,69.9,18861,1,1,synthetic_demo
32.6,47.4,33.192,31.586259001435383,72.2,18908,1,1,synthetic_demo
34.5,50.5,35.34,34.35584041571424,74.5,18955,1,1,synthetic_demo
36.4,53.6,37.488,37.37067362086627,76.8,19002,1,1,synthetic_demo
38.3,56.7,39.635999999999996,40.659267919485785,79.1,19049,1,1,synthetic_demo
40.2,59.8,41.784000000000006,44.2527399625512,81.4,19096,1,1,synthetic_demo
42.1,62.9,43.932,48.18498960384231,83.7,19143,1,1,synthetic_demo
44,66,46.08,52.492883014008484,86,19190,1,1,synthetic_demo
28.9,69.1,31.227999999999998,31.14153318468473,88.3,19237,1,1,synthetic_demo
30.8,72.2,33.376,34.006720825884294,90.6,19284,1,1,synthetic_demo
32.7,75.3,35.524,37.11789983091844,92.9,19331,1,1,synthetic_demo
34.6,78.4,37.672000000000004,40.50300014594663,15.2,19378,1,1,synthetic_demo
36.5,81.5,39.82,44.19248906716533,17.5,19425,1,1,synthetic_demo
38.4,84.6,41.967999999999996,48.21954341646354,19.8,19472,1,1,synthetic_demo
40.3,87.7,44.116,52.620228986889984,22.1,19519,1,1,synthetic_demo
42.2,90.8,46.264,57.43368730291985,24.4,19566,1,1,synthetic_demo
44.1,93.9,48.412,62.70232972795901,26.7,19613,1,1,synthetic_demo
29,36,29,26.05023266860156,29,19660,0,1,synthetic_demo
30.9,39.1,30.9,28.32454708787517,31.3,19707,1,1,synthetic_demo
32.8,42.2,32.976,30.786766761298622,33.6,19754,1,1,synthetic_demo
34.7,45.3,35.124,33.4601137135874,35.9,19801,1,1,synthetic_demo
36.6,48.4,37.272,36.37005357619997,38.2,19848,1,1,synthetic_demo
38.5,51.5,39.42,39.54445576739701,40.5,19895,1,1,synthetic_demo
40.4,54.6,41.568,43.0137608116771,42.8,19942,1,1,synthetic_demo
42.3,57.7,43.715999999999994,46.8111548584649,45.1,19989,1,1,synthetic_demo
44.2,60.8,45.864000000000004,50.97275144771166,47.4,20036,1,1,synthetic_demo
29.1,63.9,31.012,30.55731658559802,49.7,20083,1,1,synthetic_demo
31,67,33.16,33.34644465642034,52,20130,1,1,synthetic_demo
32.9,70.1,35.308,36.37446394035836,54.3,20177,1,1,synthetic_demo
34.8,73.2,37.455999999999996,39.66875732096568,56.6,20224,1,1,synthetic_demo
36.7,76.3,39.604,43.259212429356865,58.9,20271,1,1,synthetic_demo
38.6,79.4,41.752,47.17839252510308,61.2,20318,1,1,synthetic_demo
40.5,82.5,43.9,51.46171463027994,63.5,20365,1,1,synthetic_demo
42.4,85.6,46.048,56.147634962927725,65.8,20412,1,1,synthetic_demo
44.3,88.7,48.196,61.27784170367417,68.1,20459,1,1,synthetic_demo
29.2,91.8,33.344,35.11571334900149,70.4,20506,1,1,synthetic_demo
31.1,94.9,35.492000000000004,38.42476395017094,72.7,20553,1,1,synthetic_demo
33,37,33,29.96533790959192,75,20600,1,1,synthetic_demo
34.9,40.1,34.908,32.540394163511756,77.3,20647,1,1,synthetic_demo
36.8,43.2,37.056,35.34322586114585,79.6,20694,1,1,synthetic_demo
38.7,46.3,39.204,38.40105315455078,81.9,20741,1,1,synthetic_demo
40.6,49.4,41.352000000000004,41.74363069995085,84.2,20788,1,1,synthetic_demo
42.5,52.5,43.5,45.40342083738916,86.5,20835,1,1,synthetic_demo
44.4,55.6,45.647999999999996,49.41577400497613,88.8,20882,1,1,synthetic_demo
29.3,58.7,30.796,29.95525590926207,91.1,20929,1,1,synthetic_demo
31.2,61.8,32.944,32.66659355606916,93.4,20976,1,1,synthetic_demo
33.1,64.9,35.092,35.60958361956571,15.7,21023,1,1,synthetic_demo
35,68,37.24,38.81105334175703,18,21070,1,1,synthetic_demo
36.9,71.1,39.388,42.30030175879442,20.3,21117,1,1,synthetic_demo
38.8,74.2,41.535999999999994,46.10926928286509,22.6,21164,1,1,synthetic_demo
40.7,77.3,43.684000000000005,50.27271452097552,24.9,21211,1,1,synthetic_demo
42.6,80.4,45.832,54.82839837817258,27.2,21258,1,1,synthetic_demo
44.5,83.5,47.98,59.81727548027344,29.5,21305,1,1,synthetic_demo
29.4,86.6,33.128,34.56096304764152,31.8,21352,1,1,synthetic_demo
31.3,89.7,35.276,37.79693739579296,34.1,21399,1,1,synthetic_demo
33.2,92.8,37.42400000000001,41.31635688071121,36.4,21446,1,1,synthetic_demo
35.1,95.9,39.572,45.150260628312296,38.7,21493,1,1,synthetic_demo
37,38,37,34.28980875703055,41,21540,1,1,synthetic_demo
38.9,41.1,38.988,37.2286494133765,43.3,21587,1,1,synthetic_demo
40.8,44.2,41.135999999999996,40.44190833577821,45.6,21634,1,1,synthetic_demo
42.7,47.3,43.284000000000006,43.961313888007204,47.9,21681,1,1,synthetic_demo
44.6,50.4,45.432,47.821442872893755,50.2,21728,1,1,synthetic_demo
29.5,53.5,30.58,29.335072843647403,52.5,21775,1,1,synthetic_demo
31.4,56.6,32.728,31.966866560804462,54.8,21822,1,1,synthetic_demo
33.3,59.7,34.876,34.82293382776755,57.1,21869,1,1,synthetic_demo
35.2,62.8,37.024,37.929537606763425,59.4,21916,1,1,synthetic_demo
37.1,65.9,39.172000000000004,41.31537934907678,61.7,21963,1,1,synthetic_demo
39,69,41.32,45.01176727375812,64,22010,1,1,synthetic_demo
40.9,72.1,43.467999999999996,49.05279186736949,66.3,22057,1,1,synthetic_demo
42.8,75.2,45.616,53.47550865360721,68.6,22104,1,1,synthetic_demo
44.7,78.3,47.764,58.32012826920157,70.9,22151,1,1,synthetic_demo
29.6,81.4,32.912,33.988517532367055,73.2,22198,1,1,synthetic_demo
31.5,84.5,35.06,37.14969751661224,75.5,22245,1,1,synthetic_demo
33.4,87.6,37.208,40.5873332959718,77.8,22292,1,1,synthetic_demo
35.3,90.7,39.355999999999995,44.33192430274593,80.1,22339,1,1,synthetic_demo
37.2,93.8,41.504000000000005,48.41667272930171,82.4,22386,1,1,synthetic_demo
39.1,35.9,39.1,36.026829569394295,84.7,22433,1,1,synthetic_demo
41,39,41,39.108147873206356,87,22480,1,1,synthetic_demo
42.9,42.1,43.068,42.484355546886476,89.3,22527,1,1,synthetic_demo
44.8,45.2,45.215999999999994,46.18924516219339,91.6,22574,1,1,synthetic_demo
29.7,48.3,30.364,28.696485892708306,93.9,22621,1,1,synthetic_demo
31.6,51.4,32.512,31.246959319790886,16.2,22668,1,1,synthetic_demo
33.5,54.5,34.66,34.014185926023735,18.5,22715,1,1,synthetic_demo
35.4,57.6,36.808,37.02385569622677,20.8,22762,1,1,synthetic_demo
37.3,60.7,38.955999999999996,40.30406344679285,23.1,22809,1,1,synthetic_demo
39.2,63.8,41.104,43.88547579710706,25.4,22856,1,1,synthetic_demo
41.1,66.9,43.252,47.80150534655377,27.7,22903,1,1,synthetic_demo
43,70,45.4,52.08849210725465,30,22950,1,1,synthetic_demo
44.9,73.1,47.548,56.78589223027659,32.3,22997,1,1,synthetic_demo
29.8,76.2,32.696,33.398098494609705,34.6,23044,1,1,synthetic_demo
31.7,79.3,34.844,36.4827433549191,36.9,23091,1,1,synthetic_demo
33.6,82.4,36.992000000000004,39.836715434367505,39.2,23138,1,1,synthetic_demo
35.5,85.5,39.14,43.48996586901733,41.5,23185,1,1,synthetic_demo
37.4,88.6,41.288,47.47511591391119,43.8,23232,1,1,synthetic_demo
39.3,91.7,43.436,51.82763466118757,46.1,23279,1,1,synthetic_demo
41.2,94.8,45.584,56.58602407230652,48.4,23326,1,1,synthetic_demo
43.1,36.9,43.1,40.97206250473246,50.7,23373,1,1,synthetic_demo
28,40,28,25.758050532200553,53,23420,1,1,synthetic_demo
29.9,43.1,30.148,28.039210349694994,55.3,23467,1,1,synthetic_demo
31.8,46.2,32.296,30.506564067552983,57.6,23514,1,1,synthetic_demo
33.7,49.3,34.444,33.18300764823731,59.9,23561,1,1,synthetic_demo
35.6,52.4,36.592,36.09364934202615,62.2,23608,1,1,synthetic_demo
37.5,55.5,38.74,39.26596822017481,64.5,23655,1,1,synthetic_demo
39.4,58.6,40.888,42.72997983501024,66.8,23702,1,1,synthetic_demo
41.3,61.7,43.035999999999994,46.51840907057044,69.1,23749,1,1,synthetic_demo
43.2,64.8,45.184000000000005,50.66687023524547,71.4,23796,1,1,synthetic_demo
28.1,67.9,30.332,30.01821006309125,73.7,23843,1,1,synthetic_demo
30,71,32.48,32.789424433455274,76,23890,1,1,synthetic_demo
31.9,74.1,34.628,35.79577055751417,78.3,23937,1,1,synthetic_demo
33.8,77.2,36.775999999999996,39.06417465727989,80.6,23984,1,1,synthetic_demo
35.7,80.3,38.924,42.62403091055534,82.9,24031,1,1,synthetic_demo
37.6,83.4,41.072,46.5073706210154,85.2,24078,1,1,synthetic_demo
39.5,86.5,43.22,50.74903863589495,87.5,24125,1,1,synthetic_demo
41.4,89.6,45.367999999999995,55.38687706144829,89.8,24172,1,1,synthetic_demo
43.3,92.7,47.516,60.46191631387438,92.1,24219,1,1,synthetic_demo
28.2,95.8,32.664,34.327178197652415,94.4,24266,1,1,synthetic_demo
30.1,37.9,30.1,27.362958270320323,16.7,24313,0,1,synthetic_demo
32,41,32.08,29.74536959599666,19,24360,0,1,synthetic_demo
33.9,44.1,34.228,32.32906307201564,21.3,24407,1,1,synthetic_demo
35.8,47.2,36.376,35.13855639736483,23.6,24454,1,1,synthetic_demo
37.7,50.3,38.524,38.200703727598544,25.9,24501,1,1,synthetic_demo
39.6,53.4,40.672000000000004,41.54486001964238,28.2,24548,1,1,synthetic_demo
41.5,56.5,42.82,45.20305255250806,30.5,24595,1,1,synthetic_demo
43.4,59.6,44.967999999999996,49.21015967669905,32.8,24642,1,1,synthetic_demo
28.3,62.7,30.116,29.464203932316348,35.1,24689,1,1,synthetic_demo
30.2,65.8,32.263999999999996,32.16221062888039,37.4,24736,1,1,synthetic_demo
32.1,68.9,34.412,35.088471347800734,39.7,24783,1,1,synthetic_demo
34,72,36.56,38.269378689819504,42,24830,1,1,synthetic_demo
35.9,75.1,38.708,41.73376115295006,44.3,24877,1,1,synthetic_demo
37.8,78.2,40.855999999999995,45.51305101523352,46.6,24924,1,1,synthetic_demo
39.7,81.3,43.004000000000005,49.64145944791274,48.9,24971,1,1,synthetic_demo
41.6,84.4,45.152,54.15615891044505,51.2,25018,1,1,synthetic_demo
43.5,87.5,47.3,59.09747286634388,53.5,25065,1,1,synthetic_demo
28.4,90.6,32.448,33.818198771797995,55.8,25112,1,1,synthetic_demo
30.3,93.7,34.596000000000004,37.01568447613656,58.1,25159,1,1,synthetic_demo
32.2,35.8,32.2,28.963061226283067,60.4,25206,1,1,synthetic_demo
34.1,38.9,34.1,31.45201258938215,62.7,25253,1,1,synthetic_demo
36,42,36.16,34.1582108063061,65,25300,1,1,synthetic_demo
37.9,45.1,38.308,37.10787588593157,67.3,25347,1,1,synthetic_demo
39.8,48.2,40.455999999999996,40.32969260040381,69.6,25394,1,1,synthetic_demo
41.7,51.3,42.604,43.854980672442814,71.9,25441,1,1,synthetic_demo
43.6,54.4,44.752,47.71787217844916,74.2,25488,1,1,synthetic_demo
28.5,57.5,29.9,28.89304489559579,76.5,25535,1,1,synthetic_demo
30.4,60.6,32.048,31.516169114843652,78.8,25582,1,1,synthetic_demo
32.3,63.7,34.196,34.36053449772964,81.1,25629,1,1,synthetic_demo
34.2,66.8,36.344,37.45199159160923,83.4,25676,1,1,synthetic_demo
36.1,69.9,38.492000000000004,40.81879443356121,85.7,25723,1,1,synthetic_demo
38,73,40.64,44.49176714140728,88,25770,1,1,synthetic_demo
39.9,76.1,42.788,48.50447771835648,90.3,25817,1,1,synthetic_demo
41.8,79.2,44.936,52.8934191239633,92.6,25864,1,1,synthetic_demo
43.7,82.3,47.084,57.69819765169488,94.9,25911,1,1,synthetic_demo
28.6,85.4,32.232,33.292476288415266,17.2,25958,1,1,synthetic_demo
30.5,88.5,34.38,36.41963779067012,19.5,26005,1,1,synthetic_demo
32.4,91.6,36.528,39.818136715646574,21.8,26052,1,1,synthetic_demo
34.3,94.7,38.675999999999995,43.51792787786094,24.1,26099,1,1,synthetic_demo
36.2,36.8,36.2,33.1522425731577,26.4,26146,1,1,synthetic_demo
38.1,39.9,38.1,35.98708643872804,28.7,26193,1,1,synthetic_demo
40,43,40.24,39.084049410915554,31,26240,1,1,synthetic_demo
41.9,46.1,42.388,42.4737336432245,33.3,26287,1,1,synthetic_demo
43.8,49.2,44.535999999999994,46.189514559613215,35.6,26334,1,1,synthetic_demo
28.7,52.3,29.683999999999997,28.30446378242783,37.9,26381,0,1,synthetic_demo
30.6,55.4,31.832,30.851008652230743,40.2,26428,1,1,synthetic_demo
32.5,58.5,33.98,33.61164529959611,42.5,26475,1,1,synthetic_demo
34.4,61.6,36.128,36.611673727418115,44.8,26522,1,1,synthetic_demo
36.3,64.7,38.275999999999996,39.878764670975215,47.1,26569,1,1,synthetic_demo
38.2,67.8,40.424,43.443124892869236,49.4,26616,1,1,synthetic_demo
40.1,70.9,42.572,47.33766967519544,51.7,26663,1,1,synthetic_demo
42,74,44.72,51.59820256291083,54,26710,1,1,synthetic_demo
43.9,77.1,46.867999999999995,56.26360240001034,56.3,26757,1,1,synthetic_demo
28.8,80.2,32.016,32.749744662575786,58.6,26804,1,1,synthetic_demo
30.7,83.3,34.164,35.80491956210962,60.9,26851,1,1,synthetic_demo
32.6,86.4,36.312000000000005,39.12466197729994,63.2,26898,1,1,synthetic_demo
34.5,89.5,38.46,42.738400340721284,65.5,26945,1,1,synthetic_demo
36.4,92.6,40.608,46.67819360619808,67.8,26992,1,1,synthetic_demo
38.3,95.7,42.756,50.978907229185005,70.1,27039,1,1,synthetic_demo
40.2,37.8,40.2,37.80749783586012,72.4,27086,1,1,synthetic_demo
42.1,40.9,42.172000000000004,41.058846976107326,74.7,27133,1,1,synthetic_demo
44,44,44.32,44.62458867600566,77,27180,1,1,synthetic_demo
28.9,47.1,29.468,27.69818832125399,79.3,27227,1,1,synthetic_demo
30.8,50.2,31.616,30.166434701653625,81.6,27274,1,1,synthetic_demo
32.7,53.3,33.764,32.84148553768861,83.9,27321,1,1,synthetic_demo
34.6,56.4,35.912,35.74808173764527,86.2,27368,1,1,synthetic_demo
36.5,59.5,38.06,38.913301834310886,88.5,27415,1,1,synthetic_demo
38.4,62.6,40.208,42.366725979558126,90.8,27462,1,1,synthetic_demo
40.3,65.7,42.355999999999995,46.14060712016729,93.1,27509,1,1,synthetic_demo
42.2,68.8,44.504000000000005,50.27004941014191,15.4,27556,1,1,synthetic_demo
44.1,71.9,46.652,54.79319390245212,17.7,27603,1,1,synthetic_demo
29,75,31.8,32.18973472625325,20,27650,0,1,synthetic_demo
30.9,78.1,33.948,35.17123855659977,22.3,27697,1,1,synthetic_demo
32.8,81.2,36.096,38.41040428951299,24.6,27744,1,1,synthetic_demo
34.7,84.3,38.244,41.936125519987144,26.9,27791,1,1,synthetic_demo
36.6,87.4,40.392,45.77989426776607,29.2,27838,1,1,synthetic_demo
38.5,90.5,42.54,49.97597566892096,31.5,27885,1,1,synthetic_demo
40.4,93.6,44.687999999999995,54.56158996287503,33.8,27932,1,1,synthetic_demo
42.3,35.7,42.3,39.60985144622525,36.1,27979,1,1,synthetic_demo
44.2,38.8,44.2,43.022591384394936,38.4,28026,1,1,synthetic_demo
29.1,41.9,29.252000000000002,27.073943113248152,40.7,28073,1,1,synthetic_demo
31,45,31.4,29.462149396103214,43,28120,1,1,synthetic_demo
32.9,48.1,33.548,32.0497334597894,45.3,28167,1,1,synthetic_demo
34.8,51.2,35.696,34.86086850865359,47.6,28214,1,1,synthetic_demo
36.7,54.3,37.844,37.922031912373235,49.9,28261,1,1,synthetic_demo
38.6,57.4,39.992000000000004,41.262167895981314,52.2,28308,1,1,synthetic_demo
40.5,60.5,42.14,44.91285739553862,54.5,28355,1,1,synthetic_demo
42.4,63.6,44.288,48.90849513600705,56.8,28402,1,1,synthetic_demo
44.3,66.7,46.436,53.28647397559264,59.1,28449,1,1,synthetic_demo
29.2,69.8,31.584,31.612174202181958,61.4,28496,1,1,synthetic_demo
31.1,72.9,33.732,34.5183002314801,63.7,28543,1,1,synthetic_demo
33,76,35.88,37.67504543591854,66,28590,1,1,synthetic_demo
34.9,79.1,38.028,41.110760058199,68.3,28637,1,1,synthetic_demo
36.8,82.2,40.175999999999995,44.85636031912474,70.6,28684,1,1,synthetic_demo
38.7,85.3,42.324000000000005,48.94550181605144,72.9,28731,1,1,synthetic_demo
40.6,88.4,44.472,53.414760199912045,75.2,28778,1,1,synthetic_demo
42.5,91.5,46.62,58.303819173735405,77.5,28825,1,1,synthetic_demo
44.4,94.6,48.768,63.65566584299894,79.8,28872,1,1,synthetic_demo
29.3,36.7,29.3,26.431449605961124,82.1,28919,1,1,synthetic_demo
31.2,39.8,31.2,28.737851513455542,84.4,28966,1,1,synthetic_demo
33.1,42.9,33.332,31.236063748526487,86.7,29013,1,1,synthetic_demo
35,46,35.48,33.94968314295329,89,29060,1,1,synthetic_demo
36.9,49.1,37.628,36.9045768826555,91.3,29107,1,1,synthetic_demo
38.8,52.2,39.775999999999996,40.12904388902369,93.6,29154,1,1,synthetic_demo
40.7,55.3,41.924,43.65398335071082,15.9,29201,1,1,synthetic_demo
42.6,58.4,44.072,47.51307046374725,18.2,29248,1,1,synthetic_demo
44.5,61.5,46.22,51.74293942559061,20.5,29295,1,1,synthetic_demo
29.4,64.6,31.368,31.016787677570925,22.8,29342,0,1,synthetic_demo
31.3,67.7,33.516,33.84580670786158,25.1,29389,1,1,synthetic_demo
33.2,70.8,35.664,36.91826365468054,27.4,29436,1,1,synthetic_demo
35.1,73.9,37.812000000000005,40.26195683453888,29.7,29483,1,1,synthetic_demo
37,77,39.96,43.90721774450927,32,29530,1,1,synthetic_demo
38.9,80.1,42.108,47.8870831632958,34.3,29577,1,1,synthetic_demo
40.8,83.2,44.256,52.237474514406046,36.6,29624,1,1,synthetic_demo
42.7,86.3,46.404,56.99738453562414,38.9,29671,1,1,synthetic_demo
44.6,89.4,48.552,62.20907128644251,41.2,29718,1,1,synthetic_demo
29.5,92.5,33.7,35.65421940256793,43.5,29765,1,1,synthetic_demo
31.4,95.6,35.848,39.01102903203015,45.8,29812,1,1,synthetic_demo
33.3,37.7,33.3,30.400147492576828,48.1,29859,1,1,synthetic_demo
35.2,40.8,35.264,33.01417092923484,50.4,29906,1,1,synthetic_demo
37.1,43.9,37.412,35.86055468018923,52.7,29953,1,1,synthetic_demo
39,47,39.56,38.966942925603355,55,30000,1,1,synthetic_demo
40.9,50.1,41.708,42.36354330867145,57.3,30047,1,1,synthetic_demo
42.8,53.2,43.855999999999995,46.08330133473275,59.6,30094,1,1,synthetic_demo
44.7,56.3,46.004000000000005,50.162082012210064,61.9,30141,1,1,synthetic_demo
29.6,59.4,31.152,30.403296577673256,64.2,30188,1,1,synthetic_demo
31.5,62.5,33.3,33.153456743056395,66.5,30235,1,1,synthetic_demo
33.4,65.6,35.448,36.139733609768825,68.8,30282,1,1,synthetic_demo
35.3,68.7,37.596,39.38936493493545,71.1,30329,1,1,synthetic_demo
37.2,71.8,39.744,42.932088507077424,73.4,30376,1,1,synthetic_demo
39.1,74.9,41.892,46.80031294561651,75.7,30423,1,1,synthetic_demo
41,78,44.04,51.029295746412714,78,30470,1,1,synthetic_demo
42.9,81.1,46.187999999999995,55.65732861882407,80.3,30517,1,1,synthetic_demo
44.8,84.2,48.336,60.72593014727177,82.6,30564,1,1,synthetic_demo
29.7,87.3,33.484,35.08876021601315,84.9,30611,1,1,synthetic_demo
31.6,90.4,35.632000000000005,38.37148487371782,87.2,30658,1,1,synthetic_demo
33.5,93.5,37.78,41.942768515288435,89.5,30705,1,1,synthetic_demo
35.4,35.6,35.4,32.053973312251266,91.8,30752,1,1,synthetic_demo
37.3,38.7,37.3,34.7895791662419,94.1,30799,1,1,synthetic_demo
39.2,41.8,39.344,37.77544966017359,16.4,30846,1,1,synthetic_demo
41.1,44.9,41.492000000000004,41.04109103229094,18.7,30893,1,1,synthetic_demo
43,48,43.64,44.61870887354605,21,30940,1,1,synthetic_demo
44.9,51.1,45.788,48.543388412683086,23.3,30987,1,1,synthetic_demo
29.8,54.2,30.936,29.771419139210582,25.6,31034,1,1,synthetic_demo
31.7,57.3,33.083999999999996,32.44094570286084,27.9,31081,1,1,synthetic_demo
33.6,60.4,35.232,35.33912636208492,30.2,31128,1,1,synthetic_demo
35.5,63.5,37.38,38.49262962201872,32.5,31175,1,1,synthetic_demo
37.4,66.6,39.528,41.930590517680415,34.8,31222,1,1,synthetic_demo
39.3,69.7,41.675999999999995,45.684780107794694,37.1,31269,1,1,synthetic_demo
41.2,72.8,43.824000000000005,49.789782198986444,39.4,31316,1,1,synthetic_demo
43.1,75.9,45.972,54.283177347132636,41.7,31363,1,1,synthetic_demo
28,79,31.12,31.55154980109609,44,31410,1,1,synthetic_demo
29.9,82.1,33.268,34.505347325057045,46.3,31457,1,1,synthetic_demo
31.8,85.2,35.416000000000004,37.712248020682125,48.6,31504,1,1,synthetic_demo
33.7,88.3,37.564,41.200638445017326,50.9,31551,1,1,synthetic_demo
35.6,91.4,39.712,45.001464692007445,53.2,31598,1,1,synthetic_demo
37.5,94.5,41.86,49.14840534786522,55.5,31645,1,1,synthetic_demo
39.4,36.6,39.4,36.554144402071245,57.8,31692,1,1,synthetic_demo
41.3,39.7,41.3,39.68617569046428,60.1,31739,1,1,synthetic_demo
43.2,42.8,43.424,43.11880935290904,62.4,31786,1,1,synthetic_demo
28.1,45.9,28.572000000000003,26.73100503528554,64.7,31833,1,1,synthetic_demo
30,49,30.72,29.120870383652232,67,31880,1,1,synthetic_demo
31.9,52.1,32.868,31.7079655336908,69.3,31927,1,1,synthetic_demo
33.8,55.2,35.016,34.51610934043847,71.6,31974,1,1,synthetic_demo
35.7,58.3,37.164,37.57139230492374,73.9,32021,1,1,synthetic_demo
37.6,61.4,39.312000000000005,40.90233760348136,76.2,32068,1,1,synthetic_demo
39.5,64.5,41.46,44.5400692718523,78.5,32115,1,1,synthetic_demo
41.4,67.6,43.608,48.518487604396256,80.8,32162,1,1,synthetic_demo
43.3,70.7,45.756,52.874451816514764,83.1,32209,1,1,synthetic_demo
28.2,73.8,30.904,31.020799070842884,85.4,32256,1,1,synthetic_demo
30.1,76.9,33.052,33.903698970649934,87.7,32303,1,1,synthetic_demo
32,80,35.2,37.03301384584714,90,32350,1,1,synthetic_demo
33.9,83.1,37.348,40.43660864590703,92.3,32397,1,1,synthetic_demo
35.8,86.2,39.495999999999995,44.14487630196713,94.6,32444,1,1,synthetic_demo
37.7,89.3,41.644000000000005,48.1909094010845,16.9,32491,1,1,synthetic_demo
39.6,92.4,43.792,52.61067913511154,19.2,32538,1,1,synthetic_demo
41.5,95.5,45.94,57.443221571053456,21.5,32585,1,1,synthetic_demo
43.4,37.6,43.4,41.583114158454435,23.8,32632,1,1,synthetic_demo
28.3,40.7,28.356,26.138553429749205,26.1,32679,0,1,synthetic_demo
30.2,43.8,30.503999999999998,28.451362090348955,28.4,32726,0,1,synthetic_demo
32.1,46.9,32.652,30.954204734569732,30.7,32773,0,1,synthetic_demo
34,50,34.8,33.670346312374654,33,32820,1,1,synthetic_demo
35.9,53.1,36.948,36.62529050894339,35.3,32867,1,1,synthetic_demo
37.8,56.2,39.096,39.84693947642102,37.6,32914,1,1,synthetic_demo
39.7,59.3,41.244,43.36576070432012,39.9,32961,1,1,synthetic_demo
41.6,62.4,43.392,47.21496109018686,42.2,33008,1,1,synthetic_demo
43.5,65.5,45.54,51.430668259948845,44.5,33055,1,1,synthetic_demo
28.4,68.6,30.688,30.473179202487223,46.8,33102,1,1,synthetic_demo
30.3,71.7,32.836,33.28353017010664,49.1,33149,1,1,synthetic_demo
32.2,74.8,34.984,36.3334742940216,51.4,33196,1,1,synthetic_demo
34.1,77.9,37.132000000000005,39.650346547888674,53.7,33243,1,1,synthetic_demo
36,81,39.28,43.26397798359034,56,33290,1,1,synthetic_demo
37.9,84.1,41.428,47.20686611988571,58.3,33337,1,1,synthetic_demo
39.8,87.2,43.576,51.51435258828241,60.6,33384,1,1,synthetic_demo
41.7,90.3,45.724000000000004,56.224808084241445,62.9,33431,1,1,synthetic_demo
43.6,93.4,47.872,61.37982465932264,65.2,33478,1,1,synthetic_demo
28.5,35.5,28.5,25.52855815293305,67.5,33525,1,1,synthetic_demo
30.4,38.6,30.4,27.762602769520875,69.8,33572,1,1,synthetic_demo
32.3,41.7,32.436,30.179348328969013,72.1,33619,1,1,synthetic_demo
34.2,44.8,34.584,32.8014973548517,74.4,33666,1,1,synthetic_demo
36.1,47.9,36.732,35.65395784502978,76.7,33713,1,1,synthetic_demo
38,51,38.88,38.764001701531114,79,33760,1,1,synthetic_demo
39.9,54.1,41.028,42.16143028335198,81.3,33807,1,1,synthetic_demo
41.8,57.2,43.175999999999995,45.8787471450846,83.6,33854,1,1,synthetic_demo
43.7,60.3,45.324000000000005,49.951338012116665,85.9,33901,1,1,synthetic_demo
28.6,63.4,30.472,29.908423848776675,88.2,33948,1,1,synthetic_demo
30.5,66.5,32.62,32.64455269016456,90.5,33995,1,1,synthetic_demo
32.4,69.6,34.768,35.61331785381006,92.8,34042,1,1,synthetic_demo
34.3,72.7,36.916,38.841515910459236,15.1,34089,1,1,synthetic_demo
36.2,75.8,39.064,42.35840725666722,17.4,34136,1,1,synthetic_demo
38.1,78.9,41.212,46.19588521342464,19.7,34183,1,1,synthetic_demo
40,82,43.36,50.388652365001754,22,34230,1,1,synthetic_demo
41.9,85.1,45.507999999999996,54.97440418738406,24.3,34277,1,1,synthetic_demo
43.8,88.2,47.656,59.99402000320906,26.6,34324,1,1,synthetic_demo
28.7,91.3,32.804,34.33832587639887,28.9,34371,1,1,synthetic_demo
30.6,94.4,34.952,37.58154181896357,31.2,34418,1,1,synthetic_demo
32.5,36.5,32.5,29.38307783650014,33.5,34465,1,1,synthetic_demo
34.4,39.6,34.4,31.90921882476879,35.8,34512,1,1,synthetic_demo
36.3,42.7,36.516,34.657023979144384,38.1,34559,1,1,synthetic_demo
38.2,45.8,38.664,37.65312566509456,40.4,34606,1,1,synthetic_demo
40.1,48.9,40.812000000000005,40.92664946568486,42.7,34653,1,1,synthetic_demo
42,52,42.96,44.509385584748145,45,34700,1,1,synthetic_demo
43.9,55.1,45.108,48.43596747393736,47.3,34747,1,1,synthetic_demo
28.8,58.2,30.256,29.326263583066222,49.6,34794,1,1,synthetic_demo
30.7,61.3,32.403999999999996,31.986475019895796,51.9,34841,1,1,synthetic_demo
32.6,64.4,34.552,34.87222952937634,54.2,34888,1,1,synthetic_demo
34.5,67.5,36.7,38.00977679328142,56.5,34935,1,1,synthetic_demo
36.4,70.6,38.848,41.42779771703655,58.8,34982,1,1,synthetic_demo
38.3,73.7,40.995999999999995,45.15757223397006,61.1,35029,1,1,synthetic_demo
40.2,76.8,43.144000000000005,49.23315433317613,63.4,35076,1,1,synthetic_demo
42.1,79.9,45.292,53.691554361637536,65.7,35123,1,1,synthetic_demo
44,83,47.44,58.572928638828856,68,35170,1,1,synthetic_demo
28.9,86.1,32.588,33.80229967006303,70.3,35217,1,1,synthetic_demo
30.8,89.2,34.736000000000004,36.974214649153446,72.6,35264,1,1,synthetic_demo
32.7,92.3,36.884,40.42240178477785,74.9,35311,1,1,synthetic_demo
34.6,95.4,39.032000000000004,44.17725527963403,77.2,35358,1,1,synthetic_demo
36.5,37.5,36.5,33.63411460145644,79.5,35405,1,1,synthetic_demo
38.4,40.6,38.448,36.513908542652715,81.8,35452,1,1,synthetic_demo
40.3,43.7,40.596,39.66098525344461,84.1,35499,1,1,synthetic_demo
42.2,46.8,42.744,43.10641151736397,86.4,35546,1,1,synthetic_demo
44.1,49.9,44.892,46.884058076945195,88.7,35593,1,1,synthetic_demo
29,53,30.04,28.72642587321896,91,35640,1,1,synthetic_demo
30.9,56.1,32.187999999999995,31.309002343473075,93.3,35687,1,1,synthetic_demo
32.8,59.2,34.336,34.10989081205873,15.6,35734,1,1,synthetic_demo
34.7,62.3,36.484,37.15478552663344,17.9,35781,1,1,synthetic_demo
36.6,65.4,38.632000000000005,40.47177900585699,20.2,35828,1,1,synthetic_demo
38.5,68.5,40.78,44.09152854498437,22.5,35875,1,1,synthetic_demo
40.4,71.6,42.928,48.04742992886594,24.8,35922,1,1,synthetic_demo
42.3,74.7,45.076,52.37579840428644,27.1,35969,1,1,synthetic_demo
44.2,77.8,47.224000000000004,57.116056951183666,29.4,36016,1,1,synthetic_demo
29.1,80.9,32.372,33.24901426877746,31.7,36063,1,1,synthetic_demo
31,84,34.52,36.34794553939266,34,36110,1,1,synthetic_demo
32.9,87.1,36.668,39.71630112988892,36.3,36157,1,1,synthetic_demo
34.8,90.2,38.815999999999995,43.38394413047958,38.6,36204,1,1,synthetic_demo
36.7,93.3,40.964000000000006,47.38339737429877,40.9,36251,1,1,synthetic_demo
38.6,35.4,38.6,35.34594326685956,43.2,36298,1,1,synthetic_demo
40.5,38.5,40.5,38.3640001607973,45.5,36345,1,1,synthetic_demo
42.4,41.6,42.528,41.66935530908637,47.8,36392,1,1,synthetic_demo
44.3,44.7,44.675999999999995,45.2951062475111,50.1,36439,1,1,synthetic_demo
29.2,47.8,29.823999999999998,28.10863505536243,52.4,36486,1,1,synthetic_demo
31.1,50.9,31.972,30.611836512789264,54.7,36533,1,1,synthetic_demo
33,54,34.12,33.32597965183685,57,36580,1,1,synthetic_demo
34.9,57.1,36.268,36.27619468170876,59.3,36627,1,1,synthetic_demo
36.8,60.2,38.416,39.48997677872639,61.6,36674,1,1,synthetic_demo
38.7,63.3,40.564,42.99735128905107,63.9,36721,1,1,synthetic_demo
40.6,66.4,42.712,46.831046123010864,66.2,36768,1,1,synthetic_demo
42.5,69.5,44.86,51.02667139425804,68.5,36815,1,1,synthetic_demo
44.4,72.6,47.007999999999996,55.6229063446271,70.8,36862,1,1,synthetic_demo
29.3,75.7,32.156,32.67819714363098,73.1,36909,1,1,synthetic_demo
31.2,78.8,34.304,35.70243967990695,75.4,36956,1,1,synthetic_demo
33.1,81.9,36.452,38.98912170173239,77.7,37003,1,1,synthetic_demo
35,85,38.6,42.5675666771963,80,37050,1,1,synthetic_demo
36.9,88.1,40.748,46.46972552671994,82.3,37097,1,1,synthetic_demo
38.8,91.2,42.896,50.73035254174254,84.6,37144,1,1,synthetic_demo
40.7,94.3,45.044000000000004,55.38718860708914,86.9,37191,1,1,synthetic_demo
42.6,36.4,42.6,40.197742549321916,89.2,37238,1,1,synthetic_demo
44.5,39.5,44.5,43.66860337090779,91.5,37285,1,1,synthetic_demo
29.4,42.6,29.607999999999997,27.47261230750033,93.8,37332,1,1,synthetic_demo
31.3,45.7,31.756,29.894676019930195,16.1,37379,1,1,synthetic_demo
33.2,48.8,33.904,32.52017042864986,18.4,37426,0,1,synthetic_demo
35.1,51.9,36.052,35.37365304076547,20.7,37473,1,1,synthetic_demo
37,55,38.2,38.482012674649475,23,37520,1,1,synthetic_demo
38.9,58.1,40.348,41.87463335564901,25.3,37567,1,1,synthetic_demo
40.8,61.2,42.495999999999995,45.58356538800059,27.6,37614,1,1,synthetic_demo
42.7,64.3,44.644000000000005,49.643703657481254,29.9,37661,1,1,synthetic_demo
44.6,67.4,46.792,54.092973207004746,32.2,37708,1,1,synthetic_demo
29.5,70.5,31.94,32.08957262574096,34.5,37755,1,1,synthetic_demo
31.4,73.6,34.088,35.03739892005669,36.8,37802,1,1,synthetic_demo
33.3,76.7,36.236,38.24054145041492,39.1,37849,1,1,synthetic_demo
35.2,79.8,38.384,41.727775493944606,41.4,37896,1,1,synthetic_demo
37.1,82.9,40.532000000000004,45.5304711386717,43.7,37943,1,1,synthetic_demo
39,86,42.68,49.68276790642316,46,37990,1,1,synthetic_demo
40.9,89.1,44.827999999999996,54.221756662727074,48.3,38037,1,1,synthetic_demo
42.8,92.2,46.976,59.18766885455564,50.6,38084,1,1,synthetic_demo
44.7,95.3,49.124,64.62407310414956,52.9,38131,1,1,synthetic_demo
29.6,37.4,29.6,26.81807562297946,55.2,38178,1,1,synthetic_demo
31.5,40.5,31.54,29.157215969500545,57.5,38225,1,1,synthetic_demo
33.4,43.6,33.687999999999995,31.692133923565873,59.8,38272,1,1,synthetic_demo
35.3,46.7,35.836,34.44680556712497,62.1,38319,1,1,synthetic_demo
37.2,49.8,37.984,37.447504284853146,64.4,38366,1,1,synthetic_demo
39.1,52.9,40.132,40.722963348773206,66.7,38413,1,1,synthetic_demo
41,56,42.28,44.30454566409118,69,38460,1,1,synthetic_demo
42.9,59.1,44.428,48.22642073209004,71.3,38507,1,1,synthetic_demo
44.8,62.2,46.576,52.52574887363781,73.6,38554,1,1,synthetic_demo
29.7,65.3,31.724,31.482861879789905,75.9,38601,1,1,synthetic_demo
31.6,68.4,33.872,34.352521740733394,78.2,38648,1,1,synthetic_demo
33.5,71.5,36.02,37.47023474698527,80.5,38695,1,1,synthetic_demo
35.4,74.6,38.168,40.86421935657148,82.8,38742,1,1,synthetic_demo
37.3,77.7,40.315999999999995,44.5652558454004,85.1,38789,1,1,synthetic_demo
39.2,80.8,42.464000000000006,48.60685963019202,87.4,38836,1,1,synthetic_demo
41.1,83.9,44.612,53.025461862120494,89.7,38883,1,1,synthetic_demo
43,87,46.76,57.86059733330222,92,38930,1,1,synthetic_demo
44.9,90.1,48.908,63.15509972568974,94.3,38977,1,1,synthetic_demo
29.8,93.2,34.056,36.20053254196358,16.6,39024,1,1,synthetic_demo
31.7,35.3,31.7,28.399148050802577,18.9,39071,0,1,synthetic_demo
33.6,38.4,33.6,30.841537289802336,21.2,39118,0,1,synthetic_demo
35.5,41.5,35.62,33.495293375020104,23.5,39165,1,1,synthetic_demo
37.4,44.6,37.768,36.38606512144965,25.8,39212,1,1,synthetic_demo
39.3,47.7,39.916,39.54192555440182,28.1,39259,1,1,synthetic_demo
41.2,50.8,42.064,42.99354032566636,30.4,39306,1,1,synthetic_demo
43.1,53.9,44.212,46.774343333471,32.7,39353,1,1,synthetic_demo
28,57,29.36,28.283422008385788,35,39400,1,1,synthetic_demo
29.9,60.1,31.508,30.857782877416913,37.3,39447,1,1,synthetic_demo
31.8,63.2,33.656,33.647503226609274,39.6,39494,1,1,synthetic_demo
33.7,66.3,35.804,36.67787235452603,41.9,39541,1,1,synthetic_demo
35.6,69.4,37.952,39.97654321253082,44.2,39588,1,1,synthetic_demo
37.5,72.5,40.1,43.57369722455269,46.5,39635,1,1,synthetic_demo
39.4,75.6,42.248,47.50221630591765,48.8,39682,1,1,synthetic_demo
41.3,78.7,44.396,51.79786213701611,51.1,39729,1,1,synthetic_demo
43.2,81.8,46.544000000000004,56.49946273523271,53.4,39776,1,1,synthetic_demo
28.1,84.9,31.692,32.55832303912293,55.7,39823,1,1,synthetic_demo
30,88,33.84,35.624216199212164,58,39870,1,1,synthetic_demo
31.9,91.1,35.988,38.954528985014036,60.3,39917,1,1,synthetic_demo
33.8,94.2,38.135999999999996,42.578588765748265,62.6,39964,1,1,synthetic_demo
35.7,36.3,35.7,32.51875369929214,64.9,40011,1,1,synthetic_demo
37.6,39.4,37.6,35.297304585947316,67.2,40058,1,1,synthetic_demo
39.5,42.5,39.7,38.33109990780966,69.5,40105,1,1,synthetic_demo
41.4,45.6,41.848,41.65009814734422,71.8,40152,1,1,synthetic_demo
43.3,48.7,43.995999999999995,45.286987319155145,74.1,40199,1,1,synthetic_demo
28.2,51.8,29.144,27.714419944033352,76.4,40246,1,1,synthetic_demo
30.1,54.9,31.292,30.214050370463998,78.7,40293,1,1,synthetic_demo
32,58,33.44,32.92203503823917,81,40340,1,1,synthetic_demo
33.9,61.1,35.588,35.86312139909651,83.3,40387,1,1,synthetic_demo
35.8,64.2,37.736,39.064388150653016,85.6,40434,1,1,synthetic_demo
37.7,67.3,39.884,42.555408764759086,87.9,40481,1,1,synthetic_demo
39.6,70.4,42.032000000000004,46.36842219818021,90.2,40528,1,1,synthetic_demo
41.5,73.5,44.18,50.538510842643234,92.5,40575,1,1,synthetic_demo
43.4,76.6,46.327999999999996,55.10378575897899,94.8,40622,1,1,synthetic_demo
28.3,79.7,31.476,32.03402477520913,17.1,40669,1,1,synthetic_demo
30.2,82.8,33.624,35.02968449956378,19.4,40716,1,1,synthetic_demo
32.1,85.9,35.772000000000006,38.28313191257014,21.7,40763,1,1,synthetic_demo
34,89,37.92,41.82317643602689,24,40810,1,1,synthetic_demo
35.9,92.1,40.068,45.68121574150068,26.3,40857,1,1,synthetic_demo
37.8,95.2,42.215999999999994,49.89140993158864,28.6,40904,1,1,synthetic_demo
39.7,37.3,39.7,37.09006196072749,30.9,40951,1,1,synthetic_demo
41.6,40.4,41.632,40.27376326992867,33.2,40998,1,1,synthetic_demo
43.5,43.5,43.78,43.76386365355381,35.5,41045,1,1,synthetic_demo
28.4,46.6,28.927999999999997,27.128159633176455,37.8,41092,1,1,synthetic_demo
30.3,49.7,31.076,29.551375864076707,40.1,41139,1,1,synthetic_demo
32.2,52.8,33.224000000000004,32.17580538401525,42.4,41186,1,1,synthetic_demo
34.1,55.9,35.372,35.02564534052602,44.7,41233,1,1,synthetic_demo
36,59,37.52,38.127391370763334,47,41280,1,1,synthetic_demo
37.9,62.1,39.668,41.509999834065425,49.3,41327,1,1,synthetic_demo
39.8,65.2,41.815999999999995,45.205057210504734,51.6,41374,1,1,synthetic_demo
41.7,68.3,43.964000000000006,49.24695672373966,53.9,41421,1,1,synthetic_demo
43.6,71.4,46.112,53.673082234214526,56.2,41468,1,1,synthetic_demo
28.5,74.5,31.26,31.492875560380632,58.5,41515,1,1,synthetic_demo
30.4,77.6,33.408,34.416652199865794,60.8,41562,1,1,synthetic_demo
32.3,80.7,35.556,37.59145108268103,63.1,41609,1,1,synthetic_demo
34.2,83.8,37.704,41.04555532001278,65.4,41656,1,1,synthetic_demo
36.1,86.9,39.852000000000004,44.809804524699125,67.7,41703,1,1,synthetic_demo
38,90,42,48.91776770858432,70,41750,1,1,synthetic_demo
39.9,93.1,44.147999999999996,53.40592346358724,72.3,41797,1,1,synthetic_demo
41.8,35.2,41.8,38.86407516620591,74.6,41844,1,1,synthetic_demo
43.7,38.3,43.7,42.204478372538446,76.9,41891,1,1,synthetic_demo
28.6,41.4,28.712,26.52437140913808,79.2,41938,1,1,synthetic_demo
30.5,44.5,30.86,28.869467589658992,81.5,41985,1,1,synthetic_demo
32.4,47.6,33.007999999999996,31.40849899197355,83.8,42032,1,1,synthetic_demo
34.3,50.7,35.156,34.165103943057545,86.1,42079,1,1,synthetic_demo
36.2,53.8,37.304,37.16518615314902,88.4,42126,1,1,synthetic_demo
38.1,56.9,39.452,40.43707564821117,90.7,42173,1,1,synthetic_demo
40,60,41.6,44.01169685244031,93,42220,1,1,synthetic_demo
41.9,63.1,43.748,47.92274388042226,15.3,42267,1,1,synthetic_demo
43.8,66.2,45.896,52.20686308630884,17.6,42314,1,1,synthetic_demo
28.7,69.3,31.044,30.934608797748538,19.9,42361,0,1,synthetic_demo
30.6,72.4,33.192,33.784830801832236,22.2,42408,1,1,synthetic_demo
32.5,75.5,35.34,36.879174702897544,24.5,42455,1,1,synthetic_demo
34.4,78.6,37.488,40.245388879465324,26.8,42502,1,1,synthetic_demo
36.3,81.7,39.635999999999996,43.91374611466268,29.1,42549,1,1,synthetic_demo
38.2,84.8,41.784000000000006,47.91721520524057,31.4,42596,1,1,synthetic_demo
40.1,87.9,43.932,52.291639837089974,33.7,42643,1,1,synthetic_demo
42,91,46.08,57.075924773309254,36,42690,1,1,synthetic_demo
43.9,94.1,48.227999999999994,62.31222938833949,38.3,42737,1,1,synthetic_demo
28.8,36.2,28.8,25.902782503556654,40.6,42784,1,1,synthetic_demo
30.7,39.3,30.7,28.168030477681967,42.9,42831,1,1,synthetic_demo
32.6,42.4,32.792,30.61979708145275,45.2,42878,1,1,synthetic_demo
34.5,45.5,34.94,33.281153245841544,47.5,42925,1,1,synthetic_demo
36.4,48.6,37.088,36.177401827875016,49.8,42972,1,1,synthetic_demo
38.3,51.7,39.236,39.33623723875512,52.1,43019,1,1,synthetic_demo
40.2,54.8,41.384,42.787912206485046,54.4,43066,1,1,synthetic_demo
42.1,57.9,43.532000000000004,46.56541173390254,56.7,43113,1,1,synthetic_demo
44,61,45.68,50.70463430082603,59,43160,1,1,synthetic_demo
28.9,64.1,30.828,30.358954806632287,61.3,43207,1,1,synthetic_demo
30.8,67.2,32.976,33.13392852492277,63.6,43254,1,1,synthetic_demo
32.7,70.3,35.124,36.14598749154803,65.9,43301,1,1,synthetic_demo
34.6,73.4,37.272000000000006,39.42233687133268,68.2,43348,1,1,synthetic_demo
36.5,76.5,39.42,42.992673786971146,70.5,43395,1,1,synthetic_demo
38.4,79.6,41.568,46.889357635348674,72.8,43442,1,1,synthetic_demo
40.3,82.7,43.715999999999994,51.147587653543916,75.1,43489,1,1,synthetic_demo
42.2,85.8,45.864000000000004,55.80558778183395,77.4,43536,1,1,synthetic_demo
44.1,88.9,48.012,60.90479885852562,79.7,43583,1,1,synthetic_demo
29,92,33.16,34.865927930870654,82,43630,1,1,synthetic_demo
30.9,95.1,35.308,38.15569381219767,84.3,43677,1,1,synthetic_demo
32.8,37.2,32.8,29.809377334604473,86.6,43724,1,1,synthetic_demo
34.7,40.3,34.724000000000004,32.373445533279735,88.9,43771,1,1,synthetic_demo
36.6,43.4,36.872,35.16366374394791,91.2,43818,1,1,synthetic_demo
38.5,46.5,39.02,38.20708142104778,93.5,43865,1,1,synthetic_demo
40.4,49.6,41.168,41.53326989485685,15.8,43912,1,1,synthetic_demo
42.3,52.7,43.315999999999995,45.174494992046796,18.1,43959,1,1,synthetic_demo
44.2,55.8,45.464000000000006,49.16589688786695,20.4,44006,1,1,synthetic_demo
29.1,58.9,30.612000000000002,29.765640796427594,22.7,44053,1,1,synthetic_demo
31,62,32.76,32.46365027907554,25,44100,1,1,synthetic_demo
32.9,65.1,34.908,35.39157064931996,27.3,44147,1,1,synthetic_demo
34.8,68.2,37.056,38.576055318167484,29.6,44194,1,1,synthetic_demo
36.7,71.3,39.204,42.04621685731513,31.9,44241,1,1,synthetic_demo
38.6,74.4,41.352000000000004,45.83379601848449,34.2,44288,1,1,synthetic_demo
40.5,77.5,43.5,49.97333798602055,36.5,44335,1,1,synthetic_demo
42.4,80.6,45.647999999999996,54.50237591135485,38.8,44382,1,1,synthetic_demo
44.3,83.7,47.796,59.46162176547382,41.1,44429,1,1,synthetic_demo
29.2,86.8,32.944,34.319454451997046,43.4,44476,1,1,synthetic_demo
31.1,89.9,35.092,37.536931286832115,45.7,44523,1,1,synthetic_demo
33,93,37.24,41.03568717816347,48,44570,1,1,synthetic_demo
34.9,35.1,34.9,31.44162930521852,50.3,44617,1,1,synthetic_demo
36.8,38.2,36.8,34.12359323832804,52.6,44664,1,1,synthetic_demo
38.7,41.3,38.804,37.049200762050695,54.9,44711,1,1,synthetic_demo
40.6,44.4,40.952,40.24733204610967,57.2,44758,1,1,synthetic_demo
42.5,47.5,43.1,43.74952361478067,59.5,44805,1,1,synthetic_demo
44.4,50.6,45.248,47.59014684625525,61.8,44852,1,1,synthetic_demo
29.3,53.7,30.396,29.154390840330038,64.1,44899,1,1,synthetic_demo
31.2,56.8,32.544,31.77369763729334,66.4,44946,1,1,synthetic_demo
33.1,59.9,34.692,34.61560183069316,68.7,44993,1,1,synthetic_demo
35,63,36.84,37.70619647839254,71,45040,1,1,synthetic_demo
36.9,66.1,38.988,41.07400065058103,73.3,45087,1,1,synthetic_demo
38.8,69.2,41.135999999999996,44.75012714790114,75.6,45134,1,1,synthetic_demo
40.7,72.3,43.284000000000006,48.76845743682445,77.9,45181,1,1,synthetic_demo
42.6,75.4,45.432,53.165823852166824,80.2,45228,1,1,synthetic_demo
44.5,78.5,47.58,57.98219910420916,82.5,45275,1,1,synthetic_demo
29.4,81.6,32.727999999999994,33.75546864535274,84.8,45322,1,1,synthetic_demo
31.3,84.7,34.876000000000005,36.898953148535824,87.1,45369,1,1,synthetic_demo
33.2,87.8,37.024,40.316790238431516,89.4,45416,1,1,synthetic_demo
35.1,90.9,39.172000000000004,44.03928249336379,91.7,45463,1,1,synthetic_demo
37,94,41.32,48.099421662128194,94,45510,1,1,synthetic_demo
38.9,36.1,38.9,35.86218354800223,16.3,45557,1,1,synthetic_demo
40.8,39.2,40.8,38.929656261595156,18.6,45604,1,1,synthetic_demo
42.7,42.3,42.884,42.29002277933837,20.9,45651,1,1,synthetic_demo
44.6,45.4,45.032000000000004,45.976875127567,23.2,45698,1,1,synthetic_demo
29.5,48.5,30.18,28.524925848914,25.5,45745,1,1,synthetic_demo
31.4,51.6,32.327999999999996,31.06376880808322,27.8,45792,0,1,synthetic_demo
33.3,54.7,34.476,33.8177551152242,30.1,45839,1,1,synthetic_demo
35.2,57.8,36.624,36.812408816416024,32.4,45886,1,1,synthetic_demo
37.1,60.9,38.772,40.075646469784154,34.7,45933,1,1,synthetic_demo
39,64,40.92,43.6379435582684,37,45980,1,1,synthetic_demo
40.9,67.1,43.068,47.532508104029034,39.3,46027,1,1,synthetic_demo
42.8,70.2,45.215999999999994,51.7954615356812,41.6,46074,1,1,synthetic_demo
44.7,73.3,47.364000000000004,56.46602684715805,43.9,46121,1,1,synthetic_demo
29.6,76.4,32.512,33.173694588118465,46.2,46168,1,1,synthetic_demo
31.5,79.5,34.66,36.24146097716773,48.5,46215,1,1,synthetic_demo
33.4,82.6,36.808,39.57651518547112,50.8,46262,1,1,synthetic_demo
35.3,85.7,38.955999999999996,43.20861535551627,53.1,46309,1,1,synthetic_demo
37.2,88.8,41.104,47.17017631515982,55.4,46356,1,1,synthetic_demo
39.1,91.9,43.252,51.49644672499542,57.7,46403,1,1,synthetic_demo
41,95,45.4,56.22569353729753,60,46450,1,1,synthetic_demo
42.9,37.1,42.9,40.795512845356015,62.3,46497,1,1,synthetic_demo
44.8,40.2,44.815999999999995,44.32556760000385,64.6,46544,1,1,synthetic_demo
29.7,43.3,29.964,27.87696354356666,66.9,46591,1,1,synthetic_demo
31.6,46.4,32.112,30.333558607748973,69.2,46638,1,1,synthetic_demo
33.5,49.5,34.26,32.99770097868211,71.5,46685,1,1,synthetic_demo
35.4,52.6,36.408,35.89433697259597,73.8,46732,1,1,synthetic_demo
37.3,55.7,38.556,39.050771564849455,76.1,46779,1,1,synthetic_demo
39.2,58.8,40.704,42.49683349325855,78.4,46826,1,1,synthetic_demo
41.1,61.9,42.852000000000004,46.26504754785768,80.7,46873,1,1,synthetic_demo
43,65,45,50.39081409959361,83,46920,1,1,synthetic_demo
44.9,68.1,47.147999999999996,54.912595908096236,85.3,46967,1,1,synthetic_demo
29.8,71.2,32.296,32.57385318656445,87.6,47014,1,1,synthetic_demo
31.7,74.3,34.444,35.564152979451315,89.9,47061,1,1,synthetic_demo
33.6,77.4,36.592,38.814536099757824,92.2,47108,1,1,synthetic_demo
35.5,80.5,38.74,42.354207631063105,94.5,47155,1,1,synthetic_demo
37.4,83.6,40.888,46.21499650567692,16.8,47202,1,1,synthetic_demo
39.3,86.7,43.035999999999994,50.431531353598274,19.1,47249,1,1,synthetic_demo
41.2,89.8,45.184000000000005,55.041423646551955,21.4,47296,1,1,synthetic_demo
43.1,92.9,47.332,60.08545817587117,23.7,47343,1,1,synthetic_demo
28,35,28,25.015294215675482,26,47390,0,1,synthetic_demo
29.9,38.1,29.9,27.21021842977678,28.3,47437,0,1,synthetic_demo
31.8,41.2,31.896,29.582758432536426,30.6,47484,1,1,synthetic_demo
33.7,44.3,34.044000000000004,32.15510626403474,32.9,47531,1,1,synthetic_demo
35.6,47.4,36.192,34.95162173305419,35.2,47578,1,1,synthetic_demo
37.5,50.5,38.34,37.99898910124014,37.5,47625,1,1,synthetic_demo
39.4,53.6,40.488,41.32638087297865,39.8,47672,1,1,synthetic_demo
41.3,56.7,42.635999999999996,44.96562875690995,42.1,47719,1,1,synthetic_demo
43.2,59.8,44.784000000000006,48.95140185289628,44.4,47766,1,1,synthetic_demo
28.1,62.9,29.932000000000002,29.271118011317224,46.7,47813,1,1,synthetic_demo
30,66,32.08,31.95566214940913,49,47860,1,1,synthetic_demo
31.9,69.1,34.227999999999994,34.86672396119067,51.3,47907,1,1,synthetic_demo
33.8,72.2,36.376,38.030523448906834,53.6,47954,1,1,synthetic_demo
35.7,75.3,38.524,41.47570395472998,55.9,48001,1,1,synthetic_demo
37.6,78.4,40.672000000000004,45.23349948066675,58.2,48048,1,1,synthetic_demo
39.5,81.5,42.82,49.337909234976166,60.5,48095,1,1,synthetic_demo
41.4,84.6,44.967999999999996,53.825879457572825,62.8,48142,1,1,synthetic_demo
43.3,87.7,47.116,58.737492564474465,65.1,48189,1,1,synthetic_demo
28.2,90.8,32.263999999999996,33.57572839610479,67.4,48236,1,1,synthetic_demo
30.1,93.9,34.412,36.754791070793615,69.7,48283,1,1,synthetic_demo
32,36,32,28.811056230631213,72,48330,1,1,synthetic_demo
33.9,39.1,33.9,31.28963415228598,74.3,48377,1,1,synthetic_demo
35.8,42.2,35.976,33.983899999338895,76.6,48424,1,1,synthetic_demo
37.7,45.3,38.124,36.919908128433676,78.9,48471,1,1,synthetic_demo
39.6,48.4,40.272,40.1261652612489,81.2,48518,1,1,synthetic_demo
41.5,51.5,42.42,43.63380011423301,83.5,48565,1,1,synthetic_demo
43.4,54.6,44.568,47.47674024073437,85.8,48612,1,1,synthetic_demo
28.3,57.7,29.716,28.708374272641997,88.1,48659,1,1,synthetic_demo
30.2,60.8,31.863999999999997,31.31883596103234,90.4,48706,1,1,synthetic_demo
32.1,63.9,34.012,34.14886529933914,92.7,48753,1,1,synthetic_demo
34,67,36.16,37.22414405858204,15,48800,1,1,synthetic_demo
35.9,70.1,38.308,40.572745097494,17.3,48847,1,1,synthetic_demo
37.8,73.2,40.455999999999996,44.22529839277614,19.6,48894,1,1,synthetic_demo
39.7,76.3,42.604,48.215164278914415,21.9,48941,1,1,synthetic_demo
41.6,79.4,44.752,52.57861395129546,24.2,48988,1,1,synthetic_demo
43.5,82.5,46.9,57.35501727398137,26.5,49035,1,1,synthetic_demo
28.4,85.6,32.048,33.05796705150009,28.8,49082,1,1,synthetic_demo
30.3,88.7,34.196,36.16746758840249,31.1,49129,1,1,synthetic_demo
32.2,91.8,36.344,39.546218451753774,33.4,49176,1,1,synthetic_demo
34.1,94.9,38.492000000000004,43.22397929903255,35.7,49223,1,1,synthetic_demo
36,37,36,32.99080475793633,38,49270,1,1,synthetic_demo
37.9,40.1,37.908,35.81313354824515,40.3,49317,1,1,synthetic_demo
39.8,43.2,40.056,38.89576183272707,42.6,49364,1,1,synthetic_demo
41.7,46.3,42.204,42.269105363237855,44.9,49411,1,1,synthetic_demo
43.6,49.4,44.352000000000004,45.9663398091064,47.2,49458,1,1,synthetic_demo
28.5,52.5,29.5,28.128388817717894,49.5,49505,1,1,synthetic_demo
30.4,55.6,31.648,30.66308585454302,51.8,49552,1,1,synthetic_demo
32.3,58.7,33.796,33.41026491392041,54.1,49599,1,1,synthetic_demo
34.2,61.8,35.944,36.39506108325524,56.4,49646,1,1,synthetic_demo
36.1,64.9,38.092,39.6449679361677,58.7,49693,1,1,synthetic_demo
38,68,40.24,43.190002268708156,61,49740,1,1,synthetic_demo
39.9,71.1,42.388,47.062876028582735,63.3,49787,1,1,synthetic_demo
41.8,74.2,44.535999999999994,51.299175492399954,65.6,49834,1,1,synthetic_demo
43.7,77.3,46.684000000000005,55.93754773360892,67.9,49881,1,1,synthetic_demo
28.6,80.4,31.832,32.52337346122467,70.2,49928,1,1,synthetic_demo
30.5,83.5,33.98,35.56166390419159,72.5,49975,1,1,synthetic_demo
32.4,86.6,36.128,38.86249606522918,74.8,50022,1,1,synthetic_demo
34.3,89.7,38.275999999999996,42.455106976178726,77.1,50069,1,1,synthetic_demo
36.2,92.8,40.42400000000001,46.37135083665854,79.4,50116,1,1,synthetic_demo
38.1,95.9,42.572,50.64587442290777,81.7,50163,1,1,synthetic_demo
40,38,40,37.634741339878865,84,50210,1,1,synthetic_demo
41.9,41.1,41.988,40.87108357346045,86.3,50257,1,1,synthetic_demo
43.8,44.2,44.135999999999996,44.41970616940861,88.6,50304,1,1,synthetic_demo
28.7,47.3,29.284,27.530891719098207,90.9,50351,1,1,synthetic_demo
30.6,50.4,31.432000000000002,29.988119784700896,93.2,50398,1,1,synthetic_demo
32.5,53.5,33.58,32.65060723980157,15.5,50445,1,1,synthetic_demo
34.4,56.6,35.728,35.542933976815995,17.8,50492,1,1,synthetic_demo
36.3,59.7,37.876,38.69200542283184,20.1,50539,1,1,synthetic_demo
38.2,62.8,40.024,42.127215977465895,22.4,50586,1,1,synthetic_demo
40.1,65.9,42.172000000000004,45.88061962757939,24.7,50633,1,1,synthetic_demo
42,69,44.32,49.98710779514657,27,50680,1,1,synthetic_demo
43.9,72.1,46.467999999999996,54.484594462266486,29.3,50727,1,1,synthetic_demo
28.8,75.2,31.616,31.971680780869068,31.6,50774,1,1,synthetic_demo
30.7,78.3,33.763999999999996,34.93709125706102,33.9,50821,1,1,synthetic_demo
32.6,81.4,35.912,38.1582000573173,36.2,50868,1,1,synthetic_demo
34.5,84.5,38.06,41.66371317084858,38.5,50915,1,1,synthetic_demo
36.4,87.6,40.208,45.484921813206824,40.8,50962,1,1,synthetic_demo
38.3,90.7,42.355999999999995,49.65587654845434,43.1,51009,1,1,synthetic_demo
40.2,93.8,44.504000000000005,54.213568703801045,45.4,51056,1,1,synthetic_demo
42.1,35.9,42.1,39.43926910616755,47.7,51103,1,1,synthetic_demo
44,39,44,42.836339962823196,50,51150,1,1,synthetic_demo
28.9,42.1,29.067999999999998,26.915609943201552,52.3,51197,1,1,synthetic_demo
30.8,45.2,31.216,29.293642400692107,54.6,51244,1,1,synthetic_demo
32.7,48.3,33.364000000000004,31.869573198318204,56.9,51291,1,1,synthetic_demo
34.6,51.4,35.512,34.66741846303133,59.2,51338,1,1,synthetic_demo
36.5,54.5,37.66,37.7134865541167,61.5,51385,1,1,synthetic_demo
38.4,57.6,39.808,41.03654019844326,63.8,51432,1,1,synthetic_demo
40.3,60.7,41.955999999999996,44.66796578682123,66.1,51479,1,1,synthetic_demo
42.2,63.8,44.104,48.641949889056015,68.4,51526,1,1,synthetic_demo
44.1,66.9,46.252,52.995663033018715,70.7,51573,1,1,synthetic_demo
29,70,31.4,31.402619077836366,73,51620,1,1,synthetic_demo
30.9,73.1,33.548,34.29345759907097,75.3,51667,1,1,synthetic_demo
32.8,76.2,35.696,37.43301486281884,77.6,51714,1,1,synthetic_demo
34.7,79.3,37.844,40.84945733967948,79.9,51761,1,1,synthetic_demo
36.6,82.4,39.992000000000004,44.573504435514,82.2,51808,1,1,synthetic_demo
38.5,85.5,42.14,48.63860132257174,84.5,51855,1,1,synthetic_demo
40.4,88.6,44.288,53.081099046054774,86.8,51902,1,1,synthetic_demo
42.3,91.7,46.436,57.940441950107996,89.1,51949,1,1,synthetic_demo
44.2,94.8,48.584,63.25936245465567,91.4,51996,1,1,synthetic_demo
29.1,36.9,29.1,26.28226732407773,93.7,52043,1,1,synthetic_demo
31,40,31,28.579355018758413,16,52090,0,1,synthetic_demo
32.9,43.1,33.147999999999996,31.066840168751003,18.3,52137,0,1,synthetic_demo
34.8,46.2,35.296,33.76816650585539,20.6,52184,1,1,synthetic_demo
36.7,49.3,37.444,36.7090363403315,22.9,52231,1,1,synthetic_demo
38.6,52.4,39.592,39.917571389362735,25.2,52278,1,1,synthetic_demo
40.5,55.5,41.74,43.42448075127923,27.5,52325,1,1,synthetic_demo
42.4,58.6,43.888,47.26323608443417,29.8,52372,1,1,synthetic_demo
44.3,61.7,46.035999999999994,51.47025403739228,32.1,52419,1,1,synthetic_demo
29.2,64.8,31.183999999999997,30.815915305177523,34.4,52466,1,1,synthetic_demo
31.1,67.9,33.332,33.63046756814127,36.7,52513,1,1,synthetic_demo
33,71,35.48,36.68662139408179,39,52560,1,1,synthetic_demo
34.9,74.1,37.628,40.01199519990576,41.3,52607,1,1,synthetic_demo
36.8,77.2,39.775999999999996,43.636727696306934,43.6,52654,1,1,synthetic_demo
38.7,80.3,41.924,47.593649423551355,45.9,52701,1,1,synthetic_demo
40.6,83.4,44.072,51.91846154607087,48.2,52748,1,1,synthetic_demo
42.5,86.5,46.22,56.64992195112691,50.5,52795,1,1,synthetic_demo
44.4,89.6,48.367999999999995,61.83003868427807,52.8,52842,1,1,synthetic_demo
29.3,92.7,33.516,35.40113837799989,55.1,52889,1,1,synthetic_demo
31.2,95.8,35.664,38.738285803744745,57.4,52936,1,1,synthetic_demo
33.1,37.9,33.1,30.242081959653934,59.7,52983,1,1,synthetic_demo
35,41,35.08,32.844826279588794,62,53030,1,1,synthetic_demo
36.9,44.1,37.228,35.678275774442106,64.3,53077,1,1,synthetic_demo
38.8,47.2,39.376,38.76990175405973,66.6,53124,1,1,synthetic_demo
40.7,50.3,41.524,42.149726266559746,68.9,53171,1,1,synthetic_demo
42.6,53.4,43.672000000000004,45.850495937741485,71.2,53218,1,1,synthetic_demo
44.5,56.5,45.82,49.90786304952633,73.5,53265,1,1,synthetic_demo
29.4,59.6,30.968,30.211293275282156,75.8,53312,1,1,synthetic_demo
31.3,62.7,33.116,32.94782246060444,78.1,53359,1,1,synthetic_demo
33.2,65.8,35.264,35.91869701240084,80.4,53406,1,1,synthetic_demo
35.1,68.9,37.412,39.150978699590375,82.7,53453,1,1,synthetic_demo
37,72,39.56,42.6742165922684,85,53500,1,1,synthetic_demo
38.9,75.1,41.708,46.52061729792153,87.3,53547,1,1,synthetic_demo
40.8,78.2,43.855999999999995,50.725222440222986,89.6,53594,1,1,synthetic_demo
42.7,81.3,46.004000000000005,55.3260934269553,91.9,53641,1,1,synthetic_demo
44.6,84.4,48.152,60.36450354111574,94.2,53688,1,1,synthetic_demo
29.5,87.5,33.3,34.84407240783453,16.5,53735,1,1,synthetic_demo
31.4,90.6,35.448,38.1079312793089,18.8,53782,1,1,synthetic_demo
33.3,93.7,37.596,41.658149073062305,21.1,53829,1,1,synthetic_demo
35.2,35.8,35.2,31.897042138887432,23.4,53876,1,1,synthetic_demo
37.1,38.9,37.1,34.62082180089661,25.7,53923,1,1,synthetic_demo
39,42,39.16,37.593119210113635,28,53970,1,1,synthetic_demo
40.9,45.1,41.308,40.84325954533099,30.3,54017,1,1,synthetic_demo
42.8,48.2,43.455999999999996,44.403254216806744,32.6,54064,1,1,synthetic_demo
44.7,51.3,45.604,48.30798059016655,34.9,54111,1,1,synthetic_demo
29.6,54.4,30.752000000000002,29.588473633424666,37.2,54158,0,1,synthetic_demo
31.5,57.5,32.9,32.24522020361188,39.5,54205,1,1,synthetic_demo
33.4,60.6,35.048,35.12891549926816,41.8,54252,1,1,synthetic_demo
35.3,63.7,37.196,38.2660559877058,44.1,54299,1,1,synthetic_demo
37.2,66.8,39.344,41.685592092935536,46.4,54346,1,1,synthetic_demo
39.1,69.9,41.492000000000004,45.41909712815212,48.7,54393,1,1,synthetic_demo
41,73,43.64,49.500943454975996,51,54440,1,1,synthetic_demo
42.9,76.1,45.788,53.968485917293606,53.3,54487,1,1,synthetic_demo
44.8,79.2,47.936,58.86225258508223,55.6,54534,1,1,synthetic_demo
29.7,82.3,33.083999999999996,34.2692378668715,57.9,54581,1,1,synthetic_demo
31.6,85.4,35.232,37.45808416167591,60.2,54628,1,1,synthetic_demo
33.5,88.5,37.38,40.926283567946804,62.5,54675,1,1,synthetic_demo
35.4,91.6,39.528,44.70458301691618,64.8,54722,1,1,synthetic_demo
37.3,94.7,41.675999999999995,48.82644824400796,67.1,54769,1,1,synthetic_demo
39.2,36.8,39.2,36.38680735632508,69.4,54816,1,1,synthetic_demo
41.1,39.9,41.1,39.504633233594845,71.7,54863,1,1,synthetic_demo
43,43,43.24,42.921030865885,74,54910,1,1,synthetic_demo
44.9,46.1,45.388,46.67009209050275,76.3,54957,1,1,synthetic_demo
29.8,49.2,30.536,28.947173831165326,78.6,55004,1,1,synthetic_demo
31.7,52.3,32.684,31.522355327393054,80.9,55051,1,1,synthetic_demo
33.6,55.4,34.832,34.31694702747524,83.2,55098,1,1,synthetic_demo
35.5,58.5,36.98,37.35687138406449,85.5,55145,1,1,synthetic_demo
37.4,61.6,39.128,40.670471109446154,87.8,55192,1,1,synthetic_demo
39.3,64.7,41.275999999999996,44.2886768002054,90.1,55239,1,1,synthetic_demo
41.2,67.8,43.424,48.24518177323188,92.4,55286,1,1,synthetic_demo
43.1,70.9,45.572,52.57662416220954,94.7,55333,1,1,synthetic_demo
28,74,30.72,30.808793484571023,17,55380,1,1,synthetic_demo
29.9,77.1,32.867999999999995,33.67635540513883,19.3,55427,1,1,synthetic_demo
31.8,80.2,35.016,36.78844238566556,21.6,55474,1,1,synthetic_demo
33.7,83.3,37.164,40.172737060814754,23.9,55521,1,1,synthetic_demo
35.6,86.4,39.312000000000005,43.85943708303549,26.2,55568,1,1,synthetic_demo
37.5,89.5,41.46,47.88142622893056,28.5,55615,1,1,synthetic_demo
39.4,92.6,43.608,52.27445277682506,30.8,55662,1,1,synthetic_demo
41.3,95.7,45.756,57.07731520346178,33.1,55709,1,1,synthetic_demo
43.2,37.8,43.2,41.40334097055985,35.4,55756,1,1,synthetic_demo
28.1,40.9,28.172,25.98391298351152,37.7,55803,0,1,synthetic_demo
30,44,30.32,28.287108099606083,40,55850,0,1,synthetic_demo
31.9,47.1,32.467999999999996,30.778918937367305,42.3,55897,1,1,synthetic_demo
33.8,50.2,34.616,33.48245813206542,44.6,55944,1,1,synthetic_demo
35.7,53.3,36.764,36.42306534909838,46.9,55991,1,1,synthetic_demo
37.6,56.4,38.912,39.62846646313271,49.2,56038,1,1,synthetic_demo
39.5,59.5,41.06,43.128939870933515,51.5,56085,1,1,synthetic_demo
41.4,62.6,43.208,46.95749000052079,53.8,56132,1,1,synthetic_demo
43.3,65.7,45.355999999999995,51.150028067114846,56.1,56179,1,1,synthetic_demo
28.2,68.8,30.503999999999998,30.26934926929526,58.4,56226,1,1,synthetic_demo
30.1,71.9,32.652,33.065142470607675,60.7,56273,1,1,synthetic_demo
32,75,34.8,36.09870048048169,63,56320,1,1,synthetic_demo
33.9,78.1,36.948,39.39717972617736,65.3,56367,1,1,synthetic_demo
35.8,81.2,39.096,42.990219903941195,67.6,56414,1,1,synthetic_demo
37.7,84.3,41.244,46.910113801919636,69.9,56461,1,1,synthetic_demo
39.6,87.4,43.392,51.191984376718054,72.2,56508,1,1,synthetic_demo
41.5,90.5,45.54,55.87396913277841,74.5,56555,1,1,synthetic_demo
43.4,93.6,47.687999999999995,60.997411841258916,76.8,56602,1,1,synthetic_demo
28.3,35.7,28.3,25.382723770074858,79.1,56649,1,1,synthetic_demo
30.2,38.8,30.2,27.6079874225009,81.4,56696,1,1,synthetic_demo
32.1,41.9,32.252,30.01459868610814,83.7,56743,1,1,synthetic_demo
34,45,34.4,32.62511168113719,86,56790,1,1,synthetic_demo
35.9,48.1,36.548,35.46427445348732,88.3,56837,1,1,synthetic_demo
37.8,51.2,38.696,38.55918685396363,90.6,56884,1,1,synthetic_demo
39.7,54.3,40.844,41.93946553532179,92.9,56931,1,1,synthetic_demo
41.6,57.4,42.992000000000004,45.63741613103727,15.2,56978,1,1,synthetic_demo
43.5,60.5,45.14,49.688212667586335,17.5,57025,1,1,synthetic_demo
28.4,63.6,30.288,29.71294748218932,19.8,57072,0,1,synthetic_demo
30.3,66.7,32.436,32.43531328237256,22.1,57119,1,1,synthetic_demo
32.2,69.8,34.584,35.38854954174743,24.4,57166,1,1,synthetic_demo
34.1,72.9,36.732,38.59927809166989,26.7,57213,1,1,synthetic_demo
36,76,38.88,42.09657193522057,29,57260,1,1,synthetic_demo
37.9,79.1,41.028,45.912123782199274,31.3,57307,1,1,synthetic_demo
39.8,82.2,43.175999999999995,50.080421820605665,33.6,57354,1,1,synthetic_demo
41.7,85.3,45.324000000000005,54.638932775036494,35.9,57401,1,1,synthetic_demo
43.6,88.4,47.472,59.62829228997988,38.2,57448,1,1,synthetic_demo
28.5,91.5,32.62,34.09270622516547,40.5,57495,1,1,synthetic_demo
30.4,94.6,34.768,37.31713528488794,42.8,57542,1,1,synthetic_demo
32.3,36.7,32.3,29.22907874515978,45.1,57589,1,1,synthetic_demo
34.2,39.8,34.2,31.744566846497715,47.4,57636,1,1,synthetic_demo
36.1,42.9,36.332,34.480131347636274,49.7,57683,1,1,synthetic_demo
38,46,38.48,37.46223682883199,52,57730,1,1,synthetic_demo
39.9,49.1,40.628,40.71982859357823,54.3,57777,1,1,synthetic_demo
41.8,52.2,42.775999999999996,44.28450351352126,56.6,57824,1,1,synthetic_demo
43.7,55.3,44.924,48.190688094030705,58.9,57871,1,1,synthetic_demo
28.6,58.4,30.072000000000003,29.13932102158608,61.2,57918,1,1,synthetic_demo
30.5,61.5,32.22,31.786578803686023,63.5,57965,1,1,synthetic_demo
32.4,64.6,34.367999999999995,34.657677203392666,65.8,58012,1,1,synthetic_demo
34.3,67.7,36.516,37.778695008777035,68.1,58059,1,1,synthetic_demo
36.2,70.8,38.664,41.17812973314035,70.4,58106,1,1,synthetic_demo
38.1,73.9,40.812000000000005,44.887064857694305,72.7,58153,1,1,synthetic_demo
40,77,42.96,48.939344293965064,75,58200,1,1,synthetic_demo
41.9,80.1,45.108,53.371754117620014,77.3,58247,1,1,synthetic_demo
43.8,83.2,47.256,58.22421161300447,79.6,58294,1,1,synthetic_demo
28.7,86.3,32.403999999999996,33.564753813069245,81.9,58341,1,1,synthetic_demo
30.6,89.4,34.552,36.718652951433725,84.2,58388,1,1,synthetic_demo
32.5,92.5,36.7,40.14670410619898,86.5,58435,1,1,synthetic_demo
34.4,95.6,38.848,43.87910403151253,88.8,58482,1,1,synthetic_demo
36.3,37.7,36.3,33.47026473100101,91.1,58529,1,1,synthetic_demo
38.2,40.8,38.264,36.337216749691216,93.4,58576,1,1,synthetic_demo
40.1,43.9,40.412,39.469599418068825,15.7,58623,1,1,synthetic_demo
42,47,42.56,42.8982908169839,18,58670,1,1,synthetic_demo
43.9,50.1,44.708,46.6569595361935,20.3,58717,1,1,synthetic_demo
28.8,53.2,29.856,28.548199701359504,22.6,58764,1,1,synthetic_demo
30.7,56.3,32.004,31.118646714847195,24.9,58811,1,1,synthetic_demo
32.6,59.4,34.152,33.905767609393706,27.2,58858,1,1,synthetic_demo
34.5,62.5,36.3,36.935089623408714,29.5,58905,1,1,synthetic_demo
36.4,65.6,38.448,40.234525924045286,31.8,58952,1,1,synthetic_demo
38.3,68.7,40.596,43.8345415532394,34.1,58999,1,1,synthetic_demo
40.2,71.8,42.744,47.768326577109974,36.4,59046,1,1,synthetic_demo
42.1,74.9,44.892,52.07197649169777,38.7,59093,1,1,synthetic_demo
44,78,47.04,56.7846799256464,41,59140,1,1,synthetic_demo
28.9,81.1,32.187999999999995,33.01972129201059,43.3,59187,1,1,synthetic_demo
30.8,84.2,34.336,36.10142234819193,45.6,59234,1,1,synthetic_demo
32.7,87.3,36.484,39.45048944540743,47.9,59281,1,1,synthetic_demo
34.6,90.4,38.632000000000005,43.096592005020085,50.2,59328,1,1,synthetic_demo
36.5,93.5,40.78,47.0720457396314,52.5,59375,1,1,synthetic_demo
38.4,35.6,38.4,35.183722761537844,54.8,59422,1,1,synthetic_demo
40.3,38.7,40.3,38.18834392009854,57.1,59469,1,1,synthetic_demo
42.2,41.8,42.344,41.47831199627808,59.4,59516,1,1,synthetic_demo
44.1,44.9,44.492000000000004,45.086527207511814,61.7,59563,1,1,synthetic_demo
29,48,29.64,27.93931022480208,64,59610,1,1,synthetic_demo
30.9,51.1,31.788,30.43122138594428,66.3,59657,1,1,synthetic_demo
32.8,54.2,33.936,33.13250138536458,68.6,59704,1,1,synthetic_demo
34.7,57.3,36.084,36.06811734632578,70.9,59751,1,1,synthetic_demo
36.6,60.4,38.232,39.26538917360492,73.2,59798,1,1,synthetic_demo
38.5,63.5,40.38,42.75415419863515,75.5,59845,1,1,synthetic_demo
40.4,66.6,42.528,46.566939012045694,77.8,59892,1,1,synthetic_demo
42.3,69.7,44.675999999999995,50.73913853786834,80.1,59939,1,1,synthetic_demo
44.2,72.8,46.824000000000005,55.30920239133896,82.4,59986,1,1,synthetic_demo
29.1,75.9,31.972,32.45733847960703,84.7,60033,1,1,synthetic_demo
31,79,34.12,35.46515116204786,87,60080,1,1,synthetic_demo
32.9,82.1,36.268,38.733407838850525,89.3,60127,1,1,synthetic_demo
34.8,85.2,38.416,42.29124212768137,91.6,60174,1,1,synthetic_demo
36.7,88.3,40.564,46.17040180225703,93.9,60221,1,1,synthetic_demo
38.6,91.4,42.712,50.40542414098768,16.2,60268,1,1,synthetic_demo
40.5,94.5,44.86,55.033818576502476,18.5,60315,1,1,synthetic_demo
42.4,36.6,42.4,40.024096257513484,20.8,60362,1,1,synthetic_demo
44.3,39.7,44.3,43.47888630931075,23.1,60409,1,1,synthetic_demo
29.2,42.8,29.424,27.312376158357992,25.4,60456,0,1,synthetic_demo
31.1,45.9,31.572000000000003,29.724003849450433,27.7,60503,1,1,synthetic_demo
33,49,33.72,32.33755561000011,30,60550,1,1,synthetic_demo
34.9,52.1,35.868,35.17742982341552,32.3,60597,1,1,synthetic_demo
36.8,55.2,38.016,38.27034415590858,34.6,60644,1,1,synthetic_demo
38.7,58.3,40.164,41.64549889655098,36.9,60691,1,1,synthetic_demo
40.6,61.4,42.312000000000005,45.334747469169685,39.2,60738,1,1,synthetic_demo
42.5,64.5,44.46,49.37277417164955,41.5,60785,1,1,synthetic_demo
44.4,67.6,46.608,53.79727918590623,43.8,60832,1,1,synthetic_demo
29.3,70.7,31.756,31.877332074698952,46.1,60879,1,1,synthetic_demo
31.2,73.8,33.903999999999996,34.80954376113113,48.4,60926,1,1,synthetic_demo
33.1,76.9,36.052,37.995139912859834,50.7,60973,1,1,synthetic_demo
35,80,38.2,41.46270981383181,53,61020,1,1,synthetic_demo
36.9,83.1,40.348,45.24342441850656,55.3,61067,1,1,synthetic_demo
38.8,86.2,42.495999999999995,49.37121040677859,57.6,61114,1,1,synthetic_demo
40.7,89.3,44.644000000000005,53.88293152293808,59.9,61161,1,1,synthetic_demo
42.6,92.4,46.792,58.81857724058641,62.2,61208,1,1,synthetic_demo
44.5,95.5,48.94,64.22145878282771,64.5,61255,1,1,synthetic_demo
29.4,37.6,29.4,26.667117905211562,66.8,61302,1,1,synthetic_demo
31.3,40.7,31.356,28.99669177267306,69.1,61349,1,1,synthetic_demo
33.2,43.8,33.504000000000005,31.520603786370163,71.4,61396,1,1,synthetic_demo
35.1,46.9,35.652,34.26267490581696,73.7,61443,1,1,synthetic_demo
37,50,37.8,37.24901152240861,76,61490,1,1,synthetic_demo
38.9,53.1,39.948,40.50816749027475,78.3,61537,1,1,synthetic_demo
40.8,56.2,42.096,44.07131331381754,80.6,61584,1,1,synthetic_demo
42.7,59.3,44.244,47.972412548812414,82.9,61631,1,1,synthetic_demo
44.6,62.4,46.392,52.24840546167798,85.2,61678,1,1,synthetic_demo
29.5,65.5,31.54,31.279425631007566,87.5,61725,1,1,synthetic_demo
31.4,68.6,33.687999999999995,34.13430116733544,89.8,61772,1,1,synthetic_demo
33.3,71.7,35.836,37.23536273787158,92.1,61819,1,1,synthetic_demo
35.2,74.8,37.984,40.6106467035972,94.4,61866,1,1,synthetic_demo
37.1,77.9,40.132000000000005,44.290738259379076,16.7,61913,1,1,synthetic_demo
39,81,42.28,48.308944190933445,19,61960,1,1,synthetic_demo
40.9,84.1,44.428,52.701472899386616,21.3,62007,1,1,synthetic_demo
42.8,87.2,46.576,57.50762173662963,23.6,62054,1,1,synthetic_demo
44.7,90.3,48.724000000000004,62.76997168210603,25.9,62101,1,1,synthetic_demo
29.6,93.4,33.872,35.94409259856367,28.2,62148,1,1,synthetic_demo
31.5,35.5,31.5,28.248979430056032,30.5,62195,1,1,synthetic_demo
33.4,38.6,33.4,30.6813158130652,32.8,62242,1,1,synthetic_demo
35.3,41.7,35.436,33.323496619895316,35.1,62289,1,1,synthetic_demo
37.2,44.8,37.584,36.201007870711265,37.4,62336,1,1,synthetic_demo
39.1,47.9,39.732,39.34174753130882,39.7,62383,1,1,synthetic_demo
41,51,41.88,42.77619337265446,42,62430,1,1,synthetic_demo
42.9,54.1,44.028,46.53757803055959,44.3,62477,1,1,synthetic_demo
44.8,57.2,46.175999999999995,50.66207131144827,46.6,62524,1,1,synthetic_demo
29.7,60.3,31.323999999999998,30.66333953064826,48.9,62571,1,1,synthetic_demo
31.6,63.4,33.472,33.43912102869148,51.2,62618,1,1,synthetic_demo
33.5,66.5,35.62,36.453749799643646,53.5,62665,1,1,synthetic_demo
35.4,69.6,37.768,39.73470063294068,55.8,62712,1,1,synthetic_demo
37.3,72.7,39.916,43.311963963457,58.1,62759,1,1,synthetic_demo
39.2,75.8,42.064,47.218217326343506,60.4,62806,1,1,synthetic_demo
41.1,78.9,44.212,51.4890040634244,62.7,62853,1,1,synthetic_demo
43,82,46.36,56.16291932564117,65,62900,1,1,synthetic_demo
44.9,85.1,48.507999999999996,61.28180340350941,67.3,62947,1,1,synthetic_demo
29.8,88.2,33.656,35.37628723391832,69.6,62994,1,1,synthetic_demo
31.7,91.3,35.804,38.687360256041785,71.9,63041,1,1,synthetic_demo
33.6,94.4,37.952,42.289945837430736,74.2,63088,1,1,synthetic_demo
35.5,36.5,35.5,32.359535137065876,76.5,63135,1,1,synthetic_demo
37.4,39.6,37.4,35.12594571321538,78.8,63182,1,1,synthetic_demo
39.3,42.7,39.516,38.14582224681253,81.1,63229,1,1,synthetic_demo
41.2,45.8,41.664,41.4489398999118,83.4,63276,1,1,synthetic_demo
43.1,48.9,43.812000000000005,45.0677901485479,85.7,63323,1,1,synthetic_demo
28,52,28.96,27.54066569186072,88,63370,1,1,synthetic_demo
29.9,55.1,31.107999999999997,30.028790957498703,90.3,63417,1,1,synthetic_demo
31.8,58.2,33.256,32.72369759159272,92.6,63464,1,1,synthetic_demo
33.7,61.3,35.404,35.649970970323466,94.9,63511,1,1,synthetic_demo
35.6,64.4,37.552,38.834515603558856,17.2,63558,1,1,synthetic_demo
37.5,67.5,39.7,42.30671810561802,19.5,63605,1,1,synthetic_demo
39.4,70.6,41.848,46.09861734388606,21.8,63652,1,1,synthetic_demo
41.3,73.7,43.995999999999995,50.24508182335562,24.1,63699,1,1,synthetic_demo
43.2,76.8,46.144000000000005,54.783994352883525,26.4,63746,1,1,synthetic_demo
28.1,79.9,31.292,31.811230987348907,28.7,63793,1,1,synthetic_demo
30,83,33.44,34.790453915166026,31,63840,1,1,synthetic_demo
31.9,86.1,35.588,38.02548238869055,33.3,63887,1,1,synthetic_demo
33.8,89.2,37.736,41.544937557375206,35.6,63934,1,1,synthetic_demo
35.7,92.3,39.884,45.38001560453621,37.9,63981,1,1,synthetic_demo
37.6,95.4,42.032000000000004,49.564661357852145,40.2,64028,1,1,synthetic_demo
39.5,37.5,39.5,36.91997050689087,42.5,64075,1,1,synthetic_demo
41.4,40.6,41.448,40.08910054346875,44.8,64122,1,1,synthetic_demo
43.3,43.7,43.596,43.562563569755234,47.1,64169,1,1,synthetic_demo
28.2,46.8,28.744,26.96297014248573,49.4,64216,1,1,synthetic_demo
30.1,49.9,30.892000000000003,29.37549387042174,51.7,64263,1,1,synthetic_demo
32,53,33.04,31.98772167287373,54,64310,1,1,synthetic_demo
33.9,56.1,35.187999999999995,34.82369247936684,56.3,64357,1,1,synthetic_demo
35.8,59.2,37.336,37.90973175262708,58.6,64404,1,1,synthetic_demo
37.7,62.3,39.484,41.274613165594225,60.9,64451,1,1,synthetic_demo
39.6,65.4,41.632000000000005,44.949727439786734,63.2,64498,1,1,synthetic_demo
41.5,68.5,43.78,48.96925840436819,65.5,64545,1,1,synthetic_demo
43.4,71.6,45.928,53.3703663230143,67.8,64592,1,1,synthetic_demo
28.3,74.7,31.076,31.278195115534785,70.1,64639,1,1,synthetic_demo
30.2,77.8,33.224,34.186309831715725,72.4,64686,1,1,synthetic_demo
32.1,80.9,35.372,37.34352586410856,74.7,64733,1,1,synthetic_demo
34,84,37.52,40.77794180478942,77,64780,1,1,synthetic_demo
35.9,87.1,39.668,44.52019968604461,79.3,64827,1,1,synthetic_demo
37.8,90.2,41.815999999999995,48.60365730913125,81.6,64874,1,1,synthetic_demo
39.7,93.3,43.964000000000006,53.06456785350872,83.9,64921,1,1,synthetic_demo
41.6,35.4,41.6,38.69621831077908,86.2,64968,1,1,synthetic_demo
43.5,38.5,43.5,42.0214080611913,88.5,65015,1,1,synthetic_demo
28.4,41.6,28.528,26.367927912878553,90.8,65062,1,1,synthetic_demo
30.3,44.7,30.676000000000002,28.703158976342632,93.1,65109,1,1,synthetic_demo
32.2,47.8,32.824000000000005,31.230880631741076,15.4,65156,1,1,synthetic_demo
34.1,50.9,34.972,33.97457688430723,17.7,65203,1,1,synthetic_demo
36,54,37.12,36.959985322393564,20,65250,1,1,synthetic_demo
37.9,57.1,39.268,40.215257496379,22.3,65297,1,1,synthetic_demo
39.8,60.2,41.416,43.77112644282799,24.6,65344,1,1,synthetic_demo
41.7,63.3,43.564,47.661081414534706,26.9,65391,1,1,synthetic_demo
43.6,66.4,45.712,51.921549864871764,29.2,65438,1,1,synthetic_demo
28.5,69.5,30.86,30.728219482502737,31.5,65485,1,1,synthetic_demo
30.4,72.6,33.007999999999996,33.563568939565165,33.8,65532,1,1,synthetic_demo
32.3,75.7,35.156,36.6411814988718,36.1,65579,1,1,synthetic_demo
34.2,78.8,37.304,39.98862481165879,38.4,65626,1,1,synthetic_demo
36.1,81.9,39.452,43.63597802730562,40.7,65673,1,1,synthetic_demo
38,85,41.6,47.6160028358852,43,65720,1,1,synthetic_demo
39.9,88.1,43.748,51.96432177381348,45.3,65767,1,1,synthetic_demo
41.8,91.2,45.896,56.719603839715305,47.6,65814,1,1,synthetic_demo
43.7,94.3,48.044000000000004,61.92375745510118,49.9,65861,1,1,synthetic_demo
28.6,36.4,28.6,25.755268581947494,52.2,65908,1,1,synthetic_demo
30.5,39.5,30.5,28.011493703180452,54.5,65955,1,1,synthetic_demo
32.4,42.6,32.608,30.452858341556155,56.8,66002,1,1,synthetic_demo
34.3,45.7,34.756,33.10228304137534,59.1,66049,1,1,synthetic_demo
36.2,48.8,36.904,35.98490862962217,61.4,66096,1,1,synthetic_demo
38.1,51.9,39.052,39.128255292480844,63.7,66143,1,1,synthetic_demo
40,55,41.2,42.56238878140362,66,66190,1,1,synthetic_demo
41.9,58.1,43.348,46.32009381065821,68.3,66237,1,1,synthetic_demo
43.8,61.2,45.495999999999995,50.43705469610424,70.6,66284,1,1,synthetic_demo
28.7,64.3,30.644,30.161036734418918,72.9,66331,1,1,synthetic_demo
30.6,67.4,32.792,32.92194193430238,75.2,66378,1,1,synthetic_demo
32.5,70.5,34.94,35.918136643103004,77.5,66425,1,1,synthetic_demo
34.4,73.6,37.088,39.176649128863204,79.8,66472,1,1,synthetic_demo
36.3,76.7,39.236,42.726986866519304,82.1,66519,1,1,synthetic_demo
38.2,79.8,41.384,46.60130628983724,84.4,66566,1,1,synthetic_demo
40.1,82.9,43.532000000000004,50.83458978947394,86.7,66613,1,1,synthetic_demo
42,86,45.68,55.46483000554501,89,66660,1,1,synthetic_demo
43.9,89.1,47.827999999999996,60.53322145059562,91.3,66707,1,1,synthetic_demo
28.8,92.2,32.976,34.617097978671914,93.6,66754,1,1,synthetic_demo
30.7,95.3,35.123999999999995,37.88770749422625,15.9,66801,1,1,synthetic_demo
32.6,37.4,32.6,29.653335161470114,18.2,66848,1,1,synthetic_demo
34.5,40.5,34.54,32.20646607596885,20.5,66895,1,1,synthetic_demo
36.4,43.6,36.687999999999995,34.98413003488376,22.8,66942,1,1,synthetic_demo
38.3,46.7,38.836,38.01320655802445,25.1,66989,1,1,synthetic_demo
40.2,49.8,40.984,41.32308445041889,27.4,67036,1,1,synthetic_demo
42.1,52.9,43.132,44.945833863962775,29.7,67083,1,1,synthetic_demo
44,56,45.28,48.91638558764356,32,67130,1,1,synthetic_demo
28.9,59.1,30.427999999999997,29.57637642857985,34.3,67177,1,1,synthetic_demo
30.8,62.2,32.576,32.26113622396126,36.6,67224,1,1,synthetic_demo
32.7,65.3,34.724000000000004,35.17407515217761,38.9,67271,1,1,synthetic_demo
34.6,68.4,36.872,38.341673596718735,41.2,67318,1,1,synthetic_demo
36.5,71.5,39.02,41.79285850677695,43.5,67365,1,1,synthetic_demo
38.4,74.6,41.168,45.5591718542338,45.8,67412,1,1,synthetic_demo
40.3,77.7,43.315999999999995,49.67494632019785,48.1,67459,1,1,synthetic_demo
42.2,80.8,45.464000000000006,54.17748826074805,50.4,67506,1,1,synthetic_demo
44.1,83.9,47.612,59.107267989092236,52.7,67553,1,1,synthetic_demo
29,87,32.76,34.07881228245377,55,67600,1,1,synthetic_demo
30.9,90.1,34.908,37.27791285466887,57.3,67647,1,1,synthetic_demo
32.8,93.2,37.056,40.75613891357895,59.6,67694,1,1,synthetic_demo
34.7,35.3,34.7,31.286777352972077,61.9,67741,1,1,synthetic_demo
36.6,38.4,36.6,33.95727391169585,64.2,67788,1,1,synthetic_demo
38.5,41.5,38.62,36.86970707469856,66.5,67835,1,1,synthetic_demo
40.4,44.6,40.768,40.0527789780366,68.8,67882,1,1,synthetic_demo
42.3,47.7,42.916,43.537835125628696,71.1,67929,1,1,synthetic_demo
44.2,50.8,45.064,47.35904232802224,73.4,67976,1,1,synthetic_demo
29.1,53.9,30.212,28.97396500725717,75.7,68023,1,1,synthetic_demo
31,57,32.36,31.58085590173074,78,68070,1,1,synthetic_demo
32.9,60.1,34.507999999999996,34.408677358281565,80.3,68117,1,1,synthetic_demo
34.8,63.2,36.656,37.48335331536928,82.6,68164,1,1,synthetic_demo
36.7,66.3,38.804,40.833221285273396,84.9,68211,1,1,synthetic_demo
38.6,69.4,40.952,44.48919951186592,87.2,68258,1,1,synthetic_demo
40.5,72.5,43.1,48.48496134176115,89.5,68305,1,1,synthetic_demo
42.4,75.6,45.248,52.857116859781954,91.8,68352,1,1,synthetic_demo
44.3,78.7,47.396,57.64540182727347,94.1,68399,1,1,synthetic_demo
29.2,81.8,32.544,33.52319555499261,16.4,68446,1,1,synthetic_demo
31.1,84.9,34.692,36.64909862349329,18.7,68493,1,1,synthetic_demo
33,88,36.84,40.04726313632673,21,68540,1,1,synthetic_demo
34.9,91.1,38.988,43.74779571810277,23.3,68587,1,1,synthetic_demo
36.8,94.2,41.135999999999996,47.78347861388748,25.6,68634,1,1,synthetic_demo
38.7,36.3,38.7,35.69734836955061,27.9,68681,1,1,synthetic_demo
40.6,39.4,40.6,38.75103339226849,30.2,68728,1,1,synthetic_demo
42.5,42.5,42.7,42.09562639217218,32.5,68775,1,1,synthetic_demo
44.4,45.6,44.848,45.764519687534374,34.8,68822,1,1,synthetic_demo
29.3,48.7,29.996000000000002,28.353525771398004,37.1,68869,1,1,synthetic_demo
31.2,51.8,32.144,30.880801718517514,39.4,68916,1,1,synthetic_demo
33.1,54.9,34.292,33.621620041820606,41.7,68963,1,1,synthetic_demo
35,58,36.44,36.60133961502805,44,69010,1,1,synthetic_demo
36.9,61.1,38.588,39.847699542367636,46.3,69057,1,1,synthetic_demo
38.8,64.2,40.736,43.39098501293718,48.6,69104,1,1,synthetic_demo
40.7,67.3,42.884,47.26420035267337,50.9,69151,1,1,synthetic_demo
42.6,70.4,45.032000000000004,51.50324932616107,53.2,69198,1,1,synthetic_demo
44.5,73.5,47.18,56.14712272814488,55.5,69245,1,1,synthetic_demo
29.4,76.6,32.327999999999996,32.94997424306398,57.8,69292,1,1,synthetic_demo
31.3,79.7,34.476,36.000968901278696,60.1,69339,1,1,synthetic_demo
33.2,82.8,36.624,39.31722359615181,62.4,69386,1,1,synthetic_demo
35.1,85.9,38.772000000000006,42.92830435841529,64.7,69433,1,1,synthetic_demo
37,89,40.92,46.866420509887334,67,69480,1,1,synthetic_demo
38.9,92.1,43.068,51.166601240194055,69.3,69527,1,1,synthetic_demo
40.8,95.2,45.215999999999994,55.86687949244538,71.6,69574,1,1,synthetic_demo
42.7,37.3,42.7,40.61873167066953,73.9,69621,1,1,synthetic_demo
44.6,40.4,44.632,44.132307382240235,76.2,69668,1,1,synthetic_demo
29.5,43.5,29.78,27.714778854180597,78.5,69715,1,1,synthetic_demo
31.4,46.6,31.927999999999997,30.160671055361977,80.8,69762,1,1,synthetic_demo
33.3,49.7,34.076,32.812576402680854,83.1,69809,1,1,synthetic_demo
35.2,52.8,36.224000000000004,35.695280026068616,85.4,69856,1,1,synthetic_demo
37.1,55.9,38.372,38.83591359049153,87.7,69903,1,1,synthetic_demo
39,59,40.52,42.26411984277868,90,69950,1,1,synthetic_demo
40.9,62.1,42.668,46.01222434068857,92.3,69997,1,1,synthetic_demo
42.8,65.2,44.815999999999995,50.11541441775518,94.6,70044,1,1,synthetic_demo
44.7,68.3,46.964000000000006,54.61192542511453,16.9,70091,1,1,synthetic_demo
29.6,71.4,32.112,32.358871643869875,19.2,70138,1,1,synthetic_demo
31.5,74.5,34.26,35.33322443772322,21.5,70185,1,1,synthetic_demo
33.4,77.6,36.408,38.565697074970444,23.8,70232,1,1,synthetic_demo
35.3,80.7,38.556,42.08530640828662,26.1,70279,1,1,synthetic_demo
37.2,83.8,40.704,45.92367990101795,28.4,70326,1,1,synthetic_demo
39.1,86.9,42.852000000000004,50.115230907531036,30.7,70373,1,1,synthetic_demo
41,90,45,54.69734124586083,33,70420,1,1,synthetic_demo
42.9,93.1,47.147999999999996,59.71055110249717,35.3,70467,1,1,synthetic_demo
44.8,35.2,44.8,42.461890037814314,37.6,70514,1,1,synthetic_demo
29.7,38.3,29.7,27.057441194425014,39.9,70561,1,1,synthetic_demo
31.6,41.4,31.712,29.420157895707057,42.2,70608,1,1,synthetic_demo
33.5,44.5,33.86,31.981216031340484,44.5,70655,1,1,synthetic_demo
35.4,47.6,36.007999999999996,34.76481824896518,46.8,70702,1,1,synthetic_demo
37.3,50.7,38.156,37.79747968290606,49.1,70749,1,1,synthetic_demo
39.2,53.8,40.304,41.108191189410036,51.4,70796,1,1,synthetic_demo
41.1,56.9,42.452,44.72858974916157,53.7,70843,1,1,synthetic_demo
43,60,44.6,48.69313609193256,56,70890,1,1,synthetic_demo
44.9,63.1,46.748,53.039299585915906,58.3,70937,1,1,synthetic_demo
29.8,66.2,31.896,31.749607878519196,60.6,70984,1,1,synthetic_demo
31.7,69.3,34.044,34.64556260398353,62.9,71031,1,1,synthetic_demo
33.6,72.4,36.192,37.79235676514815,65.2,71078,1,1,synthetic_demo
35.5,75.5,38.34,41.21844939310887,67.5,71125,1,1,synthetic_demo
37.4,78.6,40.488,44.95487709744266,69.8,71172,1,1,synthetic_demo
39.3,81.7,42.635999999999996,49.03542804600899,72.1,71219,1,1,synthetic_demo
41.2,84.8,44.784000000000006,53.49682322079739,74.4,71266,1,1,synthetic_demo
43.1,87.9,46.932,58.37890499094807,76.7,71313,1,1,synthetic_demo
28,91,32.08,33.334164960756254,79,71360,1,1,synthetic_demo
29.9,94.1,34.227999999999994,36.49492793286076,81.3,71407,1,1,synthetic_demo
31.8,36.2,31.8,28.65895279751987,83.6,71454,1,1,synthetic_demo
33.7,39.3,33.7,31.127204879832174,85.9,71501,1,1,synthetic_demo
35.6,42.4,35.792,33.809594124082224,88.2,71548,1,1,synthetic_demo
37.5,45.5,37.94,36.73200998230548,90.5,71595,1,1,synthetic_demo
39.4,48.6,40.088,39.922781910947066,92.8,71642,1,1,synthetic_demo
41.3,51.7,42.236,43.412848443249466,15.1,71689,1,1,synthetic_demo
43.2,54.8,44.384,47.235933470547096,17.4,71736,1,1,synthetic_demo
28.1,57.9,29.532,28.5240259595432,19.7,71783,0,1,synthetic_demo
30,61,31.68,31.12189986536298,22,71830,0,1,synthetic_demo
31.9,64.1,33.827999999999996,33.93767736486718,24.3,71877,1,1,synthetic_demo
33.8,67.2,35.976,36.99687224053379,26.6,71924,1,1,synthetic_demo
35.7,70.3,38.124,40.32737699890461,28.9,71971,1,1,synthetic_demo
37.6,73.4,40.272000000000006,43.959628340318105,31.2,72018,1,1,synthetic_demo
39.5,76.5,42.42,47.926779834057385,33.5,72065,1,1,synthetic_demo
41.4,79.6,44.568,52.26488185369736,35.8,72112,1,1,synthetic_demo
43.3,82.7,46.715999999999994,57.01306881507456,38.1,72159,1,1,synthetic_demo
28.2,85.8,31.863999999999997,32.82427859455717,40.4,72206,1,1,synthetic_demo
30.1,88.9,34.012,35.91623457075136,42.7,72253,1,1,synthetic_demo
32,92,36.16,39.275365922724205,45,72300,1,1,synthetic_demo
33.9,95.1,38.308,42.93123805325823,47.3,72347,1,1,synthetic_demo
35.8,37.2,35.8,32.82924360131296,49.6,72394,1,1,synthetic_demo
37.7,40.3,37.724000000000004,35.639112529268814,51.9,72441,1,1,synthetic_demo
39.6,43.4,39.872,38.707470502855415,54.2,72488,1,1,synthetic_demo
41.5,46.5,42.02,42.06454767595797,56.5,72535,1,1,synthetic_demo
43.4,49.6,44.168,45.74332080476968,58.8,72582,1,1,synthetic_demo
28.3,52.7,29.316000000000003,27.952544612967646,61.1,72629,1,1,synthetic_demo
30.2,55.8,31.464,30.475461293184285,63.4,72676,1,1,synthetic_demo
32.1,58.9,33.612,33.20925925087755,65.7,72723,1,1,synthetic_demo
34,62,35.76,36.17890942734457,68,72770,1,1,synthetic_demo
35.9,65.1,37.908,39.41172904203793,70.3,72817,1,1,synthetic_demo
37.8,68.2,40.056,42.93754577031875,72.6,72864,1,1,synthetic_demo
39.7,71.3,42.204,46.78886910991609,74.9,72911,1,1,synthetic_demo
41.6,74.4,44.352000000000004,51.001068992145875,77.2,72958,1,1,synthetic_demo
43.5,77.5,46.5,55.612561681618864,79.5,73005,1,1,synthetic_demo
28.4,80.6,31.648,32.29773533120219,81.8,73052,1,1,synthetic_demo
30.3,83.7,33.796,35.31925070066842,84.1,73099,1,1,synthetic_demo
32.2,86.8,35.944,38.60129369947961,86.4,73146,1,1,synthetic_demo
34.1,89.9,38.092,42.172910842813764,88.7,73193,1,1,synthetic_demo
36,93,40.24,46.0657524996778,91,73240,1,1,synthetic_demo
37.9,35.1,37.9,34.51839121055872,93.3,73287,1,1,synthetic_demo
39.8,38.2,39.8,37.46183106505032,15.6,73334,1,1,synthetic_demo
41.7,41.3,41.804,40.683230054032904,17.9,73381,1,1,synthetic_demo
43.6,44.4,43.952,44.21480743976365,20.2,73428,1,1,synthetic_demo
28.5,47.5,29.1,27.36373273984,22.5,73475,1,1,synthetic_demo
30.4,50.6,31.247999999999998,29.810002594242388,24.8,73522,1,1,synthetic_demo
32.3,53.7,33.396,32.45999533011118,27.1,73569,1,1,synthetic_demo
34.2,56.8,35.544000000000004,35.338130574901264,29.4,73616,1,1,synthetic_demo
36.1,59.9,37.692,38.47114143877419,31.7,73663,1,1,synthetic_demo
38,63,39.84,41.88823739600903,34,73710,1,1,synthetic_demo
39.9,66.1,41.988,45.62127433880898,36.3,73757,1,1,synthetic_demo
41.8,69.2,44.135999999999996,49.70493186083661,38.6,73804,1,1,synthetic_demo
43.7,72.3,46.284000000000006,54.17689781552296,40.9,73851,1,1,synthetic_demo
28.6,75.4,31.432000000000002,31.75427063403409,43.2,73898,1,1,synthetic_demo
30.5,78.5,33.58,34.70369001771305,45.5,73945,1,1,synthetic_demo
32.4,81.6,35.727999999999994,37.90685541481179,47.8,73992,1,1,synthetic_demo
34.3,84.7,37.876,41.392286074496525,50.1,74039,1,1,synthetic_demo
36.2,87.8,40.024,45.19107331313168,52.4,74086,1,1,synthetic_demo
38.1,90.9,42.172000000000004,49.337054067177434,54.7,74133,1,1,synthetic_demo
40,94,44.32,53.86699173548982,57,74180,1,1,synthetic_demo
41.9,36.1,41.9,39.26843350369641,59.3,74227,1,1,synthetic_demo
43.8,39.2,43.8,42.649897779204025,61.6,74274,1,1,synthetic_demo
28.7,42.3,28.884,26.757319655768587,63.9,74321,1,1,synthetic_demo
30.6,45.4,31.032,29.125230917171045,66.2,74368,1,1,synthetic_demo
32.5,48.5,33.18,31.68956918000703,68.5,74415,1,1,synthetic_demo
34.4,51.6,35.327999999999996,34.474194226213875,70.8,74462,1,1,synthetic_demo
36.3,54.7,37.476,37.50524617468847,73.1,74509,1,1,synthetic_demo
38.2,57.8,39.624,40.81130706206256,75.4,74556,1,1,synthetic_demo
40.1,60.9,41.772,44.423569579963356,77.7,74603,1,1,synthetic_demo
42,64,43.92,48.37601302738233,80,74650,1,1,synthetic_demo
43.9,67.1,46.068,52.70558652452263,82.3,74697,1,1,synthetic_demo
28.8,70.2,31.216,31.19361689916235,84.6,74744,1,1,synthetic_demo
30.7,73.3,33.364,34.06926295201242,86.9,74791,1,1,synthetic_demo
32.6,76.4,35.512,37.19173813733467,89.2,74838,1,1,synthetic_demo
34.5,79.5,37.66,40.58902600097589,91.5,74885,1,1,synthetic_demo
36.4,82.6,39.808,44.29165002021557,93.8,74932,1,1,synthetic_demo
38.3,85.7,41.955999999999996,48.33284586772366,16.1,74979,1,1,synthetic_demo
40.2,88.8,44.104,52.748740947734895,18.4,75026,1,1,synthetic_demo
42.1,91.9,46.252,57.578541249492986,20.7,75073,1,1,synthetic_demo
44,95,48.4,62.86472555046676,23,75120,1,1,synthetic_demo
28.9,37.1,28.9,26.13303156514911,25.3,75167,0,1,synthetic_demo
30.8,40.2,30.816000000000003,28.42085009973059,27.6,75214,0,1,synthetic_demo
32.7,43.3,32.964000000000006,30.89766085894779,29.9,75261,1,1,synthetic_demo
34.6,46.4,35.112,33.586755188417385,32.2,75308,1,1,synthetic_demo
36.5,49.5,37.26,36.513671273922505,34.5,75355,1,1,synthetic_demo
38.4,52.6,39.408,39.70635441732839,36.8,75402,1,1,synthetic_demo
40.3,55.7,41.556,43.195324453475166,39.1,75449,1,1,synthetic_demo
42.2,58.8,43.704,47.01385036797012,41.4,75496,1,1,synthetic_demo
44.1,61.9,45.852000000000004,51.19813216358533,43.7,75543,1,1,synthetic_demo
29,65,31,30.615503429419483,46,75590,1,1,synthetic_demo
30.9,68.1,33.147999999999996,33.41567664154218,48.3,75637,1,1,synthetic_demo
32.8,71.2,35.296,36.45562543612469,50.6,75684,1,1,synthetic_demo
34.7,74.3,37.444,39.76278915937182,52.9,75731,1,1,synthetic_demo
36.6,77.4,39.592,43.36711460326194,55.2,75778,1,1,synthetic_demo
38.5,80.5,41.74,47.30122697622251,57.5,75825,1,1,synthetic_demo
40.4,83.6,43.888,51.60060812923453,59.8,75872,1,1,synthetic_demo
42.3,86.7,46.035999999999994,56.30378208368989,62.1,75919,1,1,synthetic_demo
44.2,89.8,48.184000000000005,61.45250789481097,64.4,75966,1,1,synthetic_demo
29.1,92.9,33.332,35.14903616278647,66.7,76013,1,1,synthetic_demo
31,35,31,27.69656064141361,69,76060,1,1,synthetic_demo
32.9,38.1,32.9,30.083946877712606,71.3,76107,1,1,synthetic_demo
34.8,41.2,34.896,32.675464503057185,73.6,76154,1,1,synthetic_demo
36.7,44.3,37.044000000000004,35.49604076828977,75.9,76201,1,1,synthetic_demo
38.6,47.4,39.192,38.57297488274415,78.2,76248,1,1,synthetic_demo
40.5,50.5,41.34,41.93610410701984,80.5,76295,1,1,synthetic_demo
42.4,53.6,43.488,45.61797703286128,82.8,76342,1,1,synthetic_demo
44.3,56.7,45.635999999999996,49.65403409919194,85.1,76389,1,1,synthetic_demo
29.2,59.8,30.784,30.01965640817308,87.4,76436,1,1,synthetic_demo
31.1,62.9,32.932,32.74263490480244,89.7,76483,1,1,synthetic_demo
33,66,35.08,35.698197352245046,92,76530,1,1,synthetic_demo
34.9,69.1,37.227999999999994,38.913230341612525,94.3,76577,1,1,synthetic_demo
36.8,72.2,39.376,42.41709507348912,16.6,76624,1,1,synthetic_demo
38.7,75.3,41.524,46.24179703105128,18.9,76671,1,1,synthetic_demo
40.6,78.4,43.672000000000004,50.42216289222969,21.2,76718,1,1,synthetic_demo
42.5,81.5,45.82,54.996024728518414,23.5,76765,1,1,synthetic_demo
44.4,84.6,47.967999999999996,60.0044115255572,25.8,76812,1,1,synthetic_demo
29.3,87.7,33.116,34.60027330906786,28.1,76859,1,1,synthetic_demo
31.2,90.8,35.263999999999996,37.845389884968924,30.4,76906,1,1,synthetic_demo
33.1,93.9,37.412,41.37467799502651,32.7,76953,1,1,synthetic_demo
35,36,35,31.739969416224316,35,77000,1,1,synthetic_demo
36.9,39.1,36.9,34.451974666228715,37.3,77047,1,1,synthetic_demo
38.8,42.2,38.976,37.41075961909578,39.6,77094,1,1,synthetic_demo
40.7,45.3,41.124,40.645469182408675,41.9,77141,1,1,synthetic_demo
42.6,48.4,43.272,44.18792141173573,44.2,77188,1,1,synthetic_demo
44.5,51.5,45.42,48.07278667346206,46.5,77235,1,1,synthetic_demo
29.4,54.6,30.567999999999998,29.405798872993383,48.8,77282,1,1,synthetic_demo
31.3,57.7,32.716,32.04983821334731,51.1,77329,1,1,synthetic_demo
33.2,60.8,34.864000000000004,34.91913037012114,53.4,77376,1,1,synthetic_demo
35.1,63.9,37.012,38.04000056464187,55.7,77423,1,1,synthetic_demo
37,67,39.16,41.44121544002754,58,77470,1,1,synthetic_demo
38.9,70.1,41.308,45.154151432547266,60.3,77517,1,1,synthetic_demo
40.8,73.2,43.455999999999996,49.212970366039926,62.6,77564,1,1,synthetic_demo
42.7,76.3,45.604,53.65480231828647,64.9,77611,1,1,synthetic_demo
44.6,79.4,47.752,58.519935795788975,67.2,77658,1,1,synthetic_demo
29.5,82.5,32.9,34.03392541310113,69.5,77705,1,1,synthetic_demo
31.4,85.6,35.048,37.20483352658766,71.8,77752,1,1,synthetic_demo
33.3,88.7,37.196,40.65297036051896,74.1,77799,1,1,synthetic_demo
35.2,91.8,39.344,44.408884590778385,76.4,77846,1,1,synthetic_demo
37.1,94.9,41.492000000000004,48.50583004897399,78.7,77893,1,1,synthetic_demo
39,37,39,36.21929549462392,81,77940,1,1,synthetic_demo
40.9,40.1,40.908,39.32297578199052,83.3,77987,1,1,synthetic_demo
42.8,43.2,43.056,42.723207098880735,85.6,78034,1,1,synthetic_demo
44.7,46.3,45.204,46.453879168123024,87.9,78081,1,1,synthetic_demo
29.6,49.4,30.352,28.773650689176076,90.2,78128,1,1,synthetic_demo
31.5,52.5,32.5,31.336983664167374,92.5,78175,1,1,synthetic_demo
33.4,55.6,34.647999999999996,34.11809738876749,94.8,78222,1,1,synthetic_demo
35.3,58.7,36.796,37.14274704047614,17.1,78269,1,1,synthetic_demo
37.2,61.8,38.944,40.43909567879366,19.4,78316,1,1,synthetic_demo
39.1,64.9,41.092,44.03788131068773,21.7,78363,1,1,synthetic_demo
41,68,43.24,47.97259116353929,24,78410,1,1,synthetic_demo
42.9,71.1,45.388,52.279643215763144,26.3,78457,1,1,synthetic_demo
44.8,74.2,47.535999999999994,56.998575022892695,28.6,78504,1,1,synthetic_demo
29.7,77.3,32.684,33.44971551772986,30.9,78551,1,1,synthetic_demo
31.6,80.4,34.832,36.54468344963399,33.2,78598,1,1,synthetic_demo
33.5,83.5,36.98,39.90979862060517,35.5,78645,1,1,synthetic_demo
35.4,86.6,39.128,43.57506429328539,37.8,78692,1,1,synthetic_demo
37.3,89.7,41.275999999999996,47.573156362064566,40.1,78739,1,1,synthetic_demo
39.2,92.8,43.42400000000001,51.93960115942846,42.4,78786,1,1,synthetic_demo
41.1,95.9,45.572,56.71296057899113,44.7,78833,1,1,synthetic_demo
43,38,43,41.223352858223954,47,78880,1,1,synthetic_demo
44.9,41.1,44.988,44.7967957683224,49.3,78927,1,1,synthetic_demo
29.8,44.2,30.136,28.122928523120066,51.6,78974,1,1,synthetic_demo
31.7,47.3,32.284,30.603764951925267,53.9,79021,1,1,synthetic_demo
33.6,50.4,34.432,33.29476769286556,56.2,79068,1,1,synthetic_demo
35.5,53.5,36.58,36.221113146110255,58.5,79115,1,1,synthetic_demo
37.4,56.6,38.728,39.41035170121189,60.8,79162,1,1,synthetic_demo
39.3,59.7,40.876,42.89257349261611,63.1,79209,1,1,synthetic_demo
41.2,62.8,43.024,46.70058134747731,65.4,79256,1,1,synthetic_demo
43.1,65.9,45.172000000000004,50.87007097728643,67.7,79303,1,1,synthetic_demo
28,69,30.32,30.066037168045952,70,79350,1,1,synthetic_demo
29.9,72.1,32.467999999999996,32.84736348522062,72.3,79397,1,1,synthetic_demo
31.8,75.2,34.616,35.86463675064901,74.6,79444,1,1,synthetic_demo
33.7,78.3,36.764,39.14483567661219,76.9,79491,1,1,synthetic_demo
35.6,81.4,38.912,42.71740947406352,79.2,79538,1,1,synthetic_demo
37.5,84.5,41.06,46.614447109995886,81.5,79585,1,1,synthetic_demo
39.4,87.6,43.208,50.87085381479347,83.8,79632,1,1,synthetic_demo
41.3,90.7,45.355999999999995,55.52453488980129,86.1,79679,1,1,synthetic_demo
43.2,93.8,47.504000000000005,60.61658685287076,88.4,79726,1,1,synthetic_demo
28.1,35.9,28.1,25.236820931737494,90.7,79773,1,1,synthetic_demo
30,39,30,27.45334581555994,93,79820,1,1,synthetic_demo
31.9,42.1,32.068,29.849872341043813,15.3,79867,1,1,synthetic_demo
33.8,45.2,34.215999999999994,32.448806923692366,17.6,79914,1,1,synthetic_demo
35.7,48.3,36.364000000000004,35.27473839327301,19.9,79961,1,1,synthetic_demo
37.6,51.4,38.512,38.354595322784064,22.2,80008,1,1,synthetic_demo
39.5,54.5,40.66,41.71781047001474,24.5,80055,1,1,synthetic_demo
41.4,57.6,42.808,45.39649239664533,26.8,80102,1,1,synthetic_demo
43.3,60.7,44.955999999999996,49.42560431771494,29.1,80149,1,1,synthetic_demo
28.2,63.8,30.104,29.517899467747643,31.4,80196,1,1,synthetic_demo
30.1,66.9,32.252,32.22658597056542,33.7,80243,1,1,synthetic_demo
32,70,34.4,35.16438711511625,36,80290,1,1,synthetic_demo
33.9,73.1,36.548,38.3577508064477,38.3,80337,1,1,synthetic_demo
35.8,76.2,38.696,41.83556350591526,40.6,80384,1,1,synthetic_demo
37.7,79.3,40.844,45.62931820275476,42.9,80431,1,1,synthetic_demo
39.6,82.4,42.992000000000004,49.77328961832457,45.2,80478,1,1,synthetic_demo
41.5,85.5,45.14,54.304716694503355,47.5,80525,1,1,synthetic_demo
43.4,88.6,47.288,59.26399240529423,49.8,80572,1,1,synthetic_demo
28.3,91.7,32.436,33.848015958427574,52.1,80619,1,1,synthetic_demo
30.2,94.8,34.583999999999996,37.05378370239911,54.4,80666,1,1,synthetic_demo
32.1,36.9,32.1,29.074992637646545,56.7,80713,1,1,synthetic_demo
34,40,34,31.579877049899725,59,80760,1,1,synthetic_demo
35.9,43.1,36.147999999999996,34.30325839803126,61.3,80807,1,1,synthetic_demo
37.8,46.2,38.296,37.27143423150625,63.6,80854,1,1,synthetic_demo
39.7,49.3,40.444,40.513170366323465,65.9,80901,1,1,synthetic_demo
41.6,52.4,42.592,44.059871171887686,68.2,80948,1,1,synthetic_demo
43.5,55.5,44.74,47.94575707522383,70.5,80995,1,1,synthetic_demo
28.4,58.6,29.887999999999998,28.952715761891422,72.8,81042,1,1,synthetic_demo
30.3,61.7,32.036,31.58709639463849,75.1,81089,1,1,synthetic_demo
32.2,64.8,34.184000000000005,34.443624789473255,77.4,81136,1,1,synthetic_demo
34.1,67.9,36.332,37.54820963545111,79.7,81183,1,1,synthetic_demo
36,71,38.48,40.92916588685079,82,81230,1,1,synthetic_demo
37.9,74.1,40.628,44.61738144451285,84.3,81277,1,1,synthetic_demo
39.8,77.2,42.775999999999996,48.64649105292892,86.6,81324,1,1,synthetic_demo
41.7,80.3,44.924,53.053057465831536,88.9,81371,1,1,synthetic_demo
43.6,83.4,47.072,57.87675992063714,91.2,81418,1,1,synthetic_demo
28.5,86.5,32.22,33.32805014728758,93.5,81465,1,1,synthetic_demo
30.4,89.6,34.367999999999995,36.4640520245873,15.8,81512,1,1,synthetic_demo
32.3,92.7,36.516,39.872098083823204,18.1,81559,1,1,synthetic_demo
34.2,95.8,38.664,43.58218854006233,20.4,81606,1,1,synthetic_demo
36.1,37.9,36.1,33.30630485024277,22.7,81653,1,1,synthetic_demo
38,41,38.08,36.16047195613285,25,81700,1,1,synthetic_demo
39.9,44.1,40.228,39.27822690380448,27.3,81747,1,1,synthetic_demo
41.8,47.2,42.376,42.69025988195792,29.6,81794,1,1,synthetic_demo
43.7,50.3,44.524,46.430038175944745,31.9,81841,1,1,synthetic_demo
28.6,53.4,29.672,28.370218194395495,34.2,81888,1,1,synthetic_demo
30.5,56.5,31.82,30.928604917207483,36.5,81935,1,1,synthetic_demo
32.4,59.6,33.967999999999996,33.70203655297528,38.8,81982,1,1,synthetic_demo
34.3,62.7,36.116,36.715874107094834,41.1,82029,1,1,synthetic_demo
36.2,65.8,38.264,39.99785220961349,43.4,82076,1,1,synthetic_demo
38.1,68.9,40.412,43.57824450196397,45.7,82123,1,1,synthetic_demo
40,72,42.56,47.49003622292837,48,82170,1,1,synthetic_demo
41.9,75.1,44.708,51.76910404785596,50.3,82217,1,1,synthetic_demo
43.8,78.2,46.855999999999995,56.45440322279987,52.6,82264,1,1,synthetic_demo
28.7,81.3,32.004,32.79118174973963,54.9,82311,1,1,synthetic_demo
30.6,84.4,34.152,35.85576408390388,57.2,82358,1,1,synthetic_demo
32.5,87.5,36.3,39.185666046404435,59.5,82405,1,1,synthetic_demo
34.4,90.6,38.448,42.810364280910406,61.8,82452,1,1,synthetic_demo
36.3,93.7,40.596,46.76196831020677,64.1,82499,1,1,synthetic_demo
38.2,35.8,38.2,35.02130783428788,66.4,82546,1,1,synthetic_demo
40.1,38.9,40.1,38.01254937045279,68.7,82593,1,1,synthetic_demo
42,42,42.16,41.28719604921965,71,82640,1,1,synthetic_demo
43.9,45.1,44.308,44.877951598449634,73.3,82687,1,1,synthetic_demo
28.8,48.2,29.456,27.770135819652783,75.6,82734,1,1,synthetic_demo
30.7,51.3,31.604,30.2508184097986,77.9,82781,1,1,synthetic_demo
32.6,54.4,33.752,32.93930568941107,80.2,82828,1,1,synthetic_demo
34.5,57.5,35.9,35.86040245353602,82.5,82875,1,1,synthetic_demo
36.4,60.6,38.048,39.04125413105403,84.8,82922,1,1,synthetic_demo
38.3,63.7,40.196,42.51151087250872,87.1,82969,1,1,synthetic_demo
40.2,66.8,42.344,46.30349882104382,89.4,83016,1,1,synthetic_demo
42.1,69.9,44.492000000000004,50.452398621758,91.7,83063,1,1,synthetic_demo
44,73,46.64,54.99643121246393,94,83110,1,1,synthetic_demo
28.9,76.1,31.787999999999997,32.237142913958145,16.3,83157,1,1,synthetic_demo
30.8,79.2,33.936,35.22863004723042,18.6,83204,1,1,synthetic_demo
32.7,82.3,36.084,38.478577106037015,20.9,83251,1,1,synthetic_demo
34.6,85.4,38.232,42.015928730406145,23.2,83298,1,1,synthetic_demo
36.5,88.5,40.38,45.872230459437205,25.5,83345,1,1,synthetic_demo
38.4,91.6,42.528,50.08180351002435,27.8,83392,1,1,synthetic_demo
40.3,94.7,44.675999999999995,54.68192685357448,30.1,83439,1,1,synthetic_demo
42.2,36.8,42.2,39.85021247519218,32.4,83486,1,1,synthetic_demo
44.1,39.9,44.1,43.28899633807843,34.7,83533,1,1,synthetic_demo
29,43,29.24,27.152194576385195,37,83580,1,1,synthetic_demo
30.9,46.1,31.387999999999998,29.553440428415488,39.3,83627,1,1,synthetic_demo
32.8,49.2,33.535999999999994,32.15511195867043,41.6,83674,1,1,synthetic_demo
34.7,52.3,35.684000000000005,34.98144916601812,43.9,83721,1,1,synthetic_demo
36.6,55.4,37.832,38.05899934135286,46.2,83768,1,1,synthetic_demo
38.5,58.5,39.98,41.41677985228593,48.5,83815,1,1,synthetic_demo
40.4,61.6,42.128,45.08644809522545,50.8,83862,1,1,synthetic_demo
42.3,64.7,44.275999999999996,49.10247867145024,53.1,83909,1,1,synthetic_demo
44.2,67.8,46.424,53.50234783149425,55.4,83956,1,1,synthetic_demo
29.1,70.9,31.572000000000003,31.665662690436612,57.7,84003,1,1,synthetic_demo
31,74,33.72,34.58235678470306,60,84050,1,1,synthetic_demo
32.9,77.1,35.867999999999995,37.75051454781212,62.3,84097,1,1,synthetic_demo
34.8,80.2,38.016,41.198540124883166,64.6,84144,1,1,synthetic_demo
36.7,83.3,40.164,44.9574062302153,66.9,84191,1,1,synthetic_demo
38.6,86.4,42.312000000000005,49.06082763436909,69.2,84238,1,1,synthetic_demo
40.5,89.5,44.46,53.54544193224309,71.5,84285,1,1,synthetic_demo
42.4,92.6,46.608,58.45099763512975,73.8,84332,1,1,synthetic_demo
44.3,95.7,48.756,63.820549617154654,76.1,84379,1,1,synthetic_demo
29.2,37.8,29.2,26.516117261353553,78.4,84426,1,1,synthetic_demo
31.1,40.9,31.172,28.836171186111606,80.7,84473,1,1,synthetic_demo
33,44,33.32,31.349131568163365,83,84520,1,1,synthetic_demo
34.9,47.1,35.467999999999996,34.078664965122286,85.3,84567,1,1,synthetic_demo
36.8,50.2,37.616,37.05071153309078,87.6,84614,1,1,synthetic_demo
38.7,53.3,39.764,40.2936465040509,89.9,84661,1,1,synthetic_demo
40.6,56.4,41.912,43.838448815328505,92.2,84708,1,1,synthetic_demo
42.5,59.5,44.06,47.718876949041054,94.5,84755,1,1,synthetic_demo
44.4,62.6,46.208,51.97165202718535,16.8,84802,1,1,synthetic_demo
29.3,65.7,31.356,31.07646700576692,19.1,84849,0,1,synthetic_demo
31.2,68.8,33.504,33.91664784235531,21.4,84896,1,1,synthetic_demo
33.1,71.9,35.652,37.00115812398728,23.7,84943,1,1,synthetic_demo
35,75,37.8,40.35785295046732,26,84990,1,1,synthetic_demo
36.9,78.1,39.948,44.017123310293165,28.3,85037,1,1,synthetic_demo
38.8,81.2,42.096,48.01206827181463,30.6,85084,1,1,synthetic_demo
40.7,84.3,44.244,52.37867443878701,32.9,85131,1,1,synthetic_demo
42.6,87.4,46.392,57.15600271458065,35.2,85178,1,1,synthetic_demo
44.5,90.5,48.54,62.386382406763424,37.5,85225,1,1,synthetic_demo
29.4,93.6,33.687999999999995,35.688655210845795,39.8,85272,1,1,synthetic_demo
31.3,35.7,31.3,28.09870752541593,42.1,85319,1,1,synthetic_demo
33.2,38.8,33.2,30.521037144090467,44.4,85366,1,1,synthetic_demo
35.1,41.9,35.252,33.151696770868455,46.7,85413,1,1,synthetic_demo
37,45,37.4,36.01601037016775,49,85460,1,1,synthetic_demo
38.9,48.1,39.548,39.14170162490048,51.3,85507,1,1,synthetic_demo
40.8,51.2,41.696,42.55906123963449,53.6,85554,1,1,synthetic_demo
42.7,54.3,43.844,46.301121440143575,55.9,85601,1,1,synthetic_demo
44.6,57.4,45.992000000000004,50.40383771635122,58.2,85648,1,1,synthetic_demo
29.5,60.5,31.14,30.469278636274165,60.5,85695,1,1,synthetic_demo
31.4,63.6,33.288,33.2312034146142,62.8,85742,1,1,synthetic_demo
33.3,66.7,35.436,36.230184025328235,65.1,85789,1,1,synthetic_demo
35.2,69.8,37.584,39.493517913249796,67.4,85836,1,1,synthetic_demo
37.1,72.9,39.732,43.05100538008645,69.7,85883,1,1,synthetic_demo
39,76,41.88,46.935120475443725,72,85930,1,1,synthetic_demo
40.9,79.1,44.028,51.18118913604614,74.3,85977,1,1,synthetic_demo
42.8,82.2,46.175999999999995,55.82757461870362,76.6,86024,1,1,synthetic_demo
44.7,85.3,48.324000000000005,60.915870260062505,78.9,86071,1,1,synthetic_demo
29.6,88.4,33.472,35.12926965431508,81.2,86118,1,1,synthetic_demo
31.5,91.5,35.62,38.421228671834555,83.5,86165,1,1,synthetic_demo
33.4,94.6,37.768,42.00247865067274,85.8,86212,1,1,synthetic_demo
35.3,36.7,35.3,32.20018767266566,88.1,86259,1,1,synthetic_demo
37.2,39.8,37.2,34.95451145656938,90.4,86306,1,1,synthetic_demo
39.1,42.9,39.332,37.96053171384443,92.7,86353,1,1,synthetic_demo
41,46,41.48,41.24784108121775,15,86400,1,1,synthetic_demo
42.9,49.1,43.628,44.84873532902912,17.3,86447,1,1,synthetic_demo
44.8,52.2,45.775999999999996,48.798393749258736,19.6,86494,1,1,synthetic_demo
29.7,55.3,30.924,29.843817181506612,21.9,86541,1,1,synthetic_demo
31.6,58.4,33.072,32.52572031664957,24.2,86588,1,1,synthetic_demo
33.5,61.5,35.22,35.437264852302015,26.5,86635,1,1,synthetic_demo
35.4,64.6,37.367999999999995,38.60518190930988,28.8,86682,1,1,synthetic_demo
37.3,67.7,39.516,42.058672081513606,31.1,86729,1,1,synthetic_demo
39.2,70.8,41.664,45.82957502249499,33.4,86776,1,1,synthetic_demo
41.1,73.9,43.812000000000005,49.95254626472831,35.7,86823,1,1,synthetic_demo
43,77,45.96,54.465241317980116,38,86870,1,1,synthetic_demo
44.9,80.1,48.108,59.40850708132906,40.3,86917,1,1,synthetic_demo
29.8,83.2,33.256,34.55204192587306,42.6,86964,1,1,synthetic_demo
31.7,86.3,35.403999999999996,37.768769880574006,44.9,87011,1,1,synthetic_demo
33.6,89.4,37.552,41.267766502821054,47.2,87058,1,1,synthetic_demo
35.5,92.5,39.7,45.08002740215325,49.5,87105,1,1,synthetic_demo
37.4,95.6,41.848,49.23928308543916,51.8,87152,1,1,synthetic_demo
39.3,37.7,39.3,36.749718939223236,54.1,87199,1,1,synthetic_demo
41.2,40.8,41.264,39.90433947415723,56.4,87246,1,1,synthetic_demo
43.1,43.9,43.412,43.361236963624805,58.7,87293,1,1,synthetic_demo
28,47,28.56,26.797909375335646,61,87340,1,1,synthetic_demo
29.9,50.1,30.708,29.19979903758049,63.3,87387,1,1,synthetic_demo
31.8,53.2,32.856,31.799891956576165,65.6,87434,1,1,synthetic_demo
33.7,56.3,35.004000000000005,34.6220695861209,67.9,87481,1,1,synthetic_demo
35.6,59.4,37.152,37.69248799458689,70.2,87528,1,1,synthetic_demo
37.5,62.5,39.3,41.039738986683346,72.5,87575,1,1,synthetic_demo
39.4,65.6,41.448,44.69501838185447,74.8,87622,1,1,synthetic_demo
41.3,68.7,43.596,48.69230150969513,77.1,87669,1,1,synthetic_demo
43.2,71.8,45.744,53.06852597053434,79.4,87716,1,1,synthetic_demo
28.1,74.9,30.892000000000003,31.064138935574885,81.7,87763,1,1,synthetic_demo
30,78,33.04,33.956691631119874,84,87810,1,1,synthetic_demo
31.9,81.1,35.187999999999995,37.09643579236705,86.3,87857,1,1,synthetic_demo
33.8,84.2,37.336,40.51128634900216,88.6,87904,1,1,synthetic_demo
35.7,87.3,39.484,44.23168864871086,90.9,87951,1,1,synthetic_demo
37.6,90.4,41.632000000000005,48.2907902175035,93.2,87998,1,1,synthetic_demo
39.5,93.5,43.78,52.72461979718125,15.5,88045,1,1,synthetic_demo
41.4,35.6,41.4,38.52810293959329,17.8,88092,1,1,synthetic_demo
43.3,38.7,43.3,41.83813982035532,20.1,88139,1,1,synthetic_demo
28.2,41.8,28.343999999999998,26.21152034093811,22.4,88186,1,1,synthetic_demo
30.1,44.9,30.492,28.536937370379484,24.7,88233,1,1,synthetic_demo
32,48,32.64,31.053408307508285,27,88280,1,1,synthetic_demo
33.9,51.1,34.788,33.784263559637175,29.3,88327,1,1,synthetic_demo
35.8,54.2,36.936,36.755075354601146,31.6,88374,1,1,synthetic_demo
37.7,57.3,39.084,39.99381756642936,33.9,88421,1,1,synthetic_demo
39.6,60.4,41.232,43.531032681393256,36.2,88468,1,1,synthetic_demo
41.5,63.5,43.38,47.40000596609313,38.5,88515,1,1,synthetic_demo
43.4,66.6,45.528,51.63694688704961,40.8,88562,1,1,synthetic_demo
28.3,69.7,30.676000000000002,30.522365455860434,43.1,88609,1,1,synthetic_demo
30.2,72.8,32.824,33.34293516386767,45.4,88656,1,1,synthetic_demo
32.1,75.9,34.972,36.40391981564696,47.7,88703,1,1,synthetic_demo
34,79,37.12,39.73270717355196,50,88750,1,1,synthetic_demo
35.9,82.1,39.268,43.35918363058855,52.3,88797,1,1,synthetic_demo
37.8,85.2,41.416,47.31590468667386,54.6,88844,1,1,synthetic_demo
39.7,88.3,43.564,51.6382726845104,56.9,88891,1,1,synthetic_demo
41.6,91.4,45.712,56.364721853254466,59.2,88938,1,1,synthetic_demo
43.5,94.5,47.86,61.536910695651386,61.5,88985,1,1,synthetic_demo
28.4,36.6,28.4,25.607696192580647,63.8,89032,1,1,synthetic_demo
30.3,39.7,30.3,27.854942088608556,66.1,89079,1,1,synthetic_demo
32.2,42.8,32.424,30.285955879466908,68.4,89126,1,1,synthetic_demo
34.1,45.9,34.572,32.92350842808845,70.7,89173,1,1,synthetic_demo
36,49,36.72,35.79257927402379,73,89220,1,1,synthetic_demo
37.9,52.1,38.868,38.920515158692574,75.3,89267,1,1,synthetic_demo
39.8,55.2,41.016,42.33719567515125,77.6,89314,1,1,synthetic_demo
41.7,58.3,43.164,46.07520610532974,79.9,89361,1,1,synthetic_demo
43.6,61.4,45.312000000000005,50.17001749552902,82.2,89408,1,1,synthetic_demo
28.5,64.5,30.46,29.963563404624846,84.5,89455,1,1,synthetic_demo
30.4,67.6,32.608,32.71048567926453,86.8,89502,1,1,synthetic_demo
32.3,70.7,34.756,35.69091191506257,89.1,89549,1,1,synthetic_demo
34.2,73.8,36.904,38.93169430330481,91.4,89596,1,1,synthetic_demo
36.1,76.9,39.052,42.46215152991211,93.7,89643,1,1,synthetic_demo
38,80,41.2,46.314237963186066,16,89690,1,1,synthetic_demo
39.9,83.1,43.348,50.52272008403973,18.3,89737,1,1,synthetic_demo
41.8,86.2,45.495999999999995,55.12536020815196,20.6,89784,1,1,synthetic_demo
43.7,89.3,47.644000000000005,60.16310753701522,22.9,89831,1,1,synthetic_demo
28.6,92.4,32.792,34.36922024648209,25.2,89878,1,1,synthetic_demo
30.5,95.5,34.94,37.620801231740074,27.5,89925,1,1,synthetic_demo
32.4,37.6,32.4,29.49721769113877,29.8,89972,1,1,synthetic_demo
34.3,40.7,34.355999999999995,32.039462139693136,32.1,90019,1,1,synthetic_demo
36.2,43.8,36.504000000000005,34.80463110609531,34.4,90066,1,1,synthetic_demo
38.1,46.9,38.652,37.81943493675051,36.7,90113,1,1,synthetic_demo
40,50,40.8,41.11308071036692,39,90160,1,1,synthetic_demo
41.9,53.1,42.948,44.71744374089417,41.3,90207,1,1,synthetic_demo
43.8,56.2,45.096,48.667246305899646,43.6,90254,1,1,synthetic_demo
28.7,59.3,30.244,29.3874646710893,45.9,90301,1,1,synthetic_demo
30.6,62.4,32.392,32.059053066772535,48.2,90348,1,1,synthetic_demo
32.5,65.5,34.54,34.957098583308465,50.5,90395,1,1,synthetic_demo
34.4,68.6,36.687999999999995,38.107909378261084,52.8,90442,1,1,synthetic_demo
36.3,71.7,38.836,41.54022761837594,55.1,90489,1,1,synthetic_demo
38.2,74.8,40.984,45.285397374433906,57.4,90536,1,1,synthetic_demo
40.1,77.9,43.132000000000005,49.377539741857895,59.7,90583,1,1,synthetic_demo
42,81,45.28,53.85373523778077,62,90630,1,1,synthetic_demo
43.9,84.1,47.428,58.754213512851756,64.3,90677,1,1,synthetic_demo
28.8,87.2,32.576,33.83903409696519,66.6,90724,1,1,synthetic_demo
30.7,90.3,34.724,37.01987918917765,68.9,90771,1,1,synthetic_demo
32.6,93.4,36.872,40.47770866527563,71.2,90818,1,1,synthetic_demo
34.5,35.5,34.5,31.13177890609615,73.5,90865,1,1,synthetic_demo
36.4,38.6,36.4,33.7908582418925,75.8,90912,1,1,synthetic_demo
38.3,41.7,38.436,36.69017587729378,78.1,90959,1,1,synthetic_demo
40.2,44.8,40.584,39.85825669435274,80.4,91006,1,1,synthetic_demo
42.1,47.9,42.732,43.326255994023,82.7,91053,1,1,synthetic_demo
44,51,44.88,47.128136874461106,85,91100,1,1,synthetic_demo
28.9,54.1,30.028,28.79379805052741,87.3,91147,1,1,synthetic_demo
30.8,57.2,32.176,31.38834392299975,89.6,91194,1,1,synthetic_demo
32.7,60.3,34.324000000000005,34.202162812807195,91.9,91241,1,1,synthetic_demo
34.6,63.4,36.472,37.261010322104795,94.2,91288,1,1,synthetic_demo
36.5,66.5,38.62,40.59304322658276,16.5,91335,1,1,synthetic_demo
38.4,69.6,40.768,44.22898607311894,18.8,91382,1,1,synthetic_demo
40.3,72.7,42.916,48.202304986851786,21.1,91429,1,1,synthetic_demo
42.2,75.8,45.064,52.54938873966216,23.4,91476,1,1,synthetic_demo
44.1,78.9,47.212,57.30973711965885,25.7,91523,1,1,synthetic_demo
29,82,32.36,33.29169663403689,28,91570,1,1,synthetic_demo
30.9,85.1,34.507999999999996,36.400131897140085,30.3,91617,1,1,synthetic_demo
32.8,88.2,36.656,39.7787494868848,32.6,91664,1,1,synthetic_demo
34.7,91.3,38.804,43.45746097241786,34.9,91711,1,1,synthetic_demo
36.6,94.4,40.952,47.46884003291896,37.2,91758,1,1,synthetic_demo
38.5,36.5,38.5,35.53233272834934,39.5,91805,1,1,synthetic_demo
40.4,39.6,40.4,38.572288061216355,41.8,91852,1,1,synthetic_demo
42.3,42.7,42.516,41.90117525921059,44.1,91899,1,1,synthetic_demo
44.2,45.8,44.664,45.55218776817753,46.4,91946,1,1,synthetic_demo
29.1,48.9,29.812,28.182289218086744,48.7,91993,1,1,synthetic_demo
31,52,31.96,30.69806152438594,51,92040,1,1,synthetic_demo
32.9,55.1,34.108,33.425784067243164,53.3,92087,1,1,synthetic_demo
34.8,58.2,36.256,36.39065131257107,55.6,92134,1,1,synthetic_demo
36.7,61.3,38.404,39.62022571323166,57.9,92181,1,1,synthetic_demo
38.6,64.4,40.552,43.14460300524733,60.2,92228,1,1,synthetic_demo
40.5,67.5,42.7,46.996584697501774,62.5,92275,1,1,synthetic_demo
42.4,70.6,44.848,51.211857808209075,64.8,92322,1,1,synthetic_demo
44.3,73.7,46.995999999999995,55.82918188907311,67.1,92369,1,1,synthetic_demo
29.2,76.8,32.144,32.72693665798817,69.4,92416,1,1,synthetic_demo
31.1,79.9,34.292,35.76126596015446,71.7,92463,1,1,synthetic_demo
33,83,36.44,39.05883909448998,74,92510,1,1,synthetic_demo
34.9,86.1,38.588,42.649030859809535,76.3,92557,1,1,synthetic_demo
36.8,89.2,40.736,46.56384599106967,78.6,92604,1,1,synthetic_demo
38.7,92.3,42.884,50.83809516555156,80.9,92651,1,1,synthetic_demo
40.6,95.4,45.032000000000004,55.5095783152897,83.2,92698,1,1,synthetic_demo
42.5,37.5,42.5,40.441729169563686,85.5,92745,1,1,synthetic_demo
44.4,40.6,44.448,43.9388925288135,87.8,92792,1,1,synthetic_demo
29.3,43.7,29.596,27.55266070246597,90.1,92839,1,1,synthetic_demo
31.2,46.8,31.744,29.987905799741693,92.4,92886,1,1,synthetic_demo
33.1,49.9,33.892,32.62763825294805,94.7,92933,1,1,synthetic_demo
35,53,36.04,35.49648275166357,17,92980,1,1,synthetic_demo
36.9,56.1,38.187999999999995,38.621398434154244,19.3,93027,1,1,synthetic_demo
38.8,59.2,40.336,42.03184287797323,21.6,93074,1,1,synthetic_demo
40.7,62.3,42.484,45.759943268522306,23.9,93121,1,1,synthetic_demo
42.6,65.4,44.632000000000005,49.84067480015531,26.2,93168,1,1,synthetic_demo
44.5,68.5,46.78,54.3120463520806,28.5,93215,1,1,synthetic_demo
29.4,71.6,31.927999999999997,32.144479840775205,30.8,93262,1,1,synthetic_demo
31.3,74.7,34.076,35.10298465402156,33.1,93309,1,1,synthetic_demo
33.2,77.8,36.224000000000004,38.31765695387212,35.4,93356,1,1,synthetic_demo
35.1,80.9,38.372,41.817326223466786,37.7,93403,1,1,synthetic_demo
37,84,40.52,45.633419357646474,40,93450,1,1,synthetic_demo
38.9,87.1,42.668,49.80013537481979,42.3,93497,1,1,synthetic_demo
40.8,90.2,44.815999999999995,54.35462741826232,44.6,93544,1,1,synthetic_demo
42.7,93.3,46.964000000000006,59.33719208776051,46.9,93591,1,1,synthetic_demo
44.6,35.4,44.6,42.28773963691347,49.2,93638,1,1,synthetic_demo
29.5,38.5,29.5,26.904631859447196,51.5,93685,1,1,synthetic_demo
31.4,41.6,31.528,29.257573302640736,53.8,93732,1,1,synthetic_demo
33.3,44.7,33.675999999999995,31.807397690137513,56.1,93779,1,1,synthetic_demo
35.2,47.8,35.824000000000005,34.57815123572121,58.4,93826,1,1,synthetic_demo
37.1,50.9,37.972,37.596180711198905,60.7,93873,1,1,synthetic_demo
39,54,40.12,40.89029612728896,63,93920,1,1,synthetic_demo
40.9,57.1,42.268,44.4919405773481,65.3,93967,1,1,synthetic_demo
42.8,60.2,44.416,48.43536729982917,67.6,94014,1,1,synthetic_demo
44.7,63.3,46.564,52.75782400307101,69.9,94061,1,1,synthetic_demo
29.6,66.4,31.712000000000003,31.544048699621285,72.2,94108,1,1,synthetic_demo
31.5,69.5,33.86,34.42498789827871,74.5,94155,1,1,synthetic_demo
33.4,72.6,36.007999999999996,37.55487896446978,76.8,94202,1,1,synthetic_demo
35.3,75.7,38.156,40.96199746105697,79.1,94249,1,1,synthetic_demo
37.2,78.8,40.304,44.67718348687606,81.4,94296,1,1,synthetic_demo
39.1,81.9,42.452,48.73401509006665,83.7,94343,1,1,synthetic_demo
41,85,44.6,53.16898895442411,86,94390,1,1,synthetic_demo
42.9,88.1,46.748,58.02170840096671,88.3,94437,1,1,synthetic_demo
44.8,91.2,48.896,63.33507873433711,90.6,94484,1,1,synthetic_demo
29.7,94.3,34.044,36.236091504811455,92.9,94531,1,1,synthetic_demo
31.6,36.4,31.6,28.50675718366514,15.2,94578,0,1,synthetic_demo
33.5,39.5,33.5,30.96473108399886,17.5,94625,0,1,synthetic_demo
35.4,42.6,35.608,33.63529952533438,19.8,94672,1,1,synthetic_demo
37.3,45.7,37.756,36.54418780096265,22.1,94719,1,1,synthetic_demo
39.2,48.8,39.904,39.71954888556152,24.4,94766,1,1,synthetic_demo
41.1,51.9,42.052,43.19213195046548,26.7,94813,1,1,synthetic_demo
43,55,44.2,46.99545808427152,29,94860,1,1,synthetic_demo
44.9,58.1,46.348,51.16600326373556,31.3,94907,1,1,synthetic_demo
29.8,61.2,31.496000000000002,30.92536257047394,33.6,94954,1,1,synthetic_demo
31.7,64.3,33.644,33.72697222851574,35.9,95001,1,1,synthetic_demo
33.6,67.4,35.792,36.77017743053847,38.2,95048,1,1,synthetic_demo
35.5,70.5,37.94,40.082691155154635,40.5,95095,1,1,synthetic_demo
37.4,73.6,40.088,43.69475768920839,42.8,95142,1,1,synthetic_demo
39.3,76.7,42.236,47.6393247384197,45.1,95189,1,1,synthetic_demo
41.2,79.8,44.384,51.95222279504283,47.4,95236,1,1,synthetic_demo
43.1,82.9,46.532000000000004,56.67235180602498,49.7,95283,1,1,synthetic_demo
28,86,31.68,32.59140864423119,52,95330,1,1,synthetic_demo
29.9,89.1,33.827999999999996,35.665936012942545,54.3,95377,1,1,synthetic_demo
31.8,92.2,35.976,39.0055759097053,56.6,95424,1,1,synthetic_demo
33.7,95.3,38.124,42.63970038290092,58.9,95471,1,1,synthetic_demo
35.6,37.4,35.6,32.667566515110266,61.2,95518,1,1,synthetic_demo
37.5,40.5,37.54,35.46503086337081,63.5,95565,1,1,synthetic_demo
39.4,43.6,39.687999999999995,38.51918294891547,65.8,95612,1,1,synthetic_demo
41.3,46.7,41.836,41.860068129588974,68.1,95659,1,1,synthetic_demo
43.2,49.8,43.984,45.52046508819791,70.4,95706,1,1,synthetic_demo
28.1,52.9,29.132,27.776933907769177,72.7,95753,1,1,synthetic_demo
30,56,31.28,30.288137581316835,75,95800,1,1,synthetic_demo
31.9,59.1,33.428,33.00863076854369,77.3,95847,1,1,synthetic_demo
33.8,62.2,35.576,35.96322103216074,79.6,95894,1,1,synthetic_demo
35.7,65.3,37.724000000000004,39.17905004307925,81.9,95941,1,1,synthetic_demo
37.6,68.4,39.872,42.68575719996946,84.2,95988,1,1,synthetic_demo
39.5,71.5,42.02,46.515650433138596,86.5,96035,1,1,synthetic_demo
41.4,74.6,44.168,50.7038842498219,88.8,96082,1,1,synthetic_demo
43.3,77.7,46.315999999999995,55.28864506567464,91.1,96129,1,1,synthetic_demo
28.2,80.8,31.464,32.07282879300955,93.4,96176,1,1,synthetic_demo
30.1,83.9,33.612,35.0776780707091,15.7,96223,1,1,synthetic_demo
32,87,35.76,38.341052557358765,18,96270,1,1,synthetic_demo
33.9,90.1,37.908,41.891809133528554,20.3,96317,1,1,synthetic_demo
35.8,93.2,40.056,45.76139525920345,22.6,96364,1,1,synthetic_demo
37.7,35.3,37.7,34.358316930103946,24.9,96411,1,1,synthetic_demo
39.6,38.4,39.6,37.28877574446194,27.2,96458,1,1,synthetic_demo
41.5,41.5,41.62,40.49529523768291,29.5,96505,1,1,synthetic_demo
43.4,44.6,43.768,44.00990136880499,31.8,96552,1,1,synthetic_demo
28.3,47.7,28.916,27.1967149532933,34.1,96599,1,1,synthetic_demo
30.2,50.8,31.064,29.632086625336232,36.4,96646,1,1,synthetic_demo
32.1,53.9,33.212,32.26965320241596,38.7,96693,1,1,synthetic_demo
34,57,35.36,35.13367479610711,41,96740,1,1,synthetic_demo
35.9,60.1,37.507999999999996,38.250712986581874,43.3,96787,1,1,synthetic_demo
37.8,63.2,39.656,41.64979314786136,45.6,96834,1,1,synthetic_demo
39.7,66.3,41.804,45.36257394091777,47.9,96881,1,1,synthetic_demo
41.6,69.4,43.952,49.42352403299628,50.2,96928,1,1,synthetic_demo
43.5,72.5,46.1,53.87010608925635,52.5,96975,1,1,synthetic_demo
28.4,75.6,31.247999999999998,31.537503610904285,54.8,97022,1,1,synthetic_demo
30.3,78.7,33.396,34.47103381293434,57.1,97069,1,1,synthetic_demo
32.2,81.8,35.544000000000004,37.656368947205436,59.4,97116,1,1,synthetic_demo
34.1,84.9,37.692,41.12184238659498,61.7,97163,1,1,synthetic_demo
36,88,39.84,44.89834645130802,64,97210,1,1,synthetic_demo
37.9,91.1,41.988,49.01950539264671,66.3,97257,1,1,synthetic_demo
39.8,94.2,44.135999999999996,53.521855663029854,68.6,97304,1,1,synthetic_demo
41.7,36.3,41.7,39.09735474482795,70.9,97351,1,1,synthetic_demo
43.6,39.4,43.6,42.46327507042089,73.2,97398,1,1,synthetic_demo
28.5,42.5,28.7,26.599076661962105,75.5,97445,1,1,synthetic_demo
30.4,45.6,30.848,28.95691933394176,77.8,97492,1,1,synthetic_demo
32.3,48.7,32.995999999999995,31.509725746301942,80.1,97539,1,1,synthetic_demo
34.2,51.8,35.144000000000005,34.28120006654728,82.4,97586,1,1,synthetic_demo
36.1,54.9,37.292,37.297314941380684,84.7,97633,1,1,synthetic_demo
38,58,39.44,40.586472523309894,87,97680,1,1,synthetic_demo
39.9,61.1,41.588,44.17967264903523,89.3,97727,1,1,synthetic_demo
41.8,64.2,43.736,48.11068822927327,91.6,97774,1,1,synthetic_demo
43.7,67.3,45.884,52.416247897437,93.9,97821,1,1,synthetic_demo
28.6,70.4,31.032000000000004,30.9851678068435,16.2,97868,1,1,synthetic_demo
30.5,73.5,33.18,33.84571613123451,18.5,97915,1,1,synthetic_demo
32.4,76.6,35.327999999999996,36.9512147643944,20.8,97962,1,1,synthetic_demo
34.3,79.7,37.476,40.329465172814324,23.1,98009,1,1,synthetic_demo
36.2,82.8,39.624,44.01079578960482,25.4,98056,1,1,synthetic_demo
38.1,85.9,41.772000000000006,48.0282337114471,27.7,98103,1,1,synthetic_demo
40,89,43.92,52.41768366445312,30,98150,1,1,synthetic_demo
41.9,92.1,46.068,57.21811428505372,32.3,98197,1,1,synthetic_demo
43.8,95.2,48.215999999999994,62.471751749495496,34.6,98244,1,1,synthetic_demo
28.7,37.3,28.7,25.983747592438966,36.9,98291,0,1,synthetic_demo
30.6,40.4,30.632,28.262342049641195,39.2,98338,1,1,synthetic_demo
32.5,43.5,32.78,30.728531120212494,41.5,98385,1,1,synthetic_demo
34.4,46.6,34.928,33.405454475611755,43.8,98432,1,1,synthetic_demo
36.3,49.7,37.076,36.318486926545106,46.1,98479,1,1,synthetic_demo
38.2,52.8,39.224000000000004,39.49539814665923,48.4,98526,1,1,synthetic_demo
40.1,55.9,41.372,42.96651953234732,50.7,98573,1,1,synthetic_demo
42,59,43.52,46.764918259618085,53,98620,1,1,synthetic_demo
43.9,62.1,45.668,50.92657858677876,55.3,98667,1,1,synthetic_demo
28.8,65.2,30.816000000000003,30.41555301745563,57.6,98714,1,1,synthetic_demo
30.7,68.3,32.964,33.201434646963826,59.9,98761,1,1,synthetic_demo
32.6,71.4,35.112,36.22527621735203,62.2,98808,1,1,synthetic_demo
34.5,74.5,37.26,39.51433883110319,64.5,98855,1,1,synthetic_demo
36.4,77.6,39.408,43.09837822722431,66.8,98902,1,1,synthetic_demo
38.3,80.7,41.556,47.009815186992995,69.1,98949,1,1,synthetic_demo
40.2,83.8,43.704,51.283913191668745,71.4,98996,1,1,synthetic_demo
42.1,86.9,45.852000000000004,55.958963379553225,73.7,99043,1,1,synthetic_demo
44,90,48,61.076476837284304,76,99090,1,1,synthetic_demo
28.9,93.1,33.147999999999996,34.89790939933644,78.3,99137,1,1,synthetic_demo
30.8,35.2,30.8,27.548057798769076,80.6,99184,1,1,synthetic_demo
32.7,38.3,32.7,29.925748519577375,82.9,99231,1,1,synthetic_demo
34.6,41.4,34.712,32.506091913803445,85.2,99278,1,1,synthetic_demo
36.5,44.5,36.86,35.31385599372831,87.5,99325,1,1,synthetic_demo
38.4,47.6,39.007999999999996,38.37616863621353,89.8,99372,1,1,synthetic_demo
40.3,50.7,41.156,41.7226831201291,92.1,99419,1,1,synthetic_demo
42.2,53.8,43.304,45.38575084688422,94.4,99466,1,1,synthetic_demo
44.1,56.9,45.452,49.40060129415194,16.7,99513,1,1,synthetic_demo
29,60,30.6,29.8283877810026,19,99560,0,1,synthetic_demo
30.9,63.1,32.748,32.537895684013385,21.3,99607,1,1,synthetic_demo
32.8,66.2,34.896,35.47823600943054,23.6,99654,1,1,synthetic_demo
34.7,69.3,37.044000000000004,38.676120979064166,25.9,99701,1,1,synthetic_demo
36.6,72.4,39.192,42.16072477100988,28.2,99748,1,1,synthetic_demo
38.5,75.5,41.34,45.96385262987329,30.5,99795,1,1,synthetic_demo
40.4,78.6,43.488,50.120117212414286,32.8,99842,1,1,synthetic_demo
42.3,81.7,45.635999999999996,54.66712221727179,35.1,99889,1,1,synthetic_demo
44.2,84.8,47.784000000000006,59.645653334966255,37.4,99936,1,1,synthetic_demo
29.1,87.9,32.932,34.35736037361605,39.7,99983,1,1,synthetic_demo
31,91,35.08,37.58385766767539,42,10030,1,1,synthetic_demo
32.9,94.1,37.227999999999994,41.09235173734268,44.3,10077,1,1,synthetic_demo
34.8,36.2,34.8,31.582762500258987,46.6,10124,1,1,synthetic_demo
36.7,39.3,36.7,34.28304519624803,48.9,10171,1,1,synthetic_demo
38.6,42.4,38.792,37.22837837612557,51.2,10218,1,1,synthetic_demo
40.5,45.5,40.94,40.44772746276045,53.5,10265,1,1,synthetic_demo
42.4,48.6,43.088,43.972717981288405,55.8,10312,1,1,synthetic_demo
44.3,51.7,45.236,47.83781416099159,58.1,10359,1,1,synthetic_demo
29.2,54.8,30.384,29.223397511168645,60.4,10406,1,1,synthetic_demo
31.1,57.9,32.532000000000004,31.85480224146362,62.7,10453,1,1,synthetic_demo
33,61,34.68,34.7097733104083,65,10500,1,1,synthetic_demo
34.9,64.1,36.827999999999996,37.81446548331929,67.3,10547,1,1,synthetic_demo
36.8,67.2,38.976,41.197462450671324,69.6,10594,1,1,synthetic_demo
38.7,70.3,41.124,44.889944638551185,71.9,10641,1,1,synthetic_demo
40.6,73.4,43.272000000000006,48.92586423838851,74.2,10688,1,1,synthetic_demo
42.5,76.5,45.42,53.34212750590993,76.5,10735,1,1,synthetic_demo
44.4,79.6,47.568,58.17878436683632,78.8,10782,1,1,synthetic_demo
29.3,82.7,32.716,33.799408240135826,81.1,10829,1,1,synthetic_demo
31.2,85.8,34.864,36.9524939661931,83.4,10876,1,1,synthetic_demo
33.1,88.9,37.012,40.38069620615396,85.7,10923,1,1,synthetic_demo
35,92,39.16,44.11436628590658,88,10970,1,1,synthetic_demo
36.9,95.1,41.308,48.186547078218695,90.3,11017,1,1,synthetic_demo
38.8,37.2,38.8,36.051617484131825,92.6,11064,1,1,synthetic_demo
40.7,40.3,40.724000000000004,39.14121209825761,94.9,11111,1,1,synthetic_demo
42.6,43.4,42.872,42.525346885729974,17.2,11158,1,1,synthetic_demo
44.5,46.5,45.02,46.23771029739778,19.5,11205,1,1,synthetic_demo
29.4,49.6,30.168,28.60030447070461,21.8,11252,1,1,synthetic_demo
31.3,52.7,32.316,31.151853966090183,24.1,11299,1,1,synthetic_demo
33.2,55.8,34.464000000000006,33.91956372784144,26.4,11346,1,1,synthetic_demo
35.1,58.9,36.612,36.92902242969337,28.7,11393,1,1,synthetic_demo
37,62,38.76,40.208214287786674,31,11440,1,1,synthetic_demo
38.9,65.1,40.908,43.78768556717299,33.3,11487,1,1,synthetic_demo
40.8,68.2,43.056,47.70071829185687,35.6,11534,1,1,synthetic_demo
42.7,71.3,45.204,51.983511209617625,37.9,11581,1,1,synthetic_demo
44.6,74.4,47.352000000000004,56.67536805046221,40.2,11628,1,1,synthetic_demo
29.5,77.5,32.5,33.22377841836773,42.5,11675,1,1,synthetic_demo
31.4,80.6,34.647999999999996,36.30173577386642,44.8,11722,1,1,synthetic_demo
33.3,83.7,36.796,39.64779164797561,47.1,11769,1,1,synthetic_demo
35.2,86.8,38.944,43.29175580043098,49.4,11816,1,1,synthetic_demo
37.1,89.9,41.092,47.26609716968137,51.7,11863,1,1,synthetic_demo
39,93,43.24,51.606121108108766,54,11910,1,1,synthetic_demo
40.9,35.1,40.9,37.80269201865006,56.3,11957,1,1,synthetic_demo
42.8,38.2,42.8,41.04315998095472,58.6,12004,1,1,synthetic_demo
44.7,41.3,44.804,44.5997777460795,60.9,12051,1,1,synthetic_demo
29.6,44.4,29.952,27.958827744927486,63.2,12098,1,1,synthetic_demo
31.5,47.5,32.1,30.428747124722857,65.5,12145,1,1,synthetic_demo
33.4,50.6,34.248,33.107279278266816,67.8,12192,1,1,synthetic_demo
35.3,53.7,36.396,36.019438093246485,70.1,12239,1,1,synthetic_demo
37.2,56.8,38.544000000000004,39.192599264651776,72.4,12286,1,1,synthetic_demo
39.1,59.9,40.692,42.65666549322334,74.7,12333,1,1,synthetic_demo
41,63,42.84,46.444238872102574,77,12380,1,1,synthetic_demo
42.9,66.1,44.988,50.59080051423268,79.3,12427,1,1,synthetic_demo
44.8,69.2,47.135999999999996,55.13489746070316,81.6,12474,1,1,synthetic_demo
29.7,72.3,32.284,32.63019316858821,83.9,12521,1,1,synthetic_demo
31.6,75.4,34.432,35.63128273759207,86.2,12568,1,1,synthetic_demo
33.5,78.5,36.58,38.89331367326355,88.5,12615,1,1,synthetic_demo
35.4,81.6,38.727999999999994,42.44554556965459,90.8,12662,1,1,synthetic_demo
37.3,84.7,40.876,46.31986448012117,93.1,12709,1,1,synthetic_demo
39.2,87.8,43.024,50.55095885557995,15.4,12756,1,1,synthetic_demo
41.1,90.9,45.172000000000004,55.17650278029504,17.7,12803,1,1,synthetic_demo
43,94,47.32,60.23734654402769,20,12850,1,1,synthetic_demo
44.9,36.1,44.9,42.92349944614206,22.3,12897,1,1,synthetic_demo
29.8,39.2,29.8,27.29868321507481,24.6,12944,0,1,synthetic_demo
31.7,42.3,31.884,29.68517457645748,26.9,12991,1,1,synthetic_demo
33.6,45.4,34.032000000000004,32.27258835825588,29.2,13038,1,1,synthetic_demo
35.5,48.5,36.18,35.08535490815603,31.5,13085,1,1,synthetic_demo
37.4,51.6,38.327999999999996,38.15023229297762,33.8,13132,1,1,synthetic_demo
39.3,54.7,40.476,41.49647018502682,36.1,13179,1,1,synthetic_demo
41.2,57.8,42.624,45.155980921722744,38.4,13226,1,1,synthetic_demo
43.1,60.9,44.772,49.163517792363336,40.7,13273,1,1,synthetic_demo
28,64,29.92,29.32328085152088,43,13320,1,1,synthetic_demo
29.9,67.1,32.068,32.01837156530241,45.3,13367,1,1,synthetic_demo
31.8,70.2,34.216,34.940831115632456,47.6,13414,1,1,synthetic_demo
33.7,73.3,36.364000000000004,38.116934292409624,49.9,13461,1,1,synthetic_demo
35.6,76.4,38.512,41.575381865091565,52.2,13508,1,1,synthetic_demo
37.5,79.5,40.66,45.34746799106122,54.5,13555,1,1,synthetic_demo
39.4,82.6,42.808,49.46725485276188,56.8,13602,1,1,synthetic_demo
41.3,85.7,44.955999999999996,53.971754576140796,59.1,13649,1,1,synthetic_demo
43.2,88.8,47.104,58.90111847052157,61.4,13696,1,1,synthetic_demo
28.1,91.9,32.252,33.60425191160656,63.7,13743,1,1,synthetic_demo
30,95,34.4,36.79148339687677,66,13790,1,1,synthetic_demo
31.9,37.1,31.9,28.920825744720318,68.3,13837,1,1,synthetic_demo
33.8,40.2,33.815999999999995,31.415155715319322,70.6,13884,1,1,synthetic_demo
35.7,43.3,35.964000000000006,34.12641143744765,72.9,13931,1,1,synthetic_demo
37.6,46.4,38.112,37.08072418243542,75.2,13978,1,1,synthetic_demo
39.5,49.5,40.26,40.30668106909595,77.5,14025,1,1,synthetic_demo
41.4,52.6,42.408,43.835494792769865,79.8,14072,1,1,synthetic_demo
43.3,55.7,44.556,47.701180568315024,82.1,14119,1,1,synthetic_demo
28.2,58.8,29.704,28.76644966620002,84.4,14166,1,1,synthetic_demo
30.1,61.9,31.852,31.38802947052316,86.7,14213,1,1,synthetic_demo
32,65,34,34.2300737497508,89,14260,1,1,synthetic_demo
33.9,68.1,36.147999999999996,37.31832188671803,91.3,14307,1,1,synthetic_demo
35.8,71.2,38.296,40.680907107889325,93.6,14354,1,1,synthetic_demo
37.7,74.3,40.444,44.3485226035899,15.9,14401,1,1,synthetic_demo
39.6,77.4,42.592,48.35459485993109,18.2,14448,1,1,synthetic_demo
41.5,80.5,44.74,52.73546425622831,20.5,14495,1,1,synthetic_demo
43.4,83.6,46.888,57.53057296932954,22.8,14542,1,1,synthetic_demo
28.3,86.7,32.036,33.09218629875322,25.1,14589,0,1,synthetic_demo
30.2,89.8,34.184,36.210409034551056,27.4,14636,1,1,synthetic_demo
32.1,92.9,36.332,39.59858038041638,29.7,14683,1,1,synthetic_demo
34,35,34,30.534642418662262,32,14730,1,1,synthetic_demo
35.9,38.1,35.9,33.142242342575194,34.3,14777,1,1,synthetic_demo
37.8,41.2,37.896,35.98368160904886,36.6,14824,1,1,synthetic_demo
39.7,44.3,40.044000000000004,39.08687519732514,38.9,14871,1,1,synthetic_demo
41.6,47.4,42.192,42.482326212738094,41.2,14918,1,1,synthetic_demo
43.5,50.5,44.34,46.20330148286132,43.5,14965,1,1,synthetic_demo
28.4,53.6,29.488,28.19248404159352,45.8,15012,1,1,synthetic_demo
30.3,56.7,31.636000000000003,30.738879506904414,48.1,15059,1,1,synthetic_demo
32.2,59.8,33.784000000000006,33.498700037199086,50.4,15106,1,1,synthetic_demo
34.1,62.9,35.932,36.497141179232315,52.7,15153,1,1,synthetic_demo
36,66,38.08,39.76175983848102,55,15200,1,1,synthetic_demo
37.9,69.1,40.227999999999994,43.32263910682643,57.3,15247,1,1,synthetic_demo
39.8,72.2,42.376,47.21256028525218,59.6,15294,1,1,synthetic_demo
41.7,75.3,44.524,51.46718215662659,61.9,15341,1,1,synthetic_demo
43.6,78.4,46.672000000000004,56.12522755129439,64.2,15388,1,1,synthetic_demo
28.5,81.5,31.82,32.56339406940968,66.5,15435,1,1,synthetic_demo
30.4,84.6,33.967999999999996,35.61096876428668,68.8,15482,1,1,synthetic_demo
32.3,87.7,36.116,38.921828500013966,71.1,15529,1,1,synthetic_demo
34.2,90.8,38.264,42.525258031708354,73.4,15576,1,1,synthetic_demo
36.1,93.9,40.412,46.45316162105003,75.7,15623,1,1,synthetic_demo
38,36,38,34.85870708343373,78,15670,1,1,synthetic_demo
39.9,39.1,39.9,37.836625214030725,80.3,15717,1,1,synthetic_demo
41.8,42.2,41.976,41.096016250394584,82.6,15764,1,1,synthetic_demo
43.7,45.3,44.124,44.669388257858785,84.9,15811,1,1,synthetic_demo
28.6,48.4,29.272000000000002,27.601115367204905,87.2,15858,1,1,synthetic_demo
30.5,51.5,31.42,30.070631030728947,89.5,15905,1,1,synthetic_demo
32.4,54.6,33.568,32.746395902557886,91.8,15952,1,1,synthetic_demo
34.3,57.7,35.715999999999994,35.653053205412625,94.1,15999,1,1,synthetic_demo
36.2,60.8,37.864000000000004,38.81757468608663,16.4,16046,1,1,synthetic_demo
38.1,63.9,40.012,42.26942414623364,18.7,16093,1,1,synthetic_demo
40,67,42.16,46.040728151891685,21,16140,1,1,synthetic_demo
41.9,70.1,44.308,50.166453978091916,23.3,16187,1,1,synthetic_demo
43.8,73.2,46.455999999999996,54.684594832595266,25.6,16234,1,1,synthetic_demo
28.7,76.3,31.604,32.017609686410005,27.9,16281,1,1,synthetic_demo
30.6,79.4,33.752,34.992875216374024,30.2,16328,1,1,synthetic_demo
32.5,82.5,35.9,38.224627986609896,32.5,16375,1,1,synthetic_demo
34.4,85.6,38.048,41.74162453030829,34.8,16422,1,1,synthetic_demo
36.3,88.7,40.196,45.575209062063394,37.1,16469,1,1,synthetic_demo
38.2,91.8,42.344,49.759487686805244,39.4,16516,1,1,synthetic_demo
40.1,94.9,44.492000000000004,54.33150990375243,41.7,16563,1,1,synthetic_demo
42,37,42,39.67610128145541,44,16610,1,1,synthetic_demo
43.9,40.1,43.908,43.09894366070577,46.3,16657,1,1,synthetic_demo
28.8,43.2,29.056,26.99207193794606,48.6,16704,1,1,synthetic_demo
30.7,46.3,31.204,29.382990104750004,50.9,16751,1,1,synthetic_demo
32.6,49.4,33.352000000000004,31.972843769428437,53.2,16798,1,1,synthetic_demo
34.5,52.5,35.5,34.78571528366332,55.5,16845,1,1,synthetic_demo
36.4,55.6,37.647999999999996,37.84798233806278,57.8,16892,1,1,synthetic_demo
38.3,58.7,39.796,41.188480191778055,60.1,16939,1,1,synthetic_demo
40.2,61.8,41.944,44.83867106497766,62.4,16986,1,1,synthetic_demo
42.1,64.9,44.092,48.832820751818225,64.7,17033,1,1,synthetic_demo
44,68,46.24,53.20818249928147,67,17080,1,1,synthetic_demo
28.9,71.1,31.387999999999998,31.454564535905707,69.3,17127,1,1,synthetic_demo
30.8,74.2,33.536,34.3558377462689,71.6,17174,1,1,synthetic_demo
32.7,77.3,35.684000000000005,37.5066647666666,73.9,17221,1,1,synthetic_demo
34.6,80.4,37.832,40.935265455792205,76.2,17268,1,1,synthetic_demo
36.5,83.5,39.98,44.67241517924302,78.5,17315,1,1,synthetic_demo
38.4,86.6,42.128,48.75161772890949,80.8,17362,1,1,synthetic_demo
40.3,89.7,44.275999999999996,53.209285520228406,83.1,17409,1,1,synthetic_demo
42.2,92.8,46.42400000000001,58.084927111354204,85.4,17456,1,1,synthetic_demo
44.1,95.9,48.572,63.42134207573237,87.7,17503,1,1,synthetic_demo
29,38,29,26.365078927968316,90,17550,1,1,synthetic_demo
30.9,41.1,30.988,28.67565947088669,92.3,17597,1,1,synthetic_demo
32.8,44.2,33.135999999999996,31.177722531976283,94.6,17644,1,1,synthetic_demo
34.7,47.3,35.284000000000006,33.89478098571046,16.9,17691,1,1,synthetic_demo
36.6,50.4,37.432,36.852609509100795,19.2,17738,1,1,synthetic_demo
38.5,53.5,39.58,40.0794055059367,21.5,17785,1,1,synthetic_demo
40.4,56.6,41.728,43.6059571784052,23.8,17832,1,1,synthetic_demo
42.3,59.7,43.876,47.46581880503214,26.1,17879,1,1,synthetic_demo
44.2,62.8,46.024,51.69549327164954,28.4,17926,1,1,synthetic_demo
29.1,65.9,31.172,30.87398690126619,30.7,17973,1,1,synthetic_demo
31,69,33.32,33.69956240735826,33,18020,1,1,synthetic_demo
32.9,72.1,35.467999999999996,36.76762125677372,35.3,18067,1,1,synthetic_demo
34.8,75.2,37.616,40.10583812208496,37.6,18114,1,1,synthetic_demo
36.7,78.3,39.764,43.74441065817356,39.9,18161,1,1,synthetic_demo
38.6,81.4,41.912,47.716231127750504,42.2,18208,1,1,synthetic_demo
40.5,84.5,44.06,52.0570652879837,44.5,18255,1,1,synthetic_demo
42.4,87.6,46.208,56.805738583556874,46.8,18302,1,1,synthetic_demo
44.3,90.7,48.355999999999995,62.004329678954306,49.1,18349,1,1,synthetic_demo
29.2,93.8,33.504,35.43421690780326,51.4,18396,1,1,synthetic_demo
31.1,35.9,31.1,27.94833852277278,53.7,18443,1,1,synthetic_demo
33,39,33,30.36070752632662,56,18490,1,1,synthetic_demo
34.9,42.1,35.068,32.97990010682905,58.3,18537,1,1,synthetic_demo
36.8,45.2,37.215999999999994,35.83107891027297,60.6,18584,1,1,synthetic_demo
38.7,48.3,39.364000000000004,38.94179411155081,62.9,18631,1,1,synthetic_demo
40.6,51.4,41.512,42.342150161487325,65.2,18678,1,1,synthetic_demo
42.5,54.5,43.66,46.06497972643256,67.5,18725,1,1,synthetic_demo
44.4,57.6,45.808,50.14602486846448,69.8,18772,1,1,synthetic_demo
29.3,60.7,30.956,30.275601936834885,72.1,18819,1,1,synthetic_demo
31.2,63.8,33.104,33.02375192357949,74.4,18866,1,1,synthetic_demo
33.1,66.9,35.252,36.00717633511473,76.7,18913,1,1,synthetic_demo
35,70,37.4,39.25299608710283,79,18960,1,1,synthetic_demo
36.9,73.1,39.548,42.790822202079774,81.3,19007,1,1,synthetic_demo
38.8,76.2,41.696,46.652926136850674,83.6,19054,1,1,synthetic_demo
40.7,79.3,43.844,50.87441735463594,85.9,19101,1,1,synthetic_demo
42.6,82.4,45.992000000000004,55.49342818857488,88.2,19148,1,1,synthetic_demo
44.5,85.5,48.14,60.55130603069915,90.5,19195,1,1,synthetic_demo
29.4,88.6,33.288,34.88316080855702,92.8,19242,1,1,synthetic_demo
31.3,91.7,35.436,38.15613109469581,15.1,19289,1,1,synthetic_demo
33.2,94.8,37.584,41.716183537623095,17.4,19336,1,1,synthetic_demo
35.1,36.9,35.1,32.04071863591995,19.7,19383,0,1,synthetic_demo
37,40,37,34.78300921792689,22,19430,1,1,synthetic_demo
38.9,43.1,39.147999999999996,37.775235759526204,24.3,19477,1,1,synthetic_demo
40.8,46.2,41.296,41.04680916545143,26.6,19524,1,1,synthetic_demo
42.7,49.3,43.444,44.629830331474736,28.9,19571,1,1,synthetic_demo
44.6,52.4,45.592,48.55926997102446,31.2,19618,1,1,synthetic_demo
29.5,55.5,30.74,29.659131641540764,33.5,19665,1,1,synthetic_demo
31.4,58.6,32.888,32.328105661892955,35.8,19712,1,1,synthetic_demo
33.3,61.7,35.035999999999994,35.22500531278489,38.1,19759,1,1,synthetic_demo
35.2,64.8,37.184000000000005,38.37638912290239,40.4,19806,1,1,synthetic_demo
37.1,67.9,39.332,41.811272500793834,42.7,19853,1,1,synthetic_demo
39,71,41.48,45.561296759954004,45,19900,1,1,synthetic_demo
40.9,74.1,43.628,49.660905372705685,47.3,19947,1,1,synthetic_demo
42.8,77.2,45.775999999999996,54.14752750077761,49.6,19994,1,1,synthetic_demo
44.7,80.3,47.924,59.06176883801898,51.9,20041,1,1,synthetic_demo
29.6,83.4,33.072,34.31444671006649,54.2,20088,1,1,synthetic_demo
31.5,86.5,35.22,37.512992132390046,56.5,20135,1,1,synthetic_demo
33.4,89.6,37.367999999999995,40.99166054017206,58.8,20182,1,1,synthetic_demo
35.3,92.7,39.516,44.781247881637796,61.1,20229,1,1,synthetic_demo
37.2,95.8,41.664,48.91527129495846,63.4,20276,1,1,synthetic_demo
39.1,37.9,39.1,36.579315896380045,65.7,20323,1,1,synthetic_demo
41,41,41.08,39.71948878978104,68,20370,1,1,synthetic_demo
42.9,44.1,43.228,43.15989262749866,70.3,20417,1,1,synthetic_demo
44.8,47.2,45.376,46.9347161870692,72.6,20464,1,1,synthetic_demo
29.7,50.3,30.524,29.024294832364966,74.9,20511,1,1,synthetic_demo
31.6,53.4,32.672000000000004,31.612319604607652,77.2,20558,1,1,synthetic_demo
33.5,56.5,34.82,34.42077990496038,79.5,20605,1,1,synthetic_demo
35.4,59.6,36.967999999999996,37.47566318567909,81.8,20652,1,1,synthetic_demo
37.3,62.7,39.116,40.80538019957021,84.1,20699,1,1,synthetic_demo
39.2,65.8,41.264,44.44093271864647,86.4,20746,1,1,synthetic_demo
41.1,68.9,43.412,48.41608846603221,88.7,20793,1,1,synthetic_demo
43,72,45.56,52.767563310319076,91,20840,1,1,synthetic_demo
44.9,75.1,47.708,57.53521075914872,93.3,20887,1,1,synthetic_demo
29.8,78.2,32.856,33.727796617827806,15.6,20934,0,1,synthetic_demo
31.7,81.3,35.004,36.85017950510622,17.9,20981,1,1,synthetic_demo
33.6,84.4,37.152,40.24558716821137,20.2,21028,1,1,synthetic_demo
35.5,87.5,39.3,43.94426916419903,22.5,21075,1,1,synthetic_demo
37.4,90.6,41.448,47.979163677204895,24.8,21122,1,1,synthetic_demo
39.3,93.7,43.596,52.38607598422328,27.1,21169,1,1,synthetic_demo
41.2,35.8,41.2,38.35973904840267,29.4,21216,1,1,synthetic_demo
43.1,38.9,43.1,41.65468377870171,31.7,21263,1,1,synthetic_demo
28,42,28.16,26.05515305881058,34,21310,0,1,synthetic_demo
29.9,45.1,30.308,28.370807117662277,36.3,21357,0,1,synthetic_demo
31.8,48.2,32.456,30.876086321559608,38.6,21404,1,1,synthetic_demo
33.7,51.3,34.604,33.594168201918336,40.9,21451,1,1,synthetic_demo
35.6,54.4,36.752,36.55046038561493,43.2,21498,1,1,synthetic_demo
37.5,57.5,38.9,39.772759867748675,45.5,21545,1,1,synthetic_demo
39.4,60.6,41.048,43.29141941982288,47.8,21592,1,1,synthetic_demo
41.3,63.7,43.196,47.139521196034636,50.1,21639,1,1,synthetic_demo
43.2,66.8,45.344,51.353057588185145,52.4,21686,1,1,synthetic_demo
28.1,69.9,30.492,30.31704688380086,54.7,21733,1,1,synthetic_demo
30,73,32.64,33.12292934707373,57,21780,1,1,synthetic_demo
31.9,76.1,34.788,36.16738919604356,59.3,21827,1,1,synthetic_demo
33.8,79.2,36.936,39.47763514062911,61.6,21874,1,1,synthetic_demo
35.7,82.3,39.084,43.08336169288549,63.9,21921,1,1,synthetic_demo
37.6,85.4,41.232,47.01691907715485,66.2,21968,1,1,synthetic_demo
39.5,88.5,43.38,51.31349039626246,68.5,22015,1,1,synthetic_demo
41.4,91.6,45.528,56.01127610299847,70.8,22062,1,1,synthetic_demo
43.3,94.7,47.675999999999995,61.151685813634344,73.1,22109,1,1,synthetic_demo
28.2,36.8,28.2,25.46007053939049,75.4,22156,1,1,synthetic_demo
30.1,39.9,30.1,27.698380870337225,77.7,22203,1,1,synthetic_demo
32,43,32.24,30.119094942142837,80,22250,1,1,synthetic_demo
33.9,46.1,34.388,32.74483463990751,82.3,22297,1,1,synthetic_demo
35.8,49.2,36.535999999999994,35.60041895657521,84.6,22344,1,1,synthetic_demo
37.7,52.3,38.684000000000005,38.713021967264496,86.9,22391,1,1,synthetic_demo
39.6,55.4,40.832,42.11233792299977,89.2,22438,1,1,synthetic_demo
41.5,58.5,42.98,45.83075352781809,91.5,22485,1,1,synthetic_demo
43.4,61.6,45.128,49.903527451084926,93.8,22532,1,1,synthetic_demo
28.3,64.7,30.276,29.766535796186087,16.1,22579,0,1,synthetic_demo
30.2,67.8,32.424,32.49956049601961,18.4,22626,1,1,synthetic_demo
32.1,70.9,34.572,35.46431376718537,20.7,22673,1,1,synthetic_demo
34,74,36.72,38.687472542314495,23,22720,1,1,synthetic_demo
35.9,77.1,38.867999999999995,42.19816757513249,25.3,22767,1,1,synthetic_demo
37.8,80.2,41.016,46.02815206421648,27.6,22814,1,1,synthetic_demo
39.7,83.3,43.164,50.21197751551207,29.9,22861,1,1,synthetic_demo
41.6,86.4,45.312000000000005,54.78717689410489,32.2,22908,1,1,synthetic_demo
43.5,89.5,47.46,59.79445510328888,34.5,22955,1,1,synthetic_demo
28.4,92.6,32.608,34.12229145991715,36.8,23002,1,1,synthetic_demo
30.3,95.7,34.756,37.354971231230195,39.1,23049,1,1,synthetic_demo
32.2,37.8,32.2,29.341031127192736,41.4,23096,1,1,synthetic_demo
34.1,40.9,34.172000000000004,31.872439971869664,43.7,23143,1,1,synthetic_demo
36,44,36.32,34.62517322565401,46,23190,1,1,synthetic_demo
37.9,47.1,38.467999999999996,37.625772821006144,48.3,23237,1,1,synthetic_demo
39.8,50.2,40.616,40.90326490747451,50.6,23284,1,1,synthetic_demo
41.7,53.3,42.764,44.48933079612479,52.9,23331,1,1,synthetic_demo
43.6,56.4,44.912,48.418485126186255,55.2,23378,1,1,synthetic_demo
28.5,59.5,30.06,29.198907326746948,57.5,23425,1,1,synthetic_demo
30.4,62.6,32.208,31.857402418963904,59.8,23472,1,1,synthetic_demo
32.3,65.7,34.355999999999995,34.74064233125333,62.1,23519,1,1,synthetic_demo
34.2,68.8,36.504000000000005,37.87476379495082,64.4,23566,1,1,synthetic_demo
36.1,71.9,38.652,41.28832503251861,66.7,23613,1,1,synthetic_demo
38,75,40.8,45.012473090486935,69,23660,1,1,synthetic_demo
39.9,78.1,42.948,49.081118394265985,71.3,23707,1,1,synthetic_demo
41.8,81.2,45.096,53.53111657658863,73.6,23754,1,1,synthetic_demo
43.7,84.3,47.244,58.40245761892927,75.9,23801,1,1,synthetic_demo
28.6,87.4,32.392,33.6001174192915,78.2,23848,1,1,synthetic_demo
30.5,90.5,34.54,36.76282734526154,80.5,23895,1,1,synthetic_demo
32.4,93.6,36.687999999999995,40.20039297581353,82.8,23942,1,1,synthetic_demo
34.3,35.7,34.3,30.976641238010934,85.1,23989,1,1,synthetic_demo
36.2,38.8,36.2,33.624353582568446,87.4,24036,1,1,synthetic_demo
38.1,41.9,38.252,36.51061458102018,89.7,24083,1,1,synthetic_demo
40,45,40.4,39.66377263933023,92,24130,1,1,synthetic_demo
41.9,48.1,42.548,43.114793671130116,94.3,24177,1,1,synthetic_demo
43.8,51.2,44.696,46.89743791569505,16.6,24224,1,1,synthetic_demo
28.7,54.3,29.843999999999998,28.613892607759677,18.9,24271,0,0,synthetic_demo
30.6,57.4,31.992,31.196164199242684,21.2,24318,0,1,synthetic_demo
32.5,60.5,34.14,33.996060523513925,23.5,24365,1,1,synthetic_demo
34.4,63.6,36.288,37.039169627658964,25.8,24412,1,1,synthetic_demo
36.3,66.7,38.436,40.35346837023256,28.1,24459,1,1,synthetic_demo
38.2,69.8,40.584,43.96948845903057,30.4,24506,1,1,synthetic_demo
40.1,72.9,42.732,47.92048969424185,32.7,24553,1,1,synthetic_demo
42,76,44.88,52.242640470016525,35,24600,1,1,synthetic_demo
43.9,79.1,47.028,56.97520557510789,37.3,24647,1,1,synthetic_demo
28.8,82.2,32.176,33.06097021525848,39.6,24694,1,1,synthetic_demo
30.7,85.3,34.324,36.15205088412905,41.9,24741,1,1,synthetic_demo
32.6,88.4,36.472,39.511246745292986,44.2,24788,1,1,synthetic_demo
34.5,91.5,38.62,43.168275208670366,46.5,24835,1,1,synthetic_demo
36.4,94.6,40.768,47.155502323394586,48.8,24882,1,1,synthetic_demo
38.3,36.7,38.3,35.36714519656311,51.1,24929,1,1,synthetic_demo
40.2,39.8,40.2,38.39342893828658,53.4,24976,1,1,synthetic_demo
42.1,42.9,42.332,41.70667812408323,55.7,25023,1,1,synthetic_demo
44,46,44.48,45.339888161278644,58,25070,1,1,synthetic_demo
28.9,49.1,29.628,28.01121967247497,60.3,25117,1,1,synthetic_demo
30.8,52.2,31.776,30.51555162203823,62.6,25164,1,1,synthetic_demo
32.7,55.3,33.924,33.23025047343678,64.9,25211,1,1,synthetic_demo
34.6,58.4,36.072,36.18034704749085,67.2,25258,1,1,synthetic_demo
36.5,61.5,38.22,39.39322794638856,69.5,25305,1,1,synthetic_demo
38.4,64.6,40.367999999999995,42.89880029200407,71.8,25352,1,1,synthetic_demo
40.3,67.7,42.516,46.72966365350572,74.1,25399,1,1,synthetic_demo
42.2,70.8,44.664,50.92128921857627,76.4,25446,1,1,synthetic_demo
44.1,73.9,46.812000000000005,55.51220625022546,78.7,25493,1,1,synthetic_demo
29,77,31.96,32.50458098562,81,25540,1,1,synthetic_demo
30.9,80.1,34.108,35.522350939611286,83.3,25587,1,1,synthetic_demo
32.8,83.2,36.256,38.801360060190646,85.6,25634,1,1,synthetic_demo
34.7,86.3,38.404,42.37079279211021,87.9,25681,1,1,synthetic_demo
36.6,89.4,40.552,46.26245020066689,90.2,25728,1,1,synthetic_demo
38.5,92.5,42.7,50.51092540746065,92.5,25775,1,1,synthetic_demo
40.4,95.6,44.848,55.15378632960312,94.8,25822,1,1,synthetic_demo
42.3,37.7,42.3,40.26451539279249,17.1,25869,1,1,synthetic_demo
44.2,40.8,44.264,43.74533320833282,19.4,25916,1,1,synthetic_demo
29.1,43.9,29.412000000000003,27.39061342891632,21.7,25963,1,1,synthetic_demo
31,47,31.56,29.815267147041137,24,26010,1,1,synthetic_demo
32.9,50.1,33.708,32.44289077620476,26.3,26057,1,1,synthetic_demo
34.8,53.2,35.855999999999995,35.297949309772875,28.6,26104,1,1,synthetic_demo
36.7,56.3,38.004000000000005,38.40723014118993,30.9,26151,1,1,synthetic_demo
38.6,59.4,40.152,41.80000649862875,33.2,26198,1,1,synthetic_demo
40.5,62.5,42.3,45.50820805324238,35.5,26245,1,1,synthetic_demo
42.4,65.6,44.448,49.566598756636196,37.8,26292,1,1,synthetic_demo
44.3,68.7,46.596,54.01296195087278,40.1,26339,1,1,synthetic_demo
29.2,71.8,31.744,31.930677760983734,42.4,26386,1,1,synthetic_demo
31.1,74.9,33.892,34.873433296815634,44.7,26433,1,1,synthetic_demo
33,78,36.04,38.07041505265324,47,26480,1,1,synthetic_demo
34.9,81.1,38.187999999999995,41.55026600151629,49.3,26527,1,1,synthetic_demo
36.8,84.2,40.336,45.34421336825187,51.6,26574,1,1,synthetic_demo
38.7,87.3,42.484,49.48624277305147,53.9,26621,1,1,synthetic_demo
40.6,90.4,44.632000000000005,54.01327966144852,56.2,26668,1,1,synthetic_demo
42.5,93.5,46.78,58.965378062778804,58.5,26715,1,1,synthetic_demo
44.4,35.6,44.4,42.11326537009263,60.8,26762,1,1,synthetic_demo
29.3,38.7,29.3,26.751795633533938,63.1,26809,1,1,synthetic_demo
31.2,41.8,31.343999999999998,29.095009880965872,65.4,26856,1,1,synthetic_demo
33.1,44.9,33.492000000000004,31.63365646407551,67.7,26903,1,1,synthetic_demo
35,48,35.64,34.39162588829908,70,26950,1,1,synthetic_demo
36.9,51.1,37.788,37.39509732594085,72.3,26997,1,1,synthetic_demo
38.8,54.2,39.936,40.67270074300927,74.6,27044,1,1,synthetic_demo
40.7,57.3,42.084,44.25568618437124,76.9,27091,1,1,synthetic_demo
42.6,60.4,44.232,48.17810027414955,79.2,27138,1,1,synthetic_demo
44.5,63.5,46.38,52.47696997601632,81.5,27185,1,1,synthetic_demo
29.4,66.6,31.528,31.338985438486436,83.8,27232,1,1,synthetic_demo
31.3,69.7,33.676,34.20500040676443,86.1,27279,1,1,synthetic_demo
33.2,72.8,35.824000000000005,37.318090311592414,88.4,27326,1,1,synthetic_demo
35.1,75.9,37.972,40.70634808851828,90.7,27373,1,1,synthetic_demo
37,79,40.12,44.40041820540561,93,27420,1,1,synthetic_demo
38.9,82.1,42.268,48.43366950944551,15.3,27467,1,1,synthetic_demo
40.8,85.2,44.416,52.84237534407926,17.6,27514,1,1,synthetic_demo
42.7,88.3,46.564,57.66590097909168,19.9,27561,1,1,synthetic_demo
44.6,91.4,48.712,62.9468983845732,22.2,27608,1,1,synthetic_demo
29.5,94.5,33.86,35.9782782004613,24.5,27655,1,1,synthetic_demo
31.4,36.6,31.4,28.354475549919492,26.8,27702,0,1,synthetic_demo
33.3,39.7,33.3,30.802218977594165,29.1,27749,1,1,synthetic_demo
35.2,42.8,35.424,33.4610224453738,31.4,27796,1,1,synthetic_demo
37.1,45.9,37.572,36.35644783190628,33.7,27843,1,1,synthetic_demo
39,49,39.72,39.51647241179924,36,27890,1,1,synthetic_demo
40.9,52.1,41.868,42.97165681400764,38.3,27937,1,1,synthetic_demo
42.8,55.2,44.016,46.75532018190316,40.6,27984,1,1,synthetic_demo
44.7,58.3,46.164,50.90372258102748,42.9,28031,1,1,synthetic_demo
29.6,61.4,31.312,30.729225755372692,45.2,28078,1,1,synthetic_demo
31.5,64.5,33.46,33.5167513588342,47.5,28125,1,1,synthetic_demo
33.4,67.6,35.608,36.54406085396911,49.8,28172,1,1,synthetic_demo
35.3,70.7,37.756,39.838688513827314,52.1,28219,1,1,synthetic_demo
37.2,73.8,39.904,43.43068707273418,54.4,28266,1,1,synthetic_demo
39.1,76.9,42.052,47.35279927260226,56.7,28313,1,1,synthetic_demo
41,80,44.2,51.6406366629874,59,28360,1,1,synthetic_demo
42.9,83.1,46.348,56.332865699436255,61.3,28407,1,1,synthetic_demo
44.8,86.2,48.495999999999995,61.47140117214757,63.6,28454,1,1,synthetic_demo
29.7,89.3,33.644,35.416569155669805,65.9,28501,1,1,synthetic_demo
31.6,92.4,35.792,38.73684515853459,68.2,28548,1,1,synthetic_demo
33.5,95.5,37.94,42.349362494225076,70.5,28595,1,1,synthetic_demo
35.4,37.6,35.4,32.50578080170359,72.8,28642,1,1,synthetic_demo
37.3,40.7,37.355999999999995,35.290895919019256,75.1,28689,1,1,synthetic_demo
39.2,43.8,39.504000000000005,38.330906581713,77.4,28736,1,1,synthetic_demo
41.1,46.9,41.652,41.65567415176938,79.7,28783,1,1,synthetic_demo
43,50,43.8,45.297780076610465,82,28830,1,1,synthetic_demo
44.9,53.1,45.948,49.292706941555224,84.3,28877,1,1,synthetic_demo
29.8,56.2,31.096,30.101117262428684,86.6,28924,1,1,synthetic_demo
31.7,59.3,33.244,32.808381853047955,88.9,28971,1,1,synthetic_demo
33.6,62.4,35.392,35.74799809592879,91.2,29018,1,1,synthetic_demo
35.5,65.5,37.54,38.94693291720041,93.5,29065,1,1,synthetic_demo
37.4,68.6,39.687999999999995,42.43463828097413,15.8,29112,1,1,synthetic_demo
39.3,71.7,41.836,46.24322143083041,18.1,29159,1,1,synthetic_demo
41.2,74.8,43.984,50.40762236928826,20.4,29206,1,1,synthetic_demo
43.1,77.9,46.132000000000005,54.965798621101875,22.7,29253,1,1,synthetic_demo
28,81,31.28,31.84865232770612,25,29300,1,1,synthetic_demo
29.9,84.1,33.428,34.836944093024336,27.3,29347,1,1,synthetic_demo
31.8,87.2,35.576,38.08177027468874,29.6,29394,1,1,synthetic_demo
33.7,90.3,37.724000000000004,41.611798998698355,31.9,29441,1,1,synthetic_demo
35.6,93.4,39.872,45.45827573559623,34.2,29488,1,1,synthetic_demo
37.5,35.5,37.5,34.19805174443614,36.5,29535,1,1,synthetic_demo
39.4,38.6,39.4,37.11558398688388,38.8,29582,1,1,synthetic_demo
41.3,41.7,41.436,40.30728781592849,41.1,29629,1,1,synthetic_demo
43.2,44.8,43.584,43.80499670584872,43.4,29676,1,1,synthetic_demo
28.1,47.9,28.732000000000003,27.02984185599515,45.7,29723,0,1,synthetic_demo
30,51,30.88,29.45437529727069,48,29770,1,1,synthetic_demo
31.9,54.1,33.028,32.079584172220194,50.3,29817,1,1,synthetic_demo
33.8,57.2,35.175999999999995,34.92956982378769,52.6,29864,1,1,synthetic_demo
35.7,60.3,37.324000000000005,38.03072308725389,54.9,29911,1,1,synthetic_demo
37.6,63.4,39.472,41.41188605962081,57.2,29958,1,1,synthetic_demo
39.5,66.5,41.62,45.104521032219814,59.5,30005,1,1,synthetic_demo
41.4,69.6,43.768,49.14288664594644,61.8,30052,1,1,synthetic_demo
43.3,72.7,45.916,53.564221316274725,64.1,30099,1,1,synthetic_demo
28.2,75.8,31.064,31.32137899146193,66.4,30146,1,1,synthetic_demo
30.1,78.9,33.212,34.23912157066684,68.7,30193,1,1,synthetic_demo
32,82,35.36,37.40673919199331,71,30240,1,1,synthetic_demo
33.9,85.1,37.507999999999996,40.852380213798895,73.3,30287,1,1,synthetic_demo
35.8,88.2,39.656,44.606738861177504,75.6,30334,1,1,synthetic_demo
37.7,91.3,41.804,48.70322764075044,77.9,30381,1,1,synthetic_demo
39.6,94.4,43.952,53.17815703846893,80.2,30428,1,1,synthetic_demo
41.5,36.5,41.5,38.92604279940786,82.5,30475,1,1,synthetic_demo
43.4,39.6,43.4,42.27648193284031,84.8,30522,1,1,synthetic_demo
28.3,42.7,28.516000000000002,26.440885293618948,87.1,30569,1,1,synthetic_demo
30.2,45.8,30.663999999999998,28.78871195748818,89.4,30616,1,1,synthetic_demo
32.1,48.9,32.812000000000005,31.330047153954368,91.7,30663,1,1,synthetic_demo
34,52,34.96,34.088440164869645,94,30710,1,1,synthetic_demo
35.9,55.1,37.108,37.089696931125815,16.3,30757,1,1,synthetic_demo
37.8,58.2,39.256,40.362040525403984,18.6,30804,1,1,synthetic_demo
39.7,61.3,41.404,43.93627877191945,20.9,30851,1,1,synthetic_demo
41.6,64.4,43.552,47.84597907384669,23.2,30898,1,1,synthetic_demo
43.5,67.5,45.7,52.12765049689385,25.5,30945,1,1,synthetic_demo
28.4,70.6,30.848,30.777271890606386,27.8,30992,1,1,synthetic_demo
30.3,73.7,32.996,33.62281692520026,30.1,31039,1,1,synthetic_demo
32.2,76.8,35.144000000000005,36.71144419493127,32.4,31086,1,1,synthetic_demo
34.1,79.9,37.292,40.07077393037619,34.7,31133,1,1,synthetic_demo
36,83,39.44,43.730940402938245,37,31180,1,1,synthetic_demo
37.9,86.1,41.588,47.72476305496028,39.3,31227,1,1,synthetic_demo
39.8,89.2,43.736,52.08792489535311,41.6,31274,1,1,synthetic_demo
41.7,92.3,45.884,56.85915820792343,43.9,31321,1,1,synthetic_demo
43.6,95.4,48.032000000000004,62.08043760705975,46.2,31368,1,1,synthetic_demo
28.5,37.5,28.5,25.83442058408421,48.5,31415,1,1,synthetic_demo
30.4,40.6,30.448,28.103836073641126,50.8,31462,1,1,synthetic_demo
32.3,43.7,32.596,30.559456162492708,53.1,31509,1,1,synthetic_demo
34.2,46.8,34.744,33.22426955819329,55.4,31556,1,1,synthetic_demo
36.1,49.9,36.892,36.12348844398718,57.7,31603,1,1,synthetic_demo
38,53,39.04,39.28470765061077,60,31650,1,1,synthetic_demo
39.9,56.1,41.187999999999995,42.738070959261485,62.3,31697,1,1,synthetic_demo
41.8,59.2,43.336,46.516444597709935,64.6,31744,1,1,synthetic_demo
43.7,62.3,45.484,50.65559797935104,66.9,31791,1,1,synthetic_demo
28.6,65.4,30.632,30.21606497965291,69.2,31838,1,1,synthetic_demo
30.5,68.5,32.78,32.98774224475597,71.5,31885,1,1,synthetic_demo
32.4,71.6,34.928,35.995574113977014,73.8,31932,1,1,synthetic_demo
34.3,74.7,37.076,39.26664427113212,76.1,31979,1,1,synthetic_demo
36.2,77.8,39.224000000000004,42.83051826607796,78.4,32026,1,1,synthetic_demo
38.1,80.9,41.372,46.71941335571677,80.7,32073,1,1,synthetic_demo
40,84,43.52,50.96837559341643,83,32120,1,1,synthetic_demo
41.9,87.1,45.668,55.61546421528968,85.3,32167,1,1,synthetic_demo
43.8,90.2,47.815999999999995,60.701943359290894,87.6,32214,1,1,synthetic_demo
28.7,93.3,32.964,34.64775470173072,89.9,32261,1,1,synthetic_demo
30.6,35.4,30.6,27.399453182111344,92.2,32308,1,1,synthetic_demo
32.5,38.5,32.5,29.76749306041795,94.5,32355,1,1,synthetic_demo
34.4,41.6,34.528,32.336714725009635,16.8,32402,1,1,synthetic_demo
36.3,44.7,36.675999999999995,35.13172767840173,19.1,32449,1,1,synthetic_demo
38.2,47.8,38.824000000000005,38.17948923125589,21.4,32496,1,1,synthetic_demo
40.1,50.9,40.972,41.509469484731284,23.7,32543,1,1,synthetic_demo
42,54,43.12,45.15382349185384,26,32590,1,1,synthetic_demo
43.9,57.1,45.268,49.147570649034904,28.3,32637,1,1,synthetic_demo
28.8,60.2,30.416,29.63748913574891,30.6,32684,1,1,synthetic_demo
30.7,63.3,32.564,32.33360634191523,32.9,32731,1,1,synthetic_demo
32.6,66.4,34.712,35.25881429736939,35.2,32778,1,1,synthetic_demo
34.5,69.5,36.86,38.43965166123049,37.5,32825,1,1,synthetic_demo
36.4,72.6,39.007999999999996,41.90510643423305,39.8,32872,1,1,synthetic_demo
38.3,75.7,41.156,45.686784506262335,42.1,32919,1,1,synthetic_demo
40.2,78.8,43.304,49.81908543560259,44.4,32966,1,1,synthetic_demo
42.1,81.9,45.452,54.33938550961345,46.7,33013,1,1,synthetic_demo
44,85,47.6,59.288228124101835,49,33060,1,1,synthetic_demo
28.9,88.1,32.748,34.115331021284,51.3,33107,1,1,synthetic_demo
30.8,91.2,34.896,37.323331569538055,53.6,33154,1,1,synthetic_demo
32.7,94.3,37.044000000000004,40.81116672052601,55.9,33201,1,1,synthetic_demo
34.6,36.4,34.6,31.425428639189505,58.2,33248,1,1,synthetic_demo
36.5,39.5,36.5,34.114040713534116,60.5,33295,1,1,synthetic_demo
38.4,42.6,38.608,37.04598285509866,62.8,33342,1,1,synthetic_demo
40.3,45.7,40.756,40.25004178678303,65.1,33389,1,1,synthetic_demo
42.2,48.8,42.904,43.757651325798335,67.4,33436,1,1,synthetic_demo
44.1,51.9,45.052,47.60307042471855,69.7,33483,1,1,synthetic_demo
29,55,30.2,29.041272132585718,72,33530,1,1,synthetic_demo
30.9,58.1,32.348,31.66011472648459,74.3,33577,1,1,synthetic_demo
32.8,61.2,34.495999999999995,34.500846582736386,76.6,33624,1,1,synthetic_demo
34.7,64.3,36.644000000000005,37.589452798756504,78.9,33671,1,1,synthetic_demo
36.6,67.4,38.792,40.95433493875781,81.2,33718,1,1,synthetic_demo
38.5,70.5,40.94,44.62647828352406,83.5,33765,1,1,synthetic_demo
40.4,73.6,43.088,48.63962629559404,85.8,33812,1,1,synthetic_demo
42.3,76.7,45.236,53.03046235085368,88.1,33859,1,1,synthetic_demo
44.2,79.8,47.384,57.83879877512155,90.4,33906,1,1,synthetic_demo
29.1,82.9,32.532000000000004,33.56568458444563,92.7,33953,1,1,synthetic_demo
