{
  "type": "FeatureCollection",
  "name": "pune-15-wards",
  "crs": {
    "type": "name",
    "properties": {
      "name": "urn:ogc:def:crs:OGC:1.3:CRS84"
    }
  },
  "features": [
    {
      "type": "Feature",
      "id": "pun-001",
      "geometry": {
        "type": "Polygon",
        "coordinates": [
          [
            [
              73.824755,
              18.537127
            ],
            [
              73.824915,
              18.537249
            ],
            [
              73.825155,
              18.537465
            ],
            [
              73.825414,
              18.537732
            ],
            [
              73.825615,
              18.537918
            ],
            [
              73.825782,
              18.538064
            ],
            [
              73.826062,
              18.538373
            ],
            [
              73.826376,
              18.538657
            ],
            [
              73.826594,
              18.538901
            ],
            [
              73.826835,
              18.539202
            ],
            [
              73.82702,
              18.539412
            ],
            [
              73.827097,
              18.539609
            ],
            [
              73.827187,
              18.539803
            ],
            [
              73.827334,
              18.540017
            ],
            [
              73.827381,
              18.540085
            ],
            [
              73.827443,
              18.54029
            ],
            [
              73.827567,
              18.540466
            ],
            [
              73.82766,
              18.540617
            ],
            [
              73.827802,
              18.540788
            ],
            [
              73.828014,
              18.540992
            ],
            [
              73.828297,
              18.541202
            ],
            [
              73.828936,
              18.541642
            ],
            [
              73.829056,
              18.541722
            ],
            [
              73.829162,
              18.541798
            ],
            [
              73.829549,
              18.542149
            ],
            [
              73.830008,
              18.54245
            ],
            [
              73.830053,
              18.54247
            ],
            [
              73.830602,
              18.542688
            ],
            [
              73.830711,
              18.54273
            ],
            [
              73.831084,
              18.542828
            ],
            [
              73.831312,
              18.542888
            ],
            [
              73.831624,
              18.543014
            ],
            [
              73.831896,
              18.543124
            ],
            [
              73.832231,
              18.543583
            ],
            [
              73.832393,
              18.543806
            ],
            [
              73.832799,
              18.5442
            ],
            [
              73.833278,
              18.544666
            ],
            [
              73.833518,
              18.545276
            ],
            [
              73.833371,
              18.546143
            ],
            [
              73.833801,
              18.547437
            ],
            [
              73.833895,
              18.547721
            ],
            [
              73.834131,
              18.54915
            ],
            [
              73.834245,
              18.549859
            ],
            [
              73.834838,
              18.550177
            ],
            [
              73.834703,
              18.551399
            ],
            [
              73.834706,
              18.551558
            ],
            [
              73.834481,
              18.552059
            ],
            [
              73.834367,
              18.552413
            ],
            [
              73.834365,
              18.552441
            ],
            [
              73.834206,
              18.553465
            ],
            [
              73.834137,
              18.553947
            ],
            [
              73.834185,
              18.554499
            ],
            [
              73.834142,
              18.554717
            ],
            [
              73.834133,
              18.554749
            ],
            [
              73.833997,
              18.555002
            ],
            [
              73.833881,
              18.555395
            ],
            [
              73.833771,
              18.555604
            ],
            [
              73.833646,
              18.555731
            ],
            [
              73.833592,
              18.555787
            ],
            [
              73.833439,
              18.555963
            ],
            [
              73.833279,
              18.556148
            ],
            [
              73.833188,
              18.556281
            ],
            [
              73.833109,
              18.556396
            ],
            [
              73.833022,
              18.556522
            ],
            [
              73.832959,
              18.556777
            ],
            [
              73.832939,
              18.556858
            ],
            [
              73.832937,
              18.557176
            ],
            [
              73.832798,
              18.557517
            ],
            [
              73.832597,
              18.558005
            ],
            [
              73.832435,
              18.558401
            ],
            [
              73.832979,
              18.558702
            ],
            [
              73.833595,
              18.559046
            ],
            [
              73.834158,
              18.559359
            ],
            [
              73.834875,
              18.559758
            ],
            [
              73.83557,
              18.560145
            ],
            [
              73.836321,
              18.560562
            ],
            [
              73.83643,
              18.560622
            ],
            [
              73.836647,
              18.560735
            ],
            [
              73.836863,
              18.560846
            ],
            [
              73.837068,
              18.560953
            ],
            [
              73.837719,
              18.561291
            ],
            [
              73.838064,
              18.56147
            ],
            [
              73.838228,
              18.561556
            ],
            [
              73.838321,
              18.561604
            ],
            [
              73.83836,
              18.561627
            ],
            [
              73.83846,
              18.561688
            ],
            [
              73.838598,
              18.561773
            ],
            [
              73.838801,
              18.561893
            ],
            [
              73.838855,
              18.561924
            ],
            [
              73.838877,
              18.561937
            ],
            [
              73.838902,
              18.561956
            ],
            [
              73.83894,
              18.561985
            ],
            [
              73.838989,
              18.562022
            ],
            [
              73.838923,
              18.562194
            ],
            [
              73.838889,
              18.562281
            ],
            [
              73.838841,
              18.562493
            ],
            [
              73.838649,
              18.562822
            ],
            [
              73.838599,
              18.562908
            ],
            [
              73.83853,
              18.563203
            ],
            [
              73.83862,
              18.563511
            ],
            [
              73.83896,
              18.563752
            ],
            [
              73.839066,
              18.563827
            ],
            [
              73.839109,
              18.563858
            ],
            [
              73.839149,
              18.56389
            ],
            [
              73.839231,
              18.563955
            ],
            [
              73.839279,
              18.563994
            ],
            [
              73.839377,
              18.56407
            ],
            [
              73.839459,
              18.564136
            ],
            [
              73.839549,
              18.564206
            ],
            [
              73.839629,
              18.5643
            ],
            [
              73.839784,
              18.564479
            ],
            [
              73.839942,
              18.564725
            ],
            [
              73.839982,
              18.564787
            ],
            [
              73.840027,
              18.564858
            ],
            [
              73.840054,
              18.564899
            ],
            [
              73.840182,
              18.564995
            ],
            [
              73.840304,
              18.565088
            ],
            [
              73.840492,
              18.565201
            ],
            [
              73.840609,
              18.565275
            ],
            [
              73.840728,
              18.565348
            ],
            [
              73.840945,
              18.565424
            ],
            [
              73.841099,
              18.565476
            ],
            [
              73.841181,
              18.565532
            ],
            [
              73.841258,
              18.565682
            ],
            [
              73.841272,
              18.566115
            ],
            [
              73.841287,
              18.566575
            ],
            [
              73.841292,
              18.566746
            ],
            [
              73.841684,
              18.566765
            ],
            [
              73.842106,
              18.566786
            ],
            [
              73.8422,
              18.566792
            ],
            [
              73.84252,
              18.566822
            ],
            [
              73.842846,
              18.566851
            ],
            [
              73.843017,
              18.566882
            ],
            [
              73.843228,
              18.566938
            ],
            [
              73.84346,
              18.5671
            ],
            [
              73.843538,
              18.567251
            ],
            [
              73.84357,
              18.567388
            ],
            [
              73.843589,
              18.567904
            ],
            [
              73.843594,
              18.568016
            ],
            [
              73.843607,
              18.568202
            ],
            [
              73.843653,
              18.568822
            ],
            [
              73.843674,
              18.569026
            ],
            [
              73.843695,
              18.569231
            ],
            [
              73.843708,
              18.56935
            ],
            [
              73.843714,
              18.569409
            ],
            [
              73.843737,
              18.56962
            ],
            [
              73.843769,
              18.569965
            ],
            [
              73.843788,
              18.570192
            ],
            [
              73.843842,
              18.570778
            ],
            [
              73.843855,
              18.570926
            ],
            [
              73.843941,
              18.571346
            ],
            [
              73.843983,
              18.57156
            ],
            [
              73.844025,
              18.571765
            ],
            [
              73.844034,
              18.571799
            ],
            [
              73.844039,
              18.57184
            ],
            [
              73.844049,
              18.571904
            ],
            [
              73.844057,
              18.571965
            ],
            [
              73.844076,
              18.572092
            ],
            [
              73.844097,
              18.572248
            ],
            [
              73.844112,
              18.572346
            ],
            [
              73.844126,
              18.572435
            ],
            [
              73.844154,
              18.572634
            ],
            [
              73.844173,
              18.572775
            ],
            [
              73.843468,
              18.573005
            ],
            [
              73.84315,
              18.573109
            ],
            [
              73.843091,
              18.57313
            ],
            [
              73.842999,
              18.573166
            ],
            [
              73.842634,
              18.573314
            ],
            [
              73.842283,
              18.573456
            ],
            [
              73.842107,
              18.573526
            ],
            [
              73.842031,
              18.573557
            ],
            [
              73.841968,
              18.573582
            ],
            [
              73.841931,
              18.573599
            ],
            [
              73.84186,
              18.573633
            ],
            [
              73.841795,
              18.573663
            ],
            [
              73.841744,
              18.573685
            ],
            [
              73.84169,
              18.573711
            ],
            [
              73.841545,
              18.573778
            ],
            [
              73.841412,
              18.573839
            ],
            [
              73.841267,
              18.573906
            ],
            [
              73.841071,
              18.573995
            ],
            [
              73.840918,
              18.574065
            ],
            [
              73.840763,
              18.574137
            ],
            [
              73.840664,
              18.574182
            ],
            [
              73.840568,
              18.574226
            ],
            [
              73.840436,
              18.574287
            ],
            [
              73.84029,
              18.574354
            ],
            [
              73.83997,
              18.574459
            ],
            [
              73.83971,
              18.574546
            ],
            [
              73.839355,
              18.574663
            ],
            [
              73.8389,
              18.574813
            ],
            [
              73.838747,
              18.574865
            ],
            [
              73.838594,
              18.574915
            ],
            [
              73.838505,
              18.574945
            ],
            [
              73.838396,
              18.574982
            ],
            [
              73.838221,
              18.575039
            ],
            [
              73.838021,
              18.575106
            ],
            [
              73.837912,
              18.575143
            ],
            [
              73.83777,
              18.575189
            ],
            [
              73.83771,
              18.575209
            ],
            [
              73.837467,
              18.575224
            ],
            [
              73.837,
              18.575252
            ],
            [
              73.836547,
              18.575279
            ],
            [
              73.836352,
              18.575291
            ],
            [
              73.836123,
              18.575212
            ],
            [
              73.835944,
              18.575149
            ],
            [
              73.835582,
              18.575024
            ],
            [
              73.835274,
              18.574916
            ],
            [
              73.835191,
              18.574887
            ],
            [
              73.834979,
              18.574813
            ],
            [
              73.834834,
              18.574743
            ],
            [
              73.83466,
              18.57466
            ],
            [
              73.834465,
              18.574565
            ],
            [
              73.83428,
              18.574476
            ],
            [
              73.834175,
              18.574426
            ],
            [
              73.834096,
              18.574388
            ],
            [
              73.833973,
              18.574329
            ],
            [
              73.833706,
              18.574201
            ],
            [
              73.833482,
              18.574093
            ],
            [
              73.833309,
              18.573982
            ],
            [
              73.833155,
              18.573884
            ],
            [
              73.833039,
              18.573811
            ],
            [
              73.832927,
              18.573739
            ],
            [
              73.832505,
              18.573468
            ],
            [
              73.83227,
              18.573238
            ],
            [
              73.832064,
              18.573036
            ],
            [
              73.831876,
              18.572851
            ],
            [
              73.831672,
              18.572557
            ],
            [
              73.831438,
              18.57222
            ],
            [
              73.831314,
              18.572043
            ],
            [
              73.831136,
              18.571688
            ],
            [
              73.830988,
              18.571394
            ],
            [
              73.830809,
              18.570991
            ],
            [
              73.830706,
              18.570758
            ],
            [
              73.830586,
              18.570387
            ],
            [
              73.830494,
              18.570103
            ],
            [
              73.830323,
              18.569679
            ],
            [
              73.830247,
              18.569492
            ],
            [
              73.829913,
              18.569174
            ],
            [
              73.829718,
              18.568987
            ],
            [
              73.829466,
              18.568792
            ],
            [
              73.829241,
              18.568619
            ],
            [
              73.82893,
              18.56847
            ],
            [
              73.828678,
              18.56835
            ],
            [
              73.828431,
              18.568284
            ],
            [
              73.82819,
              18.568221
            ],
            [
              73.828089,
              18.568194
            ],
            [
              73.827647,
              18.568181
            ],
            [
              73.827379,
              18.568173
            ],
            [
              73.826908,
              18.568205
            ],
            [
              73.826703,
              18.568219
            ],
            [
              73.826241,
              18.568344
            ],
            [
              73.826093,
              18.568383
            ],
            [
              73.825793,
              18.568465
            ],
            [
              73.825366,
              18.568586
            ],
            [
              73.825157,
              18.568645
            ],
            [
              73.825009,
              18.568687
            ],
            [
              73.824588,
              18.568792
            ],
            [
              73.824462,
              18.568824
            ],
            [
              73.824354,
              18.568854
            ],
            [
              73.824192,
              18.568896
            ],
            [
              73.824127,
              18.568915
            ],
            [
              73.823927,
              18.568969
            ],
            [
              73.82373,
              18.569024
            ],
            [
              73.823521,
              18.569084
            ],
            [
              73.823228,
              18.569168
            ],
            [
              73.822817,
              18.569285
            ],
            [
              73.822664,
              18.569305
            ],
            [
              73.822454,
              18.569331
            ],
            [
              73.822209,
              18.569362
            ],
            [
              73.821976,
              18.569392
            ],
            [
              73.821678,
              18.569429
            ],
            [
              73.821304,
              18.569421
            ],
            [
              73.82095,
              18.569414
            ],
            [
              73.820665,
              18.569407
            ],
            [
              73.820385,
              18.569368
            ],
            [
              73.819841,
              18.569292
            ],
            [
              73.819215,
              18.569205
            ],
            [
              73.818557,
              18.569113
            ],
            [
              73.818016,
              18.569037
            ],
            [
              73.817618,
              18.568981
            ],
            [
              73.817437,
              18.568948
            ],
            [
              73.817216,
              18.568908
            ],
            [
              73.816915,
              18.568852
            ],
            [
              73.816468,
              18.56877
            ],
            [
              73.816042,
              18.568691
            ],
            [
              73.815482,
              18.568588
            ],
            [
              73.814878,
              18.568476
            ],
            [
              73.814672,
              18.568439
            ],
            [
              73.814379,
              18.56839
            ],
            [
              73.813998,
              18.568327
            ],
            [
              73.813516,
              18.568246
            ],
            [
              73.813292,
              18.568209
            ],
            [
              73.813021,
              18.568169
            ],
            [
              73.812753,
              18.568129
            ],
            [
              73.812644,
              18.568114
            ],
            [
              73.812457,
              18.568084
            ],
            [
              73.812299,
              18.568058
            ],
            [
              73.81196,
              18.568003
            ],
            [
              73.811653,
              18.567981
            ],
            [
              73.811588,
              18.567977
            ],
            [
              73.811558,
              18.567975
            ],
            [
              73.811437,
              18.567981
            ],
            [
              73.811162,
              18.567995
            ],
            [
              73.810948,
              18.568007
            ],
            [
              73.810741,
              18.568017
            ],
            [
              73.810679,
              18.568021
            ],
            [
              73.810655,
              18.568022
            ],
            [
              73.810589,
              18.568027
            ],
            [
              73.81055,
              18.56803
            ],
            [
              73.810454,
              18.568038
            ],
            [
              73.810333,
              18.568047
            ],
            [
              73.810277,
              18.568051
            ],
            [
              73.810185,
              18.568059
            ],
            [
              73.810134,
              18.568063
            ],
            [
              73.810085,
              18.568066
            ],
            [
              73.809964,
              18.568076
            ],
            [
              73.809909,
              18.56808
            ],
            [
              73.809862,
              18.568084
            ],
            [
              73.809764,
              18.568091
            ],
            [
              73.809617,
              18.568101
            ],
            [
              73.809478,
              18.56811
            ],
            [
              73.809374,
              18.568117
            ],
            [
              73.809232,
              18.568126
            ],
            [
              73.809082,
              18.568136
            ],
            [
              73.80894,
              18.568145
            ],
            [
              73.808876,
              18.568159
            ],
            [
              73.808825,
              18.56817
            ],
            [
              73.808794,
              18.568177
            ],
            [
              73.808753,
              18.568186
            ],
            [
              73.808699,
              18.568198
            ],
            [
              73.808595,
              18.568221
            ],
            [
              73.808453,
              18.568252
            ],
            [
              73.808293,
              18.568288
            ],
            [
              73.808179,
              18.568313
            ],
            [
              73.808121,
              18.568325
            ],
            [
              73.807998,
              18.568352
            ],
            [
              73.807973,
              18.568358
            ],
            [
              73.807919,
              18.568369
            ],
            [
              73.807873,
              18.568378
            ],
            [
              73.807837,
              18.568386
            ],
            [
              73.807752,
              18.568403
            ],
            [
              73.807696,
              18.568414
            ],
            [
              73.807631,
              18.568427
            ],
            [
              73.807585,
              18.568437
            ],
            [
              73.807514,
              18.568451
            ],
            [
              73.807431,
              18.568468
            ],
            [
              73.80736,
              18.568483
            ],
            [
              73.807319,
              18.568491
            ],
            [
              73.807199,
              18.568522
            ],
            [
              73.807053,
              18.568559
            ],
            [
              73.806912,
              18.568595
            ],
            [
              73.806852,
              18.56861
            ],
            [
              73.806784,
              18.568628
            ],
            [
              73.806764,
              18.568632
            ],
            [
              73.806717,
              18.568644
            ],
            [
              73.806669,
              18.568657
            ],
            [
              73.806621,
              18.568669
            ],
            [
              73.806597,
              18.568675
            ],
            [
              73.806518,
              18.568695
            ],
            [
              73.806454,
              18.568711
            ],
            [
              73.806336,
              18.568741
            ],
            [
              73.806267,
              18.568758
            ],
            [
              73.806177,
              18.568781
            ],
            [
              73.806088,
              18.568803
            ],
            [
              73.805961,
              18.568835
            ],
            [
              73.805836,
              18.568866
            ],
            [
              73.805758,
              18.568886
            ],
            [
              73.805705,
              18.568899
            ],
            [
              73.805681,
              18.568905
            ],
            [
              73.805662,
              18.56891
            ],
            [
              73.80556,
              18.568935
            ],
            [
              73.805458,
              18.568961
            ],
            [
              73.805355,
              18.568987
            ],
            [
              73.805245,
              18.569012
            ],
            [
              73.805144,
              18.569035
            ],
            [
              73.805046,
              18.569058
            ],
            [
              73.804942,
              18.569082
            ],
            [
              73.804874,
              18.569097
            ],
            [
              73.804819,
              18.56911
            ],
            [
              73.804768,
              18.569122
            ],
            [
              73.804732,
              18.56913
            ],
            [
              73.804693,
              18.569139
            ],
            [
              73.804634,
              18.569159
            ],
            [
              73.804573,
              18.569181
            ],
            [
              73.804503,
              18.569205
            ],
            [
              73.80444,
              18.569227
            ],
            [
              73.804364,
              18.569253
            ],
            [
              73.804312,
              18.569271
            ],
            [
              73.804256,
              18.569291
            ],
            [
              73.804164,
              18.569323
            ],
            [
              73.804103,
              18.569344
            ],
            [
              73.804043,
              18.569365
            ],
            [
              73.803993,
              18.569382
            ],
            [
              73.803871,
              18.569405
            ],
            [
              73.803736,
              18.569431
            ],
            [
              73.803641,
              18.569449
            ],
            [
              73.803543,
              18.569468
            ],
            [
              73.803444,
              18.569486
            ],
            [
              73.80335,
              18.569504
            ],
            [
              73.803251,
              18.569523
            ],
            [
              73.803118,
              18.569548
            ],
            [
              73.802958,
              18.569552
            ],
            [
              73.802762,
              18.569558
            ],
            [
              73.802553,
              18.569563
            ],
            [
              73.80243,
              18.569567
            ],
            [
              73.802309,
              18.569555
            ],
            [
              73.802164,
              18.569541
            ],
            [
              73.801977,
              18.569523
            ],
            [
              73.801721,
              18.569498
            ],
            [
              73.801567,
              18.569483
            ],
            [
              73.801526,
              18.569475
            ],
            [
              73.80145,
              18.569461
            ],
            [
              73.801363,
              18.569444
            ],
            [
              73.801246,
              18.569421
            ],
            [
              73.801137,
              18.569401
            ],
            [
              73.801,
              18.569374
            ],
            [
              73.80094,
              18.569362
            ],
            [
              73.80088,
              18.569351
            ],
            [
              73.800819,
              18.569339
            ],
            [
              73.800753,
              18.569326
            ],
            [
              73.800684,
              18.56931
            ],
            [
              73.800611,
              18.569293
            ],
            [
              73.800552,
              18.569279
            ],
            [
              73.800507,
              18.569269
            ],
            [
              73.800444,
              18.569254
            ],
            [
              73.800385,
              18.56924
            ],
            [
              73.800285,
              18.569217
            ],
            [
              73.800226,
              18.569195
            ],
            [
              73.800158,
              18.56917
            ],
            [
              73.800048,
              18.569129
            ],
            [
              73.799959,
              18.569096
            ],
            [
              73.799837,
              18.569051
            ],
            [
              73.799763,
              18.569023
            ],
            [
              73.799725,
              18.569009
            ],
            [
              73.799631,
              18.568975
            ],
            [
              73.799514,
              18.568932
            ],
            [
              73.799461,
              18.568912
            ],
            [
              73.799443,
              18.568904
            ],
            [
              73.799361,
              18.568867
            ],
            [
              73.799307,
              18.568843
            ],
            [
              73.799262,
              18.568823
            ],
            [
              73.799178,
              18.568785
            ],
            [
              73.799059,
              18.568732
            ],
            [
              73.798967,
              18.568691
            ],
            [
              73.798881,
              18.568652
            ],
            [
              73.798812,
              18.568622
            ],
            [
              73.798758,
              18.568592
            ],
            [
              73.798655,
              18.568536
            ],
            [
              73.798513,
              18.568458
            ],
            [
              73.798388,
              18.56839
            ],
            [
              73.798224,
              18.5683
            ],
            [
              73.798068,
              18.568214
            ],
            [
              73.797914,
              18.568129
            ],
            [
              73.797736,
              18.568031
            ],
            [
              73.797626,
              18.56797
            ],
            [
              73.797566,
              18.56794
            ],
            [
              73.797507,
              18.567911
            ],
            [
              73.79744,
              18.567878
            ],
            [
              73.797375,
              18.567845
            ],
            [
              73.79726,
              18.567788
            ],
            [
              73.797224,
              18.567771
            ],
            [
              73.797212,
              18.567764
            ],
            [
              73.797186,
              18.567747
            ],
            [
              73.79712,
              18.567707
            ],
            [
              73.796994,
              18.56763
            ],
            [
              73.796928,
              18.56759
            ],
            [
              73.796868,
              18.567553
            ],
            [
              73.796735,
              18.567471
            ],
            [
              73.796727,
              18.567467
            ],
            [
              73.796717,
              18.567459
            ],
            [
              73.796657,
              18.567416
            ],
            [
              73.796613,
              18.567385
            ],
            [
              73.796518,
              18.567317
            ],
            [
              73.796449,
              18.567267
            ],
            [
              73.796376,
              18.567215
            ],
            [
              73.796342,
              18.567183
            ],
            [
              73.796281,
              18.567126
            ],
            [
              73.796186,
              18.567038
            ],
            [
              73.796076,
              18.566936
            ],
            [
              73.795993,
              18.566858
            ],
            [
              73.795937,
              18.566822
            ],
            [
              73.795886,
              18.56679
            ],
            [
              73.795869,
              18.566768
            ],
            [
              73.795848,
              18.56674
            ],
            [
              73.795834,
              18.566721
            ],
            [
              73.795817,
              18.5667
            ],
            [
              73.795794,
              18.566669
            ],
            [
              73.795764,
              18.566629
            ],
            [
              73.795727,
              18.566581
            ],
            [
              73.795717,
              18.566567
            ],
            [
              73.795715,
              18.566563
            ],
            [
              73.795696,
              18.566531
            ],
            [
              73.795674,
              18.566495
            ],
            [
              73.795654,
              18.566461
            ],
            [
              73.79563,
              18.56642
            ],
            [
              73.795608,
              18.566382
            ],
            [
              73.795583,
              18.566341
            ],
            [
              73.795563,
              18.566306
            ],
            [
              73.795539,
              18.566266
            ],
            [
              73.795523,
              18.566238
            ],
            [
              73.795493,
              18.566189
            ],
            [
              73.795468,
              18.566148
            ],
            [
              73.795324,
              18.565912
            ],
            [
              73.795295,
              18.565864
            ],
            [
              73.795243,
              18.565788
            ],
            [
              73.795146,
              18.565648
            ],
            [
              73.79508,
              18.565553
            ],
            [
              73.795033,
              18.565482
            ],
            [
              73.794897,
              18.56538
            ],
            [
              73.794744,
              18.565264
            ],
            [
              73.794545,
              18.565112
            ],
            [
              73.794429,
              18.565024
            ],
            [
              73.794058,
              18.564736
            ],
            [
              73.793768,
              18.56451
            ],
            [
              73.793705,
              18.564462
            ],
            [
              73.79364,
              18.564411
            ],
            [
              73.793588,
              18.564361
            ],
            [
              73.793498,
              18.564277
            ],
            [
              73.793447,
              18.564228
            ],
            [
              73.7934,
              18.564183
            ],
            [
              73.793363,
              18.564148
            ],
            [
              73.793315,
              18.564093
            ],
            [
              73.793259,
              18.564029
            ],
            [
              73.793221,
              18.563986
            ],
            [
              73.7932,
              18.563963
            ],
            [
              73.793122,
              18.563873
            ],
            [
              73.793081,
              18.563827
            ],
            [
              73.792984,
              18.563777
            ],
            [
              73.792883,
              18.563727
            ],
            [
              73.792749,
              18.563659
            ],
            [
              73.792646,
              18.563608
            ],
            [
              73.792556,
              18.563563
            ],
            [
              73.792462,
              18.563563
            ],
            [
              73.792375,
              18.563562
            ],
            [
              73.792287,
              18.563563
            ],
            [
              73.792156,
              18.563562
            ],
            [
              73.791994,
              18.563562
            ],
            [
              73.791819,
              18.563563
            ],
            [
              73.791689,
              18.563562
            ],
            [
              73.791571,
              18.56358
            ],
            [
              73.791441,
              18.5636
            ],
            [
              73.791358,
              18.563613
            ],
            [
              73.791263,
              18.563627
            ],
            [
              73.791186,
              18.563639
            ],
            [
              73.79108,
              18.563655
            ],
            [
              73.790988,
              18.563669
            ],
            [
              73.790889,
              18.563684
            ],
            [
              73.790823,
              18.563694
            ],
            [
              73.790675,
              18.563744
            ],
            [
              73.790485,
              18.56381
            ],
            [
              73.790291,
              18.563876
            ],
            [
              73.790211,
              18.563904
            ],
            [
              73.79008,
              18.563948
            ],
            [
              73.789929,
              18.564
            ],
            [
              73.789904,
              18.56401
            ],
            [
              73.789842,
              18.564033
            ],
            [
              73.7897,
              18.564085
            ],
            [
              73.789652,
              18.564102
            ],
            [
              73.789586,
              18.564127
            ],
            [
              73.78948,
              18.564166
            ],
            [
              73.789341,
              18.564217
            ],
            [
              73.789176,
              18.564278
            ],
            [
              73.789013,
              18.564338
            ],
            [
              73.788973,
              18.564391
            ],
            [
              73.788904,
              18.564482
            ],
            [
              73.788819,
              18.564594
            ],
            [
              73.788661,
              18.564803
            ],
            [
              73.788625,
              18.564865
            ],
            [
              73.78854,
              18.565018
            ],
            [
              73.788379,
              18.565306
            ],
            [
              73.788359,
              18.565424
            ],
            [
              73.788334,
              18.565577
            ],
            [
              73.788306,
              18.56574
            ],
            [
              73.788267,
              18.565978
            ],
            [
              73.788255,
              18.566052
            ],
            [
              73.788243,
              18.566269
            ],
            [
              73.788225,
              18.566615
            ],
            [
              73.788223,
              18.56664
            ],
            [
              73.788239,
              18.566725
            ],
            [
              73.788268,
              18.566893
            ],
            [
              73.788316,
              18.567168
            ],
            [
              73.788457,
              18.567341
            ],
            [
              73.788647,
              18.567575
            ],
            [
              73.788841,
              18.567814
            ],
            [
              73.789025,
              18.568038
            ],
            [
              73.789089,
              18.568117
            ],
            [
              73.789127,
              18.568161
            ],
            [
              73.789196,
              18.568245
            ],
            [
              73.789293,
              18.568362
            ],
            [
              73.789345,
              18.568426
            ],
            [
              73.789416,
              18.568514
            ],
            [
              73.789454,
              18.568582
            ],
            [
              73.789527,
              18.568713
            ],
            [
              73.789623,
              18.568882
            ],
            [
              73.789707,
              18.569033
            ],
            [
              73.789765,
              18.569137
            ],
            [
              73.789812,
              18.56922
            ],
            [
              73.789852,
              18.569292
            ],
            [
              73.789898,
              18.569376
            ],
            [
              73.789942,
              18.569453
            ],
            [
              73.789945,
              18.569612
            ],
            [
              73.789947,
              18.569782
            ],
            [
              73.789949,
              18.569925
            ],
            [
              73.789951,
              18.570038
            ],
            [
              73.789951,
              18.570114
            ],
            [
              73.789953,
              18.570213
            ],
            [
              73.789954,
              18.570265
            ],
            [
              73.789955,
              18.570339
            ],
            [
              73.789956,
              18.570406
            ],
            [
              73.789956,
              18.57046
            ],
            [
              73.789958,
              18.570538
            ],
            [
              73.789928,
              18.570662
            ],
            [
              73.789881,
              18.570859
            ],
            [
              73.789838,
              18.571038
            ],
            [
              73.789803,
              18.571182
            ],
            [
              73.789784,
              18.571229
            ],
            [
              73.789732,
              18.571356
            ],
            [
              73.789675,
              18.571493
            ],
            [
              73.789597,
              18.571682
            ],
            [
              73.789494,
              18.571932
            ],
            [
              73.789447,
              18.572048
            ],
            [
              73.789349,
              18.572124
            ],
            [
              73.789168,
              18.572261
            ],
            [
              73.788971,
              18.572412
            ],
            [
              73.788798,
              18.572545
            ],
            [
              73.788576,
              18.572713
            ],
            [
              73.788564,
              18.572723
            ],
            [
              73.788497,
              18.572754
            ],
            [
              73.788389,
              18.572803
            ],
            [
              73.788228,
              18.572878
            ],
            [
              73.788023,
              18.572972
            ],
            [
              73.787719,
              18.573111
            ],
            [
              73.787542,
              18.573192
            ],
            [
              73.78731,
              18.573354
            ],
            [
              73.786978,
              18.573585
            ],
            [
              73.786773,
              18.573733
            ],
            [
              73.786573,
              18.573877
            ],
            [
              73.786292,
              18.57408
            ],
            [
              73.786244,
              18.574114
            ],
            [
              73.786088,
              18.574227
            ],
            [
              73.785906,
              18.574357
            ],
            [
              73.785729,
              18.574485
            ],
            [
              73.785602,
              18.574576
            ],
            [
              73.785491,
              18.574667
            ],
            [
              73.785294,
              18.57483
            ],
            [
              73.785058,
              18.575024
            ],
            [
              73.784832,
              18.575211
            ],
            [
              73.784622,
              18.575384
            ],
            [
              73.784497,
              18.575486
            ],
            [
              73.784435,
              18.575538
            ],
            [
              73.784414,
              18.575556
            ],
            [
              73.784397,
              18.575568
            ],
            [
              73.784374,
              18.575585
            ],
            [
              73.784301,
              18.575642
            ],
            [
              73.784273,
              18.575661
            ],
            [
              73.78424,
              18.575687
            ],
            [
              73.784183,
              18.575731
            ],
            [
              73.784104,
              18.57579
            ],
            [
              73.783993,
              18.575875
            ],
            [
              73.783868,
              18.575969
            ],
            [
              73.783821,
              18.576004
            ],
            [
              73.783751,
              18.576058
            ],
            [
              73.78371,
              18.576088
            ],
            [
              73.783621,
              18.576156
            ],
            [
              73.783387,
              18.576333
            ],
            [
              73.783345,
              18.576365
            ],
            [
              73.783283,
              18.576411
            ],
            [
              73.783239,
              18.576442
            ],
            [
              73.783183,
              18.576482
            ],
            [
              73.783053,
              18.576575
            ],
            [
              73.782957,
              18.576645
            ],
            [
              73.782921,
              18.57667
            ],
            [
              73.782844,
              18.576726
            ],
            [
              73.782741,
              18.576799
            ],
            [
              73.782503,
              18.576969
            ],
            [
              73.782423,
              18.577027
            ],
            [
              73.782244,
              18.577156
            ],
            [
              73.782103,
              18.577275
            ],
            [
              73.781852,
              18.577491
            ],
            [
              73.781592,
              18.577715
            ],
            [
              73.781408,
              18.577964
            ],
            [
              73.781155,
              18.57831
            ],
            [
              73.781112,
              18.578368
            ],
            [
              73.780996,
              18.578728
            ],
            [
              73.780874,
              18.579104
            ],
            [
              73.780761,
              18.579434
            ],
            [
              73.780641,
              18.579782
            ],
            [
              73.780516,
              18.580147
            ],
            [
              73.780412,
              18.580451
            ],
            [
              73.780305,
              18.580763
            ],
            [
              73.780187,
              18.581107
            ],
            [
              73.780108,
              18.581337
            ],
            [
              73.780037,
              18.581591
            ],
            [
              73.779964,
              18.581854
            ],
            [
              73.779878,
              18.582167
            ],
            [
              73.77979,
              18.582487
            ],
            [
              73.779748,
              18.582637
            ],
            [
              73.77963,
              18.582986
            ],
            [
              73.779527,
              18.583288
            ],
            [
              73.779446,
              18.583529
            ],
            [
              73.779323,
              18.58389
            ],
            [
              73.779229,
              18.584166
            ],
            [
              73.779144,
              18.584418
            ],
            [
              73.779064,
              18.584655
            ],
            [
              73.778888,
              18.584994
            ],
            [
              73.778629,
              18.585492
            ],
            [
              73.778568,
              18.585607
            ],
            [
              73.778405,
              18.58597
            ],
            [
              73.778242,
              18.586328
            ],
            [
              73.778209,
              18.586367
            ],
            [
              73.777944,
              18.586671
            ],
            [
              73.777753,
              18.586896
            ],
            [
              73.777307,
              18.587256
            ],
            [
              73.776778,
              18.587684
            ],
            [
              73.776665,
              18.587779
            ],
            [
              73.776194,
              18.588016
            ],
            [
              73.775737,
              18.588248
            ],
            [
              73.775008,
              18.588379
            ],
            [
              73.774447,
              18.588352
            ],
            [
              73.774358,
              18.588348
            ],
            [
              73.773969,
              18.588298
            ],
            [
              73.77346,
              18.58823
            ],
            [
              73.773068,
              18.588092
            ],
            [
              73.772557,
              18.587911
            ],
            [
              73.772009,
              18.587765
            ],
            [
              73.771772,
              18.587703
            ],
            [
              73.771397,
              18.587583
            ],
            [
              73.771046,
              18.587468
            ],
            [
              73.770411,
              18.587369
            ],
            [
              73.769915,
              18.587288
            ],
            [
              73.769268,
              18.587188
            ],
            [
              73.768913,
              18.58721
            ],
            [
              73.76849,
              18.587234
            ],
            [
              73.768059,
              18.587246
            ],
            [
              73.767795,
              18.587338
            ],
            [
              73.767469,
              18.587449
            ],
            [
              73.767095,
              18.587574
            ],
            [
              73.766701,
              18.587703
            ],
            [
              73.766151,
              18.587877
            ],
            [
              73.765899,
              18.587957
            ],
            [
              73.76561,
              18.588022
            ],
            [
              73.76527,
              18.588099
            ],
            [
              73.76487,
              18.588188
            ],
            [
              73.764547,
              18.588258
            ],
            [
              73.76415,
              18.588338
            ],
            [
              73.763777,
              18.588413
            ],
            [
              73.763386,
              18.588493
            ],
            [
              73.763331,
              18.588503
            ],
            [
              73.762932,
              18.588549
            ],
            [
              73.762311,
              18.588618
            ],
            [
              73.762291,
              18.58837
            ],
            [
              73.762267,
              18.588067
            ],
            [
              73.762228,
              18.587561
            ],
            [
              73.76219,
              18.58709
            ],
            [
              73.762288,
              18.586818
            ],
            [
              73.762349,
              18.586649
            ],
            [
              73.762313,
              18.586453
            ],
            [
              73.762308,
              18.586255
            ],
            [
              73.762298,
              18.585965
            ],
            [
              73.762285,
              18.585495
            ],
            [
              73.762275,
              18.585221
            ],
            [
              73.762219,
              18.585138
            ],
            [
              73.762201,
              18.5848
            ],
            [
              73.762188,
              18.584518
            ],
            [
              73.762227,
              18.584139
            ],
            [
              73.762264,
              18.583796
            ],
            [
              73.762265,
              18.58351
            ],
            [
              73.762265,
              18.583362
            ],
            [
              73.762341,
              18.582913
            ],
            [
              73.762382,
              18.582644
            ],
            [
              73.762417,
              18.582352
            ],
            [
              73.762418,
              18.581902
            ],
            [
              73.762417,
              18.581698
            ],
            [
              73.762487,
              18.581274
            ],
            [
              73.762532,
              18.580991
            ],
            [
              73.762544,
              18.580507
            ],
            [
              73.762552,
              18.58019
            ],
            [
              73.762543,
              18.579604
            ],
            [
              73.762534,
              18.579117
            ],
            [
              73.762518,
              18.578769
            ],
            [
              73.76253,
              18.578444
            ],
            [
              73.76255,
              18.578092
            ],
            [
              73.762573,
              18.577629
            ],
            [
              73.76257,
              18.577257
            ],
            [
              73.762566,
              18.576932
            ],
            [
              73.762481,
              18.576767
            ],
            [
              73.76248,
              18.576584
            ],
            [
              73.762483,
              18.57616
            ],
            [
              73.762485,
              18.575659
            ],
            [
              73.762487,
              18.575294
            ],
            [
              73.762489,
              18.575044
            ],
            [
              73.762508,
              18.574902
            ],
            [
              73.762525,
              18.574595
            ],
            [
              73.762543,
              18.574239
            ],
            [
              73.762564,
              18.573828
            ],
            [
              73.762591,
              18.573333
            ],
            [
              73.762607,
              18.573005
            ],
            [
              73.762626,
              18.572633
            ],
            [
              73.762639,
              18.572419
            ],
            [
              73.762651,
              18.57218
            ],
            [
              73.762669,
              18.571875
            ],
            [
              73.762691,
              18.571407
            ],
            [
              73.762709,
              18.571064
            ],
            [
              73.762729,
              18.57069
            ],
            [
              73.762746,
              18.570352
            ],
            [
              73.76288,
              18.570279
            ],
            [
              73.763,
              18.570214
            ],
            [
              73.763158,
              18.570146
            ],
            [
              73.763461,
              18.570014
            ],
            [
              73.763738,
              18.569893
            ],
            [
              73.763909,
              18.569819
            ],
            [
              73.76425,
              18.569711
            ],
            [
              73.764563,
              18.56962
            ],
            [
              73.764805,
              18.569549
            ],
            [
              73.764986,
              18.569496
            ],
            [
              73.764979,
              18.569237
            ],
            [
              73.764968,
              18.568941
            ],
            [
              73.764955,
              18.568586
            ],
            [
              73.764945,
              18.568315
            ],
            [
              73.764933,
              18.567978
            ],
            [
              73.76491,
              18.567597
            ],
            [
              73.764884,
              18.567206
            ],
            [
              73.764861,
              18.566756
            ],
            [
              73.764843,
              18.566391
            ],
            [
              73.764822,
              18.565941
            ],
            [
              73.764797,
              18.565424
            ],
            [
              73.764781,
              18.565098
            ],
            [
              73.764776,
              18.564979
            ],
            [
              73.764774,
              18.564928
            ],
            [
              73.764772,
              18.564721
            ],
            [
              73.764768,
              18.564468
            ],
            [
              73.764764,
              18.564201
            ],
            [
              73.764759,
              18.563927
            ],
            [
              73.764756,
              18.563768
            ],
            [
              73.764753,
              18.563597
            ],
            [
              73.76475,
              18.563464
            ],
            [
              73.764748,
              18.56331
            ],
            [
              73.764747,
              18.563165
            ],
            [
              73.764746,
              18.562967
            ],
            [
              73.764747,
              18.562843
            ],
            [
              73.764748,
              18.562567
            ],
            [
              73.764749,
              18.56239
            ],
            [
              73.764751,
              18.562243
            ],
            [
              73.764755,
              18.562079
            ],
            [
              73.76476,
              18.561832
            ],
            [
              73.764766,
              18.561525
            ],
            [
              73.764767,
              18.561366
            ],
            [
              73.764767,
              18.561256
            ],
            [
              73.764744,
              18.561139
            ],
            [
              73.764729,
              18.561062
            ],
            [
              73.764718,
              18.560887
            ],
            [
              73.764708,
              18.560738
            ],
            [
              73.764693,
              18.560598
            ],
            [
              73.764673,
              18.560432
            ],
            [
              73.76466,
              18.560196
            ],
            [
              73.764659,
              18.559991
            ],
            [
              73.764647,
              18.559898
            ],
            [
              73.764629,
              18.559744
            ],
            [
              73.764623,
              18.55969
            ],
            [
              73.764613,
              18.559629
            ],
            [
              73.764588,
              18.559484
            ],
            [
              73.764551,
              18.559262
            ],
            [
              73.764539,
              18.559049
            ],
            [
              73.764529,
              18.558826
            ],
            [
              73.764519,
              18.558661
            ],
            [
              73.764524,
              18.558394
            ],
            [
              73.764525,
              18.558221
            ],
            [
              73.76455,
              18.558066
            ],
            [
              73.764562,
              18.557996
            ],
            [
              73.76457,
              18.55784
            ],
            [
              73.764576,
              18.557694
            ],
            [
              73.764578,
              18.557682
            ],
            [
              73.764583,
              18.557652
            ],
            [
              73.764597,
              18.557573
            ],
            [
              73.764614,
              18.557484
            ],
            [
              73.764622,
              18.557439
            ],
            [
              73.764662,
              18.557263
            ],
            [
              73.764709,
              18.557063
            ],
            [
              73.764626,
              18.556784
            ],
            [
              73.764569,
              18.556588
            ],
            [
              73.764515,
              18.556405
            ],
            [
              73.76445,
              18.556203
            ],
            [
              73.764381,
              18.555988
            ],
            [
              73.764334,
              18.555838
            ],
            [
              73.7643,
              18.555735
            ],
            [
              73.76414,
              18.555534
            ],
            [
              73.76404,
              18.555409
            ],
            [
              73.763941,
              18.555285
            ],
            [
              73.763853,
              18.555118
            ],
            [
              73.763832,
              18.554972
            ],
            [
              73.763816,
              18.554859
            ],
            [
              73.763793,
              18.554729
            ],
            [
              73.76377,
              18.554601
            ],
            [
              73.763757,
              18.554518
            ],
            [
              73.763688,
              18.554422
            ],
            [
              73.763627,
              18.554335
            ],
            [
              73.763611,
              18.554155
            ],
            [
              73.763586,
              18.553829
            ],
            [
              73.763597,
              18.553564
            ],
            [
              73.763606,
              18.553327
            ],
            [
              73.76359,
              18.553137
            ],
            [
              73.763566,
              18.552865
            ],
            [
              73.763522,
              18.552642
            ],
            [
              73.763496,
              18.552514
            ],
            [
              73.763486,
              18.552461
            ],
            [
              73.763452,
              18.552325
            ],
            [
              73.763431,
              18.552243
            ],
            [
              73.763411,
              18.552113
            ],
            [
              73.76339,
              18.551982
            ],
            [
              73.763414,
              18.551831
            ],
            [
              73.76343,
              18.55173
            ],
            [
              73.763472,
              18.551552
            ],
            [
              73.763467,
              18.551417
            ],
            [
              73.763461,
              18.551285
            ],
            [
              73.763497,
              18.551167
            ],
            [
              73.763533,
              18.551048
            ],
            [
              73.763612,
              18.550954
            ],
            [
              73.763695,
              18.550849
            ],
            [
              73.763821,
              18.550725
            ],
            [
              73.763967,
              18.550581
            ],
            [
              73.764106,
              18.550484
            ],
            [
              73.764164,
              18.550443
            ],
            [
              73.764262,
              18.55036
            ],
            [
              73.764319,
              18.550311
            ],
            [
              73.764384,
              18.550254
            ],
            [
              73.764542,
              18.55017
            ],
            [
              73.76473,
              18.55007
            ],
            [
              73.764878,
              18.549973
            ],
            [
              73.765035,
              18.549866
            ],
            [
              73.765054,
              18.549852
            ],
            [
              73.765141,
              18.549781
            ],
            [
              73.765236,
              18.549705
            ],
            [
              73.765313,
              18.54962
            ],
            [
              73.765388,
              18.549535
            ],
            [
              73.765443,
              18.54942
            ],
            [
              73.765522,
              18.549255
            ],
            [
              73.765596,
              18.549176
            ],
            [
              73.765715,
              18.549052
            ],
            [
              73.765838,
              18.549012
            ],
            [
              73.765981,
              18.548964
            ],
            [
              73.766062,
              18.548852
            ],
            [
              73.766175,
              18.5487
            ],
            [
              73.766299,
              18.548574
            ],
            [
              73.76645,
              18.548421
            ],
            [
              73.76654,
              18.548306
            ],
            [
              73.766623,
              18.54823
            ],
            [
              73.766733,
              18.548123
            ],
            [
              73.766816,
              18.548045
            ],
            [
              73.766947,
              18.547946
            ],
            [
              73.767072,
              18.54785
            ],
            [
              73.767131,
              18.547805
            ],
            [
              73.767251,
              18.547726
            ],
            [
              73.76735,
              18.547662
            ],
            [
              73.767394,
              18.547633
            ],
            [
              73.767486,
              18.547508
            ],
            [
              73.767585,
              18.547376
            ],
            [
              73.767664,
              18.547232
            ],
            [
              73.767743,
              18.547084
            ],
            [
              73.767767,
              18.547042
            ],
            [
              73.767823,
              18.546914
            ],
            [
              73.767895,
              18.546748
            ],
            [
              73.76793,
              18.546667
            ],
            [
              73.767964,
              18.546554
            ],
            [
              73.768032,
              18.546334
            ],
            [
              73.768102,
              18.546109
            ],
            [
              73.768089,
              18.545921
            ],
            [
              73.768073,
              18.545679
            ],
            [
              73.768052,
              18.545388
            ],
            [
              73.768008,
              18.545173
            ],
            [
              73.767951,
              18.544898
            ],
            [
              73.767937,
              18.544719
            ],
            [
              73.767922,
              18.544512
            ],
            [
              73.767919,
              18.544461
            ],
            [
              73.767918,
              18.54437
            ],
            [
              73.767913,
              18.544207
            ],
            [
              73.767909,
              18.544023
            ],
            [
              73.767908,
              18.543963
            ],
            [
              73.767906,
              18.543916
            ],
            [
              73.767905,
              18.543877
            ],
            [
              73.767904,
              18.543813
            ],
            [
              73.767902,
              18.543749
            ],
            [
              73.767901,
              18.5437
            ],
            [
              73.767825,
              18.543651
            ],
            [
              73.767625,
              18.54352
            ],
            [
              73.767469,
              18.543417
            ],
            [
              73.767313,
              18.543317
            ],
            [
              73.767204,
              18.543249
            ],
            [
              73.767156,
              18.543216
            ],
            [
              73.767111,
              18.543189
            ],
            [
              73.767005,
              18.543129
            ],
            [
              73.766869,
              18.543053
            ],
            [
              73.766745,
              18.542983
            ],
            [
              73.766626,
              18.542939
            ],
            [
              73.766435,
              18.542869
            ],
            [
              73.766354,
              18.542839
            ],
            [
              73.76626,
              18.542804
            ],
            [
              73.766188,
              18.542721
            ],
            [
              73.76613,
              18.542655
            ],
            [
              73.766046,
              18.542559
            ],
            [
              73.765883,
              18.542484
            ],
            [
              73.76567,
              18.542386
            ],
            [
              73.765581,
              18.542346
            ],
            [
              73.765476,
              18.542308
            ],
            [
              73.765362,
              18.542268
            ],
            [
              73.765208,
              18.542214
            ],
            [
              73.765021,
              18.542147
            ],
            [
              73.764906,
              18.542076
            ],
            [
              73.764696,
              18.541945
            ],
            [
              73.7645,
              18.541823
            ],
            [
              73.764341,
              18.541724
            ],
            [
              73.764165,
              18.541692
            ],
            [
              73.764032,
              18.541667
            ],
            [
              73.763907,
              18.541622
            ],
            [
              73.763714,
              18.541553
            ],
            [
              73.763587,
              18.541506
            ],
            [
              73.763443,
              18.541454
            ],
            [
              73.763337,
              18.54138
            ],
            [
              73.76317,
              18.541263
            ],
            [
              73.763016,
              18.541156
            ],
            [
              73.762991,
              18.541061
            ],
            [
              73.762966,
              18.540966
            ],
            [
              73.762838,
              18.540897
            ],
            [
              73.762735,
              18.540843
            ],
            [
              73.762598,
              18.540751
            ],
            [
              73.762343,
              18.540579
            ],
            [
              73.762185,
              18.54054
            ],
            [
              73.761976,
              18.540487
            ],
            [
              73.761768,
              18.540435
            ],
            [
              73.761553,
              18.54038
            ],
            [
              73.761408,
              18.540321
            ],
            [
              73.761259,
              18.540261
            ],
            [
              73.761076,
              18.540187
            ],
            [
              73.760906,
              18.540134
            ],
            [
              73.760743,
              18.540083
            ],
            [
              73.760565,
              18.540027
            ],
            [
              73.760396,
              18.539975
            ],
            [
              73.760268,
              18.539934
            ],
            [
              73.760155,
              18.539829
            ],
            [
              73.760041,
              18.539722
            ],
            [
              73.759954,
              18.539641
            ],
            [
              73.759814,
              18.539596
            ],
            [
              73.759605,
              18.539531
            ],
            [
              73.759398,
              18.539465
            ],
            [
              73.759276,
              18.539427
            ],
            [
              73.759185,
              18.539325
            ],
            [
              73.759076,
              18.539202
            ],
            [
              73.759,
              18.539114
            ],
            [
              73.758943,
              18.53905
            ],
            [
              73.758931,
              18.538955
            ],
            [
              73.758914,
              18.53881
            ],
            [
              73.758887,
              18.538585
            ],
            [
              73.758875,
              18.53848
            ],
            [
              73.758904,
              18.538355
            ],
            [
              73.758958,
              18.538126
            ],
            [
              73.759015,
              18.537889
            ],
            [
              73.759026,
              18.537838
            ],
            [
              73.759073,
              18.537691
            ],
            [
              73.759142,
              18.537478
            ],
            [
              73.759175,
              18.537374
            ],
            [
              73.759136,
              18.53719
            ],
            [
              73.759103,
              18.537029
            ],
            [
              73.759057,
              18.536813
            ],
            [
              73.759029,
              18.536678
            ],
            [
              73.758975,
              18.536552
            ],
            [
              73.758895,
              18.536365
            ],
            [
              73.758789,
              18.536114
            ],
            [
              73.758696,
              18.535876
            ],
            [
              73.758636,
              18.535721
            ],
            [
              73.7586,
              18.535629
            ],
            [
              73.758567,
              18.535542
            ],
            [
              73.758459,
              18.535403
            ],
            [
              73.7583,
              18.535198
            ],
            [
              73.758146,
              18.534999
            ],
            [
              73.757942,
              18.534865
            ],
            [
              73.757684,
              18.534698
            ],
            [
              73.757478,
              18.534564
            ],
            [
              73.757263,
              18.534423
            ],
            [
              73.757042,
              18.534375
            ],
            [
              73.756846,
              18.534332
            ],
            [
              73.756652,
              18.534289
            ],
            [
              73.756433,
              18.53424
            ],
            [
              73.756232,
              18.534196
            ],
            [
              73.756074,
              18.534163
            ],
            [
              73.755891,
              18.534123
            ],
            [
              73.755704,
              18.534084
            ],
            [
              73.755403,
              18.534018
            ],
            [
              73.755181,
              18.533935
            ],
            [
              73.755047,
              18.533884
            ],
            [
              73.754917,
              18.533835
            ],
            [
              73.754733,
              18.533747
            ],
            [
              73.754444,
              18.533608
            ],
            [
              73.754337,
              18.533557
            ],
            [
              73.754115,
              18.533434
            ],
            [
              73.753835,
              18.533278
            ],
            [
              73.753609,
              18.533214
            ],
            [
              73.753419,
              18.533162
            ],
            [
              73.753251,
              18.533114
            ],
            [
              73.753035,
              18.533089
            ],
            [
              73.752853,
              18.533068
            ],
            [
              73.752632,
              18.533044
            ],
            [
              73.752479,
              18.533026
            ],
            [
              73.752226,
              18.532643
            ],
            [
              73.752022,
              18.532336
            ],
            [
              73.751799,
              18.531997
            ],
            [
              73.751684,
              18.531825
            ],
            [
              73.751561,
              18.531639
            ],
            [
              73.751584,
              18.531495
            ],
            [
              73.75161,
              18.531332
            ],
            [
              73.751761,
              18.531107
            ],
            [
              73.751871,
              18.530944
            ],
            [
              73.751902,
              18.530897
            ],
            [
              73.751961,
              18.5308
            ],
            [
              73.752201,
              18.530399
            ],
            [
              73.752398,
              18.530224
            ],
            [
              73.75255,
              18.530092
            ],
            [
              73.752717,
              18.529945
            ],
            [
              73.752834,
              18.529811
            ],
            [
              73.752986,
              18.529638
            ],
            [
              73.753131,
              18.529473
            ],
            [
              73.753352,
              18.529376
            ],
            [
              73.753635,
              18.529253
            ],
            [
              73.75365,
              18.529245
            ],
            [
              73.753741,
              18.529193
            ],
            [
              73.753998,
              18.52905
            ],
            [
              73.754324,
              18.528869
            ],
            [
              73.754655,
              18.528685
            ],
            [
              73.754841,
              18.528581
            ],
            [
              73.755071,
              18.528601
            ],
            [
              73.755319,
              18.528624
            ],
            [
              73.755634,
              18.528614
            ],
            [
              73.756018,
              18.528598
            ],
            [
              73.756327,
              18.528569
            ],
            [
              73.756566,
              18.528542
            ],
            [
              73.756936,
              18.528505
            ],
            [
              73.757336,
              18.528455
            ],
            [
              73.757768,
              18.528397
            ],
            [
              73.757861,
              18.528386
            ],
            [
              73.758119,
              18.528358
            ],
            [
              73.758311,
              18.528336
            ],
            [
              73.758661,
              18.528288
            ],
            [
              73.759033,
              18.528232
            ],
            [
              73.759372,
              18.528181
            ],
            [
              73.759515,
              18.528188
            ],
            [
              73.75964,
              18.52818
            ],
            [
              73.759785,
              18.528162
            ],
            [
              73.75994,
              18.528137
            ],
            [
              73.760129,
              18.528113
            ],
            [
              73.760361,
              18.52811
            ],
            [
              73.760575,
              18.528108
            ],
            [
              73.760624,
              18.528108
            ],
            [
              73.760776,
              18.528099
            ],
            [
              73.760958,
              18.528043
            ],
            [
              73.761196,
              18.527968
            ],
            [
              73.761334,
              18.527905
            ],
            [
              73.761429,
              18.527911
            ],
            [
              73.76151,
              18.527928
            ],
            [
              73.76162,
              18.527978
            ],
            [
              73.76178,
              18.527948
            ],
            [
              73.761957,
              18.527957
            ],
            [
              73.762306,
              18.527976
            ],
            [
              73.762383,
              18.527978
            ],
            [
              73.762546,
              18.527976
            ],
            [
              73.762765,
              18.527972
            ],
            [
              73.762921,
              18.527971
            ],
            [
              73.762987,
              18.52797
            ],
            [
              73.763143,
              18.527959
            ],
            [
              73.763371,
              18.527943
            ],
            [
              73.763687,
              18.527919
            ],
            [
              73.763927,
              18.527902
            ],
            [
              73.764095,
              18.527889
            ],
            [
              73.764227,
              18.527899
            ],
            [
              73.764288,
              18.527903
            ],
            [
              73.764344,
              18.527903
            ],
            [
              73.764375,
              18.527904
            ],
            [
              73.764458,
              18.527926
            ],
            [
              73.764587,
              18.527956
            ],
            [
              73.764606,
              18.527961
            ],
            [
              73.764702,
              18.527978
            ],
            [
              73.764872,
              18.528007
            ],
            [
              73.765013,
              18.528033
            ],
            [
              73.765203,
              18.528068
            ],
            [
              73.765353,
              18.528098
            ],
            [
              73.765543,
              18.528128
            ],
            [
              73.765649,
              18.528124
            ],
            [
              73.765763,
              18.528102
            ],
            [
              73.76585,
              18.528084
            ],
            [
              73.765947,
              18.528063
            ],
            [
              73.76603,
              18.528056
            ],
            [
              73.766118,
              18.528047
            ],
            [
              73.766265,
              18.528022
            ],
            [
              73.766481,
              18.527984
            ],
            [
              73.766709,
              18.527943
            ],
            [
              73.766861,
              18.527925
            ],
            [
              73.76698,
              18.527916
            ],
            [
              73.767119,
              18.527907
            ],
            [
              73.767197,
              18.527903
            ],
            [
              73.767376,
              18.5279
            ],
            [
              73.767529,
              18.527895
            ],
            [
              73.767736,
              18.527887
            ],
            [
              73.767932,
              18.527878
            ],
            [
              73.768064,
              18.527872
            ],
            [
              73.768146,
              18.527871
            ],
            [
              73.768273,
              18.527871
            ],
            [
              73.768436,
              18.527871
            ],
            [
              73.768619,
              18.52788
            ],
            [
              73.76877,
              18.527886
            ],
            [
              73.768905,
              18.527885
            ],
            [
              73.769096,
              18.527884
            ],
            [
              73.769272,
              18.527882
            ],
            [
              73.769296,
              18.527882
            ],
            [
              73.769415,
              18.527876
            ],
            [
              73.76949,
              18.527871
            ],
            [
              73.769627,
              18.527866
            ],
            [
              73.769857,
              18.527852
            ],
            [
              73.770006,
              18.527843
            ],
            [
              73.770218,
              18.527833
            ],
            [
              73.770383,
              18.527791
            ],
            [
              73.770561,
              18.527863
            ],
            [
              73.770763,
              18.527943
            ],
            [
              73.770877,
              18.527962
            ],
            [
              73.770979,
              18.52796
            ],
            [
              73.771064,
              18.527959
            ],
            [
              73.771135,
              18.527969
            ],
            [
              73.771213,
              18.527982
            ],
            [
              73.771394,
              18.527975
            ],
            [
              73.771546,
              18.527969
            ],
            [
              73.771681,
              18.527963
            ],
            [
              73.771705,
              18.527962
            ],
            [
              73.771849,
              18.527943
            ],
            [
              73.772044,
              18.527919
            ],
            [
              73.772156,
              18.527911
            ],
            [
              73.772266,
              18.527903
            ],
            [
              73.772367,
              18.527892
            ],
            [
              73.772465,
              18.52788
            ],
            [
              73.77259,
              18.527875
            ],
            [
              73.772659,
              18.527873
            ],
            [
              73.772782,
              18.52787
            ],
            [
              73.772951,
              18.527868
            ],
            [
              73.77314,
              18.527865
            ],
            [
              73.773263,
              18.527865
            ],
            [
              73.773403,
              18.527866
            ],
            [
              73.77354,
              18.527851
            ],
            [
              73.773706,
              18.527834
            ],
            [
              73.773784,
              18.527845
            ],
            [
              73.773872,
              18.527857
            ],
            [
              73.774019,
              18.527854
            ],
            [
              73.774198,
              18.52785
            ],
            [
              73.774312,
              18.527848
            ],
            [
              73.774352,
              18.527848
            ],
            [
              73.774466,
              18.527842
            ],
            [
              73.774619,
              18.527836
            ],
            [
              73.774765,
              18.52783
            ],
            [
              73.77493,
              18.527824
            ],
            [
              73.775117,
              18.527821
            ],
            [
              73.775266,
              18.527817
            ],
            [
              73.7754,
              18.527814
            ],
            [
              73.775555,
              18.52777
            ],
            [
              73.77567,
              18.527738
            ],
            [
              73.77578,
              18.527707
            ],
            [
              73.775939,
              18.527685
            ],
            [
              73.776113,
              18.527661
            ],
            [
              73.776253,
              18.527642
            ],
            [
              73.776428,
              18.52757
            ],
            [
              73.776588,
              18.527503
            ],
            [
              73.776704,
              18.527455
            ],
            [
              73.776841,
              18.527426
            ],
            [
              73.776972,
              18.527398
            ],
            [
              73.777046,
              18.527403
            ],
            [
              73.777125,
              18.52741
            ],
            [
              73.777253,
              18.52738
            ],
            [
              73.777428,
              18.52734
            ],
            [
              73.777501,
              18.527323
            ],
            [
              73.777633,
              18.527282
            ],
            [
              73.777776,
              18.527237
            ],
            [
              73.777874,
              18.527187
            ],
            [
              73.777968,
              18.527139
            ],
            [
              73.778131,
              18.527188
            ],
            [
              73.778304,
              18.527239
            ],
            [
              73.778424,
              18.527313
            ],
            [
              73.778525,
              18.527374
            ],
            [
              73.77862,
              18.527395
            ],
            [
              73.778698,
              18.527413
            ],
            [
              73.778787,
              18.527438
            ],
            [
              73.778876,
              18.527466
            ],
            [
              73.779024,
              18.527379
            ],
            [
              73.779189,
              18.527283
            ],
            [
              73.779403,
              18.527159
            ],
            [
              73.779583,
              18.527053
            ],
            [
              73.779814,
              18.526917
            ],
            [
              73.779975,
              18.526824
            ],
            [
              73.779991,
              18.526814
            ],
            [
              73.780044,
              18.526779
            ],
            [
              73.780129,
              18.526722
            ],
            [
              73.780254,
              18.52664
            ],
            [
              73.780349,
              18.526577
            ],
            [
              73.780435,
              18.526519
            ],
            [
              73.780544,
              18.526447
            ],
            [
              73.780689,
              18.526351
            ],
            [
              73.780847,
              18.526246
            ],
            [
              73.781041,
              18.526117
            ],
            [
              73.78115,
              18.526044
            ],
            [
              73.781281,
              18.525958
            ],
            [
              73.781438,
              18.525853
            ],
            [
              73.781565,
              18.525769
            ],
            [
              73.781527,
              18.525669
            ],
            [
              73.781467,
              18.525514
            ],
            [
              73.781582,
              18.525445
            ],
            [
              73.781759,
              18.52534
            ],
            [
              73.78195,
              18.525225
            ],
            [
              73.782128,
              18.525119
            ],
            [
              73.782248,
              18.525047
            ],
            [
              73.782266,
              18.525037
            ],
            [
              73.782383,
              18.524957
            ],
            [
              73.782557,
              18.524837
            ],
            [
              73.782724,
              18.524723
            ],
            [
              73.782937,
              18.524578
            ],
            [
              73.783009,
              18.524528
            ],
            [
              73.783182,
              18.524424
            ],
            [
              73.783412,
              18.524285
            ],
            [
              73.783375,
              18.524166
            ],
            [
              73.783351,
              18.524091
            ],
            [
              73.783323,
              18.524035
            ],
            [
              73.783228,
              18.523846
            ],
            [
              73.783134,
              18.523661
            ],
            [
              73.783045,
              18.523486
            ],
            [
              73.783204,
              18.523392
            ],
            [
              73.783409,
              18.523272
            ],
            [
              73.783592,
              18.523165
            ],
            [
              73.783655,
              18.523128
            ],
            [
              73.783755,
              18.522987
            ],
            [
              73.783772,
              18.5228
            ],
            [
              73.783796,
              18.522541
            ],
            [
              73.783816,
              18.522329
            ],
            [
              73.783923,
              18.522183
            ],
            [
              73.784069,
              18.521986
            ],
            [
              73.78425,
              18.521737
            ],
            [
              73.784418,
              18.521523
            ],
            [
              73.784699,
              18.521163
            ],
            [
              73.784873,
              18.520941
            ],
            [
              73.785013,
              18.520811
            ],
            [
              73.785236,
              18.520605
            ],
            [
              73.785257,
              18.520586
            ],
            [
              73.785273,
              18.520571
            ],
            [
              73.785293,
              18.520552
            ],
            [
              73.78532,
              18.520527
            ],
            [
              73.785356,
              18.520494
            ],
            [
              73.785397,
              18.520456
            ],
            [
              73.785431,
              18.520424
            ],
            [
              73.785471,
              18.520386
            ],
            [
              73.785507,
              18.520353
            ],
            [
              73.785545,
              18.520317
            ],
            [
              73.785573,
              18.52029
            ],
            [
              73.785596,
              18.520269
            ],
            [
              73.785602,
              18.52026
            ],
            [
              73.785636,
              18.520214
            ],
            [
              73.785673,
              18.520163
            ],
            [
              73.78569,
              18.52014
            ],
            [
              73.785723,
              18.520096
            ],
            [
              73.785747,
              18.520064
            ],
            [
              73.785773,
              18.520029
            ],
            [
              73.785797,
              18.519996
            ],
            [
              73.785816,
              18.519971
            ],
            [
              73.785837,
              18.519942
            ],
            [
              73.785853,
              18.519921
            ],
            [
              73.785859,
              18.519912
            ],
            [
              73.785865,
              18.519904
            ],
            [
              73.785875,
              18.519887
            ],
            [
              73.785898,
              18.519852
            ],
            [
              73.785908,
              18.519834
            ],
            [
              73.785919,
              18.519816
            ],
            [
              73.785932,
              18.519796
            ],
            [
              73.785951,
              18.519768
            ],
            [
              73.785975,
              18.51973
            ],
            [
              73.786003,
              18.519686
            ],
            [
              73.786046,
              18.51962
            ],
            [
              73.786084,
              18.519561
            ],
            [
              73.786123,
              18.519501
            ],
            [
              73.786173,
              18.519423
            ],
            [
              73.786226,
              18.51934
            ],
            [
              73.786256,
              18.519293
            ],
            [
              73.786297,
              18.519228
            ],
            [
              73.786313,
              18.519203
            ],
            [
              73.786332,
              18.519174
            ],
            [
              73.786345,
              18.519152
            ],
            [
              73.786352,
              18.519141
            ],
            [
              73.786414,
              18.519096
            ],
            [
              73.786472,
              18.519053
            ],
            [
              73.786569,
              18.518982
            ],
            [
              73.786688,
              18.518894
            ],
            [
              73.786808,
              18.518805
            ],
            [
              73.786889,
              18.518745
            ],
            [
              73.786935,
              18.518712
            ],
            [
              73.786962,
              18.518692
            ],
            [
              73.787043,
              18.5187
            ],
            [
              73.787157,
              18.518711
            ],
            [
              73.787317,
              18.518727
            ],
            [
              73.787465,
              18.518742
            ],
            [
              73.787605,
              18.518757
            ],
            [
              73.787741,
              18.518772
            ],
            [
              73.787916,
              18.51879
            ],
            [
              73.787962,
              18.518795
            ],
            [
              73.788039,
              18.518788
            ],
            [
              73.788187,
              18.518773
            ],
            [
              73.788361,
              18.518757
            ],
            [
              73.788389,
              18.518754
            ],
            [
              73.788428,
              18.518749
            ],
            [
              73.788491,
              18.518741
            ],
            [
              73.788566,
              18.518732
            ],
            [
              73.788626,
              18.518724
            ],
            [
              73.788738,
              18.518697
            ],
            [
              73.788887,
              18.518662
            ],
            [
              73.789038,
              18.518625
            ],
            [
              73.789129,
              18.518603
            ],
            [
              73.789254,
              18.518572
            ],
            [
              73.789379,
              18.518542
            ],
            [
              73.789443,
              18.518526
            ],
            [
              73.789509,
              18.518498
            ],
            [
              73.789629,
              18.518446
            ],
            [
              73.789765,
              18.518388
            ],
            [
              73.789821,
              18.518363
            ],
            [
              73.789868,
              18.518343
            ],
            [
              73.78991,
              18.518325
            ],
            [
              73.789947,
              18.518309
            ],
            [
              73.789982,
              18.518294
            ],
            [
              73.790035,
              18.518271
            ],
            [
              73.790082,
              18.518251
            ],
            [
              73.790138,
              18.518227
            ],
            [
              73.790175,
              18.518211
            ],
            [
              73.79019,
              18.518204
            ],
            [
              73.790238,
              18.518172
            ],
            [
              73.7903,
              18.518129
            ],
            [
              73.790371,
              18.51808
            ],
            [
              73.790466,
              18.518014
            ],
            [
              73.790542,
              18.517961
            ],
            [
              73.790577,
              18.517938
            ],
            [
              73.790623,
              18.517906
            ],
            [
              73.79067,
              18.517874
            ],
            [
              73.790691,
              18.517859
            ],
            [
              73.790721,
              18.517836
            ],
            [
              73.79075,
              18.517815
            ],
            [
              73.790785,
              18.51779
            ],
            [
              73.790819,
              18.517763
            ],
            [
              73.790846,
              18.517743
            ],
            [
              73.790877,
              18.51772
            ],
            [
              73.790936,
              18.517677
            ],
            [
              73.791002,
              18.517627
            ],
            [
              73.791046,
              18.517595
            ],
            [
              73.791095,
              18.517558
            ],
            [
              73.791145,
              18.517521
            ],
            [
              73.791187,
              18.51749
            ],
            [
              73.791247,
              18.517462
            ],
            [
              73.791323,
              18.517428
            ],
            [
              73.791388,
              18.517398
            ],
            [
              73.791451,
              18.517369
            ],
            [
              73.791499,
              18.51738
            ],
            [
              73.791581,
              18.517398
            ],
            [
              73.791658,
              18.517415
            ],
            [
              73.791769,
              18.517439
            ],
            [
              73.791893,
              18.517467
            ],
            [
              73.791947,
              18.517506
            ],
            [
              73.792017,
              18.517556
            ],
            [
              73.79211,
              18.517622
            ],
            [
              73.79221,
              18.517694
            ],
            [
              73.792258,
              18.517728
            ],
            [
              73.792279,
              18.517743
            ],
            [
              73.792294,
              18.517754
            ],
            [
              73.792325,
              18.517775
            ],
            [
              73.792359,
              18.517798
            ],
            [
              73.792394,
              18.517822
            ],
            [
              73.792428,
              18.517844
            ],
            [
              73.792463,
              18.517868
            ],
            [
              73.792496,
              18.51789
            ],
            [
              73.792538,
              18.517918
            ],
            [
              73.792578,
              18.517945
            ],
            [
              73.792615,
              18.517971
            ],
            [
              73.792649,
              18.517994
            ],
            [
              73.792688,
              18.51802
            ],
            [
              73.79272,
              18.518041
            ],
            [
              73.792725,
              18.518044
            ],
            [
              73.792748,
              18.518058
            ],
            [
              73.792791,
              18.518083
            ],
            [
              73.792838,
              18.51811
            ],
            [
              73.792875,
              18.518133
            ],
            [
              73.792886,
              18.518137
            ],
            [
              73.792919,
              18.51815
            ],
            [
              73.792975,
              18.518172
            ],
            [
              73.793045,
              18.518199
            ],
            [
              73.79308,
              18.518213
            ],
            [
              73.793138,
              18.518236
            ],
            [
              73.793194,
              18.518257
            ],
            [
              73.793231,
              18.518272
            ],
            [
              73.79327,
              18.518287
            ],
            [
              73.793291,
              18.518296
            ],
            [
              73.793313,
              18.518308
            ],
            [
              73.793356,
              18.51833
            ],
            [
              73.793383,
              18.518344
            ],
            [
              73.793415,
              18.518361
            ],
            [
              73.793457,
              18.518384
            ],
            [
              73.793528,
              18.518389
            ],
            [
              73.793689,
              18.518402
            ],
            [
              73.793805,
              18.518411
            ],
            [
              73.793922,
              18.518421
            ],
            [
              73.794074,
              18.518432
            ],
            [
              73.794167,
              18.51844
            ],
            [
              73.794239,
              18.518446
            ],
            [
              73.794288,
              18.518474
            ],
            [
              73.794361,
              18.518517
            ],
            [
              73.794425,
              18.518555
            ],
            [
              73.794495,
              18.518595
            ],
            [
              73.794567,
              18.518637
            ],
            [
              73.794599,
              18.518656
            ],
            [
              73.794634,
              18.518677
            ],
            [
              73.794668,
              18.518697
            ],
            [
              73.794708,
              18.51872
            ],
            [
              73.794721,
              18.518732
            ],
            [
              73.794745,
              18.518753
            ],
            [
              73.794789,
              18.518791
            ],
            [
              73.794832,
              18.518829
            ],
            [
              73.794889,
              18.51888
            ],
            [
              73.794943,
              18.518927
            ],
            [
              73.795006,
              18.518982
            ],
            [
              73.795074,
              18.519041
            ],
            [
              73.795128,
              18.519095
            ],
            [
              73.795182,
              18.519147
            ],
            [
              73.795238,
              18.5192
            ],
            [
              73.795295,
              18.519256
            ],
            [
              73.795353,
              18.519313
            ],
            [
              73.79541,
              18.519368
            ],
            [
              73.795441,
              18.51942
            ],
            [
              73.795496,
              18.519515
            ],
            [
              73.795557,
              18.519618
            ],
            [
              73.795617,
              18.519721
            ],
            [
              73.795658,
              18.519774
            ],
            [
              73.795712,
              18.519842
            ],
            [
              73.795771,
              18.519917
            ],
            [
              73.795838,
              18.520001
            ],
            [
              73.79589,
              18.520066
            ],
            [
              73.795956,
              18.52015
            ],
            [
              73.79601,
              18.520218
            ],
            [
              73.796058,
              18.520272
            ],
            [
              73.796087,
              18.520305
            ],
            [
              73.796111,
              18.520333
            ],
            [
              73.796155,
              18.520383
            ],
            [
              73.796203,
              18.520437
            ],
            [
              73.796255,
              18.520496
            ],
            [
              73.796324,
              18.520574
            ],
            [
              73.796391,
              18.520678
            ],
            [
              73.79646,
              18.520786
            ],
            [
              73.796503,
              18.520854
            ],
            [
              73.79657,
              18.520921
            ],
            [
              73.796612,
              18.520965
            ],
            [
              73.79669,
              18.521045
            ],
            [
              73.796747,
              18.521104
            ],
            [
              73.796815,
              18.521174
            ],
            [
              73.796902,
              18.521252
            ],
            [
              73.79699,
              18.521331
            ],
            [
              73.797058,
              18.521393
            ],
            [
              73.797124,
              18.521452
            ],
            [
              73.797171,
              18.521513
            ],
            [
              73.797237,
              18.521599
            ],
            [
              73.797315,
              18.5217
            ],
            [
              73.797335,
              18.521726
            ],
            [
              73.797386,
              18.521792
            ],
            [
              73.79743,
              18.52185
            ],
            [
              73.797491,
              18.521928
            ],
            [
              73.797504,
              18.521939
            ],
            [
              73.797556,
              18.521979
            ],
            [
              73.797617,
              18.522026
            ],
            [
              73.797682,
              18.522076
            ],
            [
              73.797743,
              18.522123
            ],
            [
              73.797782,
              18.522152
            ],
            [
              73.797799,
              18.522165
            ],
            [
              73.797844,
              18.522199
            ],
            [
              73.797915,
              18.522254
            ],
            [
              73.797953,
              18.522283
            ],
            [
              73.798011,
              18.522328
            ],
            [
              73.798067,
              18.522371
            ],
            [
              73.79814,
              18.522428
            ],
            [
              73.798233,
              18.5225
            ],
            [
              73.798281,
              18.522531
            ],
            [
              73.798333,
              18.522566
            ],
            [
              73.798388,
              18.522603
            ],
            [
              73.798456,
              18.522648
            ],
            [
              73.798533,
              18.522699
            ],
            [
              73.798585,
              18.522761
            ],
            [
              73.798673,
              18.522867
            ],
            [
              73.798735,
              18.522931
            ],
            [
              73.798811,
              18.52301
            ],
            [
              73.798864,
              18.52303
            ],
            [
              73.798936,
              18.523057
            ],
            [
              73.799007,
              18.523083
            ],
            [
              73.799072,
              18.523107
            ],
            [
              73.799148,
              18.523136
            ],
            [
              73.799214,
              18.523161
            ],
            [
              73.799275,
              18.523184
            ],
            [
              73.799332,
              18.523205
            ],
            [
              73.799382,
              18.523224
            ],
            [
              73.799442,
              18.523242
            ],
            [
              73.799521,
              18.523266
            ],
            [
              73.799589,
              18.523286
            ],
            [
              73.799647,
              18.523304
            ],
            [
              73.7997,
              18.52332
            ],
            [
              73.799745,
              18.52334
            ],
            [
              73.799789,
              18.52336
            ],
            [
              73.79984,
              18.523383
            ],
            [
              73.79991,
              18.523406
            ],
            [
              73.799996,
              18.523434
            ],
            [
              73.800109,
              18.52345
            ],
            [
              73.800156,
              18.523456
            ],
            [
              73.800215,
              18.523465
            ],
            [
              73.800316,
              18.523477
            ],
            [
              73.800426,
              18.523491
            ],
            [
              73.800546,
              18.523506
            ],
            [
              73.800586,
              18.523511
            ],
            [
              73.800675,
              18.523532
            ],
            [
              73.800777,
              18.523556
            ],
            [
              73.800858,
              18.523576
            ],
            [
              73.801037,
              18.523618
            ],
            [
              73.801134,
              18.523625
            ],
            [
              73.801281,
              18.523636
            ],
            [
              73.801444,
              18.523648
            ],
            [
              73.801645,
              18.523663
            ],
            [
              73.801742,
              18.523679
            ],
            [
              73.801809,
              18.52369
            ],
            [
              73.801882,
              18.523704
            ],
            [
              73.80194,
              18.523716
            ],
            [
              73.802006,
              18.523767
            ],
            [
              73.80207,
              18.523817
            ],
            [
              73.802125,
              18.523859
            ],
            [
              73.802214,
              18.5239
            ],
            [
              73.802316,
              18.523946
            ],
            [
              73.80241,
              18.523981
            ],
            [
              73.802479,
              18.524006
            ],
            [
              73.802577,
              18.524047
            ],
            [
              73.802654,
              18.524079
            ],
            [
              73.80277,
              18.524082
            ],
            [
              73.802961,
              18.524087
            ],
            [
              73.803135,
              18.524095
            ],
            [
              73.803271,
              18.524083
            ],
            [
              73.803437,
              18.524067
            ],
            [
              73.80353,
              18.524069
            ],
            [
              73.803668,
              18.524072
            ],
            [
              73.803765,
              18.524115
            ],
            [
              73.803851,
              18.524154
            ],
            [
              73.803866,
              18.524157
            ],
            [
              73.803923,
              18.524179
            ],
            [
              73.804029,
              18.524219
            ],
            [
              73.804139,
              18.52426
            ],
            [
              73.80423,
              18.524294
            ],
            [
              73.804295,
              18.524318
            ],
            [
              73.804401,
              18.524336
            ],
            [
              73.804548,
              18.524363
            ],
            [
              73.804662,
              18.524398
            ],
            [
              73.804748,
              18.524426
            ],
            [
              73.804814,
              18.524446
            ],
            [
              73.804973,
              18.524454
            ],
            [
              73.805166,
              18.524463
            ],
            [
              73.805431,
              18.524475
            ],
            [
              73.805649,
              18.524485
            ],
            [
              73.805835,
              18.524494
            ],
            [
              73.806095,
              18.524506
            ],
            [
              73.806175,
              18.52451
            ],
            [
              73.806235,
              18.524513
            ],
            [
              73.806295,
              18.524513
            ],
            [
              73.806381,
              18.524514
            ],
            [
              73.806477,
              18.524515
            ],
            [
              73.806597,
              18.524515
            ],
            [
              73.806726,
              18.524516
            ],
            [
              73.806915,
              18.524518
            ],
            [
              73.806994,
              18.524518
            ],
            [
              73.8071,
              18.524541
            ],
            [
              73.80721,
              18.524564
            ],
            [
              73.807299,
              18.524591
            ],
            [
              73.807368,
              18.524611
            ],
            [
              73.80738,
              18.524613
            ],
            [
              73.807435,
              18.524621
            ],
            [
              73.807608,
              18.524642
            ],
            [
              73.807717,
              18.524698
            ],
            [
              73.807863,
              18.524772
            ],
            [
              73.808012,
              18.524771
            ],
            [
              73.808118,
              18.524771
            ],
            [
              73.808315,
              18.524784
            ],
            [
              73.808515,
              18.524797
            ],
            [
              73.808616,
              18.524803
            ],
            [
              73.808792,
              18.524805
            ],
            [
              73.808909,
              18.524806
            ],
            [
              73.80907,
              18.524798
            ],
            [
              73.809127,
              18.524794
            ],
            [
              73.809173,
              18.524792
            ],
            [
              73.809212,
              18.524793
            ],
            [
              73.809314,
              18.524797
            ],
            [
              73.809414,
              18.5248
            ],
            [
              73.809517,
              18.524776
            ],
            [
              73.809562,
              18.524766
            ],
            [
              73.809641,
              18.524737
            ],
            [
              73.809746,
              18.524699
            ],
            [
              73.809756,
              18.524695
            ],
            [
              73.809839,
              18.524655
            ],
            [
              73.809914,
              18.524618
            ],
            [
              73.809962,
              18.524594
            ],
            [
              73.810003,
              18.524575
            ],
            [
              73.810086,
              18.524535
            ],
            [
              73.810153,
              18.524504
            ],
            [
              73.810221,
              18.524471
            ],
            [
              73.810243,
              18.52446
            ],
            [
              73.810298,
              18.524432
            ],
            [
              73.810346,
              18.524407
            ],
            [
              73.810386,
              18.524387
            ],
            [
              73.810427,
              18.524366
            ],
            [
              73.81047,
              18.524344
            ],
            [
              73.810499,
              18.524329
            ],
            [
              73.810549,
              18.524311
            ],
            [
              73.810611,
              18.524289
            ],
            [
              73.810687,
              18.524261
            ],
            [
              73.8107,
              18.524252
            ],
            [
              73.81075,
              18.524222
            ],
            [
              73.810821,
              18.52418
            ],
            [
              73.810886,
              18.524141
            ],
            [
              73.810981,
              18.524136
            ],
            [
              73.811074,
              18.52413
            ],
            [
              73.81112,
              18.524128
            ],
            [
              73.81119,
              18.524137
            ],
            [
              73.811275,
              18.524148
            ],
            [
              73.811396,
              18.524165
            ],
            [
              73.811435,
              18.52417
            ],
            [
              73.811456,
              18.524172
            ],
            [
              73.811542,
              18.52418
            ],
            [
              73.811666,
              18.52419
            ],
            [
              73.811745,
              18.524197
            ],
            [
              73.811779,
              18.524201
            ],
            [
              73.81184,
              18.524209
            ],
            [
              73.811938,
              18.524221
            ],
            [
              73.812015,
              18.52423
            ],
            [
              73.81211,
              18.524241
            ],
            [
              73.812199,
              18.524251
            ],
            [
              73.812289,
              18.524259
            ],
            [
              73.812369,
              18.524266
            ],
            [
              73.812408,
              18.52427
            ],
            [
              73.812489,
              18.524302
            ],
            [
              73.812514,
              18.524312
            ],
            [
              73.812537,
              18.524322
            ],
            [
              73.81257,
              18.524334
            ],
            [
              73.81263,
              18.524354
            ],
            [
              73.812694,
              18.524377
            ],
            [
              73.812762,
              18.524403
            ],
            [
              73.812823,
              18.524426
            ],
            [
              73.812846,
              18.524435
            ],
            [
              73.812892,
              18.524452
            ],
            [
              73.812952,
              18.524471
            ],
            [
              73.813031,
              18.524496
            ],
            [
              73.813063,
              18.524506
            ],
            [
              73.813082,
              18.524512
            ],
            [
              73.813126,
              18.524529
            ],
            [
              73.813192,
              18.524551
            ],
            [
              73.813239,
              18.524569
            ],
            [
              73.813301,
              18.52459
            ],
            [
              73.813354,
              18.524614
            ],
            [
              73.813412,
              18.524639
            ],
            [
              73.813505,
              18.52467
            ],
            [
              73.813583,
              18.524696
            ],
            [
              73.813603,
              18.524703
            ],
            [
              73.813674,
              18.52473
            ],
            [
              73.813716,
              18.524746
            ],
            [
              73.813809,
              18.524781
            ],
            [
              73.813849,
              18.524797
            ],
            [
              73.813912,
              18.524822
            ],
            [
              73.813962,
              18.524841
            ],
            [
              73.814045,
              18.524874
            ],
            [
              73.814118,
              18.524903
            ],
            [
              73.814136,
              18.52491
            ],
            [
              73.814185,
              18.524934
            ],
            [
              73.814253,
              18.524968
            ],
            [
              73.814318,
              18.525
            ],
            [
              73.814385,
              18.525026
            ],
            [
              73.814443,
              18.525049
            ],
            [
              73.814502,
              18.525071
            ],
            [
              73.81455,
              18.525089
            ],
            [
              73.814597,
              18.525111
            ],
            [
              73.814658,
              18.525138
            ],
            [
              73.814677,
              18.525147
            ],
            [
              73.814711,
              18.525168
            ],
            [
              73.814747,
              18.525191
            ],
            [
              73.814781,
              18.525212
            ],
            [
              73.814813,
              18.525233
            ],
            [
              73.814823,
              18.525237
            ],
            [
              73.814872,
              18.525262
            ],
            [
              73.814924,
              18.525289
            ],
            [
              73.814971,
              18.525312
            ],
            [
              73.815018,
              18.525335
            ],
            [
              73.815072,
              18.525362
            ],
            [
              73.815119,
              18.525381
            ],
            [
              73.815166,
              18.5254
            ],
            [
              73.815207,
              18.525423
            ],
            [
              73.815263,
              18.525454
            ],
            [
              73.815295,
              18.525515
            ],
            [
              73.815333,
              18.525588
            ],
            [
              73.815389,
              18.525626
            ],
            [
              73.815464,
              18.525678
            ],
            [
              73.815496,
              18.525738
            ],
            [
              73.815526,
              18.525795
            ],
            [
              73.815571,
              18.525851
            ],
            [
              73.815627,
              18.525921
            ],
            [
              73.815667,
              18.525971
            ],
            [
              73.8157,
              18.526088
            ],
            [
              73.815744,
              18.526243
            ],
            [
              73.815755,
              18.526279
            ],
            [
              73.815785,
              18.526341
            ],
            [
              73.815822,
              18.526417
            ],
            [
              73.815869,
              18.526512
            ],
            [
              73.815914,
              18.526581
            ],
            [
              73.815977,
              18.526675
            ],
            [
              73.816036,
              18.526763
            ],
            [
              73.816067,
              18.526848
            ],
            [
              73.816107,
              18.526956
            ],
            [
              73.816149,
              18.527067
            ],
            [
              73.816159,
              18.527096
            ],
            [
              73.816175,
              18.527169
            ],
            [
              73.816197,
              18.527264
            ],
            [
              73.816229,
              18.527409
            ],
            [
              73.816239,
              18.527481
            ],
            [
              73.816256,
              18.5276
            ],
            [
              73.816267,
              18.527675
            ],
            [
              73.816274,
              18.527722
            ],
            [
              73.816286,
              18.527792
            ],
            [
              73.816305,
              18.527893
            ],
            [
              73.816309,
              18.527916
            ],
            [
              73.816325,
              18.528017
            ],
            [
              73.816344,
              18.528139
            ],
            [
              73.816316,
              18.528189
            ],
            [
              73.816291,
              18.528231
            ],
            [
              73.81625,
              18.528275
            ],
            [
              73.816212,
              18.528315
            ],
            [
              73.816189,
              18.528383
            ],
            [
              73.816168,
              18.528448
            ],
            [
              73.816189,
              18.528532
            ],
            [
              73.81622,
              18.528656
            ],
            [
              73.816273,
              18.528724
            ],
            [
              73.816343,
              18.528815
            ],
            [
              73.816397,
              18.528868
            ],
            [
              73.816471,
              18.528943
            ],
            [
              73.816502,
              18.528974
            ],
            [
              73.816542,
              18.529044
            ],
            [
              73.8166,
              18.529147
            ],
            [
              73.816625,
              18.52919
            ],
            [
              73.816671,
              18.529256
            ],
            [
              73.816737,
              18.529349
            ],
            [
              73.816803,
              18.529444
            ],
            [
              73.816873,
              18.529543
            ],
            [
              73.816895,
              18.529574
            ],
            [
              73.816904,
              18.529587
            ],
            [
              73.816933,
              18.529631
            ],
            [
              73.816987,
              18.529714
            ],
            [
              73.817024,
              18.529771
            ],
            [
              73.81704,
              18.529796
            ],
            [
              73.817073,
              18.529847
            ],
            [
              73.817132,
              18.529938
            ],
            [
              73.817173,
              18.53
            ],
            [
              73.817221,
              18.530058
            ],
            [
              73.817251,
              18.530094
            ],
            [
              73.817293,
              18.530145
            ],
            [
              73.817336,
              18.530197
            ],
            [
              73.817356,
              18.530221
            ],
            [
              73.817391,
              18.530263
            ],
            [
              73.817434,
              18.530315
            ],
            [
              73.817452,
              18.530337
            ],
            [
              73.817463,
              18.530351
            ],
            [
              73.817484,
              18.530378
            ],
            [
              73.817523,
              18.530428
            ],
            [
              73.817575,
              18.530497
            ],
            [
              73.817634,
              18.530573
            ],
            [
              73.817686,
              18.53064
            ],
            [
              73.8177,
              18.530658
            ],
            [
              73.817735,
              18.53072
            ],
            [
              73.817783,
              18.530802
            ],
            [
              73.817829,
              18.530882
            ],
            [
              73.817884,
              18.530978
            ],
            [
              73.817947,
              18.531086
            ],
            [
              73.817996,
              18.531171
            ],
            [
              73.81803,
              18.531241
            ],
            [
              73.818069,
              18.53132
            ],
            [
              73.818119,
              18.531421
            ],
            [
              73.818166,
              18.531519
            ],
            [
              73.818174,
              18.531533
            ],
            [
              73.818215,
              18.531636
            ],
            [
              73.818246,
              18.531714
            ],
            [
              73.818264,
              18.531757
            ],
            [
              73.818277,
              18.531789
            ],
            [
              73.8183,
              18.531844
            ],
            [
              73.818336,
              18.53193
            ],
            [
              73.818355,
              18.531976
            ],
            [
              73.818392,
              18.532061
            ],
            [
              73.818406,
              18.532097
            ],
            [
              73.818437,
              18.532157
            ],
            [
              73.818441,
              18.532165
            ],
            [
              73.818495,
              18.532271
            ],
            [
              73.818546,
              18.532371
            ],
            [
              73.81857,
              18.532418
            ],
            [
              73.818602,
              18.532485
            ],
            [
              73.818637,
              18.53256
            ],
            [
              73.818684,
              18.53266
            ],
            [
              73.818719,
              18.532734
            ],
            [
              73.81874,
              18.532778
            ],
            [
              73.818801,
              18.532855
            ],
            [
              73.818884,
              18.532958
            ],
            [
              73.81901,
              18.533116
            ],
            [
              73.81906,
              18.533179
            ],
            [
              73.819124,
              18.533271
            ],
            [
              73.819203,
              18.533385
            ],
            [
              73.819287,
              18.533506
            ],
            [
              73.819382,
              18.533642
            ],
            [
              73.819481,
              18.533737
            ],
            [
              73.819618,
              18.533866
            ],
            [
              73.819739,
              18.533982
            ],
            [
              73.819797,
              18.534037
            ],
            [
              73.819815,
              18.534053
            ],
            [
              73.819887,
              18.534127
            ],
            [
              73.819993,
              18.534235
            ],
            [
              73.820049,
              18.534292
            ],
            [
              73.820117,
              18.534361
            ],
            [
              73.820204,
              18.534449
            ],
            [
              73.820274,
              18.53452
            ],
            [
              73.820317,
              18.534558
            ],
            [
              73.820378,
              18.53461
            ],
            [
              73.820454,
              18.534676
            ],
            [
              73.820513,
              18.534728
            ],
            [
              73.820602,
              18.534804
            ],
            [
              73.820682,
              18.534873
            ],
            [
              73.820742,
              18.534925
            ],
            [
              73.820771,
              18.534951
            ],
            [
              73.820788,
              18.534965
            ],
            [
              73.820821,
              18.534993
            ],
            [
              73.82088,
              18.535045
            ],
            [
              73.820947,
              18.535103
            ],
            [
              73.821017,
              18.535164
            ],
            [
              73.821128,
              18.535191
            ],
            [
              73.821229,
              18.535216
            ],
            [
              73.821341,
              18.535243
            ],
            [
              73.821361,
              18.535248
            ],
            [
              73.821372,
              18.535252
            ],
            [
              73.821404,
              18.535264
            ],
            [
              73.821517,
              18.535306
            ],
            [
              73.821652,
              18.535357
            ],
            [
              73.821772,
              18.535401
            ],
            [
              73.821794,
              18.53541
            ],
            [
              73.821856,
              18.535437
            ],
            [
              73.821958,
              18.53548
            ],
            [
              73.822044,
              18.535517
            ],
            [
              73.822142,
              18.535575
            ],
            [
              73.822223,
              18.535623
            ],
            [
              73.822324,
              18.535684
            ],
            [
              73.822433,
              18.535749
            ],
            [
              73.822494,
              18.535785
            ],
            [
              73.822551,
              18.535816
            ],
            [
              73.822651,
              18.53587
            ],
            [
              73.822723,
              18.535909
            ],
            [
              73.822776,
              18.535938
            ],
            [
              73.822854,
              18.53598
            ],
            [
              73.822924,
              18.536019
            ],
            [
              73.822996,
              18.53606
            ],
            [
              73.82306,
              18.536098
            ],
            [
              73.823145,
              18.536147
            ],
            [
              73.823242,
              18.536202
            ],
            [
              73.823329,
              18.536249
            ],
            [
              73.823425,
              18.536301
            ],
            [
              73.823516,
              18.53635
            ],
            [
              73.823571,
              18.536379
            ],
            [
              73.823645,
              18.536419
            ],
            [
              73.823712,
              18.536455
            ],
            [
              73.823775,
              18.536491
            ],
            [
              73.823851,
              18.536536
            ],
            [
              73.823944,
              18.53659
            ],
            [
              73.824003,
              18.536624
            ],
            [
              73.824071,
              18.536664
            ],
            [
              73.824107,
              18.536684
            ],
            [
              73.824154,
              18.536712
            ],
            [
              73.824222,
              18.536751
            ],
            [
              73.824282,
              18.536786
            ],
            [
              73.824355,
              18.536829
            ],
            [
              73.824461,
              18.536908
            ],
            [
              73.824534,
              18.536962
            ],
            [
              73.824641,
              18.537042
            ],
            [
              73.824755,
              18.537127
            ]
          ]
        ]
      },
      "properties": {
        "city_id": "pune",
        "ward_id": "pun-001",
        "ward_name": "Admin Ward 01 Aundh",
        "corporation": "Pune Municipal Corporation",
        "zone": "Admin Ward 01 Aundh",
        "area_sqkm": 40.26,
        "centroid": [
          73.794912,
          18.546629
        ]
      }
    },
    {
      "type": "Feature",
      "id": "pun-002",
      "geometry": {
        "type": "Polygon",
        "coordinates": [
          [
            [
              73.861902,
              18.533236
            ],
            [
              73.862184,
              18.533796
            ],
            [
              73.862417,
              18.534249
            ],
            [
              73.862614,
              18.534638
            ],
            [
              73.863274,
              18.535639
            ],
            [
              73.864135,
              18.536945
            ],
            [
              73.866462,
              18.538579
            ],
            [
              73.867519,
              18.539385
            ],
            [
              73.869461,
              18.540182
            ],
            [
              73.871768,
              18.540813
            ],
            [
              73.872028,
              18.540885
            ],
            [
              73.873238,
              18.541074
            ],
            [
              73.873198,
              18.541338
            ],
            [
              73.873094,
              18.541979
            ],
            [
              73.873017,
              18.542459
            ],
            [
              73.872944,
              18.543077
            ],
            [
              73.87249,
              18.542912
            ],
            [
              73.872043,
              18.542715
            ],
            [
              73.871044,
              18.542392
            ],
            [
              73.869759,
              18.542006
            ],
            [
              73.868372,
              18.541878
            ],
            [
              73.868131,
              18.541857
            ],
            [
              73.867514,
              18.541891
            ],
            [
              73.867137,
              18.541907
            ],
            [
              73.865978,
              18.541982
            ],
            [
              73.865808,
              18.54171
            ],
            [
              73.865652,
              18.541464
            ],
            [
              73.865403,
              18.541173
            ],
            [
              73.865271,
              18.54102
            ],
            [
              73.865087,
              18.540756
            ],
            [
              73.864945,
              18.54056
            ],
            [
              73.864733,
              18.540272
            ],
            [
              73.864783,
              18.540121
            ],
            [
              73.864801,
              18.539949
            ],
            [
              73.864804,
              18.539644
            ],
            [
              73.864743,
              18.539423
            ],
            [
              73.864718,
              18.539331
            ],
            [
              73.864922,
              18.5392
            ],
            [
              73.865089,
              18.539097
            ],
            [
              73.864893,
              18.538753
            ],
            [
              73.864801,
              18.538784
            ],
            [
              73.86463,
              18.538792
            ],
            [
              73.864417,
              18.538802
            ],
            [
              73.86422,
              18.538421
            ],
            [
              73.864063,
              18.538133
            ],
            [
              73.863796,
              18.537882
            ],
            [
              73.863676,
              18.537768
            ],
            [
              73.863492,
              18.537762
            ],
            [
              73.863255,
              18.537949
            ],
            [
              73.863193,
              18.538132
            ],
            [
              73.863105,
              18.538384
            ],
            [
              73.86303,
              18.538785
            ],
            [
              73.863122,
              18.538906
            ],
            [
              73.863147,
              18.53894
            ],
            [
              73.863215,
              18.539071
            ],
            [
              73.863237,
              18.539339
            ],
            [
              73.863315,
              18.539632
            ],
            [
              73.863387,
              18.539893
            ],
            [
              73.863492,
              18.540154
            ],
            [
              73.863708,
              18.540497
            ],
            [
              73.863723,
              18.540522
            ],
            [
              73.863809,
              18.540704
            ],
            [
              73.863951,
              18.540747
            ],
            [
              73.864246,
              18.540638
            ],
            [
              73.864475,
              18.540462
            ],
            [
              73.864697,
              18.540336
            ],
            [
              73.864889,
              18.540576
            ],
            [
              73.865291,
              18.541075
            ],
            [
              73.865336,
              18.541133
            ],
            [
              73.865413,
              18.541244
            ],
            [
              73.865487,
              18.541352
            ],
            [
              73.865578,
              18.541481
            ],
            [
              73.865759,
              18.541742
            ],
            [
              73.865948,
              18.542016
            ],
            [
              73.864963,
              18.542251
            ],
            [
              73.864568,
              18.542343
            ],
            [
              73.864467,
              18.54232
            ],
            [
              73.86354,
              18.5425
            ],
            [
              73.862638,
              18.542631
            ],
            [
              73.862114,
              18.542708
            ],
            [
              73.86147,
              18.54258
            ],
            [
              73.861075,
              18.542629
            ],
            [
              73.860762,
              18.542923
            ],
            [
              73.860597,
              18.543075
            ],
            [
              73.860331,
              18.543348
            ],
            [
              73.860027,
              18.543323
            ],
            [
              73.859822,
              18.543242
            ],
            [
              73.859444,
              18.543152
            ],
            [
              73.859222,
              18.543092
            ],
            [
              73.858944,
              18.543047
            ],
            [
              73.858619,
              18.542985
            ],
            [
              73.85812,
              18.542976
            ],
            [
              73.857997,
              18.542974
            ],
            [
              73.857764,
              18.542957
            ],
            [
              73.857522,
              18.542935
            ],
            [
              73.857444,
              18.542942
            ],
            [
              73.857351,
              18.542954
            ],
            [
              73.857238,
              18.542967
            ],
            [
              73.857158,
              18.542979
            ],
            [
              73.857056,
              18.543002
            ],
            [
              73.856936,
              18.543034
            ],
            [
              73.856789,
              18.542956
            ],
            [
              73.856706,
              18.542914
            ],
            [
              73.856608,
              18.542869
            ],
            [
              73.856557,
              18.542845
            ],
            [
              73.856378,
              18.542824
            ],
            [
              73.856182,
              18.5428
            ],
            [
              73.856025,
              18.542783
            ],
            [
              73.855803,
              18.542756
            ],
            [
              73.855654,
              18.542737
            ],
            [
              73.855498,
              18.542708
            ],
            [
              73.855347,
              18.542678
            ],
            [
              73.855218,
              18.542652
            ],
            [
              73.855187,
              18.542645
            ],
            [
              73.854716,
              18.542442
            ],
            [
              73.854917,
              18.543365
            ],
            [
              73.85514,
              18.544397
            ],
            [
              73.855314,
              18.545203
            ],
            [
              73.855403,
              18.545487
            ],
            [
              73.855499,
              18.545797
            ],
            [
              73.855635,
              18.54632
            ],
            [
              73.855725,
              18.546571
            ],
            [
              73.855851,
              18.546925
            ],
            [
              73.855934,
              18.547159
            ],
            [
              73.856061,
              18.547532
            ],
            [
              73.856175,
              18.54787
            ],
            [
              73.856377,
              18.548329
            ],
            [
              73.856479,
              18.548556
            ],
            [
              73.856625,
              18.548931
            ],
            [
              73.856781,
              18.549329
            ],
            [
              73.857086,
              18.549782
            ],
            [
              73.857608,
              18.550605
            ],
            [
              73.857462,
              18.550703
            ],
            [
              73.857368,
              18.550766
            ],
            [
              73.856687,
              18.551136
            ],
            [
              73.856352,
              18.551277
            ],
            [
              73.856015,
              18.551421
            ],
            [
              73.855823,
              18.551102
            ],
            [
              73.855465,
              18.551375
            ],
            [
              73.854983,
              18.551743
            ],
            [
              73.854605,
              18.55204
            ],
            [
              73.854552,
              18.55192
            ],
            [
              73.854475,
              18.551677
            ],
            [
              73.85439,
              18.551509
            ],
            [
              73.854286,
              18.551295
            ],
            [
              73.854053,
              18.551323
            ],
            [
              73.853892,
              18.551342
            ],
            [
              73.853731,
              18.551365
            ],
            [
              73.853603,
              18.551386
            ],
            [
              73.853457,
              18.551421
            ],
            [
              73.853352,
              18.551447
            ],
            [
              73.853222,
              18.551462
            ],
            [
              73.853099,
              18.551479
            ],
            [
              73.852981,
              18.551279
            ],
            [
              73.852875,
              18.551121
            ],
            [
              73.852755,
              18.551046
            ],
            [
              73.852641,
              18.550977
            ],
            [
              73.852555,
              18.550872
            ],
            [
              73.852482,
              18.550721
            ],
            [
              73.852442,
              18.550639
            ],
            [
              73.85242,
              18.550435
            ],
            [
              73.852355,
              18.550332
            ],
            [
              73.852222,
              18.55018
            ],
            [
              73.852108,
              18.550083
            ],
            [
              73.852048,
              18.550034
            ],
            [
              73.851807,
              18.549754
            ],
            [
              73.851646,
              18.549564
            ],
            [
              73.851512,
              18.549415
            ],
            [
              73.851354,
              18.549242
            ],
            [
              73.851317,
              18.549203
            ],
            [
              73.851263,
              18.549153
            ],
            [
              73.851206,
              18.549105
            ],
            [
              73.851174,
              18.549082
            ],
            [
              73.851308,
              18.548703
            ],
            [
              73.85159,
              18.547928
            ],
            [
              73.851707,
              18.547613
            ],
            [
              73.851752,
              18.547415
            ],
            [
              73.851792,
              18.547233
            ],
            [
              73.851621,
              18.547207
            ],
            [
              73.851516,
              18.547187
            ],
            [
              73.851326,
              18.547135
            ],
            [
              73.851173,
              18.547093
            ],
            [
              73.851055,
              18.547059
            ],
            [
              73.850984,
              18.547044
            ],
            [
              73.850911,
              18.547038
            ],
            [
              73.850863,
              18.54703
            ],
            [
              73.850771,
              18.547034
            ],
            [
              73.850714,
              18.547035
            ],
            [
              73.850651,
              18.547147
            ],
            [
              73.850573,
              18.54727
            ],
            [
              73.850468,
              18.54734
            ],
            [
              73.8504,
              18.547387
            ],
            [
              73.85022,
              18.547446
            ],
            [
              73.85003,
              18.547446
            ],
            [
              73.849834,
              18.54743
            ],
            [
              73.849551,
              18.547372
            ],
            [
              73.849354,
              18.547347
            ],
            [
              73.849195,
              18.54732
            ],
            [
              73.848929,
              18.547256
            ],
            [
              73.848649,
              18.547145
            ],
            [
              73.848431,
              18.546996
            ],
            [
              73.848396,
              18.546971
            ],
            [
              73.848338,
              18.5469
            ],
            [
              73.848302,
              18.546858
            ],
            [
              73.848186,
              18.546798
            ],
            [
              73.84805,
              18.546714
            ],
            [
              73.848018,
              18.546695
            ],
            [
              73.847864,
              18.546658
            ],
            [
              73.847713,
              18.546616
            ],
            [
              73.847486,
              18.546549
            ],
            [
              73.847531,
              18.546405
            ],
            [
              73.847635,
              18.546032
            ],
            [
              73.847746,
              18.545631
            ],
            [
              73.847837,
              18.545292
            ],
            [
              73.847908,
              18.545054
            ],
            [
              73.847937,
              18.544959
            ],
            [
              73.8478,
              18.544962
            ],
            [
              73.847597,
              18.544967
            ],
            [
              73.847353,
              18.544972
            ],
            [
              73.847116,
              18.544978
            ],
            [
              73.846661,
              18.54499
            ],
            [
              73.846373,
              18.544995
            ],
            [
              73.845705,
              18.545
            ],
            [
              73.844969,
              18.544995
            ],
            [
              73.84423,
              18.544991
            ],
            [
              73.84322,
              18.544977
            ],
            [
              73.842013,
              18.544978
            ],
            [
              73.840844,
              18.544968
            ],
            [
              73.840038,
              18.544969
            ],
            [
              73.839354,
              18.544907
            ],
            [
              73.838811,
              18.544869
            ],
            [
              73.838015,
              18.544846
            ],
            [
              73.836864,
              18.544815
            ],
            [
              73.83647,
              18.544807
            ],
            [
              73.835095,
              18.544952
            ],
            [
              73.833918,
              18.545067
            ],
            [
              73.833512,
              18.545268
            ],
            [
              73.833287,
              18.544684
            ],
            [
              73.832409,
              18.543821
            ],
            [
              73.831897,
              18.543118
            ],
            [
              73.831284,
              18.542877
            ],
            [
              73.830759,
              18.542741
            ],
            [
              73.830032,
              18.542464
            ],
            [
              73.829563,
              18.542156
            ],
            [
              73.829186,
              18.541817
            ],
            [
              73.828719,
              18.541491
            ],
            [
              73.828205,
              18.541141
            ],
            [
              73.828027,
              18.541
            ],
            [
              73.827909,
              18.540893
            ],
            [
              73.8278,
              18.540784
            ],
            [
              73.827666,
              18.540626
            ],
            [
              73.827574,
              18.540474
            ],
            [
              73.827449,
              18.540299
            ],
            [
              73.827383,
              18.540089
            ],
            [
              73.827191,
              18.53981
            ],
            [
              73.82712,
              18.539658
            ],
            [
              73.827074,
              18.53955
            ],
            [
              73.827018,
              18.539411
            ],
            [
              73.826846,
              18.539216
            ],
            [
              73.826587,
              18.538891
            ],
            [
              73.826371,
              18.538656
            ],
            [
              73.826172,
              18.538476
            ],
            [
              73.826054,
              18.538368
            ],
            [
              73.825896,
              18.538187
            ],
            [
              73.825795,
              18.538074
            ],
            [
              73.825671,
              18.537964
            ],
            [
              73.825458,
              18.537777
            ],
            [
              73.825328,
              18.537645
            ],
            [
              73.825166,
              18.537477
            ],
            [
              73.824928,
              18.537261
            ],
            [
              73.824895,
              18.537232
            ],
            [
              73.824766,
              18.537134
            ],
            [
              73.824653,
              18.53705
            ],
            [
              73.82435,
              18.536825
            ],
            [
              73.824065,
              18.53666
            ],
            [
              73.823808,
              18.536512
            ],
            [
              73.823723,
              18.536462
            ],
            [
              73.823455,
              18.536317
            ],
            [
              73.82322,
              18.536191
            ],
            [
              73.822981,
              18.536052
            ],
            [
              73.822588,
              18.535836
            ],
            [
              73.82245,
              18.53576
            ],
            [
              73.82227,
              18.535653
            ],
            [
              73.822154,
              18.535583
            ],
            [
              73.822049,
              18.53552
            ],
            [
              73.821881,
              18.535447
            ],
            [
              73.821777,
              18.535403
            ],
            [
              73.821696,
              18.535373
            ],
            [
              73.821575,
              18.535328
            ],
            [
              73.82146,
              18.535285
            ],
            [
              73.821374,
              18.535254
            ],
            [
              73.821347,
              18.535245
            ],
            [
              73.821299,
              18.535234
            ],
            [
              73.821138,
              18.535193
            ],
            [
              73.821016,
              18.535163
            ],
            [
              73.820839,
              18.53501
            ],
            [
              73.820678,
              18.534868
            ],
            [
              73.820364,
              18.534598
            ],
            [
              73.820281,
              18.534527
            ],
            [
              73.820108,
              18.534352
            ],
            [
              73.820004,
              18.534246
            ],
            [
              73.819893,
              18.534133
            ],
            [
              73.819834,
              18.534074
            ],
            [
              73.819723,
              18.533965
            ],
            [
              73.819639,
              18.533886
            ],
            [
              73.819462,
              18.533717
            ],
            [
              73.819384,
              18.533644
            ],
            [
              73.819368,
              18.533626
            ],
            [
              73.819307,
              18.533537
            ],
            [
              73.81909,
              18.533223
            ],
            [
              73.819038,
              18.533151
            ],
            [
              73.818918,
              18.533006
            ],
            [
              73.818751,
              18.532792
            ],
            [
              73.818739,
              18.532777
            ],
            [
              73.818716,
              18.532728
            ],
            [
              73.818684,
              18.53266
            ],
            [
              73.818581,
              18.532439
            ],
            [
              73.818497,
              18.532275
            ],
            [
              73.818416,
              18.532118
            ],
            [
              73.818387,
              18.532046
            ],
            [
              73.818335,
              18.531929
            ],
            [
              73.818281,
              18.531799
            ],
            [
              73.818232,
              18.531678
            ],
            [
              73.818195,
              18.531585
            ],
            [
              73.818174,
              18.531532
            ],
            [
              73.818107,
              18.531397
            ],
            [
              73.818037,
              18.531255
            ],
            [
              73.817999,
              18.531177
            ],
            [
              73.817962,
              18.531113
            ],
            [
              73.81787,
              18.530953
            ],
            [
              73.817763,
              18.530769
            ],
            [
              73.817698,
              18.530653
            ],
            [
              73.817595,
              18.530521
            ],
            [
              73.817512,
              18.530412
            ],
            [
              73.817461,
              18.530346
            ],
            [
              73.817404,
              18.530276
            ],
            [
              73.817303,
              18.530156
            ],
            [
              73.817198,
              18.530029
            ],
            [
              73.817169,
              18.529995
            ],
            [
              73.817122,
              18.529923
            ],
            [
              73.817049,
              18.529811
            ],
            [
              73.816932,
              18.529629
            ],
            [
              73.816896,
              18.529574
            ],
            [
              73.816838,
              18.529492
            ],
            [
              73.81671,
              18.529312
            ],
            [
              73.816632,
              18.529199
            ],
            [
              73.81662,
              18.529181
            ],
            [
              73.816599,
              18.529143
            ],
            [
              73.81658,
              18.529109
            ],
            [
              73.816501,
              18.528971
            ],
            [
              73.816379,
              18.528849
            ],
            [
              73.816348,
              18.528819
            ],
            [
              73.816311,
              18.528773
            ],
            [
              73.816262,
              18.528708
            ],
            [
              73.81622,
              18.528655
            ],
            [
              73.816168,
              18.528447
            ],
            [
              73.816211,
              18.528317
            ],
            [
              73.816291,
              18.528231
            ],
            [
              73.816344,
              18.52814
            ],
            [
              73.816308,
              18.527908
            ],
            [
              73.816284,
              18.527781
            ],
            [
              73.81627,
              18.527696
            ],
            [
              73.816252,
              18.527568
            ],
            [
              73.81623,
              18.527416
            ],
            [
              73.816224,
              18.527384
            ],
            [
              73.816179,
              18.527185
            ],
            [
              73.81616,
              18.527099
            ],
            [
              73.816145,
              18.527057
            ],
            [
              73.816036,
              18.526761
            ],
            [
              73.815871,
              18.526517
            ],
            [
              73.815773,
              18.526316
            ],
            [
              73.815755,
              18.526279
            ],
            [
              73.815723,
              18.526167
            ],
            [
              73.815685,
              18.526033
            ],
            [
              73.815668,
              18.525972
            ],
            [
              73.815607,
              18.525896
            ],
            [
              73.81553,
              18.5258
            ],
            [
              73.815465,
              18.525676
            ],
            [
              73.815395,
              18.525629
            ],
            [
              73.815336,
              18.52559
            ],
            [
              73.815264,
              18.525454
            ],
            [
              73.815415,
              18.525412
            ],
            [
              73.815609,
              18.525359
            ],
            [
              73.815939,
              18.525086
            ],
            [
              73.816008,
              18.525027
            ],
            [
              73.816151,
              18.524922
            ],
            [
              73.816333,
              18.524786
            ],
            [
              73.816592,
              18.524649
            ],
            [
              73.81692,
              18.524513
            ],
            [
              73.817073,
              18.524452
            ],
            [
              73.817142,
              18.524425
            ],
            [
              73.817279,
              18.524365
            ],
            [
              73.817462,
              18.524283
            ],
            [
              73.817676,
              18.524189
            ],
            [
              73.817775,
              18.524081
            ],
            [
              73.817855,
              18.523993
            ],
            [
              73.817875,
              18.523835
            ],
            [
              73.817996,
              18.523631
            ],
            [
              73.81812,
              18.523433
            ],
            [
              73.818265,
              18.523326
            ],
            [
              73.818534,
              18.523165
            ],
            [
              73.818583,
              18.523135
            ],
            [
              73.818728,
              18.523039
            ],
            [
              73.818817,
              18.522981
            ],
            [
              73.818954,
              18.522888
            ],
            [
              73.819087,
              18.5228
            ],
            [
              73.819237,
              18.522698
            ],
            [
              73.81937,
              18.52261
            ],
            [
              73.819468,
              18.522543
            ],
            [
              73.819664,
              18.522476
            ],
            [
              73.819903,
              18.522394
            ],
            [
              73.820229,
              18.522223
            ],
            [
              73.820548,
              18.522054
            ],
            [
              73.820979,
              18.521815
            ],
            [
              73.821274,
              18.521652
            ],
            [
              73.82146,
              18.521491
            ],
            [
              73.821599,
              18.52137
            ],
            [
              73.821759,
              18.521266
            ],
            [
              73.822029,
              18.521091
            ],
            [
              73.822106,
              18.52104
            ],
            [
              73.822225,
              18.520974
            ],
            [
              73.822327,
              18.520917
            ],
            [
              73.822456,
              18.520843
            ],
            [
              73.82258,
              18.520773
            ],
            [
              73.822722,
              18.520694
            ],
            [
              73.82284,
              18.520626
            ],
            [
              73.822912,
              18.520587
            ],
            [
              73.822956,
              18.520561
            ],
            [
              73.823075,
              18.520517
            ],
            [
              73.823227,
              18.52046
            ],
            [
              73.823456,
              18.520375
            ],
            [
              73.823678,
              18.520293
            ],
            [
              73.823897,
              18.520213
            ],
            [
              73.824024,
              18.52019
            ],
            [
              73.824327,
              18.520136
            ],
            [
              73.824755,
              18.52006
            ],
            [
              73.824947,
              18.520026
            ],
            [
              73.825117,
              18.519934
            ],
            [
              73.825485,
              18.519735
            ],
            [
              73.825733,
              18.519598
            ],
            [
              73.825899,
              18.519512
            ],
            [
              73.826262,
              18.51933
            ],
            [
              73.826637,
              18.519141
            ],
            [
              73.827162,
              18.518874
            ],
            [
              73.827105,
              18.518796
            ],
            [
              73.82699,
              18.518642
            ],
            [
              73.826872,
              18.518483
            ],
            [
              73.82683,
              18.518427
            ],
            [
              73.826813,
              18.518405
            ],
            [
              73.826789,
              18.518367
            ],
            [
              73.826717,
              18.518257
            ],
            [
              73.826671,
              18.518187
            ],
            [
              73.826595,
              18.518072
            ],
            [
              73.826516,
              18.517949
            ],
            [
              73.826467,
              18.517875
            ],
            [
              73.826404,
              18.517779
            ],
            [
              73.826362,
              18.517716
            ],
            [
              73.826324,
              18.517659
            ],
            [
              73.826274,
              18.517583
            ],
            [
              73.826223,
              18.517505
            ],
            [
              73.826188,
              18.517452
            ],
            [
              73.82617,
              18.517426
            ],
            [
              73.826136,
              18.517374
            ],
            [
              73.826056,
              18.517253
            ],
            [
              73.825993,
              18.517157
            ],
            [
              73.825968,
              18.517119
            ],
            [
              73.8259,
              18.517052
            ],
            [
              73.8258,
              18.516949
            ],
            [
              73.825713,
              18.516861
            ],
            [
              73.825633,
              18.516781
            ],
            [
              73.825521,
              18.516667
            ],
            [
              73.825376,
              18.516521
            ],
            [
              73.825184,
              18.516327
            ],
            [
              73.825077,
              18.51622
            ],
            [
              73.825046,
              18.516188
            ],
            [
              73.824957,
              18.516078
            ],
            [
              73.824881,
              18.515986
            ],
            [
              73.824866,
              18.515907
            ],
            [
              73.824834,
              18.515739
            ],
            [
              73.824784,
              18.51548
            ],
            [
              73.824753,
              18.51532
            ],
            [
              73.82474,
              18.515247
            ],
            [
              73.82471,
              18.515147
            ],
            [
              73.824659,
              18.514978
            ],
            [
              73.824616,
              18.514836
            ],
            [
              73.824476,
              18.514683
            ],
            [
              73.824465,
              18.514669
            ],
            [
              73.824455,
              18.514636
            ],
            [
              73.824399,
              18.514455
            ],
            [
              73.824387,
              18.514416
            ],
            [
              73.824341,
              18.514225
            ],
            [
              73.824311,
              18.514103
            ],
            [
              73.824291,
              18.513998
            ],
            [
              73.82424,
              18.513728
            ],
            [
              73.824236,
              18.513724
            ],
            [
              73.824216,
              18.513715
            ],
            [
              73.824089,
              18.513652
            ],
            [
              73.824062,
              18.513415
            ],
            [
              73.824038,
              18.513195
            ],
            [
              73.82405,
              18.512935
            ],
            [
              73.824059,
              18.512746
            ],
            [
              73.824073,
              18.512586
            ],
            [
              73.824085,
              18.512441
            ],
            [
              73.824156,
              18.512171
            ],
            [
              73.824202,
              18.511995
            ],
            [
              73.824117,
              18.511936
            ],
            [
              73.82424,
              18.511673
            ],
            [
              73.824362,
              18.511407
            ],
            [
              73.824401,
              18.511322
            ],
            [
              73.824451,
              18.511218
            ],
            [
              73.824504,
              18.511109
            ],
            [
              73.824551,
              18.511036
            ],
            [
              73.824621,
              18.510929
            ],
            [
              73.824683,
              18.510743
            ],
            [
              73.824746,
              18.510537
            ],
            [
              73.824802,
              18.510469
            ],
            [
              73.82484,
              18.510425
            ],
            [
              73.824984,
              18.510331
            ],
            [
              73.825141,
              18.510177
            ],
            [
              73.825164,
              18.510154
            ],
            [
              73.825231,
              18.510078
            ],
            [
              73.825345,
              18.509949
            ],
            [
              73.825369,
              18.509922
            ],
            [
              73.825415,
              18.509857
            ],
            [
              73.825499,
              18.509739
            ],
            [
              73.825517,
              18.509713
            ],
            [
              73.825539,
              18.509673
            ],
            [
              73.825588,
              18.509581
            ],
            [
              73.825626,
              18.509511
            ],
            [
              73.825657,
              18.509452
            ],
            [
              73.825706,
              18.509356
            ],
            [
              73.825762,
              18.509246
            ],
            [
              73.825778,
              18.509215
            ],
            [
              73.825789,
              18.509186
            ],
            [
              73.825814,
              18.509123
            ],
            [
              73.825846,
              18.509042
            ],
            [
              73.82589,
              18.508933
            ],
            [
              73.825949,
              18.5088
            ],
            [
              73.826027,
              18.508629
            ],
            [
              73.826092,
              18.508476
            ],
            [
              73.826121,
              18.508408
            ],
            [
              73.826142,
              18.508358
            ],
            [
              73.826183,
              18.508279
            ],
            [
              73.826227,
              18.508193
            ],
            [
              73.826257,
              18.508134
            ],
            [
              73.826267,
              18.508115
            ],
            [
              73.826277,
              18.508091
            ],
            [
              73.8263,
              18.508035
            ],
            [
              73.826325,
              18.507977
            ],
            [
              73.82636,
              18.507894
            ],
            [
              73.826364,
              18.507884
            ],
            [
              73.826371,
              18.507862
            ],
            [
              73.826413,
              18.507722
            ],
            [
              73.826459,
              18.507562
            ],
            [
              73.826496,
              18.507427
            ],
            [
              73.826517,
              18.507352
            ],
            [
              73.826546,
              18.507267
            ],
            [
              73.826608,
              18.507079
            ],
            [
              73.826964,
              18.507198
            ],
            [
              73.827174,
              18.507269
            ],
            [
              73.827247,
              18.507134
            ],
            [
              73.827442,
              18.506775
            ],
            [
              73.827829,
              18.506903
            ],
            [
              73.828123,
              18.507052
            ],
            [
              73.828568,
              18.50728
            ],
            [
              73.829391,
              18.507701
            ],
            [
              73.82963,
              18.507433
            ],
            [
              73.82981,
              18.507232
            ],
            [
              73.829817,
              18.507225
            ],
            [
              73.829881,
              18.50718
            ],
            [
              73.830115,
              18.507012
            ],
            [
              73.830208,
              18.50697
            ],
            [
              73.830315,
              18.506922
            ],
            [
              73.830678,
              18.506883
            ],
            [
              73.830801,
              18.506872
            ],
            [
              73.83132,
              18.506848
            ],
            [
              73.831715,
              18.506839
            ],
            [
              73.832041,
              18.506853
            ],
            [
              73.83217,
              18.506859
            ],
            [
              73.8322,
              18.506862
            ],
            [
              73.832297,
              18.506879
            ],
            [
              73.832329,
              18.506884
            ],
            [
              73.832385,
              18.506756
            ],
            [
              73.832448,
              18.506619
            ],
            [
              73.832551,
              18.50639
            ],
            [
              73.832683,
              18.5061
            ],
            [
              73.832779,
              18.505887
            ],
            [
              73.832841,
              18.505751
            ],
            [
              73.832996,
              18.505603
            ],
            [
              73.833268,
              18.505347
            ],
            [
              73.833405,
              18.505218
            ],
            [
              73.833561,
              18.505072
            ],
            [
              73.833808,
              18.504838
            ],
            [
              73.834075,
              18.504588
            ],
            [
              73.8343,
              18.50455
            ],
            [
              73.834395,
              18.504534
            ],
            [
              73.834421,
              18.504533
            ],
            [
              73.834575,
              18.504526
            ],
            [
              73.834729,
              18.504518
            ],
            [
              73.834873,
              18.504522
            ],
            [
              73.835202,
              18.504531
            ],
            [
              73.835613,
              18.504542
            ],
            [
              73.83602,
              18.504554
            ],
            [
              73.836433,
              18.504565
            ],
            [
              73.836598,
              18.504568
            ],
            [
              73.836588,
              18.504647
            ],
            [
              73.83658,
              18.504822
            ],
            [
              73.836569,
              18.505094
            ],
            [
              73.836556,
              18.505392
            ],
            [
              73.836547,
              18.505596
            ],
            [
              73.836541,
              18.505742
            ],
            [
              73.836533,
              18.505933
            ],
            [
              73.836524,
              18.506152
            ],
            [
              73.83665,
              18.506388
            ],
            [
              73.836806,
              18.50668
            ],
            [
              73.836929,
              18.50691
            ],
            [
              73.837048,
              18.507132
            ],
            [
              73.83719,
              18.507397
            ],
            [
              73.837264,
              18.507536
            ],
            [
              73.837431,
              18.507684
            ],
            [
              73.837746,
              18.507966
            ],
            [
              73.837886,
              18.508094
            ],
            [
              73.838122,
              18.508307
            ],
            [
              73.838363,
              18.508526
            ],
            [
              73.838464,
              18.508618
            ],
            [
              73.838604,
              18.508762
            ],
            [
              73.838783,
              18.508946
            ],
            [
              73.838951,
              18.509118
            ],
            [
              73.839169,
              18.509344
            ],
            [
              73.839373,
              18.509554
            ],
            [
              73.839521,
              18.509705
            ],
            [
              73.839657,
              18.509845
            ],
            [
              73.839844,
              18.510036
            ],
            [
              73.839967,
              18.510162
            ],
            [
              73.840025,
              18.510236
            ],
            [
              73.840115,
              18.510357
            ],
            [
              73.840317,
              18.510639
            ],
            [
              73.840554,
              18.510969
            ],
            [
              73.840837,
              18.511362
            ],
            [
              73.841156,
              18.511806
            ],
            [
              73.841379,
              18.512115
            ],
            [
              73.841572,
              18.512301
            ],
            [
              73.841889,
              18.512607
            ],
            [
              73.842238,
              18.512943
            ],
            [
              73.842461,
              18.513158
            ],
            [
              73.842639,
              18.513329
            ],
            [
              73.842739,
              18.513426
            ],
            [
              73.842766,
              18.513452
            ],
            [
              73.842827,
              18.513514
            ],
            [
              73.842911,
              18.513602
            ],
            [
              73.842982,
              18.513677
            ],
            [
              73.84303,
              18.513725
            ],
            [
              73.843126,
              18.513823
            ],
            [
              73.843209,
              18.513908
            ],
            [
              73.843318,
              18.514021
            ],
            [
              73.84343,
              18.514135
            ],
            [
              73.84366,
              18.51437
            ],
            [
              73.843867,
              18.514583
            ],
            [
              73.843944,
              18.514662
            ],
            [
              73.844071,
              18.514839
            ],
            [
              73.844355,
              18.515235
            ],
            [
              73.844465,
              18.515387
            ],
            [
              73.844628,
              18.515532
            ],
            [
              73.844774,
              18.515662
            ],
            [
              73.844998,
              18.51605
            ],
            [
              73.845245,
              18.516481
            ],
            [
              73.845336,
              18.516662
            ],
            [
              73.84553,
              18.517056
            ],
            [
              73.845593,
              18.517184
            ],
            [
              73.845774,
              18.517472
            ],
            [
              73.846014,
              18.517855
            ],
            [
              73.846223,
              18.518086
            ],
            [
              73.846432,
              18.518318
            ],
            [
              73.846714,
              18.518629
            ],
            [
              73.846917,
              18.518853
            ],
            [
              73.847093,
              18.519048
            ],
            [
              73.847134,
              18.519082
            ],
            [
              73.847187,
              18.519122
            ],
            [
              73.847332,
              18.519266
            ],
            [
              73.847537,
              18.519472
            ],
            [
              73.847647,
              18.519581
            ],
            [
              73.847855,
              18.519789
            ],
            [
              73.847946,
              18.51988
            ],
            [
              73.848208,
              18.520142
            ],
            [
              73.848467,
              18.520402
            ],
            [
              73.848648,
              18.520583
            ],
            [
              73.849018,
              18.520737
            ],
            [
              73.849447,
              18.520918
            ],
            [
              73.849819,
              18.52098
            ],
            [
              73.850297,
              18.521061
            ],
            [
              73.850588,
              18.52111
            ],
            [
              73.851109,
              18.521226
            ],
            [
              73.851388,
              18.521289
            ],
            [
              73.851654,
              18.521349
            ],
            [
              73.852119,
              18.521453
            ],
            [
              73.85247,
              18.521532
            ],
            [
              73.853033,
              18.521658
            ],
            [
              73.853374,
              18.521734
            ],
            [
              73.853852,
              18.521964
            ],
            [
              73.854226,
              18.522145
            ],
            [
              73.854724,
              18.522385
            ],
            [
              73.855133,
              18.522616
            ],
            [
              73.855281,
              18.5227
            ],
            [
              73.855695,
              18.523028
            ],
            [
              73.855949,
              18.523232
            ],
            [
              73.856176,
              18.523454
            ],
            [
              73.856492,
              18.523765
            ],
            [
              73.856936,
              18.524203
            ],
            [
              73.85726,
              18.524471
            ],
            [
              73.857521,
              18.524689
            ],
            [
              73.857951,
              18.525045
            ],
            [
              73.858169,
              18.525224
            ],
            [
              73.858456,
              18.525555
            ],
            [
              73.858552,
              18.525667
            ],
            [
              73.858674,
              18.525807
            ],
            [
              73.858692,
              18.525819
            ],
            [
              73.858919,
              18.526035
            ],
            [
              73.859317,
              18.526414
            ],
            [
              73.859454,
              18.526545
            ],
            [
              73.859708,
              18.526868
            ],
            [
              73.860002,
              18.527244
            ],
            [
              73.860053,
              18.527308
            ],
            [
              73.86012,
              18.527392
            ],
            [
              73.860249,
              18.527549
            ],
            [
              73.860512,
              18.527866
            ],
            [
              73.860613,
              18.528043
            ],
            [
              73.860716,
              18.528224
            ],
            [
              73.860894,
              18.528499
            ],
            [
              73.861005,
              18.528672
            ],
            [
              73.861018,
              18.528692
            ],
            [
              73.861013,
              18.528691
            ],
            [
              73.861009,
              18.528877
            ],
            [
              73.861006,
              18.528972
            ],
            [
              73.86098,
              18.529178
            ],
            [
              73.860941,
              18.529482
            ],
            [
              73.860956,
              18.529807
            ],
            [
              73.860974,
              18.530173
            ],
            [
              73.860956,
              18.530565
            ],
            [
              73.860942,
              18.530886
            ],
            [
              73.861103,
              18.531412
            ],
            [
              73.861186,
              18.531683
            ],
            [
              73.861307,
              18.53207
            ],
            [
              73.861902,
              18.533236
            ]
          ]
        ]
      },
      "properties": {
        "city_id": "pune",
        "ward_id": "pun-002",
        "ward_name": "Admin Ward 02 Ghole Road",
        "corporation": "Pune Municipal Corporation",
        "zone": "Admin Ward 02 Ghole Road",
        "area_sqkm": 14.55,
        "centroid": [
          73.838754,
          18.528272
        ]
      }
    },
    {
      "type": "Feature",
      "id": "pun-003",
      "geometry": {
        "type": "Polygon",
        "coordinates": [
          [
            [
              73.775289,
              18.496501
            ],
            [
              73.775695,
              18.496786
            ],
            [
              73.77659,
              18.497394
            ],
            [
              73.777484,
              18.49836
            ],
            [
              73.778583,
              18.499127
            ],
            [
              73.778876,
              18.499305
            ],
            [
              73.779502,
              18.499664
            ],
            [
              73.78007,
              18.500127
            ],
            [
              73.780571,
              18.500675
            ],
            [
              73.781415,
              18.501003
            ],
            [
              73.781759,
              18.501707
            ],
            [
              73.782817,
              18.501786
            ],
            [
              73.783726,
              18.501225
            ],
            [
              73.784315,
              18.500965
            ],
            [
              73.785203,
              18.500748
            ],
            [
              73.785233,
              18.500729
            ],
            [
              73.785226,
              18.500428
            ],
            [
              73.785226,
              18.500347
            ],
            [
              73.785256,
              18.500029
            ],
            [
              73.785623,
              18.499793
            ],
            [
              73.786051,
              18.499155
            ],
            [
              73.786465,
              18.499017
            ],
            [
              73.786793,
              18.498846
            ],
            [
              73.787429,
              18.49841
            ],
            [
              73.788496,
              18.497679
            ],
            [
              73.78877,
              18.497385
            ],
            [
              73.789042,
              18.497264
            ],
            [
              73.78944,
              18.497238
            ],
            [
              73.789602,
              18.497227
            ],
            [
              73.790051,
              18.497071
            ],
            [
              73.790715,
              18.496761
            ],
            [
              73.791162,
              18.496537
            ],
            [
              73.791539,
              18.496345
            ],
            [
              73.791946,
              18.496139
            ],
            [
              73.792314,
              18.495939
            ],
            [
              73.792741,
              18.495564
            ],
            [
              73.792793,
              18.495519
            ],
            [
              73.793028,
              18.495328
            ],
            [
              73.793236,
              18.49516
            ],
            [
              73.793784,
              18.494875
            ],
            [
              73.793972,
              18.494778
            ],
            [
              73.794102,
              18.4947
            ],
            [
              73.794354,
              18.494515
            ],
            [
              73.794452,
              18.494439
            ],
            [
              73.79452,
              18.494151
            ],
            [
              73.794781,
              18.49399
            ],
            [
              73.794928,
              18.493886
            ],
            [
              73.794997,
              18.493839
            ],
            [
              73.795098,
              18.49377
            ],
            [
              73.79524,
              18.493672
            ],
            [
              73.795278,
              18.493646
            ],
            [
              73.795395,
              18.493566
            ],
            [
              73.795455,
              18.493524
            ],
            [
              73.795771,
              18.493307
            ],
            [
              73.795874,
              18.493265
            ],
            [
              73.796009,
              18.493203
            ],
            [
              73.796171,
              18.493131
            ],
            [
              73.79639,
              18.493035
            ],
            [
              73.796509,
              18.492963
            ],
            [
              73.796633,
              18.49289
            ],
            [
              73.796662,
              18.492873
            ],
            [
              73.796698,
              18.492845
            ],
            [
              73.796776,
              18.492808
            ],
            [
              73.797112,
              18.492666
            ],
            [
              73.797344,
              18.492599
            ],
            [
              73.797544,
              18.492542
            ],
            [
              73.797727,
              18.492489
            ],
            [
              73.797846,
              18.492455
            ],
            [
              73.797979,
              18.492416
            ],
            [
              73.798143,
              18.49238
            ],
            [
              73.798392,
              18.492323
            ],
            [
              73.798546,
              18.492293
            ],
            [
              73.798611,
              18.49228
            ],
            [
              73.799028,
              18.492264
            ],
            [
              73.79943,
              18.492232
            ],
            [
              73.799835,
              18.492121
            ],
            [
              73.799992,
              18.492132
            ],
            [
              73.800071,
              18.492511
            ],
            [
              73.800183,
              18.493046
            ],
            [
              73.799846,
              18.493505
            ],
            [
              73.799838,
              18.493679
            ],
            [
              73.799828,
              18.493942
            ],
            [
              73.799826,
              18.494112
            ],
            [
              73.799835,
              18.494331
            ],
            [
              73.799815,
              18.494755
            ],
            [
              73.799807,
              18.494935
            ],
            [
              73.799811,
              18.495073
            ],
            [
              73.79981,
              18.49525
            ],
            [
              73.799819,
              18.495406
            ],
            [
              73.79985,
              18.495555
            ],
            [
              73.799872,
              18.495726
            ],
            [
              73.799885,
              18.495823
            ],
            [
              73.799937,
              18.496131
            ],
            [
              73.800004,
              18.496478
            ],
            [
              73.800046,
              18.496687
            ],
            [
              73.800153,
              18.49667
            ],
            [
              73.800463,
              18.496569
            ],
            [
              73.80071,
              18.496497
            ],
            [
              73.800959,
              18.496427
            ],
            [
              73.801147,
              18.496377
            ],
            [
              73.801361,
              18.496327
            ],
            [
              73.801704,
              18.49624
            ],
            [
              73.801885,
              18.496209
            ],
            [
              73.802067,
              18.496185
            ],
            [
              73.802266,
              18.496167
            ],
            [
              73.802567,
              18.496186
            ],
            [
              73.802931,
              18.496162
            ],
            [
              73.803356,
              18.496144
            ],
            [
              73.803624,
              18.496133
            ],
            [
              73.803897,
              18.496118
            ],
            [
              73.803966,
              18.496342
            ],
            [
              73.803983,
              18.496393
            ],
            [
              73.804052,
              18.4966
            ],
            [
              73.804065,
              18.496631
            ],
            [
              73.804164,
              18.496873
            ],
            [
              73.804233,
              18.497142
            ],
            [
              73.804319,
              18.49745
            ],
            [
              73.804342,
              18.497806
            ],
            [
              73.804391,
              18.498141
            ],
            [
              73.804436,
              18.498458
            ],
            [
              73.804468,
              18.498742
            ],
            [
              73.804484,
              18.498882
            ],
            [
              73.804463,
              18.499143
            ],
            [
              73.804482,
              18.499221
            ],
            [
              73.804513,
              18.499309
            ],
            [
              73.80455,
              18.499387
            ],
            [
              73.804601,
              18.499497
            ],
            [
              73.804709,
              18.49966
            ],
            [
              73.804792,
              18.4998
            ],
            [
              73.804806,
              18.499934
            ],
            [
              73.804832,
              18.500053
            ],
            [
              73.804854,
              18.500209
            ],
            [
              73.804853,
              18.500388
            ],
            [
              73.804894,
              18.500636
            ],
            [
              73.804894,
              18.500942
            ],
            [
              73.8049,
              18.501091
            ],
            [
              73.804902,
              18.501138
            ],
            [
              73.804916,
              18.501388
            ],
            [
              73.804922,
              18.501489
            ],
            [
              73.804928,
              18.501794
            ],
            [
              73.804949,
              18.502038
            ],
            [
              73.805373,
              18.502049
            ],
            [
              73.805738,
              18.502058
            ],
            [
              73.80625,
              18.502055
            ],
            [
              73.806529,
              18.502053
            ],
            [
              73.806599,
              18.502055
            ],
            [
              73.806969,
              18.502057
            ],
            [
              73.807142,
              18.502059
            ],
            [
              73.807612,
              18.502046
            ],
            [
              73.808014,
              18.502038
            ],
            [
              73.808233,
              18.502034
            ],
            [
              73.808651,
              18.502032
            ],
            [
              73.809157,
              18.502032
            ],
            [
              73.809445,
              18.502031
            ],
            [
              73.809866,
              18.502035
            ],
            [
              73.810308,
              18.50204
            ],
            [
              73.810535,
              18.502007
            ],
            [
              73.810568,
              18.502003
            ],
            [
              73.81094,
              18.501997
            ],
            [
              73.811661,
              18.502094
            ],
            [
              73.811828,
              18.502119
            ],
            [
              73.812109,
              18.502161
            ],
            [
              73.81253,
              18.50217
            ],
            [
              73.813003,
              18.502147
            ],
            [
              73.813661,
              18.5021
            ],
            [
              73.814983,
              18.502139
            ],
            [
              73.815757,
              18.502161
            ],
            [
              73.815835,
              18.501948
            ],
            [
              73.815962,
              18.501675
            ],
            [
              73.816068,
              18.501406
            ],
            [
              73.816157,
              18.500996
            ],
            [
              73.816155,
              18.500505
            ],
            [
              73.81626,
              18.499008
            ],
            [
              73.816201,
              18.498902
            ],
            [
              73.816082,
              18.498761
            ],
            [
              73.815986,
              18.498579
            ],
            [
              73.815984,
              18.498557
            ],
            [
              73.815948,
              18.497867
            ],
            [
              73.815938,
              18.497684
            ],
            [
              73.816078,
              18.49769
            ],
            [
              73.816479,
              18.497685
            ],
            [
              73.817398,
              18.497528
            ],
            [
              73.817563,
              18.497542
            ],
            [
              73.81788,
              18.497548
            ],
            [
              73.818083,
              18.497563
            ],
            [
              73.81827,
              18.497614
            ],
            [
              73.818494,
              18.497627
            ],
            [
              73.818596,
              18.497639
            ],
            [
              73.818874,
              18.497643
            ],
            [
              73.819163,
              18.497698
            ],
            [
              73.819382,
              18.497725
            ],
            [
              73.819424,
              18.497745
            ],
            [
              73.819467,
              18.497765
            ],
            [
              73.81956,
              18.497798
            ],
            [
              73.819634,
              18.497847
            ],
            [
              73.819754,
              18.49795
            ],
            [
              73.819888,
              18.498029
            ],
            [
              73.819954,
              18.498077
            ],
            [
              73.820039,
              18.498162
            ],
            [
              73.820098,
              18.498212
            ],
            [
              73.820223,
              18.498281
            ],
            [
              73.820359,
              18.498311
            ],
            [
              73.820489,
              18.498344
            ],
            [
              73.820647,
              18.498364
            ],
            [
              73.820721,
              18.49835
            ],
            [
              73.820763,
              18.498342
            ],
            [
              73.820838,
              18.498344
            ],
            [
              73.820914,
              18.498347
            ],
            [
              73.820939,
              18.498347
            ],
            [
              73.821026,
              18.498317
            ],
            [
              73.821043,
              18.498312
            ],
            [
              73.821085,
              18.498298
            ],
            [
              73.821133,
              18.498285
            ],
            [
              73.821153,
              18.498279
            ],
            [
              73.821208,
              18.498264
            ],
            [
              73.821256,
              18.49825
            ],
            [
              73.82126,
              18.498249
            ],
            [
              73.821294,
              18.498236
            ],
            [
              73.821332,
              18.498222
            ],
            [
              73.821368,
              18.498208
            ],
            [
              73.82151,
              18.498161
            ],
            [
              73.82155,
              18.498156
            ],
            [
              73.821637,
              18.498127
            ],
            [
              73.821731,
              18.498099
            ],
            [
              73.821801,
              18.498073
            ],
            [
              73.821867,
              18.498048
            ],
            [
              73.821967,
              18.497994
            ],
            [
              73.822035,
              18.497981
            ],
            [
              73.822126,
              18.497975
            ],
            [
              73.82222,
              18.497912
            ],
            [
              73.822269,
              18.497882
            ],
            [
              73.822402,
              18.497802
            ],
            [
              73.822518,
              18.497732
            ],
            [
              73.822602,
              18.497682
            ],
            [
              73.822748,
              18.497617
            ],
            [
              73.82278,
              18.49761
            ],
            [
              73.822815,
              18.497602
            ],
            [
              73.822935,
              18.497575
            ],
            [
              73.823064,
              18.497602
            ],
            [
              73.823199,
              18.497631
            ],
            [
              73.823393,
              18.497746
            ],
            [
              73.823546,
              18.497834
            ],
            [
              73.82339,
              18.498091
            ],
            [
              73.823277,
              18.498277
            ],
            [
              73.823131,
              18.498515
            ],
            [
              73.82297,
              18.498768
            ],
            [
              73.822669,
              18.499233
            ],
            [
              73.822658,
              18.499251
            ],
            [
              73.822524,
              18.499529
            ],
            [
              73.822235,
              18.500507
            ],
            [
              73.822067,
              18.501121
            ],
            [
              73.821789,
              18.502144
            ],
            [
              73.821517,
              18.503091
            ],
            [
              73.821329,
              18.503735
            ],
            [
              73.821246,
              18.504022
            ],
            [
              73.821146,
              18.50424
            ],
            [
              73.821347,
              18.504367
            ],
            [
              73.821615,
              18.504508
            ],
            [
              73.821692,
              18.504548
            ],
            [
              73.822094,
              18.50475
            ],
            [
              73.822269,
              18.504827
            ],
            [
              73.822585,
              18.504965
            ],
            [
              73.822936,
              18.505119
            ],
            [
              73.823411,
              18.505273
            ],
            [
              73.823539,
              18.505312
            ],
            [
              73.823779,
              18.505379
            ],
            [
              73.824014,
              18.505443
            ],
            [
              73.824103,
              18.505468
            ],
            [
              73.82418,
              18.505489
            ],
            [
              73.824442,
              18.505561
            ],
            [
              73.824631,
              18.505613
            ],
            [
              73.824948,
              18.5057
            ],
            [
              73.825381,
              18.505815
            ],
            [
              73.825501,
              18.505846
            ],
            [
              73.826052,
              18.50611
            ],
            [
              73.82659,
              18.506368
            ],
            [
              73.826804,
              18.506469
            ],
            [
              73.827073,
              18.506599
            ],
            [
              73.827408,
              18.50676
            ],
            [
              73.827442,
              18.506776
            ],
            [
              73.827254,
              18.50712
            ],
            [
              73.827174,
              18.507269
            ],
            [
              73.826788,
              18.50714
            ],
            [
              73.826607,
              18.507079
            ],
            [
              73.826514,
              18.507358
            ],
            [
              73.826472,
              18.507519
            ],
            [
              73.826446,
              18.507603
            ],
            [
              73.826364,
              18.507884
            ],
            [
              73.826276,
              18.508098
            ],
            [
              73.826269,
              18.508112
            ],
            [
              73.826142,
              18.508358
            ],
            [
              73.826004,
              18.508679
            ],
            [
              73.825891,
              18.508929
            ],
            [
              73.825857,
              18.509017
            ],
            [
              73.82583,
              18.509086
            ],
            [
              73.82577,
              18.509237
            ],
            [
              73.825612,
              18.509538
            ],
            [
              73.825512,
              18.509722
            ],
            [
              73.825369,
              18.509921
            ],
            [
              73.825171,
              18.510145
            ],
            [
              73.824988,
              18.51033
            ],
            [
              73.824835,
              18.510429
            ],
            [
              73.824745,
              18.51054
            ],
            [
              73.824675,
              18.510764
            ],
            [
              73.824624,
              18.510924
            ],
            [
              73.824503,
              18.511113
            ],
            [
              73.824375,
              18.511376
            ],
            [
              73.824117,
              18.511938
            ],
            [
              73.824203,
              18.511994
            ],
            [
              73.824084,
              18.512441
            ],
            [
              73.824058,
              18.51276
            ],
            [
              73.824037,
              18.513194
            ],
            [
              73.824088,
              18.513652
            ],
            [
              73.824239,
              18.513725
            ],
            [
              73.824307,
              18.514092
            ],
            [
              73.824382,
              18.514398
            ],
            [
              73.824467,
              18.514674
            ],
            [
              73.824617,
              18.514841
            ],
            [
              73.824737,
              18.515228
            ],
            [
              73.824824,
              18.515684
            ],
            [
              73.824879,
              18.515982
            ],
            [
              73.825055,
              18.5162
            ],
            [
              73.825234,
              18.516379
            ],
            [
              73.825517,
              18.516664
            ],
            [
              73.825808,
              18.516958
            ],
            [
              73.825965,
              18.517117
            ],
            [
              73.82626,
              18.517561
            ],
            [
              73.826705,
              18.518239
            ],
            [
              73.826797,
              18.518381
            ],
            [
              73.826807,
              18.518397
            ],
            [
              73.827163,
              18.518875
            ],
            [
              73.82668,
              18.519121
            ],
            [
              73.825786,
              18.519571
            ],
            [
              73.824949,
              18.520025
            ],
            [
              73.823892,
              18.520215
            ],
            [
              73.822955,
              18.520561
            ],
            [
              73.822072,
              18.52106
            ],
            [
              73.821599,
              18.521369
            ],
            [
              73.821274,
              18.521652
            ],
            [
              73.820445,
              18.52211
            ],
            [
              73.819896,
              18.522398
            ],
            [
              73.819471,
              18.522543
            ],
            [
              73.818721,
              18.523046
            ],
            [
              73.8186,
              18.523126
            ],
            [
              73.818265,
              18.523325
            ],
            [
              73.818119,
              18.523434
            ],
            [
              73.817984,
              18.523652
            ],
            [
              73.817875,
              18.523833
            ],
            [
              73.817854,
              18.523993
            ],
            [
              73.81768,
              18.524187
            ],
            [
              73.817404,
              18.524308
            ],
            [
              73.817169,
              18.524413
            ],
            [
              73.816601,
              18.524643
            ],
            [
              73.816327,
              18.524791
            ],
            [
              73.815998,
              18.525035
            ],
            [
              73.815612,
              18.525358
            ],
            [
              73.815261,
              18.525454
            ],
            [
              73.815203,
              18.52542
            ],
            [
              73.815161,
              18.525399
            ],
            [
              73.815108,
              18.525376
            ],
            [
              73.81507,
              18.525361
            ],
            [
              73.814971,
              18.525312
            ],
            [
              73.814805,
              18.525229
            ],
            [
              73.814675,
              18.525145
            ],
            [
              73.81452,
              18.525077
            ],
            [
              73.814327,
              18.525005
            ],
            [
              73.814124,
              18.524904
            ],
            [
              73.813874,
              18.524806
            ],
            [
              73.813633,
              18.524713
            ],
            [
              73.813414,
              18.524638
            ],
            [
              73.813304,
              18.524591
            ],
            [
              73.813103,
              18.52452
            ],
            [
              73.812897,
              18.524454
            ],
            [
              73.812644,
              18.524359
            ],
            [
              73.812543,
              18.524324
            ],
            [
              73.812407,
              18.524269
            ],
            [
              73.81202,
              18.524232
            ],
            [
              73.811737,
              18.524196
            ],
            [
              73.811451,
              18.524172
            ],
            [
              73.811116,
              18.524127
            ],
            [
              73.810886,
              18.524142
            ],
            [
              73.810682,
              18.524263
            ],
            [
              73.810502,
              18.524328
            ],
            [
              73.810192,
              18.524487
            ],
            [
              73.80995,
              18.5246
            ],
            [
              73.809769,
              18.524688
            ],
            [
              73.809744,
              18.5247
            ],
            [
              73.80966,
              18.52473
            ],
            [
              73.809565,
              18.524765
            ],
            [
              73.809413,
              18.524801
            ],
            [
              73.809179,
              18.524792
            ],
            [
              73.808887,
              18.524806
            ],
            [
              73.808587,
              18.524803
            ],
            [
              73.808341,
              18.524786
            ],
            [
              73.808098,
              18.524771
            ],
            [
              73.807862,
              18.524772
            ],
            [
              73.807609,
              18.524643
            ],
            [
              73.807367,
              18.524613
            ],
            [
              73.807195,
              18.524561
            ],
            [
              73.80699,
              18.524517
            ],
            [
              73.806584,
              18.524516
            ],
            [
              73.806232,
              18.524513
            ],
            [
              73.805994,
              18.524502
            ],
            [
              73.805524,
              18.524479
            ],
            [
              73.805073,
              18.524458
            ],
            [
              73.804811,
              18.524445
            ],
            [
              73.804542,
              18.52436
            ],
            [
              73.804294,
              18.524318
            ],
            [
              73.803866,
              18.524157
            ],
            [
              73.803851,
              18.524153
            ],
            [
              73.803672,
              18.524073
            ],
            [
              73.803438,
              18.524068
            ],
            [
              73.803259,
              18.524084
            ],
            [
              73.803139,
              18.524094
            ],
            [
              73.802909,
              18.524085
            ],
            [
              73.802653,
              18.524078
            ],
            [
              73.8025,
              18.524014
            ],
            [
              73.802454,
              18.523996
            ],
            [
              73.802407,
              18.523979
            ],
            [
              73.802364,
              18.523963
            ],
            [
              73.802317,
              18.523945
            ],
            [
              73.80219,
              18.523889
            ],
            [
              73.802127,
              18.52386
            ],
            [
              73.802035,
              18.523789
            ],
            [
              73.801941,
              18.523716
            ],
            [
              73.801822,
              18.523692
            ],
            [
              73.801726,
              18.523677
            ],
            [
              73.80164,
              18.523663
            ],
            [
              73.801259,
              18.523634
            ],
            [
              73.801036,
              18.523618
            ],
            [
              73.800597,
              18.523513
            ],
            [
              73.800223,
              18.523465
            ],
            [
              73.799993,
              18.523433
            ],
            [
              73.799836,
              18.523381
            ],
            [
              73.799698,
              18.52332
            ],
            [
              73.799378,
              18.523222
            ],
            [
              73.798813,
              18.52301
            ],
            [
              73.798673,
              18.522867
            ],
            [
              73.798533,
              18.522698
            ],
            [
              73.798308,
              18.522551
            ],
            [
              73.798234,
              18.522499
            ],
            [
              73.797684,
              18.522077
            ],
            [
              73.797492,
              18.521929
            ],
            [
              73.797327,
              18.521715
            ],
            [
              73.797125,
              18.521454
            ],
            [
              73.796861,
              18.521214
            ],
            [
              73.796819,
              18.521179
            ],
            [
              73.796507,
              18.520858
            ],
            [
              73.796319,
              18.520567
            ],
            [
              73.796017,
              18.520225
            ],
            [
              73.795617,
              18.519722
            ],
            [
              73.79541,
              18.519365
            ],
            [
              73.795038,
              18.51901
            ],
            [
              73.794695,
              18.518709
            ],
            [
              73.794245,
              18.51845
            ],
            [
              73.793462,
              18.518378
            ],
            [
              73.792837,
              18.51811
            ],
            [
              73.792472,
              18.517877
            ],
            [
              73.791913,
              18.517473
            ],
            [
              73.79146,
              18.517369
            ],
            [
              73.791209,
              18.517475
            ],
            [
              73.790858,
              18.517738
            ],
            [
              73.790196,
              18.518205
            ],
            [
              73.789445,
              18.518526
            ],
            [
              73.788809,
              18.51868
            ],
            [
              73.788593,
              18.518734
            ],
            [
              73.787986,
              18.518795
            ],
            [
              73.78696,
              18.518689
            ],
            [
              73.78635,
              18.519148
            ],
            [
              73.785888,
              18.51987
            ],
            [
              73.785586,
              18.52028
            ],
            [
              73.784865,
              18.52095
            ],
            [
              73.784278,
              18.521702
            ],
            [
              73.783816,
              18.522326
            ],
            [
              73.783755,
              18.522987
            ],
            [
              73.783657,
              18.523126
            ],
            [
              73.783046,
              18.523486
            ],
            [
              73.78335,
              18.524088
            ],
            [
              73.783412,
              18.524286
            ],
            [
              73.783022,
              18.524519
            ],
            [
              73.78257,
              18.524828
            ],
            [
              73.7823,
              18.525014
            ],
            [
              73.781467,
              18.525514
            ],
            [
              73.781565,
              18.525769
            ],
            [
              73.780013,
              18.526799
            ],
            [
              73.779971,
              18.526826
            ],
            [
              73.778877,
              18.527466
            ],
            [
              73.778721,
              18.527419
            ],
            [
              73.778584,
              18.527387
            ],
            [
              73.778521,
              18.527372
            ],
            [
              73.778299,
              18.527237
            ],
            [
              73.778064,
              18.527168
            ],
            [
              73.777942,
              18.527131
            ],
            [
              73.777713,
              18.527046
            ],
            [
              73.777464,
              18.526938
            ],
            [
              73.777304,
              18.526829
            ],
            [
              73.777116,
              18.526713
            ],
            [
              73.776859,
              18.526562
            ],
            [
              73.77665,
              18.526404
            ],
            [
              73.776552,
              18.526253
            ],
            [
              73.776418,
              18.52598
            ],
            [
              73.776377,
              18.525878
            ],
            [
              73.776413,
              18.525753
            ],
            [
              73.776483,
              18.525687
            ],
            [
              73.776544,
              18.525563
            ],
            [
              73.77658,
              18.525404
            ],
            [
              73.776571,
              18.525237
            ],
            [
              73.776571,
              18.525127
            ],
            [
              73.776624,
              18.524996
            ],
            [
              73.776703,
              18.524836
            ],
            [
              73.776875,
              18.52475
            ],
            [
              73.777002,
              18.524639
            ],
            [
              73.777134,
              18.524546
            ],
            [
              73.777215,
              18.524426
            ],
            [
              73.777345,
              18.524333
            ],
            [
              73.777399,
              18.524294
            ],
            [
              73.777513,
              18.524194
            ],
            [
              73.777531,
              18.524043
            ],
            [
              73.777531,
              18.523777
            ],
            [
              73.777522,
              18.523733
            ],
            [
              73.777514,
              18.523693
            ],
            [
              73.777434,
              18.523576
            ],
            [
              73.777434,
              18.523574
            ],
            [
              73.777408,
              18.52346
            ],
            [
              73.777195,
              18.523267
            ],
            [
              73.776832,
              18.522928
            ],
            [
              73.776711,
              18.522721
            ],
            [
              73.77663,
              18.522531
            ],
            [
              73.776572,
              18.52231
            ],
            [
              73.776517,
              18.522119
            ],
            [
              73.776491,
              18.521951
            ],
            [
              73.776377,
              18.521726
            ],
            [
              73.776276,
              18.521623
            ],
            [
              73.776157,
              18.521492
            ],
            [
              73.775989,
              18.521442
            ],
            [
              73.775839,
              18.521417
            ],
            [
              73.775681,
              18.521409
            ],
            [
              73.775488,
              18.521359
            ],
            [
              73.775406,
              18.521263
            ],
            [
              73.775321,
              18.521141
            ],
            [
              73.775318,
              18.520997
            ],
            [
              73.775274,
              18.520829
            ],
            [
              73.775371,
              18.520747
            ],
            [
              73.775486,
              18.520671
            ],
            [
              73.775626,
              18.520538
            ],
            [
              73.775715,
              18.520378
            ],
            [
              73.775882,
              18.52017
            ],
            [
              73.775999,
              18.51997
            ],
            [
              73.776022,
              18.51993
            ],
            [
              73.776128,
              18.519776
            ],
            [
              73.776173,
              18.519711
            ],
            [
              73.776305,
              18.519478
            ],
            [
              73.776433,
              18.519333
            ],
            [
              73.776481,
              18.519278
            ],
            [
              73.776539,
              18.519132
            ],
            [
              73.776569,
              18.519055
            ],
            [
              73.776587,
              18.51901
            ],
            [
              73.776632,
              18.518933
            ],
            [
              73.776737,
              18.518752
            ],
            [
              73.776787,
              18.518559
            ],
            [
              73.776815,
              18.518453
            ],
            [
              73.776855,
              18.518184
            ],
            [
              73.77686,
              18.51815
            ],
            [
              73.776869,
              18.517868
            ],
            [
              73.776852,
              18.517624
            ],
            [
              73.776841,
              18.517488
            ],
            [
              73.776834,
              18.517402
            ],
            [
              73.776793,
              18.517246
            ],
            [
              73.77678,
              18.517197
            ],
            [
              73.776734,
              18.517044
            ],
            [
              73.776711,
              18.516966
            ],
            [
              73.77657,
              18.5168
            ],
            [
              73.776509,
              18.516641
            ],
            [
              73.776266,
              18.516388
            ],
            [
              73.776039,
              18.516159
            ],
            [
              73.775862,
              18.515939
            ],
            [
              73.77581,
              18.515824
            ],
            [
              73.775688,
              18.515675
            ],
            [
              73.775653,
              18.515542
            ],
            [
              73.775644,
              18.515417
            ],
            [
              73.775465,
              18.515383
            ],
            [
              73.77531,
              18.515342
            ],
            [
              73.775198,
              18.515292
            ],
            [
              73.775117,
              18.515243
            ],
            [
              73.775081,
              18.515116
            ],
            [
              73.775081,
              18.514999
            ],
            [
              73.775178,
              18.514841
            ],
            [
              73.77524,
              18.514773
            ],
            [
              73.775319,
              18.514657
            ],
            [
              73.775319,
              18.51444
            ],
            [
              73.775223,
              18.514298
            ],
            [
              73.775144,
              18.51409
            ],
            [
              73.774985,
              18.513899
            ],
            [
              73.774844,
              18.513741
            ],
            [
              73.774695,
              18.513555
            ],
            [
              73.774678,
              18.513447
            ],
            [
              73.774695,
              18.513347
            ],
            [
              73.774678,
              18.513247
            ],
            [
              73.774554,
              18.513162
            ],
            [
              73.774346,
              18.513131
            ],
            [
              73.774184,
              18.513113
            ],
            [
              73.773931,
              18.513131
            ],
            [
              73.773791,
              18.513048
            ],
            [
              73.773689,
              18.512969
            ],
            [
              73.773459,
              18.512792
            ],
            [
              73.773381,
              18.512793
            ],
            [
              73.773225,
              18.512726
            ],
            [
              73.773091,
              18.512625
            ],
            [
              73.772986,
              18.512525
            ],
            [
              73.772909,
              18.512468
            ],
            [
              73.772752,
              18.512396
            ],
            [
              73.772706,
              18.512375
            ],
            [
              73.772476,
              18.512283
            ],
            [
              73.772212,
              18.5123
            ],
            [
              73.772098,
              18.512374
            ],
            [
              73.771995,
              18.512537
            ],
            [
              73.771912,
              18.512659
            ],
            [
              73.771756,
              18.512749
            ],
            [
              73.771667,
              18.512799
            ],
            [
              73.771474,
              18.512872
            ],
            [
              73.771297,
              18.512942
            ],
            [
              73.771031,
              18.513063
            ],
            [
              73.770844,
              18.513159
            ],
            [
              73.770594,
              18.513271
            ],
            [
              73.770311,
              18.513384
            ],
            [
              73.770141,
              18.513274
            ],
            [
              73.770045,
              18.513199
            ],
            [
              73.769892,
              18.513121
            ],
            [
              73.769761,
              18.513042
            ],
            [
              73.769728,
              18.513024
            ],
            [
              73.769631,
              18.512939
            ],
            [
              73.76941,
              18.512839
            ],
            [
              73.769287,
              18.512747
            ],
            [
              73.769055,
              18.512621
            ],
            [
              73.768927,
              18.512547
            ],
            [
              73.768848,
              18.512455
            ],
            [
              73.768945,
              18.51233
            ],
            [
              73.76905,
              18.512288
            ],
            [
              73.769186,
              18.51228
            ],
            [
              73.769226,
              18.51228
            ],
            [
              73.769262,
              18.51228
            ],
            [
              73.76935,
              18.512255
            ],
            [
              73.769438,
              18.512196
            ],
            [
              73.769456,
              18.512046
            ],
            [
              73.769438,
              18.511903
            ],
            [
              73.769438,
              18.511672
            ],
            [
              73.769403,
              18.511447
            ],
            [
              73.769403,
              18.511245
            ],
            [
              73.769359,
              18.511003
            ],
            [
              73.769342,
              18.510768
            ],
            [
              73.769298,
              18.510487
            ],
            [
              73.769263,
              18.510294
            ],
            [
              73.769131,
              18.510111
            ],
            [
              73.769052,
              18.509977
            ],
            [
              73.769018,
              18.509888
            ],
            [
              73.768967,
              18.509753
            ],
            [
              73.768835,
              18.509704
            ],
            [
              73.768677,
              18.509662
            ],
            [
              73.768487,
              18.509653
            ],
            [
              73.768158,
              18.509611
            ],
            [
              73.767911,
              18.509587
            ],
            [
              73.767784,
              18.509584
            ],
            [
              73.767565,
              18.509578
            ],
            [
              73.767348,
              18.509553
            ],
            [
              73.767114,
              18.509559
            ],
            [
              73.766908,
              18.509661
            ],
            [
              73.766758,
              18.509661
            ],
            [
              73.766583,
              18.509618
            ],
            [
              73.766547,
              18.509526
            ],
            [
              73.766459,
              18.509451
            ],
            [
              73.766477,
              18.509352
            ],
            [
              73.766557,
              18.509251
            ],
            [
              73.766715,
              18.50916
            ],
            [
              73.766811,
              18.509068
            ],
            [
              73.767031,
              18.509035
            ],
            [
              73.767164,
              18.508993
            ],
            [
              73.767312,
              18.508973
            ],
            [
              73.767411,
              18.50896
            ],
            [
              73.767613,
              18.50891
            ],
            [
              73.767701,
              18.508851
            ],
            [
              73.767895,
              18.50881
            ],
            [
              73.767982,
              18.508743
            ],
            [
              73.767991,
              18.50866
            ],
            [
              73.767903,
              18.508535
            ],
            [
              73.767868,
              18.508435
            ],
            [
              73.767758,
              18.508382
            ],
            [
              73.767648,
              18.508326
            ],
            [
              73.767587,
              18.508201
            ],
            [
              73.767335,
              18.507945
            ],
            [
              73.767064,
              18.507683
            ],
            [
              73.766923,
              18.507547
            ],
            [
              73.766792,
              18.50743
            ],
            [
              73.7667,
              18.507343
            ],
            [
              73.766541,
              18.507233
            ],
            [
              73.766486,
              18.507131
            ],
            [
              73.766469,
              18.507014
            ],
            [
              73.766453,
              18.50691
            ],
            [
              73.766414,
              18.506766
            ],
            [
              73.766359,
              18.506579
            ],
            [
              73.766249,
              18.50637
            ],
            [
              73.766146,
              18.506242
            ],
            [
              73.765959,
              18.506249
            ],
            [
              73.765724,
              18.506198
            ],
            [
              73.765416,
              18.506175
            ],
            [
              73.764666,
              18.506022
            ],
            [
              73.763904,
              18.505843
            ],
            [
              73.763588,
              18.505771
            ],
            [
              73.763322,
              18.505616
            ],
            [
              73.763074,
              18.505539
            ],
            [
              73.762783,
              18.505464
            ],
            [
              73.762557,
              18.50545
            ],
            [
              73.762401,
              18.505433
            ],
            [
              73.762038,
              18.505402
            ],
            [
              73.761862,
              18.505378
            ],
            [
              73.76181,
              18.505261
            ],
            [
              73.761771,
              18.505091
            ],
            [
              73.761833,
              18.504975
            ],
            [
              73.761928,
              18.504817
            ],
            [
              73.762029,
              18.504657
            ],
            [
              73.762094,
              18.504515
            ],
            [
              73.762062,
              18.504427
            ],
            [
              73.762036,
              18.504356
            ],
            [
              73.761946,
              18.504227
            ],
            [
              73.7619,
              18.504086
            ],
            [
              73.761836,
              18.503958
            ],
            [
              73.761836,
              18.503873
            ],
            [
              73.761883,
              18.503811
            ],
            [
              73.761914,
              18.503769
            ],
            [
              73.761959,
              18.503671
            ],
            [
              73.761365,
              18.503413
            ],
            [
              73.761103,
              18.503289
            ],
            [
              73.760963,
              18.503204
            ],
            [
              73.760813,
              18.503091
            ],
            [
              73.760666,
              18.502984
            ],
            [
              73.760637,
              18.502782
            ],
            [
              73.760607,
              18.502697
            ],
            [
              73.760571,
              18.502551
            ],
            [
              73.760589,
              18.502399
            ],
            [
              73.760663,
              18.502243
            ],
            [
              73.760709,
              18.502148
            ],
            [
              73.76087,
              18.502025
            ],
            [
              73.761064,
              18.501893
            ],
            [
              73.761431,
              18.501616
            ],
            [
              73.761643,
              18.501348
            ],
            [
              73.762002,
              18.500988
            ],
            [
              73.76234,
              18.500651
            ],
            [
              73.762625,
              18.500387
            ],
            [
              73.762787,
              18.50025
            ],
            [
              73.763104,
              18.499991
            ],
            [
              73.763262,
              18.499837
            ],
            [
              73.763514,
              18.499697
            ],
            [
              73.763715,
              18.499578
            ],
            [
              73.763885,
              18.499314
            ],
            [
              73.764066,
              18.499
            ],
            [
              73.764228,
              18.49882
            ],
            [
              73.764869,
              18.498066
            ],
            [
              73.765373,
              18.497549
            ],
            [
              73.765409,
              18.497492
            ],
            [
              73.765456,
              18.497404
            ],
            [
              73.765528,
              18.497312
            ],
            [
              73.765675,
              18.497174
            ],
            [
              73.765725,
              18.497123
            ],
            [
              73.765772,
              18.497079
            ],
            [
              73.765917,
              18.496983
            ],
            [
              73.766011,
              18.496916
            ],
            [
              73.766105,
              18.496863
            ],
            [
              73.766346,
              18.496748
            ],
            [
              73.766488,
              18.496651
            ],
            [
              73.766698,
              18.49649
            ],
            [
              73.766894,
              18.496377
            ],
            [
              73.766984,
              18.496257
            ],
            [
              73.767097,
              18.496117
            ],
            [
              73.767008,
              18.495907
            ],
            [
              73.766692,
              18.495362
            ],
            [
              73.76649,
              18.494993
            ],
            [
              73.766324,
              18.4947
            ],
            [
              73.766237,
              18.494588
            ],
            [
              73.766194,
              18.494544
            ],
            [
              73.766094,
              18.494456
            ],
            [
              73.766,
              18.494386
            ],
            [
              73.765885,
              18.494336
            ],
            [
              73.765821,
              18.494271
            ],
            [
              73.765766,
              18.494164
            ],
            [
              73.765589,
              18.493912
            ],
            [
              73.765505,
              18.493759
            ],
            [
              73.765358,
              18.493473
            ],
            [
              73.765289,
              18.493335
            ],
            [
              73.765134,
              18.493129
            ],
            [
              73.765174,
              18.492868
            ],
            [
              73.765113,
              18.492428
            ],
            [
              73.765136,
              18.491961
            ],
            [
              73.765267,
              18.491247
            ],
            [
              73.765458,
              18.490544
            ],
            [
              73.765718,
              18.490094
            ],
            [
              73.765829,
              18.490015
            ],
            [
              73.76588,
              18.489978
            ],
            [
              73.766015,
              18.4899
            ],
            [
              73.766031,
              18.489821
            ],
            [
              73.766092,
              18.489472
            ],
            [
              73.766134,
              18.489433
            ],
            [
              73.766392,
              18.489192
            ],
            [
              73.766567,
              18.488807
            ],
            [
              73.766568,
              18.488798
            ],
            [
              73.766711,
              18.488642
            ],
            [
              73.766835,
              18.488466
            ],
            [
              73.766955,
              18.488212
            ],
            [
              73.767153,
              18.487979
            ],
            [
              73.76725,
              18.488001
            ],
            [
              73.767308,
              18.488024
            ],
            [
              73.767522,
              18.488107
            ],
            [
              73.767568,
              18.488125
            ],
            [
              73.767596,
              18.488136
            ],
            [
              73.767905,
              18.488312
            ],
            [
              73.768139,
              18.488446
            ],
            [
              73.768339,
              18.488596
            ],
            [
              73.768592,
              18.488786
            ],
            [
              73.768804,
              18.489013
            ],
            [
              73.768914,
              18.489021
            ],
            [
              73.769078,
              18.489075
            ],
            [
              73.769177,
              18.489107
            ],
            [
              73.769462,
              18.489222
            ],
            [
              73.769614,
              18.489281
            ],
            [
              73.769874,
              18.489418
            ],
            [
              73.770026,
              18.489561
            ],
            [
              73.770165,
              18.489727
            ],
            [
              73.770339,
              18.490021
            ],
            [
              73.770529,
              18.490287
            ],
            [
              73.770756,
              18.490736
            ],
            [
              73.770875,
              18.490901
            ],
            [
              73.770847,
              18.491093
            ],
            [
              73.770811,
              18.491426
            ],
            [
              73.770934,
              18.491738
            ],
            [
              73.771174,
              18.492032
            ],
            [
              73.771447,
              18.492203
            ],
            [
              73.771566,
              18.49229
            ],
            [
              73.771696,
              18.492383
            ],
            [
              73.77194,
              18.492535
            ],
            [
              73.772018,
              18.492783
            ],
            [
              73.772062,
              18.493508
            ],
            [
              73.772684,
              18.493596
            ],
            [
              73.773472,
              18.493608
            ],
            [
              73.773912,
              18.493736
            ],
            [
              73.773925,
              18.493891
            ],
            [
              73.773933,
              18.493988
            ],
            [
              73.77394,
              18.494073
            ],
            [
              73.773967,
              18.494435
            ],
            [
              73.773996,
              18.494777
            ],
            [
              73.77397,
              18.495039
            ],
            [
              73.77394,
              18.49532
            ],
            [
              73.774157,
              18.49594
            ],
            [
              73.775289,
              18.496501
            ]
          ]
        ]
      },
      "properties": {
        "city_id": "pune",
        "ward_id": "pun-003",
        "ward_name": "Admin Ward 03 Kothrud Karveroad",
        "corporation": "Pune Municipal Corporation",
        "zone": "Admin Ward 03 Kothrud Karveroad",
        "area_sqkm": 16.47,
        "centroid": [
          73.791945,
          18.507793
        ]
      }
    },
    {
      "type": "Feature",
      "id": "pun-004",
      "geometry": {
        "type": "Polygon",
        "coordinates": [
          [
            [
              73.811549,
              18.478519
            ],
            [
              73.812194,
              18.479081
            ],
            [
              73.812886,
              18.479485
            ],
            [
              73.813742,
              18.479869
            ],
            [
              73.814864,
              18.480315
            ],
            [
              73.815186,
              18.480442
            ],
            [
              73.815484,
              18.480565
            ],
            [
              73.816157,
              18.480785
            ],
            [
              73.816598,
              18.481038
            ],
            [
              73.817137,
              18.481347
            ],
            [
              73.817506,
              18.481585
            ],
            [
              73.817799,
              18.481774
            ],
            [
              73.818469,
              18.482064
            ],
            [
              73.818515,
              18.482073
            ],
            [
              73.81858,
              18.482111
            ],
            [
              73.819202,
              18.482439
            ],
            [
              73.819832,
              18.482605
            ],
            [
              73.820341,
              18.482656
            ],
            [
              73.820932,
              18.482669
            ],
            [
              73.820998,
              18.48268
            ],
            [
              73.821501,
              18.482733
            ],
            [
              73.82163,
              18.482731
            ],
            [
              73.821937,
              18.482707
            ],
            [
              73.822238,
              18.482677
            ],
            [
              73.822456,
              18.482656
            ],
            [
              73.822561,
              18.48263
            ],
            [
              73.822917,
              18.482659
            ],
            [
              73.823024,
              18.482668
            ],
            [
              73.823564,
              18.482644
            ],
            [
              73.823877,
              18.482695
            ],
            [
              73.823976,
              18.482712
            ],
            [
              73.824131,
              18.482791
            ],
            [
              73.824406,
              18.482955
            ],
            [
              73.824571,
              18.483042
            ],
            [
              73.824912,
              18.48331
            ],
            [
              73.825352,
              18.483706
            ],
            [
              73.825734,
              18.484147
            ],
            [
              73.825979,
              18.484458
            ],
            [
              73.826324,
              18.485117
            ],
            [
              73.826546,
              18.485619
            ],
            [
              73.82664,
              18.485832
            ],
            [
              73.826783,
              18.486196
            ],
            [
              73.82716,
              18.487015
            ],
            [
              73.827214,
              18.487129
            ],
            [
              73.827397,
              18.487621
            ],
            [
              73.827754,
              18.488431
            ],
            [
              73.828379,
              18.489411
            ],
            [
              73.828613,
              18.489776
            ],
            [
              73.82879,
              18.490058
            ],
            [
              73.829586,
              18.491213
            ],
            [
              73.830158,
              18.492044
            ],
            [
              73.830711,
              18.49284
            ],
            [
              73.831,
              18.493254
            ],
            [
              73.831365,
              18.49378
            ],
            [
              73.831948,
              18.494613
            ],
            [
              73.832712,
              18.495699
            ],
            [
              73.833087,
              18.496132
            ],
            [
              73.833684,
              18.496664
            ],
            [
              73.834122,
              18.496984
            ],
            [
              73.834992,
              18.497707
            ],
            [
              73.835592,
              18.49836
            ],
            [
              73.836273,
              18.499609
            ],
            [
              73.836587,
              18.500468
            ],
            [
              73.836778,
              18.500996
            ],
            [
              73.836897,
              18.502083
            ],
            [
              73.836597,
              18.504571
            ],
            [
              73.835417,
              18.50454
            ],
            [
              73.834722,
              18.50452
            ],
            [
              73.834423,
              18.504533
            ],
            [
              73.834378,
              18.504537
            ],
            [
              73.834075,
              18.504587
            ],
            [
              73.833368,
              18.505253
            ],
            [
              73.832844,
              18.505749
            ],
            [
              73.83233,
              18.506882
            ],
            [
              73.832184,
              18.506859
            ],
            [
              73.831704,
              18.50684
            ],
            [
              73.831342,
              18.506847
            ],
            [
              73.830767,
              18.506873
            ],
            [
              73.830322,
              18.506919
            ],
            [
              73.830123,
              18.507008
            ],
            [
              73.829809,
              18.507228
            ],
            [
              73.829393,
              18.507704
            ],
            [
              73.827824,
              18.5069
            ],
            [
              73.827438,
              18.506773
            ],
            [
              73.826907,
              18.506516
            ],
            [
              73.825503,
              18.505849
            ],
            [
              73.823795,
              18.505384
            ],
            [
              73.823582,
              18.50533
            ],
            [
              73.823198,
              18.505204
            ],
            [
              73.822939,
              18.505121
            ],
            [
              73.822394,
              18.504881
            ],
            [
              73.822109,
              18.504756
            ],
            [
              73.821908,
              18.504657
            ],
            [
              73.821724,
              18.504566
            ],
            [
              73.821551,
              18.504474
            ],
            [
              73.821351,
              18.504368
            ],
            [
              73.821218,
              18.504286
            ],
            [
              73.821147,
              18.504239
            ],
            [
              73.821255,
              18.50401
            ],
            [
              73.821566,
              18.502911
            ],
            [
              73.822302,
              18.500274
            ],
            [
              73.82245,
              18.499777
            ],
            [
              73.822525,
              18.49953
            ],
            [
              73.822618,
              18.499333
            ],
            [
              73.822662,
              18.499243
            ],
            [
              73.822826,
              18.498991
            ],
            [
              73.823009,
              18.498713
            ],
            [
              73.82323,
              18.498353
            ],
            [
              73.823334,
              18.498181
            ],
            [
              73.823494,
              18.497921
            ],
            [
              73.823546,
              18.497835
            ],
            [
              73.823196,
              18.49763
            ],
            [
              73.822934,
              18.497575
            ],
            [
              73.822747,
              18.497617
            ],
            [
              73.822602,
              18.497683
            ],
            [
              73.822337,
              18.49784
            ],
            [
              73.822258,
              18.497888
            ],
            [
              73.822229,
              18.497906
            ],
            [
              73.822217,
              18.497913
            ],
            [
              73.822143,
              18.497964
            ],
            [
              73.822126,
              18.497975
            ],
            [
              73.822072,
              18.497979
            ],
            [
              73.822033,
              18.497982
            ],
            [
              73.821968,
              18.497993
            ],
            [
              73.821863,
              18.49805
            ],
            [
              73.821739,
              18.498096
            ],
            [
              73.821622,
              18.498133
            ],
            [
              73.82155,
              18.498156
            ],
            [
              73.821509,
              18.498162
            ],
            [
              73.821387,
              18.498202
            ],
            [
              73.821257,
              18.49825
            ],
            [
              73.821142,
              18.498282
            ],
            [
              73.82107,
              18.498302
            ],
            [
              73.820938,
              18.498347
            ],
            [
              73.820765,
              18.498342
            ],
            [
              73.820645,
              18.498366
            ],
            [
              73.82049,
              18.498343
            ],
            [
              73.820399,
              18.498321
            ],
            [
              73.820221,
              18.49828
            ],
            [
              73.820106,
              18.498217
            ],
            [
              73.820042,
              18.498166
            ],
            [
              73.819955,
              18.498077
            ],
            [
              73.819892,
              18.498032
            ],
            [
              73.819754,
              18.49795
            ],
            [
              73.819633,
              18.497845
            ],
            [
              73.819557,
              18.497797
            ],
            [
              73.819473,
              18.497767
            ],
            [
              73.819382,
              18.497726
            ],
            [
              73.819171,
              18.4977
            ],
            [
              73.819028,
              18.497672
            ],
            [
              73.818872,
              18.497644
            ],
            [
              73.818604,
              18.497641
            ],
            [
              73.818489,
              18.497626
            ],
            [
              73.818348,
              18.497619
            ],
            [
              73.818265,
              18.497615
            ],
            [
              73.818176,
              18.497589
            ],
            [
              73.818075,
              18.497562
            ],
            [
              73.817974,
              18.497555
            ],
            [
              73.81788,
              18.497547
            ],
            [
              73.817745,
              18.497545
            ],
            [
              73.817561,
              18.497542
            ],
            [
              73.817373,
              18.497526
            ],
            [
              73.817093,
              18.497577
            ],
            [
              73.816931,
              18.497603
            ],
            [
              73.816684,
              18.497653
            ],
            [
              73.816474,
              18.497677
            ],
            [
              73.816259,
              18.497693
            ],
            [
              73.815939,
              18.497687
            ],
            [
              73.815977,
              18.498436
            ],
            [
              73.815985,
              18.498574
            ],
            [
              73.816085,
              18.498766
            ],
            [
              73.816203,
              18.498903
            ],
            [
              73.816259,
              18.499008
            ],
            [
              73.816155,
              18.500487
            ],
            [
              73.816156,
              18.501007
            ],
            [
              73.816067,
              18.50141
            ],
            [
              73.815956,
              18.501691
            ],
            [
              73.815831,
              18.501959
            ],
            [
              73.815757,
              18.502162
            ],
            [
              73.815528,
              18.502154
            ],
            [
              73.814838,
              18.502133
            ],
            [
              73.813642,
              18.502101
            ],
            [
              73.813056,
              18.502144
            ],
            [
              73.812542,
              18.50217
            ],
            [
              73.812094,
              18.502158
            ],
            [
              73.811702,
              18.502101
            ],
            [
              73.811599,
              18.502087
            ],
            [
              73.811353,
              18.502054
            ],
            [
              73.811029,
              18.50201
            ],
            [
              73.810932,
              18.501997
            ],
            [
              73.810557,
              18.502003
            ],
            [
              73.810312,
              18.50204
            ],
            [
              73.809822,
              18.502034
            ],
            [
              73.809432,
              18.502031
            ],
            [
              73.808975,
              18.502032
            ],
            [
              73.808491,
              18.502032
            ],
            [
              73.808125,
              18.502034
            ],
            [
              73.808053,
              18.502036
            ],
            [
              73.807452,
              18.502051
            ],
            [
              73.807117,
              18.502059
            ],
            [
              73.806593,
              18.502055
            ],
            [
              73.806353,
              18.502053
            ],
            [
              73.805974,
              18.502057
            ],
            [
              73.805731,
              18.502058
            ],
            [
              73.805307,
              18.502048
            ],
            [
              73.804948,
              18.502038
            ],
            [
              73.804927,
              18.501776
            ],
            [
              73.80492,
              18.501444
            ],
            [
              73.804909,
              18.501271
            ],
            [
              73.804898,
              18.501042
            ],
            [
              73.804895,
              18.500976
            ],
            [
              73.804894,
              18.500627
            ],
            [
              73.804852,
              18.500391
            ],
            [
              73.804854,
              18.500202
            ],
            [
              73.804831,
              18.500052
            ],
            [
              73.804806,
              18.499929
            ],
            [
              73.804793,
              18.499805
            ],
            [
              73.804704,
              18.499652
            ],
            [
              73.804599,
              18.499494
            ],
            [
              73.804543,
              18.499376
            ],
            [
              73.80451,
              18.499305
            ],
            [
              73.804493,
              18.499254
            ],
            [
              73.804483,
              18.499226
            ],
            [
              73.804467,
              18.499156
            ],
            [
              73.804464,
              18.49914
            ],
            [
              73.804484,
              18.498883
            ],
            [
              73.80444,
              18.498498
            ],
            [
              73.804394,
              18.498157
            ],
            [
              73.80434,
              18.49779
            ],
            [
              73.804319,
              18.497452
            ],
            [
              73.804251,
              18.497204
            ],
            [
              73.804225,
              18.497113
            ],
            [
              73.804197,
              18.497
            ],
            [
              73.804171,
              18.496896
            ],
            [
              73.80416,
              18.496862
            ],
            [
              73.804115,
              18.496753
            ],
            [
              73.804072,
              18.496651
            ],
            [
              73.804054,
              18.496607
            ],
            [
              73.803974,
              18.496366
            ],
            [
              73.803897,
              18.496117
            ],
            [
              73.803371,
              18.496143
            ],
            [
              73.803291,
              18.496149
            ],
            [
              73.802844,
              18.496166
            ],
            [
              73.802551,
              18.496189
            ],
            [
              73.802267,
              18.496167
            ],
            [
              73.801945,
              18.496199
            ],
            [
              73.801683,
              18.496243
            ],
            [
              73.80136,
              18.496328
            ],
            [
              73.80113,
              18.496381
            ],
            [
              73.800821,
              18.496465
            ],
            [
              73.800534,
              18.496547
            ],
            [
              73.800148,
              18.496671
            ],
            [
              73.800045,
              18.496686
            ],
            [
              73.799981,
              18.496357
            ],
            [
              73.799935,
              18.496123
            ],
            [
              73.799911,
              18.495969
            ],
            [
              73.799883,
              18.495822
            ],
            [
              73.799866,
              18.495676
            ],
            [
              73.799851,
              18.495565
            ],
            [
              73.799819,
              18.495401
            ],
            [
              73.799817,
              18.495322
            ],
            [
              73.799809,
              18.495243
            ],
            [
              73.799813,
              18.495091
            ],
            [
              73.799808,
              18.494953
            ],
            [
              73.799812,
              18.494668
            ],
            [
              73.79982,
              18.494293
            ],
            [
              73.799832,
              18.493839
            ],
            [
              73.799845,
              18.493505
            ],
            [
              73.799973,
              18.493332
            ],
            [
              73.800183,
              18.493045
            ],
            [
              73.800049,
              18.492406
            ],
            [
              73.799991,
              18.492132
            ],
            [
              73.799834,
              18.492121
            ],
            [
              73.799437,
              18.49223
            ],
            [
              73.79906,
              18.492263
            ],
            [
              73.798607,
              18.492279
            ],
            [
              73.798158,
              18.492374
            ],
            [
              73.798111,
              18.492384
            ],
            [
              73.79766,
              18.492507
            ],
            [
              73.797101,
              18.492671
            ],
            [
              73.796698,
              18.492844
            ],
            [
              73.796671,
              18.492868
            ],
            [
              73.796413,
              18.493022
            ],
            [
              73.795756,
              18.493316
            ],
            [
              73.795136,
              18.493742
            ],
            [
              73.794766,
              18.493999
            ],
            [
              73.79452,
              18.494151
            ],
            [
              73.79445,
              18.494442
            ],
            [
              73.794039,
              18.494746
            ],
            [
              73.793241,
              18.495158
            ],
            [
              73.792773,
              18.495535
            ],
            [
              73.792317,
              18.495937
            ],
            [
              73.791946,
              18.496142
            ],
            [
              73.791586,
              18.496322
            ],
            [
              73.791096,
              18.496569
            ],
            [
              73.790742,
              18.496747
            ],
            [
              73.790049,
              18.497072
            ],
            [
              73.789598,
              18.497229
            ],
            [
              73.789037,
              18.497265
            ],
            [
              73.788764,
              18.497383
            ],
            [
              73.788502,
              18.497675
            ],
            [
              73.787848,
              18.498128
            ],
            [
              73.787184,
              18.498575
            ],
            [
              73.786774,
              18.498857
            ],
            [
              73.78645,
              18.499021
            ],
            [
              73.786051,
              18.499155
            ],
            [
              73.785622,
              18.499792
            ],
            [
              73.785256,
              18.500032
            ],
            [
              73.785225,
              18.500353
            ],
            [
              73.785226,
              18.500438
            ],
            [
              73.785228,
              18.500556
            ],
            [
              73.78523,
              18.500694
            ],
            [
              73.785231,
              18.50074
            ],
            [
              73.784271,
              18.50098
            ],
            [
              73.783608,
              18.501295
            ],
            [
              73.782826,
              18.501788
            ],
            [
              73.78176,
              18.501708
            ],
            [
              73.781404,
              18.500994
            ],
            [
              73.780545,
              18.50066
            ],
            [
              73.780102,
              18.50016
            ],
            [
              73.779474,
              18.499642
            ],
            [
              73.778735,
              18.499231
            ],
            [
              73.777461,
              18.498342
            ],
            [
              73.776612,
              18.497419
            ],
            [
              73.775282,
              18.496501
            ],
            [
              73.774155,
              18.495936
            ],
            [
              73.773938,
              18.495315
            ],
            [
              73.773995,
              18.494781
            ],
            [
              73.773912,
              18.493735
            ],
            [
              73.773472,
              18.493609
            ],
            [
              73.772704,
              18.493596
            ],
            [
              73.772064,
              18.493511
            ],
            [
              73.772018,
              18.492784
            ],
            [
              73.772594,
              18.492653
            ],
            [
              73.773032,
              18.492431
            ],
            [
              73.773169,
              18.492362
            ],
            [
              73.773519,
              18.492138
            ],
            [
              73.773705,
              18.491801
            ],
            [
              73.773695,
              18.491474
            ],
            [
              73.773607,
              18.491013
            ],
            [
              73.773563,
              18.490776
            ],
            [
              73.773702,
              18.490329
            ],
            [
              73.773985,
              18.490132
            ],
            [
              73.77423,
              18.489958
            ],
            [
              73.774517,
              18.489837
            ],
            [
              73.774936,
              18.489455
            ],
            [
              73.775107,
              18.488831
            ],
            [
              73.774853,
              18.488308
            ],
            [
              73.775131,
              18.48789
            ],
            [
              73.775564,
              18.487751
            ],
            [
              73.775824,
              18.487767
            ],
            [
              73.776161,
              18.487674
            ],
            [
              73.776659,
              18.487274
            ],
            [
              73.776913,
              18.486766
            ],
            [
              73.777306,
              18.486215
            ],
            [
              73.777143,
              18.485562
            ],
            [
              73.777486,
              18.48499
            ],
            [
              73.777747,
              18.484817
            ],
            [
              73.777479,
              18.484547
            ],
            [
              73.777268,
              18.484276
            ],
            [
              73.777138,
              18.48405
            ],
            [
              73.777103,
              18.483713
            ],
            [
              73.777255,
              18.483477
            ],
            [
              73.777356,
              18.483251
            ],
            [
              73.777394,
              18.483167
            ],
            [
              73.777553,
              18.482873
            ],
            [
              73.777626,
              18.482735
            ],
            [
              73.77773,
              18.482352
            ],
            [
              73.77794,
              18.481912
            ],
            [
              73.778085,
              18.481482
            ],
            [
              73.778111,
              18.481244
            ],
            [
              73.778112,
              18.481227
            ],
            [
              73.778053,
              18.480959
            ],
            [
              73.777858,
              18.480729
            ],
            [
              73.777603,
              18.480449
            ],
            [
              73.777804,
              18.480384
            ],
            [
              73.778121,
              18.480368
            ],
            [
              73.778244,
              18.480353
            ],
            [
              73.778781,
              18.480284
            ],
            [
              73.778913,
              18.480269
            ],
            [
              73.779061,
              18.480244
            ],
            [
              73.779394,
              18.480197
            ],
            [
              73.779506,
              18.480182
            ],
            [
              73.779752,
              18.48016
            ],
            [
              73.780073,
              18.480126
            ],
            [
              73.780467,
              18.480087
            ],
            [
              73.780746,
              18.480059
            ],
            [
              73.781133,
              18.48002
            ],
            [
              73.781766,
              18.479957
            ],
            [
              73.782243,
              18.479897
            ],
            [
              73.782425,
              18.479989
            ],
            [
              73.78264,
              18.480088
            ],
            [
              73.782825,
              18.480138
            ],
            [
              73.783326,
              18.480121
            ],
            [
              73.783529,
              18.480113
            ],
            [
              73.783808,
              18.480086
            ],
            [
              73.784187,
              18.480049
            ],
            [
              73.784405,
              18.47997
            ],
            [
              73.784632,
              18.480011
            ],
            [
              73.784884,
              18.480066
            ],
            [
              73.785178,
              18.480089
            ],
            [
              73.785421,
              18.480101
            ],
            [
              73.785705,
              18.480074
            ],
            [
              73.785997,
              18.479981
            ],
            [
              73.786138,
              18.479923
            ],
            [
              73.786421,
              18.479774
            ],
            [
              73.786558,
              18.479681
            ],
            [
              73.786831,
              18.479563
            ],
            [
              73.787089,
              18.479485
            ],
            [
              73.787417,
              18.479444
            ],
            [
              73.787556,
              18.479402
            ],
            [
              73.787565,
              18.479402
            ],
            [
              73.787577,
              18.479403
            ],
            [
              73.787743,
              18.479381
            ],
            [
              73.788151,
              18.479316
            ],
            [
              73.788294,
              18.479209
            ],
            [
              73.788353,
              18.479201
            ],
            [
              73.788396,
              18.479196
            ],
            [
              73.788425,
              18.479192
            ],
            [
              73.788457,
              18.479188
            ],
            [
              73.788534,
              18.479176
            ],
            [
              73.788693,
              18.479152
            ],
            [
              73.788782,
              18.479154
            ],
            [
              73.788898,
              18.479157
            ],
            [
              73.788918,
              18.479157
            ],
            [
              73.789071,
              18.479145
            ],
            [
              73.789545,
              18.479101
            ],
            [
              73.78965,
              18.479092
            ],
            [
              73.789757,
              18.479082
            ],
            [
              73.789975,
              18.479069
            ],
            [
              73.790087,
              18.479062
            ],
            [
              73.790331,
              18.47904
            ],
            [
              73.790402,
              18.479034
            ],
            [
              73.790472,
              18.479028
            ],
            [
              73.790575,
              18.479016
            ],
            [
              73.790636,
              18.479007
            ],
            [
              73.790726,
              18.478998
            ],
            [
              73.790899,
              18.478977
            ],
            [
              73.791151,
              18.478948
            ],
            [
              73.791473,
              18.478909
            ],
            [
              73.791723,
              18.47888
            ],
            [
              73.791957,
              18.478868
            ],
            [
              73.792285,
              18.478862
            ],
            [
              73.792326,
              18.478861
            ],
            [
              73.792668,
              18.47883
            ],
            [
              73.793029,
              18.478455
            ],
            [
              73.793136,
              18.478255
            ],
            [
              73.793136,
              18.47807
            ],
            [
              73.79319,
              18.477877
            ],
            [
              73.793341,
              18.477699
            ],
            [
              73.793512,
              18.477524
            ],
            [
              73.793594,
              18.477471
            ],
            [
              73.793655,
              18.477432
            ],
            [
              73.793736,
              18.477379
            ],
            [
              73.79381,
              18.477332
            ],
            [
              73.793837,
              18.477315
            ],
            [
              73.793928,
              18.477219
            ],
            [
              73.793986,
              18.477158
            ],
            [
              73.794033,
              18.477108
            ],
            [
              73.794132,
              18.477026
            ],
            [
              73.794207,
              18.476965
            ],
            [
              73.794343,
              18.476854
            ],
            [
              73.794492,
              18.476692
            ],
            [
              73.794693,
              18.476472
            ],
            [
              73.794859,
              18.476278
            ],
            [
              73.794962,
              18.476158
            ],
            [
              73.795235,
              18.475963
            ],
            [
              73.795464,
              18.475816
            ],
            [
              73.795627,
              18.475648
            ],
            [
              73.795594,
              18.47562
            ],
            [
              73.795239,
              18.475378
            ],
            [
              73.794688,
              18.475006
            ],
            [
              73.794276,
              18.47456
            ],
            [
              73.793913,
              18.474243
            ],
            [
              73.793823,
              18.474162
            ],
            [
              73.793512,
              18.473851
            ],
            [
              73.793173,
              18.473507
            ],
            [
              73.792645,
              18.4731
            ],
            [
              73.79257,
              18.473042
            ],
            [
              73.79242,
              18.472905
            ],
            [
              73.79211,
              18.472629
            ],
            [
              73.791706,
              18.472269
            ],
            [
              73.790984,
              18.471776
            ],
            [
              73.790499,
              18.471405
            ],
            [
              73.789759,
              18.470998
            ],
            [
              73.789709,
              18.47097
            ],
            [
              73.789144,
              18.470701
            ],
            [
              73.788637,
              18.470461
            ],
            [
              73.788472,
              18.470394
            ],
            [
              73.788168,
              18.47027
            ],
            [
              73.787906,
              18.470087
            ],
            [
              73.787554,
              18.469799
            ],
            [
              73.787498,
              18.469743
            ],
            [
              73.787077,
              18.46949
            ],
            [
              73.786857,
              18.469243
            ],
            [
              73.786845,
              18.469083
            ],
            [
              73.787021,
              18.46894
            ],
            [
              73.787141,
              18.468841
            ],
            [
              73.787206,
              18.468831
            ],
            [
              73.787371,
              18.468807
            ],
            [
              73.787407,
              18.468808
            ],
            [
              73.787461,
              18.468807
            ],
            [
              73.787596,
              18.468807
            ],
            [
              73.78762,
              18.468807
            ],
            [
              73.787666,
              18.468818
            ],
            [
              73.787856,
              18.468855
            ],
            [
              73.787954,
              18.468875
            ],
            [
              73.788208,
              18.469133
            ],
            [
              73.788303,
              18.469322
            ],
            [
              73.788358,
              18.469531
            ],
            [
              73.788647,
              18.469711
            ],
            [
              73.789007,
              18.469805
            ],
            [
              73.789182,
              18.469835
            ],
            [
              73.789299,
              18.469856
            ],
            [
              73.789698,
              18.469899
            ],
            [
              73.790022,
              18.469986
            ],
            [
              73.790352,
              18.470063
            ],
            [
              73.790405,
              18.47015
            ],
            [
              73.79085,
              18.470176
            ],
            [
              73.791215,
              18.470297
            ],
            [
              73.79145,
              18.470458
            ],
            [
              73.79177,
              18.470669
            ],
            [
              73.792157,
              18.470848
            ],
            [
              73.79258,
              18.471013
            ],
            [
              73.793028,
              18.471091
            ],
            [
              73.793433,
              18.471136
            ],
            [
              73.79355,
              18.470946
            ],
            [
              73.793552,
              18.470936
            ],
            [
              73.793551,
              18.470921
            ],
            [
              73.793536,
              18.470722
            ],
            [
              73.793538,
              18.470545
            ],
            [
              73.793654,
              18.470393
            ],
            [
              73.793776,
              18.470319
            ],
            [
              73.79384,
              18.470281
            ],
            [
              73.793866,
              18.470266
            ],
            [
              73.79392,
              18.470264
            ],
            [
              73.793973,
              18.470263
            ],
            [
              73.794026,
              18.470262
            ],
            [
              73.794077,
              18.47026
            ],
            [
              73.794116,
              18.470259
            ],
            [
              73.794192,
              18.470258
            ],
            [
              73.794463,
              18.470232
            ],
            [
              73.794572,
              18.470223
            ],
            [
              73.794707,
              18.470216
            ],
            [
              73.794749,
              18.470199
            ],
            [
              73.794786,
              18.47019
            ],
            [
              73.794908,
              18.470182
            ],
            [
              73.79511,
              18.470047
            ],
            [
              73.795378,
              18.469821
            ],
            [
              73.795431,
              18.469796
            ],
            [
              73.795499,
              18.469719
            ],
            [
              73.795601,
              18.469605
            ],
            [
              73.795619,
              18.469605
            ],
            [
              73.795753,
              18.469531
            ],
            [
              73.795843,
              18.469481
            ],
            [
              73.796029,
              18.469451
            ],
            [
              73.796111,
              18.469438
            ],
            [
              73.796217,
              18.469422
            ],
            [
              73.796257,
              18.469413
            ],
            [
              73.796803,
              18.469443
            ],
            [
              73.796916,
              18.469449
            ],
            [
              73.797349,
              18.469447
            ],
            [
              73.797523,
              18.46945
            ],
            [
              73.797744,
              18.469461
            ],
            [
              73.797994,
              18.469473
            ],
            [
              73.798072,
              18.469447
            ],
            [
              73.798151,
              18.469422
            ],
            [
              73.798125,
              18.469167
            ],
            [
              73.798125,
              18.469125
            ],
            [
              73.798139,
              18.468897
            ],
            [
              73.798145,
              18.468779
            ],
            [
              73.798162,
              18.46872
            ],
            [
              73.798285,
              18.468543
            ],
            [
              73.798302,
              18.468528
            ],
            [
              73.798336,
              18.468497
            ],
            [
              73.798605,
              18.468265
            ],
            [
              73.798622,
              18.46824
            ],
            [
              73.798649,
              18.468223
            ],
            [
              73.798734,
              18.46815
            ],
            [
              73.798794,
              18.468035
            ],
            [
              73.798819,
              18.467662
            ],
            [
              73.798773,
              18.467107
            ],
            [
              73.798901,
              18.466956
            ],
            [
              73.799001,
              18.466726
            ],
            [
              73.799023,
              18.466697
            ],
            [
              73.799083,
              18.466618
            ],
            [
              73.799124,
              18.466566
            ],
            [
              73.799155,
              18.466526
            ],
            [
              73.799167,
              18.466511
            ],
            [
              73.799177,
              18.466498
            ],
            [
              73.799194,
              18.466482
            ],
            [
              73.799255,
              18.466443
            ],
            [
              73.799315,
              18.466405
            ],
            [
              73.799431,
              18.466551
            ],
            [
              73.799788,
              18.466779
            ],
            [
              73.801029,
              18.467458
            ],
            [
              73.801405,
              18.467641
            ],
            [
              73.80225,
              18.46807
            ],
            [
              73.803572,
              18.468799
            ],
            [
              73.804741,
              18.469662
            ],
            [
              73.805129,
              18.46995
            ],
            [
              73.805696,
              18.470408
            ],
            [
              73.806375,
              18.470949
            ],
            [
              73.806896,
              18.471382
            ],
            [
              73.80751,
              18.471927
            ],
            [
              73.808291,
              18.472503
            ],
            [
              73.808976,
              18.473239
            ],
            [
              73.809435,
              18.474243
            ],
            [
              73.809807,
              18.475346
            ],
            [
              73.810469,
              18.476671
            ],
            [
              73.810775,
              18.477321
            ],
            [
              73.811549,
              18.478519
            ]
          ]
        ]
      },
      "properties": {
        "city_id": "pune",
        "ward_id": "pun-004",
        "ward_name": "Admin Ward 04 Warje Karvenagar",
        "corporation": "Pune Municipal Corporation",
        "zone": "Admin Ward 04 Warje Karvenagar",
        "area_sqkm": 14.76,
        "centroid": [
          73.801629,
          18.486947
        ]
      }
    },
    {
      "type": "Feature",
      "id": "pun-005",
      "geometry": {
        "type": "Polygon",
        "coordinates": [
          [
            [
              73.888393,
              18.543756
            ],
            [
              73.886452,
              18.543518
            ],
            [
              73.88573,
              18.54343
            ],
            [
              73.883867,
              18.543198
            ],
            [
              73.883284,
              18.543094
            ],
            [
              73.881599,
              18.542926
            ],
            [
              73.87846,
              18.542547
            ],
            [
              73.876588,
              18.542048
            ],
            [
              73.874936,
              18.54155
            ],
            [
              73.873246,
              18.541077
            ],
            [
              73.872432,
              18.540957
            ],
            [
              73.872028,
              18.540887
            ],
            [
              73.871501,
              18.540739
            ],
            [
              73.870557,
              18.540484
            ],
            [
              73.86997,
              18.540323
            ],
            [
              73.869526,
              18.540201
            ],
            [
              73.867519,
              18.539384
            ],
            [
              73.866681,
              18.538746
            ],
            [
              73.866298,
              18.53846
            ],
            [
              73.865759,
              18.538086
            ],
            [
              73.865207,
              18.537697
            ],
            [
              73.864128,
              18.536939
            ],
            [
              73.862904,
              18.535086
            ],
            [
              73.862606,
              18.534619
            ],
            [
              73.862561,
              18.534547
            ],
            [
              73.861301,
              18.532057
            ],
            [
              73.860941,
              18.530891
            ],
            [
              73.860966,
              18.530347
            ],
            [
              73.860974,
              18.530173
            ],
            [
              73.860941,
              18.529488
            ],
            [
              73.861006,
              18.528976
            ],
            [
              73.861014,
              18.528692
            ],
            [
              73.860977,
              18.528639
            ],
            [
              73.860702,
              18.528206
            ],
            [
              73.860509,
              18.527857
            ],
            [
              73.860279,
              18.527591
            ],
            [
              73.859779,
              18.526953
            ],
            [
              73.859453,
              18.526541
            ],
            [
              73.858675,
              18.525802
            ],
            [
              73.858633,
              18.525763
            ],
            [
              73.85818,
              18.525235
            ],
            [
              73.856935,
              18.5242
            ],
            [
              73.855945,
              18.52323
            ],
            [
              73.855277,
              18.522695
            ],
            [
              73.854739,
              18.522393
            ],
            [
              73.854902,
              18.521991
            ],
            [
              73.855144,
              18.521468
            ],
            [
              73.855442,
              18.521523
            ],
            [
              73.855812,
              18.521625
            ],
            [
              73.856126,
              18.521696
            ],
            [
              73.856311,
              18.521717
            ],
            [
              73.856525,
              18.521749
            ],
            [
              73.8568,
              18.521803
            ],
            [
              73.856892,
              18.521807
            ],
            [
              73.857018,
              18.521812
            ],
            [
              73.857147,
              18.521817
            ],
            [
              73.857835,
              18.521854
            ],
            [
              73.858169,
              18.521871
            ],
            [
              73.858391,
              18.521947
            ],
            [
              73.85858,
              18.521983
            ],
            [
              73.858684,
              18.521985
            ],
            [
              73.859032,
              18.521991
            ],
            [
              73.85953,
              18.522012
            ],
            [
              73.859689,
              18.522015
            ],
            [
              73.859931,
              18.522009
            ],
            [
              73.860714,
              18.522061
            ],
            [
              73.8609,
              18.522046
            ],
            [
              73.860919,
              18.522051
            ],
            [
              73.861071,
              18.522073
            ],
            [
              73.861283,
              18.522161
            ],
            [
              73.861557,
              18.522329
            ],
            [
              73.861657,
              18.522424
            ],
            [
              73.861741,
              18.522495
            ],
            [
              73.861954,
              18.522535
            ],
            [
              73.862275,
              18.522554
            ],
            [
              73.862367,
              18.522559
            ],
            [
              73.863081,
              18.522556
            ],
            [
              73.863768,
              18.522533
            ],
            [
              73.863975,
              18.522477
            ],
            [
              73.86415,
              18.522432
            ],
            [
              73.864339,
              18.52241
            ],
            [
              73.864423,
              18.522398
            ],
            [
              73.864636,
              18.522391
            ],
            [
              73.864928,
              18.52238
            ],
            [
              73.8654,
              18.522259
            ],
            [
              73.865863,
              18.522145
            ],
            [
              73.86607,
              18.522201
            ],
            [
              73.866776,
              18.522431
            ],
            [
              73.866947,
              18.522486
            ],
            [
              73.867126,
              18.522537
            ],
            [
              73.867473,
              18.522635
            ],
            [
              73.867539,
              18.522261
            ],
            [
              73.867567,
              18.521915
            ],
            [
              73.867567,
              18.521708
            ],
            [
              73.867541,
              18.521486
            ],
            [
              73.867469,
              18.521243
            ],
            [
              73.867451,
              18.52107
            ],
            [
              73.867472,
              18.520717
            ],
            [
              73.867556,
              18.520476
            ],
            [
              73.867565,
              18.520451
            ],
            [
              73.867683,
              18.520178
            ],
            [
              73.867782,
              18.520055
            ],
            [
              73.867885,
              18.519927
            ],
            [
              73.867899,
              18.51991
            ],
            [
              73.867981,
              18.519814
            ],
            [
              73.868093,
              18.519681
            ],
            [
              73.868333,
              18.519425
            ],
            [
              73.868407,
              18.519221
            ],
            [
              73.868412,
              18.51883
            ],
            [
              73.868404,
              18.518529
            ],
            [
              73.868395,
              18.518225
            ],
            [
              73.868403,
              18.517815
            ],
            [
              73.868414,
              18.517663
            ],
            [
              73.868494,
              18.5173
            ],
            [
              73.868555,
              18.516893
            ],
            [
              73.868592,
              18.516703
            ],
            [
              73.868661,
              18.515335
            ],
            [
              73.868754,
              18.515334
            ],
            [
              73.86915,
              18.515346
            ],
            [
              73.869262,
              18.515348
            ],
            [
              73.869423,
              18.51537
            ],
            [
              73.869536,
              18.515394
            ],
            [
              73.869604,
              18.515415
            ],
            [
              73.869761,
              18.515477
            ],
            [
              73.869828,
              18.515544
            ],
            [
              73.86986,
              18.515577
            ],
            [
              73.870035,
              18.515733
            ],
            [
              73.87056,
              18.516008
            ],
            [
              73.870668,
              18.516057
            ],
            [
              73.870757,
              18.516099
            ],
            [
              73.871313,
              18.516366
            ],
            [
              73.871558,
              18.516349
            ],
            [
              73.871894,
              18.51637
            ],
            [
              73.872207,
              18.516387
            ],
            [
              73.872531,
              18.516454
            ],
            [
              73.872604,
              18.516461
            ],
            [
              73.872701,
              18.516476
            ],
            [
              73.87286,
              18.51651
            ],
            [
              73.873112,
              18.516547
            ],
            [
              73.873255,
              18.516573
            ],
            [
              73.87348,
              18.516588
            ],
            [
              73.873472,
              18.516594
            ],
            [
              73.873443,
              18.516668
            ],
            [
              73.873427,
              18.516708
            ],
            [
              73.873379,
              18.51676
            ],
            [
              73.873401,
              18.516855
            ],
            [
              73.873395,
              18.516938
            ],
            [
              73.873348,
              18.517043
            ],
            [
              73.87328,
              18.517155
            ],
            [
              73.873243,
              18.51726
            ],
            [
              73.873273,
              18.517329
            ],
            [
              73.873347,
              18.517436
            ],
            [
              73.873385,
              18.517505
            ],
            [
              73.873459,
              18.51759
            ],
            [
              73.87355,
              18.517643
            ],
            [
              73.873661,
              18.517663
            ],
            [
              73.873774,
              18.517691
            ],
            [
              73.873888,
              18.517708
            ],
            [
              73.873988,
              18.517695
            ],
            [
              73.87417,
              18.517859
            ],
            [
              73.874307,
              18.517909
            ],
            [
              73.874458,
              18.517966
            ],
            [
              73.874538,
              18.518003
            ],
            [
              73.87462,
              18.518011
            ],
            [
              73.87491,
              18.518032
            ],
            [
              73.875263,
              18.518012
            ],
            [
              73.875439,
              18.517984
            ],
            [
              73.875577,
              18.517923
            ],
            [
              73.875966,
              18.517837
            ],
            [
              73.87611,
              18.517828
            ],
            [
              73.876219,
              18.517829
            ],
            [
              73.876229,
              18.518034
            ],
            [
              73.876228,
              18.518277
            ],
            [
              73.876394,
              18.518715
            ],
            [
              73.876469,
              18.518908
            ],
            [
              73.876576,
              18.519267
            ],
            [
              73.876713,
              18.519363
            ],
            [
              73.877144,
              18.520797
            ],
            [
              73.877263,
              18.521199
            ],
            [
              73.877381,
              18.521584
            ],
            [
              73.877587,
              18.521534
            ],
            [
              73.877834,
              18.521379
            ],
            [
              73.878889,
              18.520854
            ],
            [
              73.879733,
              18.522642
            ],
            [
              73.88047,
              18.524191
            ],
            [
              73.879096,
              18.524487
            ],
            [
              73.878709,
              18.524602
            ],
            [
              73.878969,
              18.525722
            ],
            [
              73.879143,
              18.526429
            ],
            [
              73.879171,
              18.526726
            ],
            [
              73.879186,
              18.528407
            ],
            [
              73.8793,
              18.529283
            ],
            [
              73.879201,
              18.53045
            ],
            [
              73.879877,
              18.530577
            ],
            [
              73.880453,
              18.530663
            ],
            [
              73.881272,
              18.530918
            ],
            [
              73.88225,
              18.53119
            ],
            [
              73.883353,
              18.531396
            ],
            [
              73.883974,
              18.531494
            ],
            [
              73.884697,
              18.531542
            ],
            [
              73.885712,
              18.531567
            ],
            [
              73.885717,
              18.531526
            ],
            [
              73.885688,
              18.531269
            ],
            [
              73.885481,
              18.529982
            ],
            [
              73.885483,
              18.52998
            ],
            [
              73.885916,
              18.529917
            ],
            [
              73.886968,
              18.529809
            ],
            [
              73.887169,
              18.531184
            ],
            [
              73.88781,
              18.530841
            ],
            [
              73.888201,
              18.530624
            ],
            [
              73.88848,
              18.530511
            ],
            [
              73.888694,
              18.530423
            ],
            [
              73.88912,
              18.530239
            ],
            [
              73.889646,
              18.530001
            ],
            [
              73.890499,
              18.529629
            ],
            [
              73.890759,
              18.529516
            ],
            [
              73.891903,
              18.529097
            ],
            [
              73.892478,
              18.528813
            ],
            [
              73.892652,
              18.528727
            ],
            [
              73.8937,
              18.528182
            ],
            [
              73.894014,
              18.528014
            ],
            [
              73.895007,
              18.527617
            ],
            [
              73.895327,
              18.527454
            ],
            [
              73.895721,
              18.527279
            ],
            [
              73.895791,
              18.52719
            ],
            [
              73.896028,
              18.527073
            ],
            [
              73.896468,
              18.526847
            ],
            [
              73.896823,
              18.526646
            ],
            [
              73.897008,
              18.526595
            ],
            [
              73.897218,
              18.527114
            ],
            [
              73.897263,
              18.527246
            ],
            [
              73.89715,
              18.527352
            ],
            [
              73.897118,
              18.527383
            ],
            [
              73.897058,
              18.527436
            ],
            [
              73.897014,
              18.527475
            ],
            [
              73.896891,
              18.527595
            ],
            [
              73.896873,
              18.527614
            ],
            [
              73.896683,
              18.52785
            ],
            [
              73.896522,
              18.528052
            ],
            [
              73.896448,
              18.528149
            ],
            [
              73.896442,
              18.528208
            ],
            [
              73.896437,
              18.528254
            ],
            [
              73.896492,
              18.528399
            ],
            [
              73.896499,
              18.528417
            ],
            [
              73.896529,
              18.528488
            ],
            [
              73.896593,
              18.528634
            ],
            [
              73.896746,
              18.529005
            ],
            [
              73.897119,
              18.529954
            ],
            [
              73.897348,
              18.530566
            ],
            [
              73.898076,
              18.530489
            ],
            [
              73.898603,
              18.53043
            ],
            [
              73.899108,
              18.530359
            ],
            [
              73.899719,
              18.530272
            ],
            [
              73.900075,
              18.53022
            ],
            [
              73.900899,
              18.530117
            ],
            [
              73.901062,
              18.530097
            ],
            [
              73.901128,
              18.530093
            ],
            [
              73.901082,
              18.530181
            ],
            [
              73.901038,
              18.530236
            ],
            [
              73.900952,
              18.530356
            ],
            [
              73.900896,
              18.530427
            ],
            [
              73.900789,
              18.530993
            ],
            [
              73.900757,
              18.53139
            ],
            [
              73.90076,
              18.53152
            ],
            [
              73.90069,
              18.531928
            ],
            [
              73.900601,
              18.532198
            ],
            [
              73.900573,
              18.532379
            ],
            [
              73.900555,
              18.532486
            ],
            [
              73.900546,
              18.532562
            ],
            [
              73.900588,
              18.532658
            ],
            [
              73.900653,
              18.532824
            ],
            [
              73.900669,
              18.532944
            ],
            [
              73.900684,
              18.533186
            ],
            [
              73.900714,
              18.533317
            ],
            [
              73.900739,
              18.533568
            ],
            [
              73.900778,
              18.533859
            ],
            [
              73.900785,
              18.534202
            ],
            [
              73.900788,
              18.534343
            ],
            [
              73.900801,
              18.534487
            ],
            [
              73.9008,
              18.534795
            ],
            [
              73.900842,
              18.535031
            ],
            [
              73.90093,
              18.535394
            ],
            [
              73.900947,
              18.535628
            ],
            [
              73.900953,
              18.535699
            ],
            [
              73.900947,
              18.535764
            ],
            [
              73.900944,
              18.535839
            ],
            [
              73.900936,
              18.535997
            ],
            [
              73.900934,
              18.536123
            ],
            [
              73.900932,
              18.53621
            ],
            [
              73.901001,
              18.536519
            ],
            [
              73.901013,
              18.536577
            ],
            [
              73.901038,
              18.536709
            ],
            [
              73.901052,
              18.536742
            ],
            [
              73.901089,
              18.536821
            ],
            [
              73.901232,
              18.536938
            ],
            [
              73.901341,
              18.537014
            ],
            [
              73.90181,
              18.537108
            ],
            [
              73.901972,
              18.537121
            ],
            [
              73.902202,
              18.537141
            ],
            [
              73.902322,
              18.537147
            ],
            [
              73.902563,
              18.537129
            ],
            [
              73.902581,
              18.537127
            ],
            [
              73.902666,
              18.537137
            ],
            [
              73.90276,
              18.53715
            ],
            [
              73.902945,
              18.537151
            ],
            [
              73.903008,
              18.537121
            ],
            [
              73.903083,
              18.53715
            ],
            [
              73.903202,
              18.537229
            ],
            [
              73.90324,
              18.53726
            ],
            [
              73.903255,
              18.537294
            ],
            [
              73.903275,
              18.537347
            ],
            [
              73.903308,
              18.537739
            ],
            [
              73.903329,
              18.53798
            ],
            [
              73.903292,
              18.538183
            ],
            [
              73.90323,
              18.538308
            ],
            [
              73.903253,
              18.538563
            ],
            [
              73.903632,
              18.538506
            ],
            [
              73.903742,
              18.538499
            ],
            [
              73.903948,
              18.538467
            ],
            [
              73.904212,
              18.538426
            ],
            [
              73.904427,
              18.538392
            ],
            [
              73.904549,
              18.538372
            ],
            [
              73.90453,
              18.537992
            ],
            [
              73.90446,
              18.537581
            ],
            [
              73.904396,
              18.537205
            ],
            [
              73.904285,
              18.536553
            ],
            [
              73.904251,
              18.536356
            ],
            [
              73.904303,
              18.536353
            ],
            [
              73.904588,
              18.53634
            ],
            [
              73.905477,
              18.536301
            ],
            [
              73.905993,
              18.536274
            ],
            [
              73.906721,
              18.536243
            ],
            [
              73.906884,
              18.536235
            ],
            [
              73.906881,
              18.536165
            ],
            [
              73.906766,
              18.5358
            ],
            [
              73.906741,
              18.535705
            ],
            [
              73.906702,
              18.535551
            ],
            [
              73.906629,
              18.535262
            ],
            [
              73.906535,
              18.53489
            ],
            [
              73.906446,
              18.534536
            ],
            [
              73.906419,
              18.533487
            ],
            [
              73.906409,
              18.533074
            ],
            [
              73.906397,
              18.532643
            ],
            [
              73.906375,
              18.532313
            ],
            [
              73.906331,
              18.531688
            ],
            [
              73.90629,
              18.531189
            ],
            [
              73.906265,
              18.530892
            ],
            [
              73.906254,
              18.530768
            ],
            [
              73.906176,
              18.530231
            ],
            [
              73.906151,
              18.530059
            ],
            [
              73.906144,
              18.530013
            ],
            [
              73.905875,
              18.530012
            ],
            [
              73.906029,
              18.529721
            ],
            [
              73.906153,
              18.529486
            ],
            [
              73.906442,
              18.529431
            ],
            [
              73.906637,
              18.529396
            ],
            [
              73.906974,
              18.529335
            ],
            [
              73.907851,
              18.529235
            ],
            [
              73.908278,
              18.529186
            ],
            [
              73.908808,
              18.52911
            ],
            [
              73.909721,
              18.528979
            ],
            [
              73.910797,
              18.528825
            ],
            [
              73.912119,
              18.528682
            ],
            [
              73.91367,
              18.528503
            ],
            [
              73.914166,
              18.528444
            ],
            [
              73.915233,
              18.528338
            ],
            [
              73.916045,
              18.528237
            ],
            [
              73.916946,
              18.528125
            ],
            [
              73.917346,
              18.528076
            ],
            [
              73.917389,
              18.526836
            ],
            [
              73.917417,
              18.526061
            ],
            [
              73.91744,
              18.525407
            ],
            [
              73.917452,
              18.524988
            ],
            [
              73.917464,
              18.524546
            ],
            [
              73.917478,
              18.524028
            ],
            [
              73.917498,
              18.52331
            ],
            [
              73.917501,
              18.523183
            ],
            [
              73.9175,
              18.523101
            ],
            [
              73.917497,
              18.522919
            ],
            [
              73.917494,
              18.522683
            ],
            [
              73.917492,
              18.522543
            ],
            [
              73.917485,
              18.522369
            ],
            [
              73.917477,
              18.522171
            ],
            [
              73.917466,
              18.521894
            ],
            [
              73.917454,
              18.521541
            ],
            [
              73.917445,
              18.521334
            ],
            [
              73.917418,
              18.521051
            ],
            [
              73.917388,
              18.520753
            ],
            [
              73.917333,
              18.520211
            ],
            [
              73.917297,
              18.519841
            ],
            [
              73.916824,
              18.519891
            ],
            [
              73.916242,
              18.519884
            ],
            [
              73.91571,
              18.519835
            ],
            [
              73.914879,
              18.519788
            ],
            [
              73.914206,
              18.519728
            ],
            [
              73.913738,
              18.519737
            ],
            [
              73.913227,
              18.519737
            ],
            [
              73.913209,
              18.519026
            ],
            [
              73.912712,
              18.519005
            ],
            [
              73.9125,
              18.518974
            ],
            [
              73.912295,
              18.518901
            ],
            [
              73.912123,
              18.518834
            ],
            [
              73.911752,
              18.518632
            ],
            [
              73.911471,
              18.518408
            ],
            [
              73.911184,
              18.518109
            ],
            [
              73.911065,
              18.517835
            ],
            [
              73.910897,
              18.517374
            ],
            [
              73.910759,
              18.51679
            ],
            [
              73.910717,
              18.516639
            ],
            [
              73.910638,
              18.516372
            ],
            [
              73.910521,
              18.515664
            ],
            [
              73.910347,
              18.515371
            ],
            [
              73.91026,
              18.515223
            ],
            [
              73.910298,
              18.514811
            ],
            [
              73.910328,
              18.514469
            ],
            [
              73.909994,
              18.51419
            ],
            [
              73.909342,
              18.5137
            ],
            [
              73.908674,
              18.513181
            ],
            [
              73.908373,
              18.512896
            ],
            [
              73.908256,
              18.512794
            ],
            [
              73.908101,
              18.51266
            ],
            [
              73.907896,
              18.512402
            ],
            [
              73.907776,
              18.511948
            ],
            [
              73.907703,
              18.511598
            ],
            [
              73.907622,
              18.511213
            ],
            [
              73.907439,
              18.510825
            ],
            [
              73.907075,
              18.510456
            ],
            [
              73.907075,
              18.509786
            ],
            [
              73.90705,
              18.509284
            ],
            [
              73.906918,
              18.506572
            ],
            [
              73.90972,
              18.506426
            ],
            [
              73.911132,
              18.50635
            ],
            [
              73.913537,
              18.506216
            ],
            [
              73.914637,
              18.505964
            ],
            [
              73.915755,
              18.505706
            ],
            [
              73.917033,
              18.505363
            ],
            [
              73.918227,
              18.505
            ],
            [
              73.918593,
              18.504901
            ],
            [
              73.919853,
              18.50456
            ],
            [
              73.921174,
              18.504186
            ],
            [
              73.922006,
              18.503984
            ],
            [
              73.923079,
              18.503668
            ],
            [
              73.924215,
              18.503318
            ],
            [
              73.924915,
              18.503127
            ],
            [
              73.92581,
              18.502891
            ],
            [
              73.926095,
              18.502829
            ],
            [
              73.926263,
              18.502782
            ],
            [
              73.92651,
              18.502698
            ],
            [
              73.926723,
              18.502651
            ],
            [
              73.927015,
              18.502594
            ],
            [
              73.92775,
              18.50238
            ],
            [
              73.928581,
              18.502123
            ],
            [
              73.929132,
              18.501956
            ],
            [
              73.92979,
              18.501856
            ],
            [
              73.93032,
              18.501772
            ],
            [
              73.931109,
              18.501666
            ],
            [
              73.931372,
              18.501632
            ],
            [
              73.931894,
              18.501633
            ],
            [
              73.932366,
              18.501589
            ],
            [
              73.932931,
              18.501559
            ],
            [
              73.933197,
              18.501544
            ],
            [
              73.933935,
              18.501424
            ],
            [
              73.933911,
              18.501531
            ],
            [
              73.933851,
              18.501658
            ],
            [
              73.933815,
              18.501858
            ],
            [
              73.933807,
              18.502054
            ],
            [
              73.933877,
              18.502219
            ],
            [
              73.933936,
              18.502379
            ],
            [
              73.934136,
              18.502613
            ],
            [
              73.934323,
              18.502712
            ],
            [
              73.934454,
              18.502769
            ],
            [
              73.934632,
              18.502893
            ],
            [
              73.934715,
              18.503073
            ],
            [
              73.934786,
              18.503294
            ],
            [
              73.934717,
              18.503494
            ],
            [
              73.934608,
              18.503699
            ],
            [
              73.934509,
              18.503807
            ],
            [
              73.934425,
              18.503973
            ],
            [
              73.934424,
              18.50415
            ],
            [
              73.934518,
              18.50434
            ],
            [
              73.934554,
              18.504498
            ],
            [
              73.934555,
              18.504566
            ],
            [
              73.934627,
              18.504812
            ],
            [
              73.934658,
              18.505035
            ],
            [
              73.93478,
              18.505276
            ],
            [
              73.934884,
              18.505517
            ],
            [
              73.934874,
              18.505687
            ],
            [
              73.934884,
              18.505906
            ],
            [
              73.934874,
              18.50616
            ],
            [
              73.934826,
              18.506453
            ],
            [
              73.934684,
              18.506715
            ],
            [
              73.934649,
              18.506915
            ],
            [
              73.934696,
              18.507104
            ],
            [
              73.934638,
              18.507283
            ],
            [
              73.934554,
              18.507521
            ],
            [
              73.934531,
              18.507721
            ],
            [
              73.9344,
              18.507926
            ],
            [
              73.934283,
              18.508192
            ],
            [
              73.934279,
              18.508316
            ],
            [
              73.934153,
              18.508588
            ],
            [
              73.934097,
              18.508793
            ],
            [
              73.934045,
              18.509046
            ],
            [
              73.933961,
              18.509253
            ],
            [
              73.933996,
              18.509491
            ],
            [
              73.933944,
              18.509672
            ],
            [
              73.934004,
              18.509918
            ],
            [
              73.93408,
              18.510096
            ],
            [
              73.934237,
              18.51055
            ],
            [
              73.934258,
              18.510805
            ],
            [
              73.934269,
              18.511022
            ],
            [
              73.93428,
              18.511257
            ],
            [
              73.934258,
              18.511534
            ],
            [
              73.934116,
              18.511945
            ],
            [
              73.93408,
              18.51204
            ],
            [
              73.933946,
              18.512512
            ],
            [
              73.933923,
              18.512788
            ],
            [
              73.933442,
              18.51281
            ],
            [
              73.932802,
              18.512768
            ],
            [
              73.932756,
              18.513067
            ],
            [
              73.932756,
              18.513208
            ],
            [
              73.932765,
              18.513281
            ],
            [
              73.932802,
              18.513618
            ],
            [
              73.933019,
              18.513847
            ],
            [
              73.933317,
              18.5142
            ],
            [
              73.933506,
              18.514406
            ],
            [
              73.933666,
              18.514828
            ],
            [
              73.93379,
              18.51514
            ],
            [
              73.933861,
              18.515304
            ],
            [
              73.933878,
              18.515659
            ],
            [
              73.933759,
              18.515979
            ],
            [
              73.933538,
              18.516143
            ],
            [
              73.933387,
              18.516417
            ],
            [
              73.933398,
              18.516752
            ],
            [
              73.933377,
              18.517124
            ],
            [
              73.933206,
              18.517571
            ],
            [
              73.933123,
              18.51802
            ],
            [
              73.93313,
              18.518317
            ],
            [
              73.933227,
              18.518596
            ],
            [
              73.933242,
              18.51863
            ],
            [
              73.933239,
              18.519431
            ],
            [
              73.933337,
              18.519719
            ],
            [
              73.93338,
              18.51987
            ],
            [
              73.933422,
              18.52023
            ],
            [
              73.933402,
              18.52046
            ],
            [
              73.933336,
              18.520695
            ],
            [
              73.933286,
              18.520991
            ],
            [
              73.933289,
              18.521143
            ],
            [
              73.933374,
              18.521409
            ],
            [
              73.933491,
              18.521693
            ],
            [
              73.933695,
              18.521769
            ],
            [
              73.933954,
              18.522094
            ],
            [
              73.934056,
              18.522334
            ],
            [
              73.934316,
              18.52255
            ],
            [
              73.934652,
              18.522856
            ],
            [
              73.935014,
              18.523502
            ],
            [
              73.935178,
              18.52373
            ],
            [
              73.935802,
              18.523766
            ],
            [
              73.936574,
              18.523886
            ],
            [
              73.936765,
              18.523888
            ],
            [
              73.937468,
              18.523986
            ],
            [
              73.937909,
              18.524067
            ],
            [
              73.93871,
              18.524176
            ],
            [
              73.939477,
              18.524205
            ],
            [
              73.939796,
              18.524284
            ],
            [
              73.940049,
              18.524428
            ],
            [
              73.940439,
              18.524345
            ],
            [
              73.940507,
              18.52452
            ],
            [
              73.94054,
              18.524747
            ],
            [
              73.940489,
              18.524873
            ],
            [
              73.940221,
              18.524941
            ],
            [
              73.9399,
              18.525039
            ],
            [
              73.939644,
              18.525089
            ],
            [
              73.939319,
              18.525353
            ],
            [
              73.93915,
              18.525591
            ],
            [
              73.939033,
              18.525745
            ],
            [
              73.93898,
              18.525818
            ],
            [
              73.938917,
              18.526149
            ],
            [
              73.93879,
              18.526405
            ],
            [
              73.938663,
              18.526762
            ],
            [
              73.938572,
              18.527072
            ],
            [
              73.938225,
              18.527672
            ],
            [
              73.938042,
              18.527953
            ],
            [
              73.937904,
              18.528142
            ],
            [
              73.937758,
              18.528302
            ],
            [
              73.937623,
              18.528446
            ],
            [
              73.9375,
              18.528764
            ],
            [
              73.937309,
              18.529176
            ],
            [
              73.937251,
              18.529311
            ],
            [
              73.937171,
              18.529525
            ],
            [
              73.937099,
              18.529804
            ],
            [
              73.937032,
              18.53016
            ],
            [
              73.937054,
              18.530675
            ],
            [
              73.936997,
              18.531043
            ],
            [
              73.936897,
              18.531362
            ],
            [
              73.936849,
              18.531579
            ],
            [
              73.936801,
              18.531766
            ],
            [
              73.936758,
              18.531924
            ],
            [
              73.936731,
              18.532066
            ],
            [
              73.936553,
              18.532327
            ],
            [
              73.936397,
              18.532596
            ],
            [
              73.936245,
              18.532831
            ],
            [
              73.936081,
              18.533131
            ],
            [
              73.935856,
              18.533268
            ],
            [
              73.93558,
              18.53351
            ],
            [
              73.935648,
              18.533981
            ],
            [
              73.936036,
              18.535022
            ],
            [
              73.936636,
              18.535683
            ],
            [
              73.935781,
              18.535711
            ],
            [
              73.93498,
              18.535797
            ],
            [
              73.934349,
              18.536099
            ],
            [
              73.933862,
              18.53627
            ],
            [
              73.93142,
              18.536464
            ],
            [
              73.928654,
              18.537135
            ],
            [
              73.92684,
              18.537766
            ],
            [
              73.92523,
              18.538172
            ],
            [
              73.92455,
              18.538376
            ],
            [
              73.923949,
              18.538639
            ],
            [
              73.923156,
              18.538748
            ],
            [
              73.921011,
              18.538915
            ],
            [
              73.920419,
              18.538956
            ],
            [
              73.917005,
              18.538913
            ],
            [
              73.915851,
              18.539637
            ],
            [
              73.914184,
              18.539672
            ],
            [
              73.911649,
              18.540027
            ],
            [
              73.91008,
              18.54053
            ],
            [
              73.909309,
              18.540774
            ],
            [
              73.907672,
              18.540977
            ],
            [
              73.906544,
              18.541145
            ],
            [
              73.905928,
              18.541305
            ],
            [
              73.904258,
              18.541321
            ],
            [
              73.904049,
              18.541315
            ],
            [
              73.90373,
              18.541302
            ],
            [
              73.903186,
              18.541277
            ],
            [
              73.903156,
              18.541286
            ],
            [
              73.902482,
              18.541276
            ],
            [
              73.902256,
              18.541285
            ],
            [
              73.901727,
              18.541306
            ],
            [
              73.901229,
              18.541333
            ],
            [
              73.900414,
              18.541483
            ],
            [
              73.899974,
              18.54165
            ],
            [
              73.899515,
              18.541628
            ],
            [
              73.898821,
              18.541721
            ],
            [
              73.896923,
              18.542169
            ],
            [
              73.896215,
              18.542373
            ],
            [
              73.895275,
              18.542557
            ],
            [
              73.894531,
              18.542782
            ],
            [
              73.893655,
              18.543074
            ],
            [
              73.892231,
              18.543536
            ],
            [
              73.890988,
              18.543772
            ],
            [
              73.889901,
              18.54379
            ],
            [
              73.888915,
              18.543734
            ],
            [
              73.888635,
              18.543764
            ],
            [
              73.888393,
              18.543756
            ]
          ]
        ]
      },
      "properties": {
        "city_id": "pune",
        "ward_id": "pun-005",
        "ward_name": "Admin Ward 05 Dhole Patil Rd",
        "corporation": "Pune Municipal Corporation",
        "zone": "Admin Ward 05 Dhole Patil Rd",
        "area_sqkm": 18.17,
        "centroid": [
          73.901619,
          18.524145
        ]
      }
    },
    {
      "type": "Feature",
      "id": "pun-006",
      "geometry": {
        "type": "Polygon",
        "coordinates": [
          [
            [
              73.874391,
              18.554098
            ],
            [
              73.874221,
              18.553721
            ],
            [
              73.873748,
              18.553034
            ],
            [
              73.873305,
              18.552391
            ],
            [
              73.873161,
              18.552154
            ],
            [
              73.872877,
              18.551716
            ],
            [
              73.872464,
              18.551073
            ],
            [
              73.872091,
              18.550425
            ],
            [
              73.871688,
              18.549731
            ],
            [
              73.871502,
              18.549405
            ],
            [
              73.87111,
              18.548724
            ],
            [
              73.870773,
              18.548259
            ],
            [
              73.869994,
              18.547181
            ],
            [
              73.872309,
              18.546213
            ],
            [
              73.872638,
              18.546277
            ],
            [
              73.873546,
              18.546357
            ],
            [
              73.873571,
              18.544557
            ],
            [
              73.873444,
              18.543985
            ],
            [
              73.872958,
              18.54309
            ],
            [
              73.872945,
              18.543069
            ],
            [
              73.873032,
              18.542388
            ],
            [
              73.873076,
              18.542108
            ],
            [
              73.873238,
              18.541076
            ],
            [
              73.875051,
              18.541584
            ],
            [
              73.876645,
              18.542066
            ],
            [
              73.878484,
              18.542549
            ],
            [
              73.881354,
              18.542901
            ],
            [
              73.883029,
              18.543069
            ],
            [
              73.883675,
              18.543157
            ],
            [
              73.88489,
              18.543328
            ],
            [
              73.888407,
              18.543756
            ],
            [
              73.888451,
              18.544137
            ],
            [
              73.888471,
              18.544903
            ],
            [
              73.888573,
              18.545349
            ],
            [
              73.888723,
              18.545571
            ],
            [
              73.888737,
              18.545869
            ],
            [
              73.888753,
              18.546192
            ],
            [
              73.888819,
              18.546535
            ],
            [
              73.888863,
              18.547118
            ],
            [
              73.888878,
              18.547277
            ],
            [
              73.888873,
              18.547612
            ],
            [
              73.888801,
              18.547622
            ],
            [
              73.888367,
              18.54756
            ],
            [
              73.888281,
              18.547551
            ],
            [
              73.887908,
              18.547514
            ],
            [
              73.887525,
              18.54744
            ],
            [
              73.887007,
              18.547379
            ],
            [
              73.886552,
              18.547332
            ],
            [
              73.886401,
              18.547318
            ],
            [
              73.8863,
              18.547289
            ],
            [
              73.886245,
              18.547326
            ],
            [
              73.886062,
              18.547609
            ],
            [
              73.885985,
              18.54769
            ],
            [
              73.885907,
              18.547789
            ],
            [
              73.885874,
              18.547878
            ],
            [
              73.885789,
              18.548019
            ],
            [
              73.885746,
              18.54814
            ],
            [
              73.885749,
              18.548269
            ],
            [
              73.885748,
              18.548302
            ],
            [
              73.885841,
              18.548406
            ],
            [
              73.886037,
              18.548742
            ],
            [
              73.886171,
              18.548976
            ],
            [
              73.886303,
              18.549105
            ],
            [
              73.886369,
              18.549151
            ],
            [
              73.886487,
              18.549234
            ],
            [
              73.886657,
              18.549343
            ],
            [
              73.886811,
              18.54943
            ],
            [
              73.88691,
              18.549481
            ],
            [
              73.887032,
              18.549525
            ],
            [
              73.887211,
              18.549571
            ],
            [
              73.887319,
              18.549597
            ],
            [
              73.887412,
              18.549603
            ],
            [
              73.887434,
              18.549606
            ],
            [
              73.887537,
              18.549567
            ],
            [
              73.887587,
              18.549553
            ],
            [
              73.887697,
              18.54952
            ],
            [
              73.887864,
              18.549519
            ],
            [
              73.887911,
              18.549515
            ],
            [
              73.88803,
              18.549504
            ],
            [
              73.888164,
              18.549503
            ],
            [
              73.888226,
              18.549504
            ],
            [
              73.8883,
              18.549508
            ],
            [
              73.888323,
              18.549509
            ],
            [
              73.888462,
              18.549538
            ],
            [
              73.88856,
              18.549582
            ],
            [
              73.888746,
              18.549636
            ],
            [
              73.888882,
              18.549654
            ],
            [
              73.889066,
              18.549658
            ],
            [
              73.889203,
              18.549682
            ],
            [
              73.889517,
              18.552214
            ],
            [
              73.889542,
              18.552427
            ],
            [
              73.889549,
              18.552639
            ],
            [
              73.889664,
              18.552987
            ],
            [
              73.889765,
              18.55329
            ],
            [
              73.88984,
              18.553515
            ],
            [
              73.889875,
              18.553619
            ],
            [
              73.889927,
              18.553827
            ],
            [
              73.890013,
              18.554145
            ],
            [
              73.89017,
              18.554746
            ],
            [
              73.890305,
              18.555221
            ],
            [
              73.890504,
              18.555925
            ],
            [
              73.890618,
              18.556326
            ],
            [
              73.890748,
              18.556805
            ],
            [
              73.891048,
              18.557784
            ],
            [
              73.891128,
              18.558069
            ],
            [
              73.891168,
              18.558213
            ],
            [
              73.891392,
              18.558936
            ],
            [
              73.891474,
              18.559199
            ],
            [
              73.89177,
              18.560195
            ],
            [
              73.891588,
              18.560504
            ],
            [
              73.891385,
              18.560796
            ],
            [
              73.89082,
              18.561122
            ],
            [
              73.885873,
              18.563548
            ],
            [
              73.884681,
              18.564089
            ],
            [
              73.88305,
              18.564409
            ],
            [
              73.883249,
              18.565632
            ],
            [
              73.883505,
              18.566841
            ],
            [
              73.883538,
              18.567427
            ],
            [
              73.883448,
              18.567761
            ],
            [
              73.883214,
              18.567984
            ],
            [
              73.882946,
              18.568281
            ],
            [
              73.882801,
              18.568502
            ],
            [
              73.881006,
              18.568558
            ],
            [
              73.879975,
              18.568623
            ],
            [
              73.879507,
              18.568609
            ],
            [
              73.879526,
              18.569237
            ],
            [
              73.879951,
              18.570041
            ],
            [
              73.880342,
              18.570487
            ],
            [
              73.881069,
              18.570863
            ],
            [
              73.881643,
              18.571403
            ],
            [
              73.881813,
              18.573075
            ],
            [
              73.887587,
              18.57372
            ],
            [
              73.89182,
              18.574131
            ],
            [
              73.894314,
              18.574475
            ],
            [
              73.895684,
              18.574736
            ],
            [
              73.896895,
              18.574966
            ],
            [
              73.897553,
              18.575085
            ],
            [
              73.898111,
              18.575207
            ],
            [
              73.898957,
              18.575375
            ],
            [
              73.899302,
              18.575439
            ],
            [
              73.899607,
              18.575576
            ],
            [
              73.89965,
              18.575595
            ],
            [
              73.899725,
              18.575629
            ],
            [
              73.899876,
              18.575696
            ],
            [
              73.900029,
              18.575765
            ],
            [
              73.900281,
              18.575878
            ],
            [
              73.900693,
              18.576065
            ],
            [
              73.900926,
              18.576171
            ],
            [
              73.901295,
              18.576428
            ],
            [
              73.901504,
              18.576607
            ],
            [
              73.9017,
              18.576778
            ],
            [
              73.90191,
              18.576958
            ],
            [
              73.901959,
              18.577001
            ],
            [
              73.902221,
              18.577191
            ],
            [
              73.902575,
              18.57745
            ],
            [
              73.902947,
              18.577776
            ],
            [
              73.903081,
              18.577895
            ],
            [
              73.903288,
              18.578084
            ],
            [
              73.903486,
              18.578266
            ],
            [
              73.903678,
              18.578449
            ],
            [
              73.903946,
              18.578589
            ],
            [
              73.90424,
              18.57856
            ],
            [
              73.90458,
              18.57852
            ],
            [
              73.904913,
              18.578478
            ],
            [
              73.905188,
              18.578449
            ],
            [
              73.905688,
              18.578387
            ],
            [
              73.905989,
              18.578348
            ],
            [
              73.906167,
              18.578324
            ],
            [
              73.906458,
              18.578282
            ],
            [
              73.907928,
              18.578096
            ],
            [
              73.907995,
              18.578085
            ],
            [
              73.907936,
              18.577407
            ],
            [
              73.90958,
              18.577231
            ],
            [
              73.910434,
              18.577186
            ],
            [
              73.910647,
              18.577175
            ],
            [
              73.911049,
              18.577166
            ],
            [
              73.91131,
              18.577169
            ],
            [
              73.91169,
              18.577177
            ],
            [
              73.911855,
              18.577178
            ],
            [
              73.911864,
              18.577156
            ],
            [
              73.911904,
              18.576537
            ],
            [
              73.911915,
              18.576537
            ],
            [
              73.912162,
              18.576529
            ],
            [
              73.912523,
              18.576514
            ],
            [
              73.913621,
              18.576438
            ],
            [
              73.91442,
              18.576387
            ],
            [
              73.914928,
              18.576321
            ],
            [
              73.915893,
              18.57621
            ],
            [
              73.916161,
              18.576182
            ],
            [
              73.916161,
              18.576148
            ],
            [
              73.916033,
              18.575679
            ],
            [
              73.915792,
              18.574776
            ],
            [
              73.915444,
              18.57316
            ],
            [
              73.915208,
              18.572074
            ],
            [
              73.915504,
              18.571983
            ],
            [
              73.916018,
              18.571869
            ],
            [
              73.916221,
              18.571685
            ],
            [
              73.916337,
              18.57158
            ],
            [
              73.91616,
              18.571322
            ],
            [
              73.916169,
              18.570637
            ],
            [
              73.916123,
              18.570215
            ],
            [
              73.916041,
              18.569843
            ],
            [
              73.916022,
              18.56945
            ],
            [
              73.915927,
              18.569114
            ],
            [
              73.915781,
              18.569156
            ],
            [
              73.915601,
              18.569207
            ],
            [
              73.91524,
              18.569339
            ],
            [
              73.914797,
              18.569368
            ],
            [
              73.914708,
              18.568694
            ],
            [
              73.91532,
              18.568634
            ],
            [
              73.915853,
              18.568578
            ],
            [
              73.916288,
              18.568533
            ],
            [
              73.916817,
              18.568477
            ],
            [
              73.917271,
              18.568426
            ],
            [
              73.917436,
              18.568407
            ],
            [
              73.917717,
              18.568386
            ],
            [
              73.917883,
              18.568371
            ],
            [
              73.918694,
              18.568313
            ],
            [
              73.918816,
              18.568936
            ],
            [
              73.919251,
              18.56892
            ],
            [
              73.922087,
              18.56873
            ],
            [
              73.922122,
              18.568281
            ],
            [
              73.922089,
              18.568089
            ],
            [
              73.921937,
              18.567546
            ],
            [
              73.921935,
              18.567071
            ],
            [
              73.922154,
              18.567036
            ],
            [
              73.922913,
              18.5669
            ],
            [
              73.923348,
              18.566828
            ],
            [
              73.923515,
              18.566793
            ],
            [
              73.924339,
              18.566712
            ],
            [
              73.92503,
              18.566557
            ],
            [
              73.924948,
              18.566269
            ],
            [
              73.924862,
              18.565956
            ],
            [
              73.924592,
              18.565906
            ],
            [
              73.924396,
              18.564747
            ],
            [
              73.924245,
              18.56429
            ],
            [
              73.924164,
              18.563883
            ],
            [
              73.924165,
              18.563707
            ],
            [
              73.924166,
              18.563436
            ],
            [
              73.924132,
              18.56319
            ],
            [
              73.924095,
              18.562904
            ],
            [
              73.924101,
              18.562831
            ],
            [
              73.924129,
              18.562488
            ],
            [
              73.924772,
              18.56255
            ],
            [
              73.92538,
              18.562609
            ],
            [
              73.925758,
              18.562648
            ],
            [
              73.926314,
              18.562668
            ],
            [
              73.927128,
              18.562731
            ],
            [
              73.927682,
              18.562757
            ],
            [
              73.928399,
              18.562823
            ],
            [
              73.929122,
              18.562885
            ],
            [
              73.929395,
              18.562911
            ],
            [
              73.929548,
              18.562915
            ],
            [
              73.929892,
              18.56294
            ],
            [
              73.930119,
              18.562953
            ],
            [
              73.930245,
              18.562966
            ],
            [
              73.930582,
              18.562996
            ],
            [
              73.930957,
              18.563034
            ],
            [
              73.93107,
              18.563031
            ],
            [
              73.932125,
              18.563146
            ],
            [
              73.934115,
              18.563273
            ],
            [
              73.934349,
              18.563287
            ],
            [
              73.934386,
              18.563296
            ],
            [
              73.934454,
              18.563665
            ],
            [
              73.934446,
              18.56395
            ],
            [
              73.934423,
              18.564406
            ],
            [
              73.93431,
              18.565275
            ],
            [
              73.934269,
              18.56556
            ],
            [
              73.934272,
              18.565959
            ],
            [
              73.93426,
              18.566391
            ],
            [
              73.93425,
              18.566733
            ],
            [
              73.934246,
              18.566882
            ],
            [
              73.934238,
              18.567161
            ],
            [
              73.934227,
              18.567506
            ],
            [
              73.934312,
              18.568105
            ],
            [
              73.934329,
              18.568224
            ],
            [
              73.934321,
              18.568469
            ],
            [
              73.934124,
              18.56847
            ],
            [
              73.933823,
              18.568469
            ],
            [
              73.933334,
              18.568321
            ],
            [
              73.932932,
              18.56823
            ],
            [
              73.932637,
              18.568165
            ],
            [
              73.932394,
              18.568161
            ],
            [
              73.932075,
              18.568157
            ],
            [
              73.931526,
              18.568088
            ],
            [
              73.931057,
              18.568357
            ],
            [
              73.931122,
              18.568931
            ],
            [
              73.930906,
              18.569537
            ],
            [
              73.930856,
              18.570037
            ],
            [
              73.930473,
              18.570124
            ],
            [
              73.930621,
              18.570632
            ],
            [
              73.930808,
              18.570579
            ],
            [
              73.931068,
              18.570503
            ],
            [
              73.931187,
              18.570589
            ],
            [
              73.931014,
              18.570876
            ],
            [
              73.930979,
              18.570935
            ],
            [
              73.930861,
              18.571207
            ],
            [
              73.931062,
              18.571579
            ],
            [
              73.931571,
              18.571959
            ],
            [
              73.931398,
              18.572279
            ],
            [
              73.930863,
              18.573013
            ],
            [
              73.930959,
              18.573914
            ],
            [
              73.930913,
              18.574623
            ],
            [
              73.930949,
              18.574984
            ],
            [
              73.931138,
              18.575459
            ],
            [
              73.931465,
              18.575427
            ],
            [
              73.93159,
              18.575416
            ],
            [
              73.931873,
              18.57531
            ],
            [
              73.932501,
              18.575086
            ],
            [
              73.933027,
              18.574429
            ],
            [
              73.933476,
              18.573771
            ],
            [
              73.933609,
              18.573576
            ],
            [
              73.933669,
              18.5735
            ],
            [
              73.934036,
              18.573018
            ],
            [
              73.934081,
              18.572954
            ],
            [
              73.934139,
              18.572869
            ],
            [
              73.933819,
              18.572697
            ],
            [
              73.933858,
              18.572637
            ],
            [
              73.934068,
              18.572448
            ],
            [
              73.934202,
              18.572338
            ],
            [
              73.934256,
              18.572372
            ],
            [
              73.934412,
              18.572486
            ],
            [
              73.934573,
              18.572634
            ],
            [
              73.934683,
              18.572769
            ],
            [
              73.934947,
              18.572861
            ],
            [
              73.935167,
              18.572927
            ],
            [
              73.935467,
              18.573088
            ],
            [
              73.935731,
              18.5732
            ],
            [
              73.936148,
              18.57338
            ],
            [
              73.935966,
              18.573562
            ],
            [
              73.935687,
              18.573924
            ],
            [
              73.935396,
              18.574398
            ],
            [
              73.935044,
              18.574763
            ],
            [
              73.934939,
              18.574872
            ],
            [
              73.93476,
              18.575318
            ],
            [
              73.934683,
              18.575734
            ],
            [
              73.934707,
              18.575958
            ],
            [
              73.935193,
              18.575958
            ],
            [
              73.935832,
              18.575959
            ],
            [
              73.936173,
              18.575957
            ],
            [
              73.936831,
              18.575927
            ],
            [
              73.937324,
              18.57591
            ],
            [
              73.93747,
              18.575509
            ],
            [
              73.937656,
              18.574415
            ],
            [
              73.937787,
              18.573644
            ],
            [
              73.938739,
              18.573756
            ],
            [
              73.938887,
              18.573768
            ],
            [
              73.939045,
              18.573783
            ],
            [
              73.939674,
              18.573841
            ],
            [
              73.940053,
              18.573876
            ],
            [
              73.940686,
              18.573922
            ],
            [
              73.940877,
              18.573937
            ],
            [
              73.941357,
              18.574015
            ],
            [
              73.942187,
              18.574154
            ],
            [
              73.942502,
              18.574204
            ],
            [
              73.943152,
              18.57433
            ],
            [
              73.943386,
              18.574384
            ],
            [
              73.943454,
              18.574383
            ],
            [
              73.943461,
              18.57493
            ],
            [
              73.943474,
              18.575789
            ],
            [
              73.942475,
              18.576116
            ],
            [
              73.941779,
              18.576295
            ],
            [
              73.941463,
              18.576433
            ],
            [
              73.941067,
              18.576607
            ],
            [
              73.941095,
              18.576801
            ],
            [
              73.941284,
              18.576799
            ],
            [
              73.94128,
              18.577701
            ],
            [
              73.94129,
              18.578683
            ],
            [
              73.941488,
              18.57946
            ],
            [
              73.941805,
              18.579404
            ],
            [
              73.942467,
              18.579285
            ],
            [
              73.942664,
              18.579081
            ],
            [
              73.942765,
              18.578975
            ],
            [
              73.942875,
              18.578867
            ],
            [
              73.943874,
              18.579448
            ],
            [
              73.944368,
              18.579438
            ],
            [
              73.944798,
              18.579429
            ],
            [
              73.945287,
              18.579934
            ],
            [
              73.945295,
              18.579942
            ],
            [
              73.945746,
              18.579928
            ],
            [
              73.945883,
              18.579923
            ],
            [
              73.94629,
              18.580135
            ],
            [
              73.946685,
              18.58034
            ],
            [
              73.947287,
              18.580269
            ],
            [
              73.947567,
              18.581543
            ],
            [
              73.947801,
              18.582607
            ],
            [
              73.947745,
              18.583656
            ],
            [
              73.947833,
              18.58467
            ],
            [
              73.947879,
              18.585035
            ],
            [
              73.94801,
              18.58582
            ],
            [
              73.948094,
              18.586267
            ],
            [
              73.948192,
              18.587312
            ],
            [
              73.948217,
              18.58757
            ],
            [
              73.947983,
              18.588175
            ],
            [
              73.947802,
              18.588586
            ],
            [
              73.947775,
              18.589289
            ],
            [
              73.947766,
              18.589501
            ],
            [
              73.947766,
              18.589677
            ],
            [
              73.947765,
              18.589945
            ],
            [
              73.947711,
              18.590346
            ],
            [
              73.947682,
              18.590597
            ],
            [
              73.9479,
              18.590576
            ],
            [
              73.948013,
              18.591141
            ],
            [
              73.94841,
              18.591041
            ],
            [
              73.948518,
              18.591349
            ],
            [
              73.947559,
              18.591621
            ],
            [
              73.946909,
              18.591794
            ],
            [
              73.945995,
              18.592038
            ],
            [
              73.945035,
              18.592304
            ],
            [
              73.943749,
              18.592665
            ],
            [
              73.943138,
              18.592835
            ],
            [
              73.942918,
              18.592892
            ],
            [
              73.94229,
              18.593055
            ],
            [
              73.941582,
              18.593241
            ],
            [
              73.94079,
              18.593446
            ],
            [
              73.93973,
              18.593722
            ],
            [
              73.938661,
              18.594019
            ],
            [
              73.937644,
              18.594304
            ],
            [
              73.93715,
              18.59444
            ],
            [
              73.936598,
              18.594575
            ],
            [
              73.934606,
              18.595062
            ],
            [
              73.934339,
              18.595131
            ],
            [
              73.933799,
              18.595284
            ],
            [
              73.933111,
              18.59548
            ],
            [
              73.932014,
              18.595785
            ],
            [
              73.931382,
              18.595923
            ],
            [
              73.93059,
              18.595889
            ],
            [
              73.929988,
              18.595677
            ],
            [
              73.928997,
              18.595074
            ],
            [
              73.92823,
              18.594561
            ],
            [
              73.92757,
              18.594422
            ],
            [
              73.927044,
              18.59435
            ],
            [
              73.926999,
              18.594427
            ],
            [
              73.926648,
              18.594691
            ],
            [
              73.926608,
              18.594719
            ],
            [
              73.926359,
              18.594878
            ],
            [
              73.925811,
              18.595265
            ],
            [
              73.925765,
              18.5953
            ],
            [
              73.925503,
              18.595605
            ],
            [
              73.925204,
              18.595894
            ],
            [
              73.924952,
              18.596077
            ],
            [
              73.924599,
              18.595723
            ],
            [
              73.924406,
              18.595961
            ],
            [
              73.924229,
              18.596424
            ],
            [
              73.924028,
              18.596864
            ],
            [
              73.923021,
              18.597223
            ],
            [
              73.922501,
              18.597407
            ],
            [
              73.921126,
              18.597477
            ],
            [
              73.920139,
              18.597478
            ],
            [
              73.919027,
              18.597506
            ],
            [
              73.916937,
              18.597492
            ],
            [
              73.916681,
              18.597427
            ],
            [
              73.916095,
              18.59736
            ],
            [
              73.913282,
              18.59731
            ],
            [
              73.912113,
              18.597319
            ],
            [
              73.910489,
              18.597244
            ],
            [
              73.90951,
              18.597101
            ],
            [
              73.908712,
              18.596976
            ],
            [
              73.908127,
              18.596902
            ],
            [
              73.907784,
              18.596936
            ],
            [
              73.907799,
              18.597024
            ],
            [
              73.907801,
              18.597044
            ],
            [
              73.90781,
              18.59729
            ],
            [
              73.907815,
              18.597427
            ],
            [
              73.907846,
              18.597709
            ],
            [
              73.907815,
              18.598133
            ],
            [
              73.907933,
              18.59818
            ],
            [
              73.908168,
              18.598278
            ],
            [
              73.908245,
              18.598468
            ],
            [
              73.90823,
              18.59889
            ],
            [
              73.908092,
              18.599197
            ],
            [
              73.908022,
              18.599309
            ],
            [
              73.907881,
              18.59954
            ],
            [
              73.907694,
              18.599776
            ],
            [
              73.9078,
              18.600034
            ],
            [
              73.907925,
              18.600285
            ],
            [
              73.908034,
              18.600501
            ],
            [
              73.908172,
              18.600675
            ],
            [
              73.908096,
              18.600965
            ],
            [
              73.907851,
              18.601038
            ],
            [
              73.907699,
              18.601197
            ],
            [
              73.907759,
              18.601414
            ],
            [
              73.907969,
              18.601767
            ],
            [
              73.908143,
              18.602111
            ],
            [
              73.908388,
              18.602299
            ],
            [
              73.908312,
              18.60256
            ],
            [
              73.908358,
              18.602899
            ],
            [
              73.908485,
              18.603328
            ],
            [
              73.908546,
              18.603649
            ],
            [
              73.908531,
              18.603975
            ],
            [
              73.908635,
              18.604315
            ],
            [
              73.908729,
              18.604555
            ],
            [
              73.908729,
              18.604845
            ],
            [
              73.90888,
              18.605145
            ],
            [
              73.908789,
              18.605557
            ],
            [
              73.908757,
              18.605888
            ],
            [
              73.908746,
              18.606045
            ],
            [
              73.908698,
              18.606174
            ],
            [
              73.908454,
              18.606419
            ],
            [
              73.908257,
              18.606894
            ],
            [
              73.907983,
              18.607226
            ],
            [
              73.908075,
              18.607513
            ],
            [
              73.90834,
              18.60766
            ],
            [
              73.908556,
              18.607842
            ],
            [
              73.90873,
              18.608057
            ],
            [
              73.908864,
              18.608194
            ],
            [
              73.908954,
              18.608284
            ],
            [
              73.909066,
              18.608472
            ],
            [
              73.908975,
              18.608716
            ],
            [
              73.908916,
              18.608882
            ],
            [
              73.908755,
              18.609061
            ],
            [
              73.908693,
              18.609444
            ],
            [
              73.908688,
              18.609545
            ],
            [
              73.908678,
              18.609705
            ],
            [
              73.908717,
              18.609949
            ],
            [
              73.908717,
              18.610353
            ],
            [
              73.908728,
              18.610633
            ],
            [
              73.908858,
              18.610774
            ],
            [
              73.908911,
              18.611007
            ],
            [
              73.908993,
              18.611335
            ],
            [
              73.909043,
              18.611916
            ],
            [
              73.909151,
              18.612531
            ],
            [
              73.90914,
              18.612582
            ],
            [
              73.909141,
              18.612628
            ],
            [
              73.909246,
              18.613018
            ],
            [
              73.909395,
              18.61347
            ],
            [
              73.909464,
              18.613936
            ],
            [
              73.909672,
              18.614619
            ],
            [
              73.9097,
              18.614708
            ],
            [
              73.909906,
              18.615231
            ],
            [
              73.909988,
              18.615437
            ],
            [
              73.909902,
              18.615689
            ],
            [
              73.909585,
              18.615779
            ],
            [
              73.909307,
              18.615795
            ],
            [
              73.90912,
              18.615814
            ],
            [
              73.908977,
              18.615827
            ],
            [
              73.908758,
              18.615835
            ],
            [
              73.908491,
              18.615955
            ],
            [
              73.90809,
              18.616025
            ],
            [
              73.907839,
              18.616068
            ],
            [
              73.907073,
              18.61616
            ],
            [
              73.906928,
              18.616241
            ],
            [
              73.906797,
              18.616314
            ],
            [
              73.906573,
              18.616424
            ],
            [
              73.906274,
              18.616498
            ],
            [
              73.905775,
              18.616682
            ],
            [
              73.905096,
              18.616862
            ],
            [
              73.904642,
              18.617002
            ],
            [
              73.904097,
              18.617169
            ],
            [
              73.903438,
              18.6176
            ],
            [
              73.902966,
              18.617821
            ],
            [
              73.902595,
              18.61798
            ],
            [
              73.902226,
              18.618126
            ],
            [
              73.901966,
              18.618301
            ],
            [
              73.901677,
              18.618538
            ],
            [
              73.901387,
              18.618734
            ],
            [
              73.901234,
              18.618819
            ],
            [
              73.900961,
              18.618971
            ],
            [
              73.900586,
              18.61913
            ],
            [
              73.900362,
              18.619254
            ],
            [
              73.899877,
              18.619394
            ],
            [
              73.898954,
              18.619831
            ],
            [
              73.898676,
              18.619963
            ],
            [
              73.898314,
              18.620035
            ],
            [
              73.898176,
              18.620075
            ],
            [
              73.89808,
              18.620103
            ],
            [
              73.897758,
              18.620228
            ],
            [
              73.897474,
              18.620372
            ],
            [
              73.897189,
              18.620511
            ],
            [
              73.896863,
              18.62067
            ],
            [
              73.896507,
              18.62083
            ],
            [
              73.896167,
              18.620915
            ],
            [
              73.895637,
              18.62104
            ],
            [
              73.895256,
              18.621112
            ],
            [
              73.894924,
              18.621218
            ],
            [
              73.894523,
              18.62131
            ],
            [
              73.894166,
              18.621328
            ],
            [
              73.893818,
              18.621437
            ],
            [
              73.893544,
              18.62149
            ],
            [
              73.893143,
              18.621616
            ],
            [
              73.892994,
              18.621234
            ],
            [
              73.892907,
              18.620913
            ],
            [
              73.892799,
              18.620515
            ],
            [
              73.892668,
              18.619901
            ],
            [
              73.892578,
              18.619496
            ],
            [
              73.892464,
              18.618965
            ],
            [
              73.892321,
              18.618259
            ],
            [
              73.89223,
              18.617776
            ],
            [
              73.892165,
              18.617441
            ],
            [
              73.891935,
              18.616795
            ],
            [
              73.891761,
              18.616308
            ],
            [
              73.891507,
              18.615466
            ],
            [
              73.891257,
              18.614751
            ],
            [
              73.891165,
              18.614484
            ],
            [
              73.89108,
              18.613986
            ],
            [
              73.890957,
              18.613703
            ],
            [
              73.890969,
              18.613403
            ],
            [
              73.890756,
              18.613136
            ],
            [
              73.890583,
              18.612747
            ],
            [
              73.890542,
              18.612659
            ],
            [
              73.890443,
              18.612282
            ],
            [
              73.890212,
              18.61194
            ],
            [
              73.889944,
              18.611461
            ],
            [
              73.889466,
              18.611102
            ],
            [
              73.889171,
              18.611037
            ],
            [
              73.88899,
              18.610994
            ],
            [
              73.888804,
              18.610107
            ],
            [
              73.888687,
              18.609534
            ],
            [
              73.88851,
              18.608647
            ],
            [
              73.888487,
              18.608536
            ],
            [
              73.888536,
              18.608316
            ],
            [
              73.888558,
              18.607817
            ],
            [
              73.888572,
              18.607492
            ],
            [
              73.888593,
              18.60704
            ],
            [
              73.888588,
              18.606233
            ],
            [
              73.888647,
              18.605848
            ],
            [
              73.888736,
              18.605296
            ],
            [
              73.888775,
              18.605059
            ],
            [
              73.888642,
              18.604391
            ],
            [
              73.8883,
              18.60412
            ],
            [
              73.887775,
              18.603832
            ],
            [
              73.887289,
              18.603593
            ],
            [
              73.887326,
              18.603287
            ],
            [
              73.887331,
              18.603249
            ],
            [
              73.887393,
              18.602812
            ],
            [
              73.887425,
              18.602584
            ],
            [
              73.887493,
              18.602497
            ],
            [
              73.887749,
              18.602169
            ],
            [
              73.887863,
              18.601591
            ],
            [
              73.88785,
              18.601352
            ],
            [
              73.887844,
              18.601245
            ],
            [
              73.887844,
              18.601212
            ],
            [
              73.887691,
              18.60103
            ],
            [
              73.887577,
              18.600796
            ],
            [
              73.887789,
              18.600413
            ],
            [
              73.888131,
              18.600034
            ],
            [
              73.887997,
              18.599835
            ],
            [
              73.887786,
              18.599651
            ],
            [
              73.887671,
              18.599512
            ],
            [
              73.887451,
              18.599246
            ],
            [
              73.886901,
              18.599399
            ],
            [
              73.886198,
              18.599414
            ],
            [
              73.88593,
              18.599417
            ],
            [
              73.885181,
              18.599376
            ],
            [
              73.884393,
              18.599335
            ],
            [
              73.883992,
              18.599316
            ],
            [
              73.883177,
              18.599412
            ],
            [
              73.882388,
              18.599588
            ],
            [
              73.881554,
              18.599697
            ],
            [
              73.880777,
              18.599771
            ],
            [
              73.879607,
              18.599884
            ],
            [
              73.87686,
              18.599842
            ],
            [
              73.875336,
              18.599773
            ],
            [
              73.873529,
              18.599701
            ],
            [
              73.872899,
              18.599915
            ],
            [
              73.87283,
              18.59994
            ],
            [
              73.87121,
              18.600608
            ],
            [
              73.870902,
              18.600481
            ],
            [
              73.868419,
              18.599458
            ],
            [
              73.867699,
              18.599016
            ],
            [
              73.867064,
              18.598085
            ],
            [
              73.866099,
              18.59805
            ],
            [
              73.865282,
              18.597862
            ],
            [
              73.864791,
              18.59775
            ],
            [
              73.863777,
              18.597244
            ],
            [
              73.863289,
              18.59642
            ],
            [
              73.862376,
              18.59598
            ],
            [
              73.861585,
              18.594699
            ],
            [
              73.8615,
              18.59456
            ],
            [
              73.861306,
              18.594268
            ],
            [
              73.860907,
              18.593667
            ],
            [
              73.860612,
              18.593223
            ],
            [
              73.860513,
              18.592864
            ],
            [
              73.860488,
              18.592774
            ],
            [
              73.860226,
              18.59245
            ],
            [
              73.860107,
              18.592216
            ],
            [
              73.859986,
              18.592016
            ],
            [
              73.859858,
              18.591836
            ],
            [
              73.859764,
              18.591578
            ],
            [
              73.859754,
              18.591432
            ],
            [
              73.859854,
              18.591215
            ],
            [
              73.859869,
              18.590917
            ],
            [
              73.859847,
              18.590696
            ],
            [
              73.859787,
              18.590521
            ],
            [
              73.859822,
              18.590357
            ],
            [
              73.859909,
              18.59013
            ],
            [
              73.859951,
              18.589905
            ],
            [
              73.859975,
              18.589776
            ],
            [
              73.859968,
              18.589571
            ],
            [
              73.859966,
              18.5895
            ],
            [
              73.859933,
              18.589303
            ],
            [
              73.859899,
              18.589142
            ],
            [
              73.859928,
              18.589115
            ],
            [
              73.860035,
              18.589017
            ],
            [
              73.860036,
              18.588904
            ],
            [
              73.860039,
              18.588761
            ],
            [
              73.86004,
              18.588671
            ],
            [
              73.860071,
              18.588494
            ],
            [
              73.860089,
              18.58839
            ],
            [
              73.860093,
              18.588366
            ],
            [
              73.860098,
              18.588337
            ],
            [
              73.860108,
              18.588276
            ],
            [
              73.860111,
              18.588169
            ],
            [
              73.860119,
              18.58788
            ],
            [
              73.859684,
              18.5878
            ],
            [
              73.859397,
              18.587748
            ],
            [
              73.858985,
              18.587671
            ],
            [
              73.858747,
              18.587555
            ],
            [
              73.85837,
              18.587533
            ],
            [
              73.857739,
              18.587497
            ],
            [
              73.857742,
              18.587373
            ],
            [
              73.857694,
              18.587142
            ],
            [
              73.857549,
              18.586849
            ],
            [
              73.857466,
              18.586682
            ],
            [
              73.857347,
              18.586339
            ],
            [
              73.857322,
              18.586006
            ],
            [
              73.857264,
              18.585704
            ],
            [
              73.857249,
              18.585629
            ],
            [
              73.857244,
              18.585552
            ],
            [
              73.857229,
              18.585343
            ],
            [
              73.857265,
              18.584959
            ],
            [
              73.857305,
              18.584725
            ],
            [
              73.857349,
              18.584475
            ],
            [
              73.857391,
              18.58423
            ],
            [
              73.857675,
              18.583657
            ],
            [
              73.857901,
              18.583451
            ],
            [
              73.857975,
              18.583383
            ],
            [
              73.858487,
              18.582917
            ],
            [
              73.860132,
              18.583222
            ],
            [
              73.861893,
              18.583414
            ],
            [
              73.863395,
              18.583189
            ],
            [
              73.864188,
              18.582858
            ],
            [
              73.864898,
              18.582453
            ],
            [
              73.865269,
              18.58194
            ],
            [
              73.865592,
              18.581668
            ],
            [
              73.865719,
              18.581226
            ],
            [
              73.866209,
              18.580626
            ],
            [
              73.866467,
              18.580391
            ],
            [
              73.866497,
              18.580166
            ],
            [
              73.866633,
              18.580011
            ],
            [
              73.866788,
              18.579835
            ],
            [
              73.867132,
              18.579443
            ],
            [
              73.867223,
              18.57934
            ],
            [
              73.867302,
              18.579272
            ],
            [
              73.867486,
              18.57911
            ],
            [
              73.867579,
              18.579029
            ],
            [
              73.867932,
              18.57872
            ],
            [
              73.868325,
              18.578377
            ],
            [
              73.868589,
              18.578145
            ],
            [
              73.868832,
              18.577932
            ],
            [
              73.86925,
              18.577113
            ],
            [
              73.87015,
              18.576577
            ],
            [
              73.870744,
              18.576204
            ],
            [
              73.871165,
              18.575772
            ],
            [
              73.872122,
              18.57512
            ],
            [
              73.872827,
              18.573169
            ],
            [
              73.872906,
              18.572591
            ],
            [
              73.872859,
              18.572267
            ],
            [
              73.872976,
              18.571713
            ],
            [
              73.873256,
              18.571349
            ],
            [
              73.873262,
              18.571347
            ],
            [
              73.873264,
              18.571341
            ],
            [
              73.873272,
              18.571318
            ],
            [
              73.873312,
              18.571205
            ],
            [
              73.873406,
              18.57094
            ],
            [
              73.873448,
              18.570789
            ],
            [
              73.873526,
              18.570509
            ],
            [
              73.873505,
              18.570278
            ],
            [
              73.873479,
              18.570008
            ],
            [
              73.873431,
              18.569587
            ],
            [
              73.87342,
              18.569486
            ],
            [
              73.873398,
              18.569287
            ],
            [
              73.873384,
              18.569176
            ],
            [
              73.873273,
              18.568831
            ],
            [
              73.873233,
              18.568588
            ],
            [
              73.873092,
              18.568258
            ],
            [
              73.872997,
              18.568037
            ],
            [
              73.872905,
              18.567687
            ],
            [
              73.872818,
              18.567354
            ],
            [
              73.872773,
              18.567183
            ],
            [
              73.872738,
              18.566966
            ],
            [
              73.872708,
              18.566775
            ],
            [
              73.872647,
              18.566457
            ],
            [
              73.872585,
              18.566118
            ],
            [
              73.872373,
              18.564919
            ],
            [
              73.872343,
              18.564316
            ],
            [
              73.872349,
              18.563908
            ],
            [
              73.872509,
              18.562681
            ],
            [
              73.872682,
              18.561363
            ],
            [
              73.872794,
              18.560119
            ],
            [
              73.872809,
              18.559948
            ],
            [
              73.872888,
              18.559301
            ],
            [
              73.872967,
              18.558658
            ],
            [
              73.872836,
              18.557915
            ],
            [
              73.873334,
              18.557718
            ],
            [
              73.874886,
              18.557128
            ],
            [
              73.875475,
              18.5569
            ],
            [
              73.875173,
              18.556303
            ],
            [
              73.874798,
              18.555567
            ],
            [
              73.874635,
              18.555318
            ],
            [
              73.874391,
              18.554098
            ]
          ]
        ]
      },
      "properties": {
        "city_id": "pune",
        "ward_id": "pun-006",
        "ward_name": "Admin Ward 06 Yerawda - Sangamwadi",
        "corporation": "Pune Municipal Corporation",
        "zone": "Admin Ward 06 Yerawda - Sangamwadi",
        "area_sqkm": 33.56,
        "centroid": [
          73.902004,
          18.581501
        ]
      }
    },
    {
      "type": "Feature",
      "id": "pun-007",
      "geometry": {
        "type": "Polygon",
        "coordinates": [
          [
            [
              73.888591,
              18.545384
            ],
            [
              73.888572,
              18.545358
            ],
            [
              73.888571,
              18.545351
            ],
            [
              73.888569,
              18.545336
            ],
            [
              73.888558,
              18.545289
            ],
            [
              73.888521,
              18.545127
            ],
            [
              73.888471,
              18.544907
            ],
            [
              73.88847,
              18.544822
            ],
            [
              73.888453,
              18.544156
            ],
            [
              73.88841,
              18.543756
            ],
            [
              73.888411,
              18.543756
            ],
            [
              73.888429,
              18.543757
            ],
            [
              73.888559,
              18.543762
            ],
            [
              73.888624,
              18.543764
            ],
            [
              73.888651,
              18.543764
            ],
            [
              73.888813,
              18.543752
            ],
            [
              73.888879,
              18.543748
            ],
            [
              73.889036,
              18.543736
            ],
            [
              73.889197,
              18.54375
            ],
            [
              73.889371,
              18.543765
            ],
            [
              73.889448,
              18.543771
            ],
            [
              73.889625,
              18.543777
            ],
            [
              73.890052,
              18.54379
            ],
            [
              73.890624,
              18.543781
            ],
            [
              73.890976,
              18.543775
            ],
            [
              73.891657,
              18.543646
            ],
            [
              73.892234,
              18.543538
            ],
            [
              73.893466,
              18.543138
            ],
            [
              73.894051,
              18.542944
            ],
            [
              73.894488,
              18.542796
            ],
            [
              73.894735,
              18.542722
            ],
            [
              73.895053,
              18.542626
            ],
            [
              73.895282,
              18.542557
            ],
            [
              73.895556,
              18.542501
            ],
            [
              73.895929,
              18.542429
            ],
            [
              73.896226,
              18.54237
            ],
            [
              73.89649,
              18.542294
            ],
            [
              73.896754,
              18.542219
            ],
            [
              73.897011,
              18.542144
            ],
            [
              73.897561,
              18.542018
            ],
            [
              73.898194,
              18.541869
            ],
            [
              73.898638,
              18.541764
            ],
            [
              73.898839,
              18.541715
            ],
            [
              73.899223,
              18.54167
            ],
            [
              73.899499,
              18.54163
            ],
            [
              73.89997,
              18.54165
            ],
            [
              73.900407,
              18.541484
            ],
            [
              73.901239,
              18.54133
            ],
            [
              73.902217,
              18.541286
            ],
            [
              73.902604,
              18.541277
            ],
            [
              73.90309,
              18.541286
            ],
            [
              73.903154,
              18.541286
            ],
            [
              73.903192,
              18.541277
            ],
            [
              73.903559,
              18.541295
            ],
            [
              73.903771,
              18.541304
            ],
            [
              73.903951,
              18.541314
            ],
            [
              73.904128,
              18.541318
            ],
            [
              73.904289,
              18.541321
            ],
            [
              73.904575,
              18.541318
            ],
            [
              73.905923,
              18.541303
            ],
            [
              73.906707,
              18.541119
            ],
            [
              73.906946,
              18.541084
            ],
            [
              73.907501,
              18.541004
            ],
            [
              73.907885,
              18.540947
            ],
            [
              73.909219,
              18.54079
            ],
            [
              73.909254,
              18.54079
            ],
            [
              73.910012,
              18.540563
            ],
            [
              73.910414,
              18.540442
            ],
            [
              73.911733,
              18.539997
            ],
            [
              73.914249,
              18.539678
            ],
            [
              73.915182,
              18.53964
            ],
            [
              73.915854,
              18.539629
            ],
            [
              73.916998,
              18.538912
            ],
            [
              73.920399,
              18.53896
            ],
            [
              73.923137,
              18.53875
            ],
            [
              73.923372,
              18.538716
            ],
            [
              73.923658,
              18.538674
            ],
            [
              73.923967,
              18.538629
            ],
            [
              73.924154,
              18.538548
            ],
            [
              73.924445,
              18.538422
            ],
            [
              73.92456,
              18.538372
            ],
            [
              73.924798,
              18.538302
            ],
            [
              73.925428,
              18.538116
            ],
            [
              73.925759,
              18.538034
            ],
            [
              73.926599,
              18.537826
            ],
            [
              73.926841,
              18.537766
            ],
            [
              73.92809,
              18.537332
            ],
            [
              73.928514,
              18.537184
            ],
            [
              73.928607,
              18.537151
            ],
            [
              73.92917,
              18.537015
            ],
            [
              73.929484,
              18.536939
            ],
            [
              73.92977,
              18.53687
            ],
            [
              73.930168,
              18.536774
            ],
            [
              73.930729,
              18.536639
            ],
            [
              73.931186,
              18.536528
            ],
            [
              73.93143,
              18.53647
            ],
            [
              73.932899,
              18.536346
            ],
            [
              73.933311,
              18.536311
            ],
            [
              73.933579,
              18.536289
            ],
            [
              73.933864,
              18.536265
            ],
            [
              73.934035,
              18.536206
            ],
            [
              73.934184,
              18.536155
            ],
            [
              73.934315,
              18.536111
            ],
            [
              73.934381,
              18.536089
            ],
            [
              73.934504,
              18.536028
            ],
            [
              73.934616,
              18.535973
            ],
            [
              73.934843,
              18.535861
            ],
            [
              73.934982,
              18.535793
            ],
            [
              73.935868,
              18.535698
            ],
            [
              73.936562,
              18.535695
            ],
            [
              73.937042,
              18.535699
            ],
            [
              73.938147,
              18.535709
            ],
            [
              73.938981,
              18.535983
            ],
            [
              73.939684,
              18.536512
            ],
            [
              73.940354,
              18.537127
            ],
            [
              73.940983,
              18.538323
            ],
            [
              73.941547,
              18.539488
            ],
            [
              73.941989,
              18.54078
            ],
            [
              73.94231,
              18.541443
            ],
            [
              73.942531,
              18.541898
            ],
            [
              73.943133,
              18.542899
            ],
            [
              73.943726,
              18.543794
            ],
            [
              73.945236,
              18.544883
            ],
            [
              73.946057,
              18.54519
            ],
            [
              73.946915,
              18.545431
            ],
            [
              73.950099,
              18.545589
            ],
            [
              73.951611,
              18.545541
            ],
            [
              73.952879,
              18.545648
            ],
            [
              73.955152,
              18.546065
            ],
            [
              73.956579,
              18.546475
            ],
            [
              73.957521,
              18.546634
            ],
            [
              73.958512,
              18.546726
            ],
            [
              73.959398,
              18.546608
            ],
            [
              73.960211,
              18.546364
            ],
            [
              73.960984,
              18.546297
            ],
            [
              73.961321,
              18.546568
            ],
            [
              73.961655,
              18.546726
            ],
            [
              73.961847,
              18.547072
            ],
            [
              73.962318,
              18.54757
            ],
            [
              73.962859,
              18.548123
            ],
            [
              73.962956,
              18.548648
            ],
            [
              73.962789,
              18.549012
            ],
            [
              73.962789,
              18.549367
            ],
            [
              73.962797,
              18.549483
            ],
            [
              73.962811,
              18.549652
            ],
            [
              73.962816,
              18.549705
            ],
            [
              73.962832,
              18.549874
            ],
            [
              73.962861,
              18.55015
            ],
            [
              73.962766,
              18.550285
            ],
            [
              73.962408,
              18.55022
            ],
            [
              73.962287,
              18.550015
            ],
            [
              73.961974,
              18.549763
            ],
            [
              73.961832,
              18.549942
            ],
            [
              73.961636,
              18.550263
            ],
            [
              73.961449,
              18.550622
            ],
            [
              73.961275,
              18.550833
            ],
            [
              73.960965,
              18.550892
            ],
            [
              73.960629,
              18.550944
            ],
            [
              73.960294,
              18.551127
            ],
            [
              73.959888,
              18.551285
            ],
            [
              73.95972,
              18.551801
            ],
            [
              73.960055,
              18.552415
            ],
            [
              73.960104,
              18.552907
            ],
            [
              73.960126,
              18.553509
            ],
            [
              73.959889,
              18.554451
            ],
            [
              73.959651,
              18.554937
            ],
            [
              73.95977,
              18.555522
            ],
            [
              73.959679,
              18.556407
            ],
            [
              73.95923,
              18.557476
            ],
            [
              73.958706,
              18.558341
            ],
            [
              73.95805,
              18.558941
            ],
            [
              73.957351,
              18.559624
            ],
            [
              73.957126,
              18.559842
            ],
            [
              73.95639,
              18.560455
            ],
            [
              73.955753,
              18.561225
            ],
            [
              73.955385,
              18.561741
            ],
            [
              73.955003,
              18.561944
            ],
            [
              73.954695,
              18.562373
            ],
            [
              73.954245,
              18.563115
            ],
            [
              73.953965,
              18.563802
            ],
            [
              73.953512,
              18.564595
            ],
            [
              73.952798,
              18.565619
            ],
            [
              73.952027,
              18.56676
            ],
            [
              73.951464,
              18.568049
            ],
            [
              73.951152,
              18.568715
            ],
            [
              73.950823,
              18.569024
            ],
            [
              73.950141,
              18.568576
            ],
            [
              73.94929,
              18.568019
            ],
            [
              73.948333,
              18.567555
            ],
            [
              73.947596,
              18.567103
            ],
            [
              73.947738,
              18.566901
            ],
            [
              73.946969,
              18.566638
            ],
            [
              73.946968,
              18.566232
            ],
            [
              73.946047,
              18.565898
            ],
            [
              73.94526,
              18.565289
            ],
            [
              73.944571,
              18.565107
            ],
            [
              73.944168,
              18.564816
            ],
            [
              73.943693,
              18.564748
            ],
            [
              73.943862,
              18.565135
            ],
            [
              73.944393,
              18.565727
            ],
            [
              73.944856,
              18.566144
            ],
            [
              73.945455,
              18.56653
            ],
            [
              73.94614,
              18.566821
            ],
            [
              73.946751,
              18.566953
            ],
            [
              73.947087,
              18.567098
            ],
            [
              73.94732,
              18.567196
            ],
            [
              73.947888,
              18.567512
            ],
            [
              73.948158,
              18.567662
            ],
            [
              73.947916,
              18.568163
            ],
            [
              73.94691,
              18.569832
            ],
            [
              73.945397,
              18.571431
            ],
            [
              73.944488,
              18.572679
            ],
            [
              73.943807,
              18.573492
            ],
            [
              73.943578,
              18.573902
            ],
            [
              73.944325,
              18.573907
            ],
            [
              73.944847,
              18.573931
            ],
            [
              73.945133,
              18.573974
            ],
            [
              73.94578,
              18.574
            ],
            [
              73.946318,
              18.574074
            ],
            [
              73.946739,
              18.574128
            ],
            [
              73.946785,
              18.576439
            ],
            [
              73.945482,
              18.576499
            ],
            [
              73.944701,
              18.576535
            ],
            [
              73.943609,
              18.57653
            ],
            [
              73.943121,
              18.576581
            ],
            [
              73.94291,
              18.576601
            ],
            [
              73.94229,
              18.576633
            ],
            [
              73.941114,
              18.576809
            ],
            [
              73.941066,
              18.576607
            ],
            [
              73.941788,
              18.576293
            ],
            [
              73.942649,
              18.576065
            ],
            [
              73.943469,
              18.575787
            ],
            [
              73.943464,
              18.574914
            ],
            [
              73.943461,
              18.574394
            ],
            [
              73.943455,
              18.574391
            ],
            [
              73.943019,
              18.574305
            ],
            [
              73.9429,
              18.574281
            ],
            [
              73.942755,
              18.574254
            ],
            [
              73.94258,
              18.574222
            ],
            [
              73.942467,
              18.574202
            ],
            [
              73.941722,
              18.574074
            ],
            [
              73.940901,
              18.573942
            ],
            [
              73.940162,
              18.573883
            ],
            [
              73.939641,
              18.573838
            ],
            [
              73.93911,
              18.573789
            ],
            [
              73.938588,
              18.573738
            ],
            [
              73.937786,
              18.573644
            ],
            [
              73.937696,
              18.574175
            ],
            [
              73.937556,
              18.575
            ],
            [
              73.937466,
              18.575512
            ],
            [
              73.937323,
              18.575908
            ],
            [
              73.936962,
              18.575924
            ],
            [
              73.936585,
              18.575938
            ],
            [
              73.936282,
              18.575951
            ],
            [
              73.936112,
              18.575957
            ],
            [
              73.93576,
              18.575957
            ],
            [
              73.935341,
              18.575958
            ],
            [
              73.934961,
              18.575959
            ],
            [
              73.934708,
              18.57596
            ],
            [
              73.934685,
              18.575737
            ],
            [
              73.934713,
              18.575578
            ],
            [
              73.934754,
              18.575346
            ],
            [
              73.934756,
              18.575331
            ],
            [
              73.934945,
              18.574867
            ],
            [
              73.935394,
              18.5744
            ],
            [
              73.935582,
              18.574094
            ],
            [
              73.935623,
              18.574028
            ],
            [
              73.935651,
              18.573981
            ],
            [
              73.935792,
              18.573788
            ],
            [
              73.935846,
              18.573713
            ],
            [
              73.935978,
              18.573544
            ],
            [
              73.936128,
              18.573349
            ],
            [
              73.935826,
              18.573255
            ],
            [
              73.935421,
              18.573129
            ],
            [
              73.935162,
              18.572929
            ],
            [
              73.93495,
              18.572861
            ],
            [
              73.934641,
              18.57284
            ],
            [
              73.934594,
              18.572659
            ],
            [
              73.934451,
              18.572502
            ],
            [
              73.934168,
              18.572414
            ],
            [
              73.933932,
              18.572772
            ],
            [
              73.934144,
              18.572862
            ],
            [
              73.934013,
              18.57305
            ],
            [
              73.933691,
              18.573471
            ],
            [
              73.93358,
              18.573618
            ],
            [
              73.933278,
              18.574062
            ],
            [
              73.933204,
              18.574172
            ],
            [
              73.933133,
              18.574275
            ],
            [
              73.933068,
              18.574366
            ],
            [
              73.933005,
              18.574456
            ],
            [
              73.932963,
              18.574517
            ],
            [
              73.932738,
              18.574796
            ],
            [
              73.932514,
              18.575076
            ],
            [
              73.932305,
              18.575159
            ],
            [
              73.932067,
              18.575252
            ],
            [
              73.931887,
              18.575314
            ],
            [
              73.931617,
              18.575407
            ],
            [
              73.931148,
              18.575468
            ],
            [
              73.930956,
              18.574979
            ],
            [
              73.930908,
              18.574659
            ],
            [
              73.930955,
              18.573949
            ],
            [
              73.930862,
              18.573032
            ],
            [
              73.931358,
              18.572337
            ],
            [
              73.931466,
              18.572142
            ],
            [
              73.931569,
              18.57196
            ],
            [
              73.931393,
              18.571819
            ],
            [
              73.931072,
              18.571579
            ],
            [
              73.930957,
              18.571387
            ],
            [
              73.930859,
              18.571224
            ],
            [
              73.930981,
              18.570947
            ],
            [
              73.931189,
              18.570596
            ],
            [
              73.931048,
              18.570506
            ],
            [
              73.930623,
              18.57064
            ],
            [
              73.930481,
              18.570126
            ],
            [
              73.930858,
              18.570036
            ],
            [
              73.930904,
              18.569545
            ],
            [
              73.930997,
              18.569279
            ],
            [
              73.931116,
              18.56896
            ],
            [
              73.931067,
              18.568354
            ],
            [
              73.931527,
              18.568096
            ],
            [
              73.932205,
              18.568153
            ],
            [
              73.932761,
              18.568211
            ],
            [
              73.933554,
              18.568364
            ],
            [
              73.934147,
              18.568478
            ],
            [
              73.934301,
              18.568465
            ],
            [
              73.934375,
              18.568363
            ],
            [
              73.934279,
              18.567495
            ],
            [
              73.934275,
              18.567189
            ],
            [
              73.934285,
              18.566543
            ],
            [
              73.934293,
              18.566209
            ],
            [
              73.934312,
              18.565604
            ],
            [
              73.934378,
              18.564901
            ],
            [
              73.934432,
              18.564322
            ],
            [
              73.934461,
              18.563977
            ],
            [
              73.934488,
              18.563646
            ],
            [
              73.934489,
              18.563307
            ],
            [
              73.934,
              18.563273
            ],
            [
              73.933273,
              18.563222
            ],
            [
              73.932214,
              18.563154
            ],
            [
              73.932109,
              18.563146
            ],
            [
              73.931604,
              18.563094
            ],
            [
              73.931359,
              18.563071
            ],
            [
              73.930948,
              18.563029
            ],
            [
              73.930557,
              18.562993
            ],
            [
              73.929133,
              18.562886
            ],
            [
              73.927611,
              18.562753
            ],
            [
              73.927165,
              18.562731
            ],
            [
              73.926446,
              18.56268
            ],
            [
              73.926219,
              18.562665
            ],
            [
              73.925825,
              18.562653
            ],
            [
              73.92567,
              18.562639
            ],
            [
              73.925567,
              18.562631
            ],
            [
              73.92413,
              18.562489
            ],
            [
              73.924096,
              18.562897
            ],
            [
              73.924164,
              18.563432
            ],
            [
              73.924162,
              18.563875
            ],
            [
              73.924246,
              18.564286
            ],
            [
              73.924396,
              18.564743
            ],
            [
              73.924464,
              18.565168
            ],
            [
              73.924526,
              18.565519
            ],
            [
              73.924566,
              18.565742
            ],
            [
              73.924596,
              18.56591
            ],
            [
              73.924863,
              18.565957
            ],
            [
              73.925032,
              18.566555
            ],
            [
              73.924332,
              18.566713
            ],
            [
              73.923539,
              18.566792
            ],
            [
              73.922989,
              18.566889
            ],
            [
              73.922245,
              18.56702
            ],
            [
              73.921933,
              18.567075
            ],
            [
              73.921936,
              18.56756
            ],
            [
              73.922089,
              18.568096
            ],
            [
              73.922124,
              18.568277
            ],
            [
              73.922083,
              18.568733
            ],
            [
              73.921243,
              18.568787
            ],
            [
              73.920406,
              18.568843
            ],
            [
              73.919565,
              18.5689
            ],
            [
              73.919037,
              18.568936
            ],
            [
              73.918812,
              18.568936
            ],
            [
              73.91876,
              18.568643
            ],
            [
              73.918698,
              18.568312
            ],
            [
              73.917359,
              18.568416
            ],
            [
              73.916323,
              18.568531
            ],
            [
              73.915709,
              18.568598
            ],
            [
              73.914708,
              18.568697
            ],
            [
              73.914796,
              18.56937
            ],
            [
              73.915243,
              18.569335
            ],
            [
              73.915663,
              18.569188
            ],
            [
              73.915928,
              18.569112
            ],
            [
              73.916025,
              18.569453
            ],
            [
              73.916034,
              18.569626
            ],
            [
              73.916037,
              18.56971
            ],
            [
              73.916044,
              18.569846
            ],
            [
              73.916125,
              18.570226
            ],
            [
              73.916164,
              18.570635
            ],
            [
              73.916164,
              18.571333
            ],
            [
              73.916344,
              18.57158
            ],
            [
              73.916024,
              18.571865
            ],
            [
              73.915596,
              18.571959
            ],
            [
              73.915209,
              18.57207
            ],
            [
              73.915504,
              18.57344
            ],
            [
              73.915797,
              18.574789
            ],
            [
              73.916093,
              18.575909
            ],
            [
              73.916164,
              18.57618
            ],
            [
              73.914458,
              18.576381
            ],
            [
              73.914389,
              18.576389
            ],
            [
              73.91303,
              18.57648
            ],
            [
              73.912695,
              18.576503
            ],
            [
              73.911907,
              18.576542
            ],
            [
              73.911867,
              18.57718
            ],
            [
              73.910837,
              18.577166
            ],
            [
              73.909462,
              18.577238
            ],
            [
              73.907938,
              18.577408
            ],
            [
              73.90798,
              18.577892
            ],
            [
              73.907996,
              18.578084
            ],
            [
              73.907416,
              18.57816
            ],
            [
              73.906196,
              18.578318
            ],
            [
              73.905093,
              18.578458
            ],
            [
              73.903947,
              18.578594
            ],
            [
              73.903667,
              18.578442
            ],
            [
              73.903285,
              18.578082
            ],
            [
              73.903097,
              18.577907
            ],
            [
              73.902567,
              18.577448
            ],
            [
              73.901951,
              18.576998
            ],
            [
              73.901602,
              18.576689
            ],
            [
              73.901348,
              18.576468
            ],
            [
              73.900882,
              18.576149
            ],
            [
              73.900419,
              18.575941
            ],
            [
              73.899318,
              18.575448
            ],
            [
              73.896189,
              18.574819
            ],
            [
              73.892998,
              18.574308
            ],
            [
              73.88941,
              18.573899
            ],
            [
              73.886118,
              18.573564
            ],
            [
              73.884789,
              18.573452
            ],
            [
              73.883517,
              18.573271
            ],
            [
              73.881827,
              18.5731
            ],
            [
              73.881617,
              18.571433
            ],
            [
              73.881128,
              18.570923
            ],
            [
              73.880291,
              18.57042
            ],
            [
              73.879786,
              18.569764
            ],
            [
              73.879478,
              18.569188
            ],
            [
              73.879518,
              18.568727
            ],
            [
              73.879547,
              18.568559
            ],
            [
              73.880128,
              18.568603
            ],
            [
              73.882763,
              18.568491
            ],
            [
              73.882966,
              18.568236
            ],
            [
              73.883174,
              18.568048
            ],
            [
              73.883471,
              18.567757
            ],
            [
              73.883514,
              18.5674
            ],
            [
              73.883465,
              18.566469
            ],
            [
              73.88333,
              18.565963
            ],
            [
              73.883172,
              18.565282
            ],
            [
              73.883028,
              18.56442
            ],
            [
              73.884766,
              18.564056
            ],
            [
              73.888508,
              18.562254
            ],
            [
              73.890683,
              18.561217
            ],
            [
              73.891344,
              18.560805
            ],
            [
              73.891606,
              18.560479
            ],
            [
              73.891742,
              18.560099
            ],
            [
              73.891463,
              18.559199
            ],
            [
              73.891306,
              18.558669
            ],
            [
              73.891227,
              18.558402
            ],
            [
              73.891145,
              18.558127
            ],
            [
              73.891026,
              18.557726
            ],
            [
              73.890947,
              18.557464
            ],
            [
              73.890795,
              18.55698
            ],
            [
              73.890609,
              18.556309
            ],
            [
              73.890504,
              18.555935
            ],
            [
              73.890319,
              18.55527
            ],
            [
              73.890216,
              18.5549
            ],
            [
              73.890056,
              18.554327
            ],
            [
              73.88996,
              18.553954
            ],
            [
              73.889922,
              18.553807
            ],
            [
              73.889883,
              18.553677
            ],
            [
              73.889866,
              18.553623
            ],
            [
              73.889758,
              18.553261
            ],
            [
              73.889622,
              18.552853
            ],
            [
              73.889546,
              18.552623
            ],
            [
              73.889546,
              18.552461
            ],
            [
              73.889493,
              18.552016
            ],
            [
              73.889438,
              18.551578
            ],
            [
              73.889403,
              18.551301
            ],
            [
              73.889357,
              18.550924
            ],
            [
              73.889329,
              18.550699
            ],
            [
              73.889309,
              18.550534
            ],
            [
              73.889224,
              18.549844
            ],
            [
              73.889204,
              18.549678
            ],
            [
              73.889172,
              18.549678
            ],
            [
              73.889073,
              18.549658
            ],
            [
              73.888791,
              18.549646
            ],
            [
              73.888675,
              18.54962
            ],
            [
              73.888574,
              18.549588
            ],
            [
              73.888446,
              18.549523
            ],
            [
              73.888397,
              18.549518
            ],
            [
              73.888336,
              18.549511
            ],
            [
              73.88807,
              18.549504
            ],
            [
              73.887828,
              18.549518
            ],
            [
              73.887687,
              18.549516
            ],
            [
              73.887439,
              18.549606
            ],
            [
              73.887304,
              18.549593
            ],
            [
              73.887086,
              18.549541
            ],
            [
              73.886889,
              18.549464
            ],
            [
              73.886726,
              18.549385
            ],
            [
              73.886331,
              18.549124
            ],
            [
              73.886179,
              18.548987
            ],
            [
              73.885934,
              18.548571
            ],
            [
              73.885837,
              18.548407
            ],
            [
              73.885748,
              18.5483
            ],
            [
              73.88575,
              18.548236
            ],
            [
              73.885745,
              18.54814
            ],
            [
              73.885793,
              18.548012
            ],
            [
              73.885872,
              18.547881
            ],
            [
              73.885878,
              18.547864
            ],
            [
              73.885905,
              18.54779
            ],
            [
              73.885981,
              18.547693
            ],
            [
              73.88604,
              18.547632
            ],
            [
              73.886065,
              18.547606
            ],
            [
              73.886076,
              18.547588
            ],
            [
              73.88608,
              18.547581
            ],
            [
              73.886111,
              18.547532
            ],
            [
              73.886129,
              18.547504
            ],
            [
              73.88615,
              18.547472
            ],
            [
              73.886173,
              18.547436
            ],
            [
              73.886219,
              18.547365
            ],
            [
              73.886252,
              18.547314
            ],
            [
              73.886304,
              18.547287
            ],
            [
              73.886408,
              18.547319
            ],
            [
              73.886541,
              18.547332
            ],
            [
              73.887007,
              18.547376
            ],
            [
              73.887245,
              18.547405
            ],
            [
              73.887486,
              18.547434
            ],
            [
              73.887717,
              18.547477
            ],
            [
              73.887887,
              18.547508
            ],
            [
              73.888058,
              18.547527
            ],
            [
              73.888349,
              18.547556
            ],
            [
              73.888639,
              18.547601
            ],
            [
              73.888796,
              18.547624
            ],
            [
              73.888803,
              18.547623
            ],
            [
              73.888874,
              18.547609
            ],
            [
              73.888877,
              18.547415
            ],
            [
              73.888877,
              18.54741
            ],
            [
              73.888876,
              18.547346
            ],
            [
              73.888861,
              18.547062
            ],
            [
              73.888817,
              18.546527
            ],
            [
              73.888759,
              18.54623
            ],
            [
              73.888753,
              18.546203
            ],
            [
              73.888719,
              18.545564
            ],
            [
              73.888591,
              18.545384
            ]
          ]
        ]
      },
      "properties": {
        "city_id": "pune",
        "ward_id": "pun-007",
        "ward_name": "Admin Ward 07 Nagar Road",
        "corporation": "Pune Municipal Corporation",
        "zone": "Admin Ward 07 Nagar Road",
        "area_sqkm": 25.83,
        "centroid": [
          73.920051,
          18.558605
        ]
      }
    },
    {
      "type": "Feature",
      "id": "pun-008",
      "geometry": {
        "type": "Polygon",
        "coordinates": [
          [
            [
              73.850815,
              18.502571
            ],
            [
              73.850755,
              18.503218
            ],
            [
              73.850689,
              18.504319
            ],
            [
              73.85081,
              18.504347
            ],
            [
              73.851525,
              18.504302
            ],
            [
              73.852273,
              18.504231
            ],
            [
              73.852405,
              18.504226
            ],
            [
              73.853451,
              18.504169
            ],
            [
              73.853482,
              18.504166
            ],
            [
              73.853655,
              18.504114
            ],
            [
              73.85433,
              18.504081
            ],
            [
              73.854402,
              18.504078
            ],
            [
              73.855203,
              18.504057
            ],
            [
              73.856172,
              18.503196
            ],
            [
              73.856992,
              18.502464
            ],
            [
              73.858481,
              18.501146
            ],
            [
              73.858515,
              18.500653
            ],
            [
              73.859675,
              18.500477
            ],
            [
              73.860219,
              18.500414
            ],
            [
              73.860403,
              18.500391
            ],
            [
              73.860897,
              18.500306
            ],
            [
              73.861218,
              18.500253
            ],
            [
              73.861625,
              18.500138
            ],
            [
              73.862014,
              18.500091
            ],
            [
              73.862616,
              18.500041
            ],
            [
              73.862884,
              18.500017
            ],
            [
              73.863417,
              18.499937
            ],
            [
              73.863242,
              18.500279
            ],
            [
              73.863222,
              18.500319
            ],
            [
              73.862765,
              18.501028
            ],
            [
              73.862693,
              18.50111
            ],
            [
              73.862531,
              18.50117
            ],
            [
              73.862225,
              18.501429
            ],
            [
              73.86203,
              18.501675
            ],
            [
              73.861871,
              18.501854
            ],
            [
              73.8617,
              18.50207
            ],
            [
              73.861644,
              18.502251
            ],
            [
              73.861608,
              18.502591
            ],
            [
              73.861611,
              18.502836
            ],
            [
              73.861532,
              18.503224
            ],
            [
              73.861431,
              18.503478
            ],
            [
              73.861306,
              18.503622
            ],
            [
              73.861229,
              18.503765
            ],
            [
              73.861154,
              18.504291
            ],
            [
              73.861129,
              18.504561
            ],
            [
              73.861093,
              18.5047
            ],
            [
              73.860541,
              18.505416
            ],
            [
              73.860373,
              18.505685
            ],
            [
              73.8602,
              18.506194
            ],
            [
              73.860028,
              18.506664
            ],
            [
              73.859909,
              18.507022
            ],
            [
              73.859868,
              18.50726
            ],
            [
              73.859858,
              18.507331
            ],
            [
              73.859835,
              18.507493
            ],
            [
              73.85979,
              18.50785
            ],
            [
              73.85974,
              18.508097
            ],
            [
              73.859678,
              18.508569
            ],
            [
              73.859755,
              18.508573
            ],
            [
              73.860131,
              18.508629
            ],
            [
              73.860171,
              18.508635
            ],
            [
              73.860438,
              18.5087
            ],
            [
              73.86067,
              18.508751
            ],
            [
              73.86127,
              18.508837
            ],
            [
              73.861397,
              18.508794
            ],
            [
              73.862235,
              18.508891
            ],
            [
              73.862151,
              18.509704
            ],
            [
              73.862123,
              18.509993
            ],
            [
              73.862048,
              18.510516
            ],
            [
              73.86277,
              18.51056
            ],
            [
              73.863019,
              18.510576
            ],
            [
              73.863353,
              18.510677
            ],
            [
              73.86327,
              18.510727
            ],
            [
              73.863203,
              18.510899
            ],
            [
              73.863141,
              18.51124
            ],
            [
              73.86306,
              18.511523
            ],
            [
              73.862985,
              18.511747
            ],
            [
              73.862911,
              18.51188
            ],
            [
              73.862808,
              18.51204
            ],
            [
              73.862723,
              18.512212
            ],
            [
              73.862584,
              18.512489
            ],
            [
              73.862523,
              18.51265
            ],
            [
              73.862498,
              18.512795
            ],
            [
              73.862469,
              18.513013
            ],
            [
              73.862338,
              18.51303
            ],
            [
              73.862074,
              18.513064
            ],
            [
              73.861836,
              18.513107
            ],
            [
              73.861863,
              18.513326
            ],
            [
              73.861895,
              18.51363
            ],
            [
              73.861893,
              18.514058
            ],
            [
              73.861905,
              18.514496
            ],
            [
              73.861937,
              18.514869
            ],
            [
              73.861927,
              18.515112
            ],
            [
              73.861866,
              18.515846
            ],
            [
              73.861838,
              18.516098
            ],
            [
              73.861926,
              18.516107
            ],
            [
              73.862419,
              18.516137
            ],
            [
              73.86288,
              18.516164
            ],
            [
              73.862839,
              18.516683
            ],
            [
              73.863,
              18.517216
            ],
            [
              73.863044,
              18.517706
            ],
            [
              73.863096,
              18.518036
            ],
            [
              73.862954,
              18.518307
            ],
            [
              73.862454,
              18.519492
            ],
            [
              73.862395,
              18.519537
            ],
            [
              73.861955,
              18.519275
            ],
            [
              73.861769,
              18.519238
            ],
            [
              73.861597,
              18.519207
            ],
            [
              73.861517,
              18.519234
            ],
            [
              73.861488,
              18.519402
            ],
            [
              73.861475,
              18.519652
            ],
            [
              73.861411,
              18.52001
            ],
            [
              73.861391,
              18.520122
            ],
            [
              73.861366,
              18.520351
            ],
            [
              73.861344,
              18.520545
            ],
            [
              73.861242,
              18.52112
            ],
            [
              73.861154,
              18.521359
            ],
            [
              73.861003,
              18.521623
            ],
            [
              73.860986,
              18.521823
            ],
            [
              73.860953,
              18.522057
            ],
            [
              73.860923,
              18.522051
            ],
            [
              73.860892,
              18.522047
            ],
            [
              73.860799,
              18.522054
            ],
            [
              73.8607,
              18.522061
            ],
            [
              73.860556,
              18.522052
            ],
            [
              73.860305,
              18.522036
            ],
            [
              73.860022,
              18.522014
            ],
            [
              73.859937,
              18.522007
            ],
            [
              73.859709,
              18.522017
            ],
            [
              73.859357,
              18.522005
            ],
            [
              73.858867,
              18.52199
            ],
            [
              73.85858,
              18.521981
            ],
            [
              73.858399,
              18.52195
            ],
            [
              73.858168,
              18.521871
            ],
            [
              73.857998,
              18.521862
            ],
            [
              73.85775,
              18.52185
            ],
            [
              73.857664,
              18.521845
            ],
            [
              73.857522,
              18.521838
            ],
            [
              73.857041,
              18.521814
            ],
            [
              73.856804,
              18.521803
            ],
            [
              73.856444,
              18.521737
            ],
            [
              73.856121,
              18.521695
            ],
            [
              73.855757,
              18.521611
            ],
            [
              73.855478,
              18.521534
            ],
            [
              73.85528,
              18.521492
            ],
            [
              73.855226,
              18.521482
            ],
            [
              73.855146,
              18.521468
            ],
            [
              73.855002,
              18.521772
            ],
            [
              73.854931,
              18.521922
            ],
            [
              73.854738,
              18.522392
            ],
            [
              73.854669,
              18.522359
            ],
            [
              73.853373,
              18.521733
            ],
            [
              73.852252,
              18.521482
            ],
            [
              73.851054,
              18.521214
            ],
            [
              73.850584,
              18.521108
            ],
            [
              73.849447,
              18.520917
            ],
            [
              73.848647,
              18.520583
            ],
            [
              73.848002,
              18.519936
            ],
            [
              73.847183,
              18.519119
            ],
            [
              73.847151,
              18.519095
            ],
            [
              73.84709,
              18.519045
            ],
            [
              73.846442,
              18.518329
            ],
            [
              73.845992,
              18.517835
            ],
            [
              73.845628,
              18.51724
            ],
            [
              73.84559,
              18.517178
            ],
            [
              73.845243,
              18.516478
            ],
            [
              73.844768,
              18.515655
            ],
            [
              73.844465,
              18.515391
            ],
            [
              73.843937,
              18.514654
            ],
            [
              73.843265,
              18.513966
            ],
            [
              73.842983,
              18.513677
            ],
            [
              73.843514,
              18.51307
            ],
            [
              73.84372,
              18.512835
            ],
            [
              73.843771,
              18.512738
            ],
            [
              73.843793,
              18.512696
            ],
            [
              73.843822,
              18.512641
            ],
            [
              73.843822,
              18.51264
            ],
            [
              73.843808,
              18.512473
            ],
            [
              73.843795,
              18.5124
            ],
            [
              73.843767,
              18.512257
            ],
            [
              73.843684,
              18.512107
            ],
            [
              73.843647,
              18.512046
            ],
            [
              73.843478,
              18.511795
            ],
            [
              73.843231,
              18.511418
            ],
            [
              73.843201,
              18.511226
            ],
            [
              73.843216,
              18.511022
            ],
            [
              73.843228,
              18.510866
            ],
            [
              73.843252,
              18.510479
            ],
            [
              73.843468,
              18.509854
            ],
            [
              73.843999,
              18.508316
            ],
            [
              73.844511,
              18.506497
            ],
            [
              73.844827,
              18.50529
            ],
            [
              73.844886,
              18.505067
            ],
            [
              73.845084,
              18.504387
            ],
            [
              73.845302,
              18.503251
            ],
            [
              73.845356,
              18.502869
            ],
            [
              73.845393,
              18.502612
            ],
            [
              73.845478,
              18.502093
            ],
            [
              73.845584,
              18.501444
            ],
            [
              73.845601,
              18.501338
            ],
            [
              73.845605,
              18.501327
            ],
            [
              73.84567,
              18.501173
            ],
            [
              73.845756,
              18.50118
            ],
            [
              73.845851,
              18.501073
            ],
            [
              73.845915,
              18.500892
            ],
            [
              73.845966,
              18.50077
            ],
            [
              73.846017,
              18.500638
            ],
            [
              73.846081,
              18.500493
            ],
            [
              73.846371,
              18.499752
            ],
            [
              73.846518,
              18.4998
            ],
            [
              73.846629,
              18.499836
            ],
            [
              73.846886,
              18.499878
            ],
            [
              73.84714,
              18.499895
            ],
            [
              73.84762,
              18.499901
            ],
            [
              73.848119,
              18.499887
            ],
            [
              73.848463,
              18.499879
            ],
            [
              73.848832,
              18.499788
            ],
            [
              73.848979,
              18.499735
            ],
            [
              73.849038,
              18.499714
            ],
            [
              73.849361,
              18.499521
            ],
            [
              73.849573,
              18.499348
            ],
            [
              73.849626,
              18.499304
            ],
            [
              73.849863,
              18.499135
            ],
            [
              73.850062,
              18.499009
            ],
            [
              73.850254,
              18.498907
            ],
            [
              73.850464,
              18.499428
            ],
            [
              73.850762,
              18.500209
            ],
            [
              73.850775,
              18.501075
            ],
            [
              73.850837,
              18.501562
            ],
            [
              73.850815,
              18.502571
            ]
          ]
        ]
      },
      "properties": {
        "city_id": "pune",
        "ward_id": "pun-008",
        "ward_name": "Admin Ward 08 KasbaVishrambaugwada",
        "corporation": "Pune Municipal Corporation",
        "zone": "Admin Ward 08 KasbaVishrambaugwada",
        "area_sqkm": 3.94,
        "centroid": [
          73.855316,
          18.510498
        ]
      }
    },
    {
      "type": "Feature",
      "id": "pun-009",
      "geometry": {
        "type": "Polygon",
        "coordinates": [
          [
            [
              73.825975,
              18.484451
            ],
            [
              73.825727,
              18.48414
            ],
            [
              73.825488,
              18.483864
            ],
            [
              73.825351,
              18.483706
            ],
            [
              73.824907,
              18.483303
            ],
            [
              73.824697,
              18.48314
            ],
            [
              73.824591,
              18.483059
            ],
            [
              73.824559,
              18.483036
            ],
            [
              73.824399,
              18.482951
            ],
            [
              73.82411,
              18.482779
            ],
            [
              73.823973,
              18.482711
            ],
            [
              73.823562,
              18.482643
            ],
            [
              73.82307,
              18.482667
            ],
            [
              73.823012,
              18.482667
            ],
            [
              73.82263,
              18.482636
            ],
            [
              73.822563,
              18.482631
            ],
            [
              73.822452,
              18.482657
            ],
            [
              73.822247,
              18.482676
            ],
            [
              73.821914,
              18.482709
            ],
            [
              73.821626,
              18.482729
            ],
            [
              73.821515,
              18.482733
            ],
            [
              73.820997,
              18.482682
            ],
            [
              73.820917,
              18.482666
            ],
            [
              73.820906,
              18.482665
            ],
            [
              73.820334,
              18.482656
            ],
            [
              73.819833,
              18.482605
            ],
            [
              73.819204,
              18.482441
            ],
            [
              73.818508,
              18.482072
            ],
            [
              73.81846,
              18.48206
            ],
            [
              73.817801,
              18.481776
            ],
            [
              73.817364,
              18.481493
            ],
            [
              73.81715,
              18.481355
            ],
            [
              73.816431,
              18.480942
            ],
            [
              73.816141,
              18.480778
            ],
            [
              73.815483,
              18.480564
            ],
            [
              73.814943,
              18.480346
            ],
            [
              73.814017,
              18.479977
            ],
            [
              73.813672,
              18.479841
            ],
            [
              73.813124,
              18.479591
            ],
            [
              73.81286,
              18.47947
            ],
            [
              73.812183,
              18.479076
            ],
            [
              73.811551,
              18.478523
            ],
            [
              73.810779,
              18.477324
            ],
            [
              73.810612,
              18.476977
            ],
            [
              73.810467,
              18.476673
            ],
            [
              73.810254,
              18.476228
            ],
            [
              73.810057,
              18.475836
            ],
            [
              73.809808,
              18.475336
            ],
            [
              73.80967,
              18.474933
            ],
            [
              73.809432,
              18.474233
            ],
            [
              73.808972,
              18.473234
            ],
            [
              73.80828,
              18.472495
            ],
            [
              73.807486,
              18.471912
            ],
            [
              73.806721,
              18.47122
            ],
            [
              73.805448,
              18.470206
            ],
            [
              73.804717,
              18.469647
            ],
            [
              73.803656,
              18.468843
            ],
            [
              73.801964,
              18.467922
            ],
            [
              73.801002,
              18.467444
            ],
            [
              73.800251,
              18.467033
            ],
            [
              73.79982,
              18.466797
            ],
            [
              73.799654,
              18.466692
            ],
            [
              73.799431,
              18.46655
            ],
            [
              73.799314,
              18.466406
            ],
            [
              73.799405,
              18.466271
            ],
            [
              73.799576,
              18.466177
            ],
            [
              73.799788,
              18.466082
            ],
            [
              73.799952,
              18.466027
            ],
            [
              73.800055,
              18.465897
            ],
            [
              73.799842,
              18.465628
            ],
            [
              73.799835,
              18.465516
            ],
            [
              73.799837,
              18.465385
            ],
            [
              73.799823,
              18.465143
            ],
            [
              73.799826,
              18.46503
            ],
            [
              73.799901,
              18.464905
            ],
            [
              73.79995,
              18.464825
            ],
            [
              73.799987,
              18.464766
            ],
            [
              73.799997,
              18.46475
            ],
            [
              73.800036,
              18.46465
            ],
            [
              73.800048,
              18.464617
            ],
            [
              73.800083,
              18.464531
            ],
            [
              73.800067,
              18.464428
            ],
            [
              73.79994,
              18.464276
            ],
            [
              73.799914,
              18.464166
            ],
            [
              73.799896,
              18.464027
            ],
            [
              73.799867,
              18.463869
            ],
            [
              73.799835,
              18.463784
            ],
            [
              73.799816,
              18.463734
            ],
            [
              73.799808,
              18.463713
            ],
            [
              73.79979,
              18.463651
            ],
            [
              73.799784,
              18.463631
            ],
            [
              73.799774,
              18.463598
            ],
            [
              73.799767,
              18.463574
            ],
            [
              73.799759,
              18.463548
            ],
            [
              73.79975,
              18.463527
            ],
            [
              73.799743,
              18.463509
            ],
            [
              73.799719,
              18.463453
            ],
            [
              73.799709,
              18.463428
            ],
            [
              73.799702,
              18.463412
            ],
            [
              73.799691,
              18.463384
            ],
            [
              73.799706,
              18.463334
            ],
            [
              73.799719,
              18.46329
            ],
            [
              73.79974,
              18.463222
            ],
            [
              73.799788,
              18.463172
            ],
            [
              73.799816,
              18.463142
            ],
            [
              73.79984,
              18.463117
            ],
            [
              73.79986,
              18.463095
            ],
            [
              73.799874,
              18.463081
            ],
            [
              73.799903,
              18.463053
            ],
            [
              73.799931,
              18.463025
            ],
            [
              73.799952,
              18.463005
            ],
            [
              73.799964,
              18.462994
            ],
            [
              73.799982,
              18.462976
            ],
            [
              73.80003,
              18.462898
            ],
            [
              73.800064,
              18.462843
            ],
            [
              73.800078,
              18.462821
            ],
            [
              73.80009,
              18.462802
            ],
            [
              73.800109,
              18.462774
            ],
            [
              73.80014,
              18.462728
            ],
            [
              73.800162,
              18.462696
            ],
            [
              73.8002,
              18.462655
            ],
            [
              73.800248,
              18.462604
            ],
            [
              73.800268,
              18.462581
            ],
            [
              73.80028,
              18.462569
            ],
            [
              73.8003,
              18.462547
            ],
            [
              73.800325,
              18.462521
            ],
            [
              73.800345,
              18.462499
            ],
            [
              73.800399,
              18.46244
            ],
            [
              73.800421,
              18.462417
            ],
            [
              73.800423,
              18.462415
            ],
            [
              73.800449,
              18.462396
            ],
            [
              73.800506,
              18.462355
            ],
            [
              73.800578,
              18.462302
            ],
            [
              73.8006,
              18.462286
            ],
            [
              73.800654,
              18.462235
            ],
            [
              73.800693,
              18.462197
            ],
            [
              73.80073,
              18.462162
            ],
            [
              73.800785,
              18.462109
            ],
            [
              73.800787,
              18.462107
            ],
            [
              73.800818,
              18.462082
            ],
            [
              73.800908,
              18.462008
            ],
            [
              73.800917,
              18.46183
            ],
            [
              73.800872,
              18.46173
            ],
            [
              73.800746,
              18.461596
            ],
            [
              73.800776,
              18.461436
            ],
            [
              73.800844,
              18.461369
            ],
            [
              73.800906,
              18.461308
            ],
            [
              73.800948,
              18.461184
            ],
            [
              73.800884,
              18.461017
            ],
            [
              73.800866,
              18.460971
            ],
            [
              73.800787,
              18.460791
            ],
            [
              73.800667,
              18.460592
            ],
            [
              73.800659,
              18.460459
            ],
            [
              73.800656,
              18.460408
            ],
            [
              73.800653,
              18.460348
            ],
            [
              73.80065,
              18.46031
            ],
            [
              73.800643,
              18.460192
            ],
            [
              73.800643,
              18.460192
            ],
            [
              73.800714,
              18.46011
            ],
            [
              73.800745,
              18.460074
            ],
            [
              73.800822,
              18.460018
            ],
            [
              73.800895,
              18.459964
            ],
            [
              73.801044,
              18.459806
            ],
            [
              73.801089,
              18.459628
            ],
            [
              73.801121,
              18.459526
            ],
            [
              73.801153,
              18.459427
            ],
            [
              73.80116,
              18.459406
            ],
            [
              73.801209,
              18.459261
            ],
            [
              73.801281,
              18.459053
            ],
            [
              73.801319,
              18.458875
            ],
            [
              73.801348,
              18.458739
            ],
            [
              73.801367,
              18.458646
            ],
            [
              73.801376,
              18.458606
            ],
            [
              73.801424,
              18.457988
            ],
            [
              73.801613,
              18.457355
            ],
            [
              73.801652,
              18.45701
            ],
            [
              73.800953,
              18.45685
            ],
            [
              73.800489,
              18.456716
            ],
            [
              73.799639,
              18.456476
            ],
            [
              73.799315,
              18.456535
            ],
            [
              73.798891,
              18.456504
            ],
            [
              73.798126,
              18.456424
            ],
            [
              73.797806,
              18.456401
            ],
            [
              73.797484,
              18.456362
            ],
            [
              73.797129,
              18.456251
            ],
            [
              73.796742,
              18.456129
            ],
            [
              73.796829,
              18.455741
            ],
            [
              73.796906,
              18.4554
            ],
            [
              73.796935,
              18.454992
            ],
            [
              73.796739,
              18.454764
            ],
            [
              73.796575,
              18.454633
            ],
            [
              73.796435,
              18.454544
            ],
            [
              73.796432,
              18.454542
            ],
            [
              73.796232,
              18.454477
            ],
            [
              73.796144,
              18.454443
            ],
            [
              73.796104,
              18.454428
            ],
            [
              73.795955,
              18.454457
            ],
            [
              73.795814,
              18.454484
            ],
            [
              73.795667,
              18.454501
            ],
            [
              73.795456,
              18.454431
            ],
            [
              73.79536,
              18.454318
            ],
            [
              73.7953,
              18.454194
            ],
            [
              73.79523,
              18.454013
            ],
            [
              73.795166,
              18.453682
            ],
            [
              73.795093,
              18.453379
            ],
            [
              73.795087,
              18.453354
            ],
            [
              73.795056,
              18.453195
            ],
            [
              73.794754,
              18.451615
            ],
            [
              73.794898,
              18.451544
            ],
            [
              73.795355,
              18.451506
            ],
            [
              73.795577,
              18.451485
            ],
            [
              73.795684,
              18.45146
            ],
            [
              73.795831,
              18.451425
            ],
            [
              73.796032,
              18.451113
            ],
            [
              73.796132,
              18.450738
            ],
            [
              73.796243,
              18.450391
            ],
            [
              73.796246,
              18.450383
            ],
            [
              73.796304,
              18.45014
            ],
            [
              73.796297,
              18.44964
            ],
            [
              73.796367,
              18.449574
            ],
            [
              73.796374,
              18.449567
            ],
            [
              73.796529,
              18.44941
            ],
            [
              73.796571,
              18.449144
            ],
            [
              73.796654,
              18.448891
            ],
            [
              73.796577,
              18.448701
            ],
            [
              73.796559,
              18.4484
            ],
            [
              73.796636,
              18.448303
            ],
            [
              73.796709,
              18.448125
            ],
            [
              73.796735,
              18.448062
            ],
            [
              73.796794,
              18.447919
            ],
            [
              73.796972,
              18.44692
            ],
            [
              73.796978,
              18.446886
            ],
            [
              73.797136,
              18.446911
            ],
            [
              73.797319,
              18.446941
            ],
            [
              73.797862,
              18.446989
            ],
            [
              73.798033,
              18.447003
            ],
            [
              73.798324,
              18.447073
            ],
            [
              73.798423,
              18.447084
            ],
            [
              73.79859,
              18.447091
            ],
            [
              73.79866,
              18.447097
            ],
            [
              73.798823,
              18.447111
            ],
            [
              73.798913,
              18.447119
            ],
            [
              73.798993,
              18.447124
            ],
            [
              73.799088,
              18.447128
            ],
            [
              73.799213,
              18.447135
            ],
            [
              73.799341,
              18.447124
            ],
            [
              73.79943,
              18.447115
            ],
            [
              73.799618,
              18.447129
            ],
            [
              73.799805,
              18.447115
            ],
            [
              73.799969,
              18.447103
            ],
            [
              73.800148,
              18.447109
            ],
            [
              73.800152,
              18.447108
            ],
            [
              73.8004,
              18.447071
            ],
            [
              73.800467,
              18.447061
            ],
            [
              73.800496,
              18.447055
            ],
            [
              73.800537,
              18.447047
            ],
            [
              73.800612,
              18.447032
            ],
            [
              73.800676,
              18.447019
            ],
            [
              73.800922,
              18.44699
            ],
            [
              73.801113,
              18.446933
            ],
            [
              73.801807,
              18.44684
            ],
            [
              73.801857,
              18.446834
            ],
            [
              73.801982,
              18.446827
            ],
            [
              73.80207,
              18.446823
            ],
            [
              73.802095,
              18.446821
            ],
            [
              73.802101,
              18.446823
            ],
            [
              73.802635,
              18.446878
            ],
            [
              73.802853,
              18.446915
            ],
            [
              73.803163,
              18.446964
            ],
            [
              73.803393,
              18.447
            ],
            [
              73.803512,
              18.447006
            ],
            [
              73.80372,
              18.447016
            ],
            [
              73.804102,
              18.447017
            ],
            [
              73.804258,
              18.447029
            ],
            [
              73.804379,
              18.447039
            ],
            [
              73.804643,
              18.447107
            ],
            [
              73.804916,
              18.447144
            ],
            [
              73.805048,
              18.447163
            ],
            [
              73.805289,
              18.447224
            ],
            [
              73.80539,
              18.447247
            ],
            [
              73.805627,
              18.447328
            ],
            [
              73.805931,
              18.447336
            ],
            [
              73.806319,
              18.447369
            ],
            [
              73.806636,
              18.447336
            ],
            [
              73.806847,
              18.447326
            ],
            [
              73.806931,
              18.447252
            ],
            [
              73.80695,
              18.447156
            ],
            [
              73.806934,
              18.447017
            ],
            [
              73.806881,
              18.446811
            ],
            [
              73.806881,
              18.44681
            ],
            [
              73.806894,
              18.446626
            ],
            [
              73.806885,
              18.446462
            ],
            [
              73.80691,
              18.446319
            ],
            [
              73.806937,
              18.446101
            ],
            [
              73.806951,
              18.445917
            ],
            [
              73.807039,
              18.445616
            ],
            [
              73.807084,
              18.445484
            ],
            [
              73.8071,
              18.445328
            ],
            [
              73.807051,
              18.445198
            ],
            [
              73.807021,
              18.445171
            ],
            [
              73.806948,
              18.445104
            ],
            [
              73.806883,
              18.444982
            ],
            [
              73.806753,
              18.444857
            ],
            [
              73.80674,
              18.444766
            ],
            [
              73.806726,
              18.444673
            ],
            [
              73.806726,
              18.444672
            ],
            [
              73.806765,
              18.4445
            ],
            [
              73.806827,
              18.444303
            ],
            [
              73.806921,
              18.444243
            ],
            [
              73.806963,
              18.444216
            ],
            [
              73.80713,
              18.444119
            ],
            [
              73.807261,
              18.444039
            ],
            [
              73.807268,
              18.444039
            ],
            [
              73.807411,
              18.443981
            ],
            [
              73.807418,
              18.443978
            ],
            [
              73.807508,
              18.443925
            ],
            [
              73.807615,
              18.443811
            ],
            [
              73.807742,
              18.44375
            ],
            [
              73.807789,
              18.443849
            ],
            [
              73.807722,
              18.443968
            ],
            [
              73.807824,
              18.444064
            ],
            [
              73.807853,
              18.444091
            ],
            [
              73.808003,
              18.444277
            ],
            [
              73.808086,
              18.444442
            ],
            [
              73.808234,
              18.444605
            ],
            [
              73.808304,
              18.444653
            ],
            [
              73.808372,
              18.444699
            ],
            [
              73.808524,
              18.444792
            ],
            [
              73.80862,
              18.44491
            ],
            [
              73.808898,
              18.445083
            ],
            [
              73.809035,
              18.445167
            ],
            [
              73.809181,
              18.445283
            ],
            [
              73.80906,
              18.445441
            ],
            [
              73.808977,
              18.445551
            ],
            [
              73.809191,
              18.445585
            ],
            [
              73.809212,
              18.445662
            ],
            [
              73.809206,
              18.445833
            ],
            [
              73.809364,
              18.445861
            ],
            [
              73.809369,
              18.445863
            ],
            [
              73.809541,
              18.445854
            ],
            [
              73.80977,
              18.445841
            ],
            [
              73.809842,
              18.44593
            ],
            [
              73.809997,
              18.446362
            ],
            [
              73.810126,
              18.446858
            ],
            [
              73.810277,
              18.447203
            ],
            [
              73.810827,
              18.447212
            ],
            [
              73.811665,
              18.44725
            ],
            [
              73.811744,
              18.447257
            ],
            [
              73.812245,
              18.447242
            ],
            [
              73.812504,
              18.447198
            ],
            [
              73.812931,
              18.447186
            ],
            [
              73.813295,
              18.447082
            ],
            [
              73.814072,
              18.447064
            ],
            [
              73.81428,
              18.446884
            ],
            [
              73.814498,
              18.446751
            ],
            [
              73.814668,
              18.44664
            ],
            [
              73.814886,
              18.446627
            ],
            [
              73.815282,
              18.446679
            ],
            [
              73.815713,
              18.44678
            ],
            [
              73.816312,
              18.446874
            ],
            [
              73.816897,
              18.446801
            ],
            [
              73.817269,
              18.446708
            ],
            [
              73.818395,
              18.446812
            ],
            [
              73.819063,
              18.446953
            ],
            [
              73.819927,
              18.447034
            ],
            [
              73.820234,
              18.447028
            ],
            [
              73.82062,
              18.44703
            ],
            [
              73.820814,
              18.447061
            ],
            [
              73.820795,
              18.44729
            ],
            [
              73.820747,
              18.44745
            ],
            [
              73.820716,
              18.447555
            ],
            [
              73.820589,
              18.447984
            ],
            [
              73.820334,
              18.448725
            ],
            [
              73.820286,
              18.449179
            ],
            [
              73.820103,
              18.449606
            ],
            [
              73.819682,
              18.450252
            ],
            [
              73.819392,
              18.450517
            ],
            [
              73.819385,
              18.450734
            ],
            [
              73.819307,
              18.451045
            ],
            [
              73.819254,
              18.451516
            ],
            [
              73.819138,
              18.451897
            ],
            [
              73.819116,
              18.451933
            ],
            [
              73.818961,
              18.452427
            ],
            [
              73.81865,
              18.453192
            ],
            [
              73.818548,
              18.453571
            ],
            [
              73.818419,
              18.454117
            ],
            [
              73.818303,
              18.454465
            ],
            [
              73.817961,
              18.455196
            ],
            [
              73.817783,
              18.455559
            ],
            [
              73.817644,
              18.45589
            ],
            [
              73.817342,
              18.456365
            ],
            [
              73.817053,
              18.456646
            ],
            [
              73.817025,
              18.456674
            ],
            [
              73.816807,
              18.457016
            ],
            [
              73.816404,
              18.457305
            ],
            [
              73.815924,
              18.457501
            ],
            [
              73.815487,
              18.457648
            ],
            [
              73.815226,
              18.457832
            ],
            [
              73.814979,
              18.45788
            ],
            [
              73.814803,
              18.457917
            ],
            [
              73.81458,
              18.457946
            ],
            [
              73.814491,
              18.458028
            ],
            [
              73.814288,
              18.458096
            ],
            [
              73.813971,
              18.458258
            ],
            [
              73.813839,
              18.458311
            ],
            [
              73.813665,
              18.45834
            ],
            [
              73.813581,
              18.458413
            ],
            [
              73.813638,
              18.458543
            ],
            [
              73.813633,
              18.458705
            ],
            [
              73.813562,
              18.458766
            ],
            [
              73.813458,
              18.458833
            ],
            [
              73.813324,
              18.458827
            ],
            [
              73.813349,
              18.458904
            ],
            [
              73.8134,
              18.459164
            ],
            [
              73.813497,
              18.459152
            ],
            [
              73.813639,
              18.459151
            ],
            [
              73.813707,
              18.459107
            ],
            [
              73.813858,
              18.459046
            ],
            [
              73.813911,
              18.459003
            ],
            [
              73.81411,
              18.458954
            ],
            [
              73.814418,
              18.459017
            ],
            [
              73.815155,
              18.459046
            ],
            [
              73.815608,
              18.459062
            ],
            [
              73.815866,
              18.459075
            ],
            [
              73.816083,
              18.459099
            ],
            [
              73.816637,
              18.459141
            ],
            [
              73.816984,
              18.45921
            ],
            [
              73.817294,
              18.459241
            ],
            [
              73.818131,
              18.459408
            ],
            [
              73.818511,
              18.459446
            ],
            [
              73.81988,
              18.459773
            ],
            [
              73.820584,
              18.459886
            ],
            [
              73.820924,
              18.459942
            ],
            [
              73.821719,
              18.460064
            ],
            [
              73.821849,
              18.460083
            ],
            [
              73.822234,
              18.460117
            ],
            [
              73.822464,
              18.460138
            ],
            [
              73.823212,
              18.460244
            ],
            [
              73.823467,
              18.460367
            ],
            [
              73.823875,
              18.460509
            ],
            [
              73.824207,
              18.460628
            ],
            [
              73.824754,
              18.460788
            ],
            [
              73.82538,
              18.460971
            ],
            [
              73.825792,
              18.461091
            ],
            [
              73.826436,
              18.46139
            ],
            [
              73.826887,
              18.461553
            ],
            [
              73.826927,
              18.461259
            ],
            [
              73.826982,
              18.460934
            ],
            [
              73.827083,
              18.460764
            ],
            [
              73.827463,
              18.46071
            ],
            [
              73.827764,
              18.460652
            ],
            [
              73.827899,
              18.460681
            ],
            [
              73.827997,
              18.460704
            ],
            [
              73.82821,
              18.460787
            ],
            [
              73.828367,
              18.460843
            ],
            [
              73.828404,
              18.460948
            ],
            [
              73.828326,
              18.461093
            ],
            [
              73.828281,
              18.4613
            ],
            [
              73.828222,
              18.461536
            ],
            [
              73.828214,
              18.461611
            ],
            [
              73.828524,
              18.461668
            ],
            [
              73.828967,
              18.461691
            ],
            [
              73.829132,
              18.461697
            ],
            [
              73.829435,
              18.461707
            ],
            [
              73.829486,
              18.46171
            ],
            [
              73.829772,
              18.461735
            ],
            [
              73.829839,
              18.461742
            ],
            [
              73.830152,
              18.461788
            ],
            [
              73.83071,
              18.461696
            ],
            [
              73.830996,
              18.461649
            ],
            [
              73.831234,
              18.461603
            ],
            [
              73.831694,
              18.461521
            ],
            [
              73.832162,
              18.461439
            ],
            [
              73.832383,
              18.46138
            ],
            [
              73.832427,
              18.461669
            ],
            [
              73.832428,
              18.461954
            ],
            [
              73.832377,
              18.462105
            ],
            [
              73.832329,
              18.462312
            ],
            [
              73.832326,
              18.462506
            ],
            [
              73.832314,
              18.463078
            ],
            [
              73.832394,
              18.463696
            ],
            [
              73.83241,
              18.464331
            ],
            [
              73.832503,
              18.464622
            ],
            [
              73.832818,
              18.464784
            ],
            [
              73.833097,
              18.464885
            ],
            [
              73.833427,
              18.464933
            ],
            [
              73.834146,
              18.464898
            ],
            [
              73.834454,
              18.464916
            ],
            [
              73.834643,
              18.464974
            ],
            [
              73.83508,
              18.465012
            ],
            [
              73.835641,
              18.464882
            ],
            [
              73.835824,
              18.464841
            ],
            [
              73.836302,
              18.464744
            ],
            [
              73.836574,
              18.464634
            ],
            [
              73.83675,
              18.464596
            ],
            [
              73.836828,
              18.46471
            ],
            [
              73.836882,
              18.464795
            ],
            [
              73.836961,
              18.464849
            ],
            [
              73.837072,
              18.464859
            ],
            [
              73.837221,
              18.464786
            ],
            [
              73.837378,
              18.464706
            ],
            [
              73.837578,
              18.464698
            ],
            [
              73.838027,
              18.464694
            ],
            [
              73.838477,
              18.464681
            ],
            [
              73.838726,
              18.464673
            ],
            [
              73.838835,
              18.464657
            ],
            [
              73.838957,
              18.464521
            ],
            [
              73.839081,
              18.464241
            ],
            [
              73.839139,
              18.464108
            ],
            [
              73.839219,
              18.46391
            ],
            [
              73.839349,
              18.463725
            ],
            [
              73.839409,
              18.463642
            ],
            [
              73.839563,
              18.46343
            ],
            [
              73.839699,
              18.463197
            ],
            [
              73.839863,
              18.462914
            ],
            [
              73.84001,
              18.462887
            ],
            [
              73.840216,
              18.462852
            ],
            [
              73.840883,
              18.462918
            ],
            [
              73.841312,
              18.462946
            ],
            [
              73.842316,
              18.463007
            ],
            [
              73.842273,
              18.463182
            ],
            [
              73.842254,
              18.463198
            ],
            [
              73.842106,
              18.463307
            ],
            [
              73.842099,
              18.463439
            ],
            [
              73.84212,
              18.463553
            ],
            [
              73.842224,
              18.463641
            ],
            [
              73.842226,
              18.463652
            ],
            [
              73.842209,
              18.463788
            ],
            [
              73.84211,
              18.464108
            ],
            [
              73.842036,
              18.464325
            ],
            [
              73.842023,
              18.464548
            ],
            [
              73.842011,
              18.464703
            ],
            [
              73.844167,
              18.464925
            ],
            [
              73.844585,
              18.464965
            ],
            [
              73.845582,
              18.465131
            ],
            [
              73.845448,
              18.465879
            ],
            [
              73.845117,
              18.467203
            ],
            [
              73.8448,
              18.468362
            ],
            [
              73.844731,
              18.468731
            ],
            [
              73.844519,
              18.469365
            ],
            [
              73.844417,
              18.469655
            ],
            [
              73.844226,
              18.470201
            ],
            [
              73.844127,
              18.470543
            ],
            [
              73.844189,
              18.471224
            ],
            [
              73.844195,
              18.471283
            ],
            [
              73.844273,
              18.471765
            ],
            [
              73.844009,
              18.471914
            ],
            [
              73.843727,
              18.472107
            ],
            [
              73.843746,
              18.472282
            ],
            [
              73.843783,
              18.472685
            ],
            [
              73.843849,
              18.473195
            ],
            [
              73.8439,
              18.473597
            ],
            [
              73.843981,
              18.47389
            ],
            [
              73.844029,
              18.474232
            ],
            [
              73.844057,
              18.474564
            ],
            [
              73.84402,
              18.474903
            ],
            [
              73.843921,
              18.475566
            ],
            [
              73.843861,
              18.475981
            ],
            [
              73.843896,
              18.476629
            ],
            [
              73.843928,
              18.477215
            ],
            [
              73.843935,
              18.47734
            ],
            [
              73.843973,
              18.477741
            ],
            [
              73.843996,
              18.477989
            ],
            [
              73.844075,
              18.478816
            ],
            [
              73.844168,
              18.479584
            ],
            [
              73.844223,
              18.480022
            ],
            [
              73.84431,
              18.48025
            ],
            [
              73.844468,
              18.480606
            ],
            [
              73.844862,
              18.481254
            ],
            [
              73.845276,
              18.481935
            ],
            [
              73.845024,
              18.481874
            ],
            [
              73.84458,
              18.481636
            ],
            [
              73.844293,
              18.481483
            ],
            [
              73.844022,
              18.481354
            ],
            [
              73.843748,
              18.481251
            ],
            [
              73.8435,
              18.481344
            ],
            [
              73.843175,
              18.481378
            ],
            [
              73.842928,
              18.481978
            ],
            [
              73.842823,
              18.482313
            ],
            [
              73.842663,
              18.483219
            ],
            [
              73.842591,
              18.483668
            ],
            [
              73.84243,
              18.484795
            ],
            [
              73.842364,
              18.485332
            ],
            [
              73.842062,
              18.48598
            ],
            [
              73.841806,
              18.486377
            ],
            [
              73.841437,
              18.486684
            ],
            [
              73.84122,
              18.48683
            ],
            [
              73.841072,
              18.486861
            ],
            [
              73.840923,
              18.486942
            ],
            [
              73.840603,
              18.486993
            ],
            [
              73.840377,
              18.487196
            ],
            [
              73.840285,
              18.487415
            ],
            [
              73.840174,
              18.487575
            ],
            [
              73.840102,
              18.487626
            ],
            [
              73.840159,
              18.487752
            ],
            [
              73.840231,
              18.487842
            ],
            [
              73.840349,
              18.488064
            ],
            [
              73.840471,
              18.488381
            ],
            [
              73.840564,
              18.488654
            ],
            [
              73.840684,
              18.488903
            ],
            [
              73.840734,
              18.489163
            ],
            [
              73.840842,
              18.489529
            ],
            [
              73.840915,
              18.489768
            ],
            [
              73.84088,
              18.490062
            ],
            [
              73.84094,
              18.490285
            ],
            [
              73.841002,
              18.490692
            ],
            [
              73.84101,
              18.490912
            ],
            [
              73.841015,
              18.491032
            ],
            [
              73.841061,
              18.491194
            ],
            [
              73.84116,
              18.491551
            ],
            [
              73.841138,
              18.491847
            ],
            [
              73.841258,
              18.491956
            ],
            [
              73.841421,
              18.492102
            ],
            [
              73.841456,
              18.492134
            ],
            [
              73.841681,
              18.492354
            ],
            [
              73.84175,
              18.492422
            ],
            [
              73.841882,
              18.492523
            ],
            [
              73.842062,
              18.49259
            ],
            [
              73.84211,
              18.492714
            ],
            [
              73.842197,
              18.492887
            ],
            [
              73.84222,
              18.492932
            ],
            [
              73.842317,
              18.493083
            ],
            [
              73.842328,
              18.493101
            ],
            [
              73.842377,
              18.493294
            ],
            [
              73.842474,
              18.493419
            ],
            [
              73.842594,
              18.493452
            ],
            [
              73.842821,
              18.493473
            ],
            [
              73.842918,
              18.493507
            ],
            [
              73.843015,
              18.493666
            ],
            [
              73.843191,
              18.493797
            ],
            [
              73.843303,
              18.493881
            ],
            [
              73.843509,
              18.494107
            ],
            [
              73.843691,
              18.494256
            ],
            [
              73.843857,
              18.494338
            ],
            [
              73.843928,
              18.494393
            ],
            [
              73.843939,
              18.494399
            ],
            [
              73.844069,
              18.494449
            ],
            [
              73.844193,
              18.494515
            ],
            [
              73.844291,
              18.494542
            ],
            [
              73.844398,
              18.494545
            ],
            [
              73.84446,
              18.494599
            ],
            [
              73.844559,
              18.494649
            ],
            [
              73.84464,
              18.494717
            ],
            [
              73.844643,
              18.49472
            ],
            [
              73.844652,
              18.494732
            ],
            [
              73.844722,
              18.494804
            ],
            [
              73.844834,
              18.494898
            ],
            [
              73.844922,
              18.494941
            ],
            [
              73.845002,
              18.494936
            ],
            [
              73.845078,
              18.494928
            ],
            [
              73.845173,
              18.49488
            ],
            [
              73.845318,
              18.494923
            ],
            [
              73.845492,
              18.494975
            ],
            [
              73.845583,
              18.495002
            ],
            [
              73.845656,
              18.495023
            ],
            [
              73.845689,
              18.495033
            ],
            [
              73.845785,
              18.49507
            ],
            [
              73.845927,
              18.495125
            ],
            [
              73.84602,
              18.495161
            ],
            [
              73.846169,
              18.495205
            ],
            [
              73.846358,
              18.495261
            ],
            [
              73.846474,
              18.495315
            ],
            [
              73.846511,
              18.495338
            ],
            [
              73.846606,
              18.495399
            ],
            [
              73.846825,
              18.495531
            ],
            [
              73.847,
              18.495634
            ],
            [
              73.847102,
              18.495485
            ],
            [
              73.847291,
              18.49576
            ],
            [
              73.847333,
              18.495821
            ],
            [
              73.847463,
              18.496011
            ],
            [
              73.847577,
              18.496177
            ],
            [
              73.847707,
              18.496375
            ],
            [
              73.847819,
              18.496547
            ],
            [
              73.847941,
              18.496735
            ],
            [
              73.848025,
              18.496863
            ],
            [
              73.848025,
              18.496863
            ],
            [
              73.848202,
              18.496797
            ],
            [
              73.849237,
              18.49641
            ],
            [
              73.849276,
              18.496508
            ],
            [
              73.849341,
              18.496759
            ],
            [
              73.849414,
              18.497092
            ],
            [
              73.849428,
              18.497159
            ],
            [
              73.849455,
              18.497292
            ],
            [
              73.849487,
              18.497446
            ],
            [
              73.849509,
              18.497554
            ],
            [
              73.849538,
              18.497694
            ],
            [
              73.849555,
              18.497821
            ],
            [
              73.849564,
              18.49789
            ],
            [
              73.849569,
              18.497927
            ],
            [
              73.849581,
              18.498025
            ],
            [
              73.849602,
              18.498204
            ],
            [
              73.849655,
              18.498254
            ],
            [
              73.849743,
              18.498283
            ],
            [
              73.849835,
              18.498311
            ],
            [
              73.849898,
              18.498334
            ],
            [
              73.849986,
              18.49837
            ],
            [
              73.850056,
              18.498436
            ],
            [
              73.850115,
              18.498553
            ],
            [
              73.850128,
              18.498595
            ],
            [
              73.850163,
              18.498705
            ],
            [
              73.850168,
              18.498717
            ],
            [
              73.850253,
              18.498907
            ],
            [
              73.850212,
              18.498929
            ],
            [
              73.850062,
              18.49901
            ],
            [
              73.8499,
              18.499113
            ],
            [
              73.849843,
              18.499148
            ],
            [
              73.849614,
              18.499314
            ],
            [
              73.84936,
              18.499522
            ],
            [
              73.849034,
              18.499716
            ],
            [
              73.848859,
              18.499779
            ],
            [
              73.848832,
              18.499789
            ],
            [
              73.848454,
              18.499881
            ],
            [
              73.848001,
              18.499889
            ],
            [
              73.847639,
              18.499902
            ],
            [
              73.847104,
              18.499894
            ],
            [
              73.846892,
              18.499879
            ],
            [
              73.846626,
              18.499837
            ],
            [
              73.846371,
              18.499753
            ],
            [
              73.846224,
              18.500128
            ],
            [
              73.846139,
              18.500345
            ],
            [
              73.846076,
              18.500505
            ],
            [
              73.846015,
              18.500643
            ],
            [
              73.845966,
              18.50077
            ],
            [
              73.845914,
              18.500894
            ],
            [
              73.845852,
              18.501071
            ],
            [
              73.845756,
              18.50118
            ],
            [
              73.845671,
              18.501173
            ],
            [
              73.845602,
              18.501336
            ],
            [
              73.845524,
              18.501811
            ],
            [
              73.845448,
              18.502275
            ],
            [
              73.845394,
              18.502606
            ],
            [
              73.845341,
              18.502978
            ],
            [
              73.845302,
              18.503256
            ],
            [
              73.845233,
              18.503611
            ],
            [
              73.845157,
              18.504005
            ],
            [
              73.845084,
              18.504382
            ],
            [
              73.844881,
              18.505084
            ],
            [
              73.844717,
              18.505714
            ],
            [
              73.844552,
              18.506348
            ],
            [
              73.844483,
              18.5066
            ],
            [
              73.844367,
              18.507007
            ],
            [
              73.844012,
              18.508281
            ],
            [
              73.843247,
              18.51049
            ],
            [
              73.843229,
              18.510891
            ],
            [
              73.843201,
              18.511229
            ],
            [
              73.843232,
              18.511422
            ],
            [
              73.843665,
              18.512074
            ],
            [
              73.843766,
              18.512254
            ],
            [
              73.843808,
              18.512466
            ],
            [
              73.843823,
              18.512636
            ],
            [
              73.843721,
              18.512835
            ],
            [
              73.842982,
              18.513679
            ],
            [
              73.842787,
              18.513473
            ],
            [
              73.842306,
              18.513008
            ],
            [
              73.841829,
              18.512546
            ],
            [
              73.841376,
              18.512111
            ],
            [
              73.840404,
              18.51076
            ],
            [
              73.840006,
              18.510206
            ],
            [
              73.838996,
              18.509164
            ],
            [
              73.838595,
              18.508753
            ],
            [
              73.838461,
              18.508612
            ],
            [
              73.838336,
              18.508502
            ],
            [
              73.838009,
              18.508207
            ],
            [
              73.837262,
              18.507535
            ],
            [
              73.836527,
              18.506148
            ],
            [
              73.836587,
              18.50466
            ],
            [
              73.836897,
              18.50208
            ],
            [
              73.836776,
              18.500992
            ],
            [
              73.836274,
              18.499608
            ],
            [
              73.83559,
              18.498358
            ],
            [
              73.834993,
              18.497706
            ],
            [
              73.834399,
              18.497214
            ],
            [
              73.834167,
              18.497017
            ],
            [
              73.833677,
              18.496656
            ],
            [
              73.833098,
              18.49614
            ],
            [
              73.832713,
              18.495702
            ],
            [
              73.831904,
              18.49455
            ],
            [
              73.831295,
              18.493679
            ],
            [
              73.830967,
              18.493207
            ],
            [
              73.829442,
              18.491002
            ],
            [
              73.829394,
              18.490934
            ],
            [
              73.829318,
              18.490824
            ],
            [
              73.829025,
              18.490401
            ],
            [
              73.828858,
              18.490157
            ],
            [
              73.828774,
              18.490031
            ],
            [
              73.828597,
              18.489754
            ],
            [
              73.827755,
              18.488431
            ],
            [
              73.827469,
              18.487785
            ],
            [
              73.827377,
              18.487574
            ],
            [
              73.827253,
              18.487236
            ],
            [
              73.827206,
              18.487111
            ],
            [
              73.826928,
              18.486517
            ],
            [
              73.826827,
              18.486296
            ],
            [
              73.826755,
              18.486128
            ],
            [
              73.82664,
              18.485833
            ],
            [
              73.826473,
              18.48546
            ],
            [
              73.826359,
              18.485197
            ],
            [
              73.826323,
              18.485112
            ],
            [
              73.826251,
              18.484978
            ],
            [
              73.826174,
              18.484833
            ],
            [
              73.826073,
              18.484638
            ],
            [
              73.826001,
              18.484498
            ],
            [
              73.825975,
              18.484451
            ]
          ]
        ]
      },
      "properties": {
        "city_id": "pune",
        "ward_id": "pun-009",
        "ward_name": "Admin Ward 09 Tilak Road",
        "corporation": "Pune Municipal Corporation",
        "zone": "Admin Ward 09 Tilak Road",
        "area_sqkm": 16.33,
        "centroid": [
          73.822011,
          18.470012
        ]
      }
    },
    {
      "type": "Feature",
      "id": "pun-010",
      "geometry": {
        "type": "Polygon",
        "coordinates": [
          [
            [
              73.863393,
              18.487893
            ],
            [
              73.863404,
              18.488962
            ],
            [
              73.86341,
              18.489489
            ],
            [
              73.864604,
              18.489351
            ],
            [
              73.865744,
              18.489219
            ],
            [
              73.8664,
              18.489142
            ],
            [
              73.867012,
              18.489083
            ],
            [
              73.867433,
              18.489109
            ],
            [
              73.869733,
              18.489407
            ],
            [
              73.870074,
              18.489452
            ],
            [
              73.870058,
              18.489525
            ],
            [
              73.869875,
              18.490386
            ],
            [
              73.869623,
              18.491299
            ],
            [
              73.869348,
              18.492296
            ],
            [
              73.869346,
              18.492308
            ],
            [
              73.869279,
              18.493001
            ],
            [
              73.869282,
              18.493397
            ],
            [
              73.869289,
              18.494116
            ],
            [
              73.869289,
              18.494196
            ],
            [
              73.86929,
              18.494461
            ],
            [
              73.869296,
              18.495005
            ],
            [
              73.869304,
              18.495976
            ],
            [
              73.869305,
              18.496307
            ],
            [
              73.869306,
              18.496545
            ],
            [
              73.869323,
              18.496972
            ],
            [
              73.869343,
              18.497433
            ],
            [
              73.869398,
              18.498788
            ],
            [
              73.86943,
              18.500283
            ],
            [
              73.869376,
              18.50072
            ],
            [
              73.869232,
              18.501472
            ],
            [
              73.868276,
              18.501197
            ],
            [
              73.867602,
              18.500918
            ],
            [
              73.867021,
              18.500675
            ],
            [
              73.866031,
              18.500203
            ],
            [
              73.865738,
              18.500098
            ],
            [
              73.865118,
              18.499967
            ],
            [
              73.864866,
              18.499897
            ],
            [
              73.864575,
              18.499874
            ],
            [
              73.864231,
              18.499892
            ],
            [
              73.863472,
              18.499927
            ],
            [
              73.862882,
              18.500017
            ],
            [
              73.862292,
              18.500066
            ],
            [
              73.861639,
              18.500135
            ],
            [
              73.861213,
              18.500251
            ],
            [
              73.860436,
              18.500389
            ],
            [
              73.859743,
              18.500469
            ],
            [
              73.858514,
              18.500652
            ],
            [
              73.858482,
              18.501145
            ],
            [
              73.856469,
              18.502935
            ],
            [
              73.855205,
              18.504058
            ],
            [
              73.854903,
              18.504065
            ],
            [
              73.854401,
              18.504077
            ],
            [
              73.854165,
              18.504088
            ],
            [
              73.853656,
              18.504112
            ],
            [
              73.853478,
              18.504167
            ],
            [
              73.853098,
              18.504188
            ],
            [
              73.852504,
              18.504221
            ],
            [
              73.852235,
              18.504234
            ],
            [
              73.85204,
              18.504252
            ],
            [
              73.851522,
              18.504299
            ],
            [
              73.851307,
              18.504315
            ],
            [
              73.850816,
              18.504349
            ],
            [
              73.850689,
              18.504321
            ],
            [
              73.850713,
              18.503925
            ],
            [
              73.850755,
              18.503216
            ],
            [
              73.850761,
              18.503167
            ],
            [
              73.850817,
              18.50261
            ],
            [
              73.850829,
              18.501924
            ],
            [
              73.850835,
              18.501557
            ],
            [
              73.850823,
              18.50145
            ],
            [
              73.850799,
              18.501247
            ],
            [
              73.850775,
              18.501042
            ],
            [
              73.850774,
              18.500953
            ],
            [
              73.850769,
              18.500668
            ],
            [
              73.850766,
              18.500447
            ],
            [
              73.850762,
              18.500197
            ],
            [
              73.850666,
              18.499951
            ],
            [
              73.850568,
              18.499698
            ],
            [
              73.850466,
              18.499433
            ],
            [
              73.850398,
              18.499263
            ],
            [
              73.850328,
              18.499091
            ],
            [
              73.850255,
              18.498909
            ],
            [
              73.850165,
              18.49871
            ],
            [
              73.850132,
              18.498611
            ],
            [
              73.850115,
              18.498553
            ],
            [
              73.850067,
              18.498458
            ],
            [
              73.850057,
              18.498436
            ],
            [
              73.849987,
              18.498371
            ],
            [
              73.849965,
              18.498362
            ],
            [
              73.849893,
              18.498332
            ],
            [
              73.84981,
              18.498303
            ],
            [
              73.849748,
              18.498285
            ],
            [
              73.849656,
              18.498255
            ],
            [
              73.849608,
              18.498209
            ],
            [
              73.849602,
              18.498202
            ],
            [
              73.849572,
              18.497949
            ],
            [
              73.849541,
              18.497714
            ],
            [
              73.849533,
              18.497667
            ],
            [
              73.84949,
              18.497462
            ],
            [
              73.849456,
              18.497302
            ],
            [
              73.84944,
              18.49722
            ],
            [
              73.849382,
              18.496941
            ],
            [
              73.84934,
              18.496767
            ],
            [
              73.849279,
              18.496513
            ],
            [
              73.849236,
              18.49641
            ],
            [
              73.849224,
              18.496409
            ],
            [
              73.848417,
              18.496715
            ],
            [
              73.848025,
              18.496862
            ],
            [
              73.847552,
              18.49614
            ],
            [
              73.847305,
              18.49578
            ],
            [
              73.847102,
              18.495485
            ],
            [
              73.847,
              18.495634
            ],
            [
              73.846603,
              18.495396
            ],
            [
              73.846494,
              18.495327
            ],
            [
              73.846473,
              18.495315
            ],
            [
              73.846344,
              18.495254
            ],
            [
              73.846094,
              18.495182
            ],
            [
              73.845984,
              18.495151
            ],
            [
              73.845797,
              18.495073
            ],
            [
              73.845761,
              18.495058
            ],
            [
              73.845667,
              18.495026
            ],
            [
              73.845563,
              18.494995
            ],
            [
              73.845295,
              18.494916
            ],
            [
              73.845173,
              18.494881
            ],
            [
              73.845073,
              18.494929
            ],
            [
              73.844929,
              18.494943
            ],
            [
              73.844926,
              18.494943
            ],
            [
              73.844835,
              18.4949
            ],
            [
              73.844725,
              18.494807
            ],
            [
              73.844651,
              18.494731
            ],
            [
              73.844644,
              18.494721
            ],
            [
              73.84456,
              18.49465
            ],
            [
              73.844458,
              18.494598
            ],
            [
              73.844398,
              18.494545
            ],
            [
              73.844296,
              18.494542
            ],
            [
              73.844291,
              18.494542
            ],
            [
              73.844191,
              18.494515
            ],
            [
              73.844075,
              18.494451
            ],
            [
              73.844018,
              18.494429
            ],
            [
              73.843965,
              18.494409
            ],
            [
              73.843938,
              18.494399
            ],
            [
              73.843891,
              18.494364
            ],
            [
              73.843856,
              18.494337
            ],
            [
              73.843688,
              18.494254
            ],
            [
              73.84351,
              18.494109
            ],
            [
              73.843399,
              18.493987
            ],
            [
              73.843304,
              18.493881
            ],
            [
              73.843014,
              18.493666
            ],
            [
              73.842918,
              18.493507
            ],
            [
              73.842822,
              18.493474
            ],
            [
              73.842594,
              18.493452
            ],
            [
              73.842474,
              18.493419
            ],
            [
              73.842376,
              18.493292
            ],
            [
              73.842322,
              18.493091
            ],
            [
              73.842159,
              18.492827
            ],
            [
              73.842062,
              18.492588
            ],
            [
              73.841885,
              18.492527
            ],
            [
              73.841756,
              18.492428
            ],
            [
              73.841571,
              18.492249
            ],
            [
              73.841422,
              18.492104
            ],
            [
              73.841297,
              18.491991
            ],
            [
              73.841137,
              18.491847
            ],
            [
              73.84116,
              18.491551
            ],
            [
              73.841068,
              18.491222
            ],
            [
              73.841014,
              18.491028
            ],
            [
              73.841002,
              18.490696
            ],
            [
              73.840941,
              18.490292
            ],
            [
              73.84088,
              18.490062
            ],
            [
              73.840915,
              18.489769
            ],
            [
              73.840801,
              18.489391
            ],
            [
              73.840736,
              18.489171
            ],
            [
              73.840705,
              18.489009
            ],
            [
              73.840685,
              18.488902
            ],
            [
              73.840563,
              18.488653
            ],
            [
              73.840465,
              18.488363
            ],
            [
              73.840347,
              18.488059
            ],
            [
              73.840229,
              18.48784
            ],
            [
              73.840159,
              18.487754
            ],
            [
              73.840102,
              18.487626
            ],
            [
              73.840175,
              18.487574
            ],
            [
              73.840284,
              18.487416
            ],
            [
              73.840376,
              18.487198
            ],
            [
              73.840464,
              18.487119
            ],
            [
              73.840603,
              18.486993
            ],
            [
              73.840924,
              18.486942
            ],
            [
              73.841074,
              18.486861
            ],
            [
              73.841221,
              18.486831
            ],
            [
              73.841414,
              18.486698
            ],
            [
              73.841796,
              18.486385
            ],
            [
              73.841971,
              18.486122
            ],
            [
              73.842057,
              18.485988
            ],
            [
              73.842367,
              18.485323
            ],
            [
              73.84243,
              18.484781
            ],
            [
              73.842481,
              18.484434
            ],
            [
              73.842573,
              18.483797
            ],
            [
              73.842636,
              18.48337
            ],
            [
              73.842734,
              18.482818
            ],
            [
              73.842811,
              18.482379
            ],
            [
              73.842819,
              18.482329
            ],
            [
              73.842917,
              18.48201
            ],
            [
              73.842928,
              18.481977
            ],
            [
              73.842933,
              18.481963
            ],
            [
              73.84301,
              18.481777
            ],
            [
              73.843176,
              18.481378
            ],
            [
              73.8435,
              18.481344
            ],
            [
              73.843752,
              18.48125
            ],
            [
              73.844026,
              18.481353
            ],
            [
              73.844226,
              18.481451
            ],
            [
              73.844336,
              18.481506
            ],
            [
              73.844658,
              18.481679
            ],
            [
              73.845019,
              18.481874
            ],
            [
              73.845277,
              18.481936
            ],
            [
              73.845032,
              18.481534
            ],
            [
              73.84447,
              18.480616
            ],
            [
              73.844307,
              18.480242
            ],
            [
              73.844221,
              18.480018
            ],
            [
              73.844072,
              18.478791
            ],
            [
              73.844059,
              18.478647
            ],
            [
              73.843924,
              18.477198
            ],
            [
              73.84386,
              18.475977
            ],
            [
              73.844018,
              18.474913
            ],
            [
              73.844057,
              18.474559
            ],
            [
              73.844123,
              18.474568
            ],
            [
              73.844261,
              18.474581
            ],
            [
              73.844291,
              18.474584
            ],
            [
              73.84434,
              18.474586
            ],
            [
              73.844373,
              18.474587
            ],
            [
              73.844485,
              18.474617
            ],
            [
              73.844503,
              18.474622
            ],
            [
              73.844651,
              18.474642
            ],
            [
              73.844687,
              18.474648
            ],
            [
              73.844814,
              18.474661
            ],
            [
              73.845162,
              18.474692
            ],
            [
              73.845288,
              18.474708
            ],
            [
              73.845481,
              18.474686
            ],
            [
              73.845691,
              18.474653
            ],
            [
              73.845898,
              18.474619
            ],
            [
              73.846069,
              18.474594
            ],
            [
              73.846248,
              18.474567
            ],
            [
              73.846342,
              18.474552
            ],
            [
              73.846462,
              18.474534
            ],
            [
              73.846527,
              18.474525
            ],
            [
              73.846568,
              18.474519
            ],
            [
              73.846697,
              18.474511
            ],
            [
              73.846904,
              18.474498
            ],
            [
              73.84699,
              18.474493
            ],
            [
              73.8473,
              18.474447
            ],
            [
              73.848279,
              18.474444
            ],
            [
              73.848842,
              18.47445
            ],
            [
              73.84948,
              18.474457
            ],
            [
              73.8498,
              18.474473
            ],
            [
              73.851197,
              18.474683
            ],
            [
              73.851347,
              18.474705
            ],
            [
              73.851712,
              18.474727
            ],
            [
              73.851773,
              18.474733
            ],
            [
              73.852201,
              18.474733
            ],
            [
              73.852829,
              18.474862
            ],
            [
              73.853006,
              18.47472
            ],
            [
              73.853061,
              18.474676
            ],
            [
              73.853163,
              18.474596
            ],
            [
              73.853199,
              18.474566
            ],
            [
              73.853367,
              18.474483
            ],
            [
              73.853486,
              18.474425
            ],
            [
              73.853687,
              18.474363
            ],
            [
              73.853923,
              18.47435
            ],
            [
              73.854018,
              18.474345
            ],
            [
              73.854254,
              18.474354
            ],
            [
              73.854299,
              18.474357
            ],
            [
              73.854493,
              18.474365
            ],
            [
              73.855001,
              18.474386
            ],
            [
              73.855705,
              18.474437
            ],
            [
              73.856232,
              18.474477
            ],
            [
              73.856311,
              18.474483
            ],
            [
              73.856301,
              18.474628
            ],
            [
              73.856286,
              18.474861
            ],
            [
              73.856255,
              18.475347
            ],
            [
              73.85625,
              18.475433
            ],
            [
              73.856259,
              18.475713
            ],
            [
              73.856258,
              18.475719
            ],
            [
              73.856257,
              18.475735
            ],
            [
              73.856256,
              18.475758
            ],
            [
              73.856334,
              18.476076
            ],
            [
              73.856405,
              18.476242
            ],
            [
              73.856429,
              18.476305
            ],
            [
              73.856502,
              18.476498
            ],
            [
              73.856626,
              18.476658
            ],
            [
              73.856693,
              18.476743
            ],
            [
              73.85676,
              18.476824
            ],
            [
              73.856973,
              18.477031
            ],
            [
              73.857122,
              18.477308
            ],
            [
              73.857179,
              18.477608
            ],
            [
              73.857212,
              18.478029
            ],
            [
              73.85726,
              18.478754
            ],
            [
              73.857246,
              18.479555
            ],
            [
              73.85724,
              18.479861
            ],
            [
              73.857236,
              18.480202
            ],
            [
              73.857229,
              18.480748
            ],
            [
              73.857225,
              18.481211
            ],
            [
              73.857227,
              18.481497
            ],
            [
              73.857229,
              18.48207
            ],
            [
              73.857228,
              18.482201
            ],
            [
              73.857313,
              18.482907
            ],
            [
              73.857401,
              18.483351
            ],
            [
              73.857526,
              18.484104
            ],
            [
              73.857584,
              18.484938
            ],
            [
              73.857595,
              18.485491
            ],
            [
              73.857589,
              18.485903
            ],
            [
              73.857552,
              18.487015
            ],
            [
              73.857733,
              18.487002
            ],
            [
              73.858434,
              18.486228
            ],
            [
              73.85904,
              18.485407
            ],
            [
              73.859286,
              18.485399
            ],
            [
              73.859677,
              18.485387
            ],
            [
              73.861319,
              18.485371
            ],
            [
              73.863241,
              18.485349
            ],
            [
              73.863287,
              18.485698
            ],
            [
              73.863342,
              18.486126
            ],
            [
              73.863344,
              18.486215
            ],
            [
              73.863393,
              18.487893
            ]
          ]
        ]
      },
      "properties": {
        "city_id": "pune",
        "ward_id": "pun-010",
        "ward_name": "Admin Ward 10 Sahakarnagar",
        "corporation": "Pune Municipal Corporation",
        "zone": "Admin Ward 10 Sahakarnagar",
        "area_sqkm": 6.14,
        "centroid": [
          73.851231,
          18.488732
        ]
      }
    },
    {
      "type": "Feature",
      "id": "pun-011",
      "geometry": {
        "type": "Polygon",
        "coordinates": [
          [
            [
              73.856311,
              18.474483
            ],
            [
              73.856315,
              18.474399
            ],
            [
              73.856321,
              18.474306
            ],
            [
              73.856326,
              18.47422
            ],
            [
              73.856332,
              18.474116
            ],
            [
              73.856336,
              18.474048
            ],
            [
              73.85634,
              18.473985
            ],
            [
              73.856351,
              18.473808
            ],
            [
              73.856355,
              18.473726
            ],
            [
              73.85644,
              18.473192
            ],
            [
              73.856456,
              18.473089
            ],
            [
              73.856461,
              18.47306
            ],
            [
              73.856471,
              18.473011
            ],
            [
              73.856474,
              18.472994
            ],
            [
              73.856519,
              18.472814
            ],
            [
              73.856553,
              18.472678
            ],
            [
              73.856594,
              18.47251
            ],
            [
              73.856637,
              18.47233
            ],
            [
              73.856646,
              18.472293
            ],
            [
              73.856658,
              18.472242
            ],
            [
              73.856763,
              18.471822
            ],
            [
              73.856804,
              18.471652
            ],
            [
              73.856897,
              18.471306
            ],
            [
              73.856066,
              18.471111
            ],
            [
              73.85604,
              18.471795
            ],
            [
              73.855812,
              18.471801
            ],
            [
              73.855243,
              18.471813
            ],
            [
              73.85489,
              18.471838
            ],
            [
              73.854636,
              18.471857
            ],
            [
              73.854406,
              18.471874
            ],
            [
              73.854334,
              18.471698
            ],
            [
              73.854303,
              18.471622
            ],
            [
              73.854289,
              18.47159
            ],
            [
              73.854203,
              18.471319
            ],
            [
              73.854145,
              18.471135
            ],
            [
              73.85408,
              18.470931
            ],
            [
              73.854011,
              18.470713
            ],
            [
              73.8539,
              18.470363
            ],
            [
              73.853777,
              18.46998
            ],
            [
              73.853528,
              18.469626
            ],
            [
              73.853426,
              18.469476
            ],
            [
              73.853394,
              18.469427
            ],
            [
              73.853307,
              18.469328
            ],
            [
              73.853201,
              18.469207
            ],
            [
              73.853113,
              18.469085
            ],
            [
              73.853039,
              18.468984
            ],
            [
              73.852934,
              18.468721
            ],
            [
              73.852845,
              18.468503
            ],
            [
              73.85282,
              18.468442
            ],
            [
              73.852805,
              18.468404
            ],
            [
              73.852796,
              18.468384
            ],
            [
              73.852864,
              18.468334
            ],
            [
              73.852905,
              18.468305
            ],
            [
              73.852924,
              18.46829
            ],
            [
              73.853024,
              18.46811
            ],
            [
              73.853107,
              18.468052
            ],
            [
              73.853224,
              18.467979
            ],
            [
              73.853293,
              18.467936
            ],
            [
              73.853306,
              18.467928
            ],
            [
              73.853401,
              18.467874
            ],
            [
              73.853539,
              18.4679
            ],
            [
              73.853545,
              18.467901
            ],
            [
              73.853604,
              18.467905
            ],
            [
              73.853828,
              18.467921
            ],
            [
              73.854357,
              18.467977
            ],
            [
              73.854746,
              18.468035
            ],
            [
              73.855253,
              18.468084
            ],
            [
              73.85561,
              18.468107
            ],
            [
              73.856226,
              18.46817
            ],
            [
              73.856688,
              18.468213
            ],
            [
              73.857296,
              18.468272
            ],
            [
              73.85739,
              18.46828
            ],
            [
              73.857471,
              18.468289
            ],
            [
              73.857528,
              18.468295
            ],
            [
              73.857623,
              18.468305
            ],
            [
              73.857711,
              18.468315
            ],
            [
              73.857718,
              18.468299
            ],
            [
              73.857816,
              18.46832
            ],
            [
              73.857874,
              18.468332
            ],
            [
              73.858005,
              18.468356
            ],
            [
              73.858089,
              18.468372
            ],
            [
              73.858256,
              18.468404
            ],
            [
              73.858373,
              18.468426
            ],
            [
              73.858569,
              18.468463
            ],
            [
              73.85875,
              18.468498
            ],
            [
              73.858861,
              18.468519
            ],
            [
              73.858915,
              18.468529
            ],
            [
              73.859054,
              18.468555
            ],
            [
              73.859248,
              18.468592
            ],
            [
              73.859497,
              18.46864
            ],
            [
              73.859803,
              18.468694
            ],
            [
              73.860204,
              18.468767
            ],
            [
              73.86072,
              18.468862
            ],
            [
              73.860928,
              18.4689
            ],
            [
              73.860943,
              18.468901
            ],
            [
              73.860984,
              18.468578
            ],
            [
              73.861011,
              18.468359
            ],
            [
              73.861064,
              18.467923
            ],
            [
              73.861129,
              18.467688
            ],
            [
              73.861214,
              18.467392
            ],
            [
              73.86125,
              18.467256
            ],
            [
              73.861331,
              18.466957
            ],
            [
              73.861418,
              18.466596
            ],
            [
              73.86153,
              18.466612
            ],
            [
              73.862295,
              18.466713
            ],
            [
              73.862753,
              18.466772
            ],
            [
              73.862743,
              18.466818
            ],
            [
              73.862953,
              18.466845
            ],
            [
              73.863161,
              18.46687
            ],
            [
              73.863718,
              18.466977
            ],
            [
              73.863708,
              18.467027
            ],
            [
              73.86447,
              18.467146
            ],
            [
              73.864523,
              18.46688
            ],
            [
              73.864587,
              18.466375
            ],
            [
              73.864599,
              18.465727
            ],
            [
              73.864641,
              18.46486
            ],
            [
              73.86471,
              18.464846
            ],
            [
              73.86479,
              18.464829
            ],
            [
              73.864855,
              18.464822
            ],
            [
              73.865052,
              18.464817
            ],
            [
              73.865405,
              18.464803
            ],
            [
              73.866097,
              18.464779
            ],
            [
              73.866625,
              18.464759
            ],
            [
              73.867679,
              18.464513
            ],
            [
              73.867341,
              18.46428
            ],
            [
              73.867292,
              18.463948
            ],
            [
              73.867279,
              18.463397
            ],
            [
              73.86728,
              18.463331
            ],
            [
              73.867333,
              18.462788
            ],
            [
              73.867469,
              18.461442
            ],
            [
              73.86751,
              18.46102
            ],
            [
              73.867869,
              18.460943
            ],
            [
              73.868339,
              18.460881
            ],
            [
              73.868625,
              18.460883
            ],
            [
              73.869135,
              18.460926
            ],
            [
              73.870175,
              18.460997
            ],
            [
              73.871144,
              18.461058
            ],
            [
              73.872141,
              18.46113
            ],
            [
              73.872393,
              18.461154
            ],
            [
              73.87369,
              18.461165
            ],
            [
              73.875145,
              18.461173
            ],
            [
              73.876286,
              18.461158
            ],
            [
              73.877691,
              18.461133
            ],
            [
              73.877717,
              18.461355
            ],
            [
              73.877691,
              18.461652
            ],
            [
              73.877684,
              18.461752
            ],
            [
              73.877665,
              18.46223
            ],
            [
              73.877637,
              18.462546
            ],
            [
              73.877612,
              18.462897
            ],
            [
              73.877583,
              18.463593
            ],
            [
              73.877574,
              18.463785
            ],
            [
              73.87749,
              18.464546
            ],
            [
              73.877473,
              18.464786
            ],
            [
              73.877329,
              18.465104
            ],
            [
              73.877205,
              18.465367
            ],
            [
              73.877084,
              18.465555
            ],
            [
              73.87691,
              18.46583
            ],
            [
              73.876899,
              18.465868
            ],
            [
              73.876692,
              18.46659
            ],
            [
              73.876598,
              18.466932
            ],
            [
              73.876559,
              18.46707
            ],
            [
              73.876511,
              18.467229
            ],
            [
              73.876448,
              18.467446
            ],
            [
              73.875989,
              18.469013
            ],
            [
              73.875512,
              18.470326
            ],
            [
              73.875367,
              18.470727
            ],
            [
              73.875218,
              18.471148
            ],
            [
              73.875124,
              18.471252
            ],
            [
              73.875123,
              18.471255
            ],
            [
              73.875086,
              18.471327
            ],
            [
              73.875091,
              18.471501
            ],
            [
              73.875108,
              18.471656
            ],
            [
              73.875109,
              18.471765
            ],
            [
              73.875064,
              18.471963
            ],
            [
              73.875024,
              18.472118
            ],
            [
              73.875476,
              18.472055
            ],
            [
              73.875952,
              18.471947
            ],
            [
              73.876137,
              18.471907
            ],
            [
              73.876321,
              18.471872
            ],
            [
              73.876668,
              18.471839
            ],
            [
              73.876935,
              18.471874
            ],
            [
              73.877352,
              18.471847
            ],
            [
              73.877623,
              18.471832
            ],
            [
              73.877609,
              18.471967
            ],
            [
              73.87748,
              18.473171
            ],
            [
              73.87743,
              18.473495
            ],
            [
              73.877333,
              18.47412
            ],
            [
              73.876981,
              18.474232
            ],
            [
              73.876852,
              18.474419
            ],
            [
              73.87684,
              18.474631
            ],
            [
              73.876914,
              18.474875
            ],
            [
              73.877089,
              18.475077
            ],
            [
              73.877321,
              18.475352
            ],
            [
              73.877536,
              18.47682
            ],
            [
              73.877629,
              18.47746
            ],
            [
              73.877634,
              18.478176
            ],
            [
              73.877956,
              18.480065
            ],
            [
              73.878103,
              18.480918
            ],
            [
              73.878062,
              18.482268
            ],
            [
              73.878072,
              18.482273
            ],
            [
              73.878166,
              18.482325
            ],
            [
              73.87828,
              18.482403
            ],
            [
              73.878315,
              18.482444
            ],
            [
              73.878382,
              18.482521
            ],
            [
              73.878523,
              18.482625
            ],
            [
              73.878717,
              18.482705
            ],
            [
              73.879252,
              18.482876
            ],
            [
              73.879999,
              18.483088
            ],
            [
              73.880757,
              18.483324
            ],
            [
              73.881283,
              18.483473
            ],
            [
              73.881798,
              18.483619
            ],
            [
              73.88252,
              18.483743
            ],
            [
              73.884271,
              18.484051
            ],
            [
              73.884523,
              18.484096
            ],
            [
              73.885522,
              18.484317
            ],
            [
              73.886375,
              18.48453
            ],
            [
              73.886881,
              18.484702
            ],
            [
              73.887379,
              18.484949
            ],
            [
              73.88829,
              18.485411
            ],
            [
              73.888395,
              18.485472
            ],
            [
              73.888881,
              18.48575
            ],
            [
              73.889078,
              18.485868
            ],
            [
              73.889622,
              18.486184
            ],
            [
              73.889582,
              18.486307
            ],
            [
              73.889418,
              18.48698
            ],
            [
              73.889304,
              18.487543
            ],
            [
              73.889273,
              18.487698
            ],
            [
              73.88902,
              18.488828
            ],
            [
              73.888785,
              18.490009
            ],
            [
              73.888126,
              18.489951
            ],
            [
              73.886881,
              18.489838
            ],
            [
              73.886664,
              18.489837
            ],
            [
              73.886602,
              18.489832
            ],
            [
              73.886221,
              18.489788
            ],
            [
              73.885098,
              18.489659
            ],
            [
              73.88399,
              18.489877
            ],
            [
              73.883598,
              18.490228
            ],
            [
              73.883511,
              18.490308
            ],
            [
              73.882754,
              18.490314
            ],
            [
              73.882485,
              18.490316
            ],
            [
              73.882297,
              18.490281
            ],
            [
              73.881802,
              18.490113
            ],
            [
              73.881473,
              18.490041
            ],
            [
              73.880916,
              18.489835
            ],
            [
              73.880375,
              18.489641
            ],
            [
              73.879732,
              18.489258
            ],
            [
              73.879402,
              18.488977
            ],
            [
              73.879077,
              18.488563
            ],
            [
              73.878556,
              18.488448
            ],
            [
              73.87739,
              18.488678
            ],
            [
              73.877384,
              18.489648
            ],
            [
              73.877418,
              18.49111
            ],
            [
              73.877468,
              18.491774
            ],
            [
              73.877447,
              18.492632
            ],
            [
              73.877382,
              18.493076
            ],
            [
              73.877356,
              18.493851
            ],
            [
              73.877238,
              18.494568
            ],
            [
              73.877264,
              18.495842
            ],
            [
              73.877442,
              18.497145
            ],
            [
              73.877441,
              18.497563
            ],
            [
              73.877121,
              18.49773
            ],
            [
              73.87589,
              18.498647
            ],
            [
              73.875334,
              18.499111
            ],
            [
              73.874783,
              18.499428
            ],
            [
              73.87402,
              18.499986
            ],
            [
              73.873773,
              18.50011
            ],
            [
              73.873492,
              18.500217
            ],
            [
              73.873369,
              18.500279
            ],
            [
              73.873309,
              18.500365
            ],
            [
              73.873364,
              18.500445
            ],
            [
              73.873468,
              18.500457
            ],
            [
              73.873537,
              18.5005
            ],
            [
              73.873691,
              18.500585
            ],
            [
              73.873815,
              18.500668
            ],
            [
              73.874006,
              18.500728
            ],
            [
              73.87422,
              18.500771
            ],
            [
              73.874444,
              18.500846
            ],
            [
              73.874822,
              18.500867
            ],
            [
              73.874846,
              18.501321
            ],
            [
              73.874858,
              18.501459
            ],
            [
              73.874862,
              18.501565
            ],
            [
              73.874857,
              18.501755
            ],
            [
              73.874852,
              18.501941
            ],
            [
              73.874585,
              18.501917
            ],
            [
              73.874241,
              18.501878
            ],
            [
              73.873269,
              18.501871
            ],
            [
              73.87273,
              18.501861
            ],
            [
              73.871469,
              18.501831
            ],
            [
              73.871083,
              18.50182
            ],
            [
              73.870333,
              18.501707
            ],
            [
              73.869635,
              18.501556
            ],
            [
              73.869237,
              18.501473
            ],
            [
              73.869381,
              18.5007
            ],
            [
              73.869432,
              18.50028
            ],
            [
              73.869397,
              18.498725
            ],
            [
              73.869345,
              18.497584
            ],
            [
              73.869309,
              18.496505
            ],
            [
              73.869288,
              18.494136
            ],
            [
              73.869279,
              18.493005
            ],
            [
              73.869278,
              18.493002
            ],
            [
              73.869346,
              18.492316
            ],
            [
              73.869346,
              18.492309
            ],
            [
              73.869374,
              18.492206
            ],
            [
              73.869473,
              18.491845
            ],
            [
              73.869696,
              18.491037
            ],
            [
              73.869786,
              18.490709
            ],
            [
              73.869799,
              18.490665
            ],
            [
              73.869875,
              18.490389
            ],
            [
              73.869876,
              18.490384
            ],
            [
              73.870074,
              18.489451
            ],
            [
              73.869993,
              18.489441
            ],
            [
              73.8673,
              18.489096
            ],
            [
              73.867002,
              18.489086
            ],
            [
              73.866169,
              18.489168
            ],
            [
              73.864464,
              18.489367
            ],
            [
              73.863723,
              18.489452
            ],
            [
              73.863407,
              18.489487
            ],
            [
              73.863388,
              18.487739
            ],
            [
              73.863341,
              18.486121
            ],
            [
              73.863308,
              18.485802
            ],
            [
              73.863244,
              18.48535
            ],
            [
              73.86265,
              18.485355
            ],
            [
              73.862173,
              18.485361
            ],
            [
              73.861084,
              18.485375
            ],
            [
              73.859689,
              18.485388
            ],
            [
              73.859041,
              18.485404
            ],
            [
              73.85843,
              18.486237
            ],
            [
              73.85772,
              18.487014
            ],
            [
              73.857551,
              18.487005
            ],
            [
              73.857575,
              18.486211
            ],
            [
              73.857596,
              18.485579
            ],
            [
              73.857583,
              18.485112
            ],
            [
              73.857577,
              18.484869
            ],
            [
              73.857544,
              18.484483
            ],
            [
              73.857506,
              18.483994
            ],
            [
              73.857492,
              18.483905
            ],
            [
              73.857381,
              18.483258
            ],
            [
              73.857312,
              18.482888
            ],
            [
              73.857301,
              18.482839
            ],
            [
              73.857291,
              18.482763
            ],
            [
              73.857228,
              18.482194
            ],
            [
              73.857228,
              18.481122
            ],
            [
              73.857226,
              18.480711
            ],
            [
              73.857248,
              18.479283
            ],
            [
              73.857257,
              18.478802
            ],
            [
              73.857254,
              18.47872
            ],
            [
              73.857229,
              18.478337
            ],
            [
              73.85718,
              18.47762
            ],
            [
              73.857125,
              18.477308
            ],
            [
              73.856972,
              18.477033
            ],
            [
              73.856757,
              18.476823
            ],
            [
              73.856562,
              18.476577
            ],
            [
              73.856496,
              18.476492
            ],
            [
              73.856405,
              18.476242
            ],
            [
              73.856329,
              18.476053
            ],
            [
              73.856259,
              18.475766
            ],
            [
              73.85625,
              18.475416
            ],
            [
              73.856261,
              18.47524
            ],
            [
              73.856311,
              18.474483
            ]
          ]
        ]
      },
      "properties": {
        "city_id": "pune",
        "ward_id": "pun-011",
        "ward_name": "Admin Ward 11 Bibwewadi",
        "corporation": "Pune Municipal Corporation",
        "zone": "Admin Ward 11 Bibwewadi",
        "area_sqkm": 7.7,
        "centroid": [
          73.867769,
          18.478054
        ]
      }
    },
    {
      "type": "Feature",
      "id": "pun-012",
      "geometry": {
        "type": "Polygon",
        "coordinates": [
          [
            [
              73.873207,
              18.505396
            ],
            [
              73.873405,
              18.505453
            ],
            [
              73.873895,
              18.505569
            ],
            [
              73.874164,
              18.505635
            ],
            [
              73.87439,
              18.505698
            ],
            [
              73.874425,
              18.505706
            ],
            [
              73.874547,
              18.505789
            ],
            [
              73.874637,
              18.50598
            ],
            [
              73.874822,
              18.506503
            ],
            [
              73.87579,
              18.506154
            ],
            [
              73.875898,
              18.506442
            ],
            [
              73.87635,
              18.506323
            ],
            [
              73.876432,
              18.506577
            ],
            [
              73.876531,
              18.506933
            ],
            [
              73.876708,
              18.507324
            ],
            [
              73.876802,
              18.507654
            ],
            [
              73.876864,
              18.507925
            ],
            [
              73.876942,
              18.508239
            ],
            [
              73.877058,
              18.508825
            ],
            [
              73.876906,
              18.508974
            ],
            [
              73.876821,
              18.509051
            ],
            [
              73.876756,
              18.509167
            ],
            [
              73.876451,
              18.509745
            ],
            [
              73.876103,
              18.510333
            ],
            [
              73.875983,
              18.510379
            ],
            [
              73.875887,
              18.51052
            ],
            [
              73.875838,
              18.51065
            ],
            [
              73.875807,
              18.510771
            ],
            [
              73.875789,
              18.510918
            ],
            [
              73.875609,
              18.511067
            ],
            [
              73.875507,
              18.511113
            ],
            [
              73.875363,
              18.511271
            ],
            [
              73.875297,
              18.511375
            ],
            [
              73.875289,
              18.511491
            ],
            [
              73.875265,
              18.511616
            ],
            [
              73.875156,
              18.5119
            ],
            [
              73.875023,
              18.512072
            ],
            [
              73.874936,
              18.512211
            ],
            [
              73.874808,
              18.512522
            ],
            [
              73.874754,
              18.512721
            ],
            [
              73.874491,
              18.51308
            ],
            [
              73.874278,
              18.513261
            ],
            [
              73.87399,
              18.513452
            ],
            [
              73.873756,
              18.513636
            ],
            [
              73.873693,
              18.513808
            ],
            [
              73.873675,
              18.513863
            ],
            [
              73.873602,
              18.514086
            ],
            [
              73.873522,
              18.514444
            ],
            [
              73.873393,
              18.514624
            ],
            [
              73.873309,
              18.51477
            ],
            [
              73.873282,
              18.514977
            ],
            [
              73.873311,
              18.515186
            ],
            [
              73.873313,
              18.515421
            ],
            [
              73.873375,
              18.515683
            ],
            [
              73.873453,
              18.515951
            ],
            [
              73.873499,
              18.516314
            ],
            [
              73.87348,
              18.516588
            ],
            [
              73.873258,
              18.516576
            ],
            [
              73.873102,
              18.516546
            ],
            [
              73.872876,
              18.516513
            ],
            [
              73.872692,
              18.516475
            ],
            [
              73.872526,
              18.516453
            ],
            [
              73.872456,
              18.516439
            ],
            [
              73.872194,
              18.516385
            ],
            [
              73.871792,
              18.516365
            ],
            [
              73.87153,
              18.516352
            ],
            [
              73.871313,
              18.516367
            ],
            [
              73.871119,
              18.516275
            ],
            [
              73.870503,
              18.515979
            ],
            [
              73.870033,
              18.515731
            ],
            [
              73.869853,
              18.515573
            ],
            [
              73.869766,
              18.51548
            ],
            [
              73.869602,
              18.515412
            ],
            [
              73.869457,
              18.515376
            ],
            [
              73.869407,
              18.515369
            ],
            [
              73.869253,
              18.515349
            ],
            [
              73.868879,
              18.515341
            ],
            [
              73.868662,
              18.515334
            ],
            [
              73.868648,
              18.515691
            ],
            [
              73.868612,
              18.516315
            ],
            [
              73.868589,
              18.516702
            ],
            [
              73.86855,
              18.51693
            ],
            [
              73.868496,
              18.517295
            ],
            [
              73.868418,
              18.517655
            ],
            [
              73.868401,
              18.517925
            ],
            [
              73.868397,
              18.518243
            ],
            [
              73.868406,
              18.518563
            ],
            [
              73.868413,
              18.518822
            ],
            [
              73.868406,
              18.519223
            ],
            [
              73.868336,
              18.519424
            ],
            [
              73.868085,
              18.51969
            ],
            [
              73.867889,
              18.51992
            ],
            [
              73.867684,
              18.520176
            ],
            [
              73.867572,
              18.520434
            ],
            [
              73.867474,
              18.520705
            ],
            [
              73.867451,
              18.521065
            ],
            [
              73.867469,
              18.521247
            ],
            [
              73.867544,
              18.521499
            ],
            [
              73.867568,
              18.521711
            ],
            [
              73.867566,
              18.521919
            ],
            [
              73.86754,
              18.522254
            ],
            [
              73.867472,
              18.522634
            ],
            [
              73.866979,
              18.522497
            ],
            [
              73.866033,
              18.522191
            ],
            [
              73.86586,
              18.522145
            ],
            [
              73.864926,
              18.522379
            ],
            [
              73.864417,
              18.522398
            ],
            [
              73.864146,
              18.522434
            ],
            [
              73.863763,
              18.522534
            ],
            [
              73.863001,
              18.522559
            ],
            [
              73.862668,
              18.522557
            ],
            [
              73.862294,
              18.522558
            ],
            [
              73.861912,
              18.52253
            ],
            [
              73.861737,
              18.522495
            ],
            [
              73.861554,
              18.522329
            ],
            [
              73.861275,
              18.522157
            ],
            [
              73.861073,
              18.522076
            ],
            [
              73.860953,
              18.522056
            ],
            [
              73.860986,
              18.521824
            ],
            [
              73.861003,
              18.521623
            ],
            [
              73.861153,
              18.52136
            ],
            [
              73.861244,
              18.521114
            ],
            [
              73.861307,
              18.520753
            ],
            [
              73.861344,
              18.520543
            ],
            [
              73.861392,
              18.520116
            ],
            [
              73.861455,
              18.519768
            ],
            [
              73.861475,
              18.51965
            ],
            [
              73.861487,
              18.519406
            ],
            [
              73.861517,
              18.519235
            ],
            [
              73.861598,
              18.519207
            ],
            [
              73.861956,
              18.519275
            ],
            [
              73.862395,
              18.519537
            ],
            [
              73.862454,
              18.519492
            ],
            [
              73.862965,
              18.518288
            ],
            [
              73.863096,
              18.518034
            ],
            [
              73.863043,
              18.517703
            ],
            [
              73.863001,
              18.51722
            ],
            [
              73.862839,
              18.516683
            ],
            [
              73.862881,
              18.516163
            ],
            [
              73.862593,
              18.516146
            ],
            [
              73.862126,
              18.516118
            ],
            [
              73.86188,
              18.516103
            ],
            [
              73.861838,
              18.516096
            ],
            [
              73.861856,
              18.515942
            ],
            [
              73.861931,
              18.515095
            ],
            [
              73.861937,
              18.514869
            ],
            [
              73.861902,
              18.514463
            ],
            [
              73.861895,
              18.513997
            ],
            [
              73.861892,
              18.513859
            ],
            [
              73.861893,
              18.513722
            ],
            [
              73.861894,
              18.513641
            ],
            [
              73.86187,
              18.513387
            ],
            [
              73.861836,
              18.51311
            ],
            [
              73.862094,
              18.513061
            ],
            [
              73.862469,
              18.513011
            ],
            [
              73.862496,
              18.512803
            ],
            [
              73.862526,
              18.512645
            ],
            [
              73.862581,
              18.512493
            ],
            [
              73.862804,
              18.512051
            ],
            [
              73.862927,
              18.511853
            ],
            [
              73.862983,
              18.511752
            ],
            [
              73.863066,
              18.511504
            ],
            [
              73.863136,
              18.511257
            ],
            [
              73.863188,
              18.510986
            ],
            [
              73.863205,
              18.510897
            ],
            [
              73.863247,
              18.510785
            ],
            [
              73.863269,
              18.510727
            ],
            [
              73.863355,
              18.510679
            ],
            [
              73.863178,
              18.510624
            ],
            [
              73.86302,
              18.510576
            ],
            [
              73.862765,
              18.510561
            ],
            [
              73.862047,
              18.510517
            ],
            [
              73.862121,
              18.510006
            ],
            [
              73.862233,
              18.508892
            ],
            [
              73.861392,
              18.508793
            ],
            [
              73.861277,
              18.508839
            ],
            [
              73.860654,
              18.508748
            ],
            [
              73.860384,
              18.508689
            ],
            [
              73.86015,
              18.508631
            ],
            [
              73.859739,
              18.508573
            ],
            [
              73.859677,
              18.508571
            ],
            [
              73.859742,
              18.50809
            ],
            [
              73.859791,
              18.507839
            ],
            [
              73.859859,
              18.507314
            ],
            [
              73.859908,
              18.507028
            ],
            [
              73.859913,
              18.507009
            ],
            [
              73.859995,
              18.506762
            ],
            [
              73.860031,
              18.506657
            ],
            [
              73.860126,
              18.506394
            ],
            [
              73.860204,
              18.506181
            ],
            [
              73.860328,
              18.505815
            ],
            [
              73.860372,
              18.505684
            ],
            [
              73.860541,
              18.505414
            ],
            [
              73.860736,
              18.505166
            ],
            [
              73.860949,
              18.504889
            ],
            [
              73.861095,
              18.504699
            ],
            [
              73.861131,
              18.504557
            ],
            [
              73.861154,
              18.504296
            ],
            [
              73.861224,
              18.503777
            ],
            [
              73.861309,
              18.503617
            ],
            [
              73.86143,
              18.50348
            ],
            [
              73.861535,
              18.503222
            ],
            [
              73.861609,
              18.502833
            ],
            [
              73.861609,
              18.502826
            ],
            [
              73.861608,
              18.502584
            ],
            [
              73.861627,
              18.502414
            ],
            [
              73.861646,
              18.502254
            ],
            [
              73.861698,
              18.502074
            ],
            [
              73.861853,
              18.501876
            ],
            [
              73.862063,
              18.501637
            ],
            [
              73.862226,
              18.501431
            ],
            [
              73.862535,
              18.501168
            ],
            [
              73.862694,
              18.50111
            ],
            [
              73.862766,
              18.501027
            ],
            [
              73.863225,
              18.500312
            ],
            [
              73.863418,
              18.499936
            ],
            [
              73.863468,
              18.49993
            ],
            [
              73.864161,
              18.499894
            ],
            [
              73.864451,
              18.499881
            ],
            [
              73.864558,
              18.499875
            ],
            [
              73.864859,
              18.499896
            ],
            [
              73.865158,
              18.499975
            ],
            [
              73.865585,
              18.500066
            ],
            [
              73.865732,
              18.500097
            ],
            [
              73.866026,
              18.500203
            ],
            [
              73.866996,
              18.500664
            ],
            [
              73.868257,
              18.501189
            ],
            [
              73.869229,
              18.501471
            ],
            [
              73.870346,
              18.501708
            ],
            [
              73.870837,
              18.501781
            ],
            [
              73.871106,
              18.501822
            ],
            [
              73.871494,
              18.50183
            ],
            [
              73.873013,
              18.501867
            ],
            [
              73.874241,
              18.50188
            ],
            [
              73.874458,
              18.501903
            ],
            [
              73.874611,
              18.50192
            ],
            [
              73.874852,
              18.50194
            ],
            [
              73.874839,
              18.502157
            ],
            [
              73.874819,
              18.502363
            ],
            [
              73.874799,
              18.502548
            ],
            [
              73.874752,
              18.502708
            ],
            [
              73.874731,
              18.502778
            ],
            [
              73.874713,
              18.502836
            ],
            [
              73.87464,
              18.503061
            ],
            [
              73.874434,
              18.503312
            ],
            [
              73.87435,
              18.503415
            ],
            [
              73.87425,
              18.503541
            ],
            [
              73.87411,
              18.503719
            ],
            [
              73.874038,
              18.503893
            ],
            [
              73.87397,
              18.503871
            ],
            [
              73.873907,
              18.503997
            ],
            [
              73.873788,
              18.504139
            ],
            [
              73.873636,
              18.504318
            ],
            [
              73.873451,
              18.504859
            ],
            [
              73.873352,
              18.505154
            ],
            [
              73.873236,
              18.505371
            ],
            [
              73.873207,
              18.505396
            ]
          ]
        ]
      },
      "properties": {
        "city_id": "pune",
        "ward_id": "pun-012",
        "ward_name": "Admin Ward 12 Bhavani Peth",
        "corporation": "Pune Municipal Corporation",
        "zone": "Admin Ward 12 Bhavani Peth",
        "area_sqkm": 2.81,
        "centroid": [
          73.867657,
          18.511321
        ]
      }
    },
    {
      "type": "Feature",
      "id": "pun-013",
      "geometry": {
        "type": "Polygon",
        "coordinates": [
          [
            [
              73.932094,
              18.465133
            ],
            [
              73.932444,
              18.465246
            ],
            [
              73.932963,
              18.465352
            ],
            [
              73.933726,
              18.465537
            ],
            [
              73.9341,
              18.465643
            ],
            [
              73.934288,
              18.465668
            ],
            [
              73.93462,
              18.465722
            ],
            [
              73.935178,
              18.465808
            ],
            [
              73.935655,
              18.465878
            ],
            [
              73.93619,
              18.465918
            ],
            [
              73.93671,
              18.465948
            ],
            [
              73.938108,
              18.466326
            ],
            [
              73.938608,
              18.466515
            ],
            [
              73.938959,
              18.46666
            ],
            [
              73.939027,
              18.46669
            ],
            [
              73.939742,
              18.467086
            ],
            [
              73.940083,
              18.467398
            ],
            [
              73.940727,
              18.468003
            ],
            [
              73.941938,
              18.469679
            ],
            [
              73.9422,
              18.470042
            ],
            [
              73.942802,
              18.471112
            ],
            [
              73.942986,
              18.471979
            ],
            [
              73.943617,
              18.472939
            ],
            [
              73.944451,
              18.473943
            ],
            [
              73.944879,
              18.474655
            ],
            [
              73.945191,
              18.475145
            ],
            [
              73.945732,
              18.475469
            ],
            [
              73.946202,
              18.476178
            ],
            [
              73.946572,
              18.476592
            ],
            [
              73.946992,
              18.477489
            ],
            [
              73.947262,
              18.477885
            ],
            [
              73.947057,
              18.478102
            ],
            [
              73.946051,
              18.478833
            ],
            [
              73.944402,
              18.480015
            ],
            [
              73.944873,
              18.482033
            ],
            [
              73.945062,
              18.482501
            ],
            [
              73.945388,
              18.483719
            ],
            [
              73.945411,
              18.483891
            ],
            [
              73.945416,
              18.48395
            ],
            [
              73.94543,
              18.484043
            ],
            [
              73.945504,
              18.484039
            ],
            [
              73.947741,
              18.485524
            ],
            [
              73.948104,
              18.487986
            ],
            [
              73.948673,
              18.489742
            ],
            [
              73.949206,
              18.491315
            ],
            [
              73.949331,
              18.491593
            ],
            [
              73.950114,
              18.493825
            ],
            [
              73.951008,
              18.493745
            ],
            [
              73.951667,
              18.493695
            ],
            [
              73.952167,
              18.493708
            ],
            [
              73.952563,
              18.493683
            ],
            [
              73.952929,
              18.493704
            ],
            [
              73.953478,
              18.493643
            ],
            [
              73.95397,
              18.493605
            ],
            [
              73.955172,
              18.493463
            ],
            [
              73.955349,
              18.493437
            ],
            [
              73.956792,
              18.493297
            ],
            [
              73.956991,
              18.494175
            ],
            [
              73.957023,
              18.494292
            ],
            [
              73.957205,
              18.494962
            ],
            [
              73.957307,
              18.495482
            ],
            [
              73.95737,
              18.495796
            ],
            [
              73.957416,
              18.496028
            ],
            [
              73.957512,
              18.496505
            ],
            [
              73.957621,
              18.49705
            ],
            [
              73.957769,
              18.497793
            ],
            [
              73.957896,
              18.498432
            ],
            [
              73.958051,
              18.499203
            ],
            [
              73.958185,
              18.499872
            ],
            [
              73.958352,
              18.50071
            ],
            [
              73.958414,
              18.501022
            ],
            [
              73.95843,
              18.501108
            ],
            [
              73.95852,
              18.502274
            ],
            [
              73.958545,
              18.5026
            ],
            [
              73.958572,
              18.502954
            ],
            [
              73.958592,
              18.503212
            ],
            [
              73.958609,
              18.503435
            ],
            [
              73.958661,
              18.504113
            ],
            [
              73.95701,
              18.504364
            ],
            [
              73.956833,
              18.504348
            ],
            [
              73.956689,
              18.504334
            ],
            [
              73.956525,
              18.504267
            ],
            [
              73.956046,
              18.504356
            ],
            [
              73.955423,
              18.504411
            ],
            [
              73.95534,
              18.504418
            ],
            [
              73.955195,
              18.504436
            ],
            [
              73.954229,
              18.504549
            ],
            [
              73.954212,
              18.504364
            ],
            [
              73.953995,
              18.504349
            ],
            [
              73.953497,
              18.504314
            ],
            [
              73.953359,
              18.504298
            ],
            [
              73.953015,
              18.50429
            ],
            [
              73.951602,
              18.504276
            ],
            [
              73.950556,
              18.504195
            ],
            [
              73.949271,
              18.504068
            ],
            [
              73.946233,
              18.503763
            ],
            [
              73.943914,
              18.503627
            ],
            [
              73.944012,
              18.50509
            ],
            [
              73.944043,
              18.505832
            ],
            [
              73.944134,
              18.506212
            ],
            [
              73.94416,
              18.506297
            ],
            [
              73.944279,
              18.506523
            ],
            [
              73.944501,
              18.506789
            ],
            [
              73.944902,
              18.507175
            ],
            [
              73.944941,
              18.507219
            ],
            [
              73.945151,
              18.507522
            ],
            [
              73.945233,
              18.507752
            ],
            [
              73.945241,
              18.508122
            ],
            [
              73.94495,
              18.508935
            ],
            [
              73.94483,
              18.509345
            ],
            [
              73.944785,
              18.509611
            ],
            [
              73.944876,
              18.509894
            ],
            [
              73.944916,
              18.509948
            ],
            [
              73.944808,
              18.510027
            ],
            [
              73.944642,
              18.510071
            ],
            [
              73.944462,
              18.510167
            ],
            [
              73.944299,
              18.510217
            ],
            [
              73.944095,
              18.510193
            ],
            [
              73.943801,
              18.510197
            ],
            [
              73.943565,
              18.510211
            ],
            [
              73.943265,
              18.510178
            ],
            [
              73.941916,
              18.510238
            ],
            [
              73.939001,
              18.510225
            ],
            [
              73.938789,
              18.510176
            ],
            [
              73.938686,
              18.510135
            ],
            [
              73.93859,
              18.510123
            ],
            [
              73.938492,
              18.510135
            ],
            [
              73.938417,
              18.510136
            ],
            [
              73.93836,
              18.510136
            ],
            [
              73.938305,
              18.51014
            ],
            [
              73.938181,
              18.510129
            ],
            [
              73.937997,
              18.510096
            ],
            [
              73.937853,
              18.510093
            ],
            [
              73.937752,
              18.510099
            ],
            [
              73.937652,
              18.510122
            ],
            [
              73.937591,
              18.510146
            ],
            [
              73.93753,
              18.510103
            ],
            [
              73.937464,
              18.510068
            ],
            [
              73.937358,
              18.509994
            ],
            [
              73.937294,
              18.509977
            ],
            [
              73.937207,
              18.50996
            ],
            [
              73.937048,
              18.509911
            ],
            [
              73.936896,
              18.50993
            ],
            [
              73.936892,
              18.509934
            ],
            [
              73.936649,
              18.509962
            ],
            [
              73.936633,
              18.509965
            ],
            [
              73.936361,
              18.510017
            ],
            [
              73.936051,
              18.510048
            ],
            [
              73.935876,
              18.510065
            ],
            [
              73.935686,
              18.510079
            ],
            [
              73.935474,
              18.510082
            ],
            [
              73.935374,
              18.510083
            ],
            [
              73.934644,
              18.510163
            ],
            [
              73.934575,
              18.510206
            ],
            [
              73.934455,
              18.510229
            ],
            [
              73.934443,
              18.510226
            ],
            [
              73.93436,
              18.510234
            ],
            [
              73.93431,
              18.510239
            ],
            [
              73.934215,
              18.510261
            ],
            [
              73.934146,
              18.510278
            ],
            [
              73.934099,
              18.510144
            ],
            [
              73.934077,
              18.510086
            ],
            [
              73.934047,
              18.510016
            ],
            [
              73.93404,
              18.510002
            ],
            [
              73.934003,
              18.509916
            ],
            [
              73.934002,
              18.509915
            ],
            [
              73.934,
              18.509904
            ],
            [
              73.933945,
              18.509664
            ],
            [
              73.933995,
              18.509491
            ],
            [
              73.933971,
              18.509316
            ],
            [
              73.933962,
              18.509253
            ],
            [
              73.933994,
              18.509172
            ],
            [
              73.934024,
              18.509098
            ],
            [
              73.934045,
              18.509045
            ],
            [
              73.934072,
              18.508916
            ],
            [
              73.934079,
              18.508881
            ],
            [
              73.934084,
              18.508858
            ],
            [
              73.934097,
              18.508796
            ],
            [
              73.934103,
              18.508771
            ],
            [
              73.934138,
              18.508645
            ],
            [
              73.934155,
              18.508583
            ],
            [
              73.93421,
              18.508465
            ],
            [
              73.934279,
              18.508317
            ],
            [
              73.934283,
              18.508189
            ],
            [
              73.934333,
              18.508078
            ],
            [
              73.934392,
              18.507945
            ],
            [
              73.9344,
              18.507926
            ],
            [
              73.934416,
              18.507901
            ],
            [
              73.934463,
              18.507827
            ],
            [
              73.934493,
              18.50778
            ],
            [
              73.934518,
              18.507741
            ],
            [
              73.934531,
              18.507721
            ],
            [
              73.93454,
              18.507643
            ],
            [
              73.934549,
              18.507564
            ],
            [
              73.934554,
              18.507516
            ],
            [
              73.934604,
              18.507379
            ],
            [
              73.934634,
              18.507297
            ],
            [
              73.934659,
              18.50722
            ],
            [
              73.934675,
              18.50717
            ],
            [
              73.934696,
              18.507106
            ],
            [
              73.934662,
              18.506967
            ],
            [
              73.934649,
              18.506914
            ],
            [
              73.93467,
              18.506798
            ],
            [
              73.934684,
              18.506713
            ],
            [
              73.934745,
              18.506602
            ],
            [
              73.934809,
              18.506487
            ],
            [
              73.934826,
              18.506456
            ],
            [
              73.934846,
              18.506335
            ],
            [
              73.934856,
              18.50627
            ],
            [
              73.934874,
              18.506162
            ],
            [
              73.934884,
              18.505943
            ],
            [
              73.934885,
              18.50593
            ],
            [
              73.934878,
              18.505799
            ],
            [
              73.934873,
              18.505692
            ],
            [
              73.934885,
              18.505516
            ],
            [
              73.93488,
              18.505505
            ],
            [
              73.934814,
              18.505355
            ],
            [
              73.934762,
              18.505236
            ],
            [
              73.934659,
              18.505032
            ],
            [
              73.934625,
              18.50481
            ],
            [
              73.934553,
              18.504562
            ],
            [
              73.934553,
              18.504493
            ],
            [
              73.934519,
              18.504342
            ],
            [
              73.934423,
              18.504149
            ],
            [
              73.934424,
              18.503972
            ],
            [
              73.934514,
              18.5038
            ],
            [
              73.934609,
              18.503698
            ],
            [
              73.934716,
              18.503495
            ],
            [
              73.934785,
              18.503297
            ],
            [
              73.934715,
              18.503073
            ],
            [
              73.934632,
              18.502894
            ],
            [
              73.934456,
              18.50277
            ],
            [
              73.934319,
              18.502712
            ],
            [
              73.934239,
              18.502667
            ],
            [
              73.934133,
              18.502611
            ],
            [
              73.93399,
              18.502441
            ],
            [
              73.933935,
              18.502378
            ],
            [
              73.933872,
              18.502204
            ],
            [
              73.933806,
              18.502054
            ],
            [
              73.933817,
              18.501842
            ],
            [
              73.933853,
              18.501662
            ],
            [
              73.933912,
              18.501528
            ],
            [
              73.933936,
              18.501425
            ],
            [
              73.933571,
              18.501485
            ],
            [
              73.933315,
              18.501527
            ],
            [
              73.933199,
              18.501544
            ],
            [
              73.93259,
              18.501577
            ],
            [
              73.932319,
              18.501594
            ],
            [
              73.932148,
              18.501612
            ],
            [
              73.931922,
              18.501634
            ],
            [
              73.931357,
              18.501632
            ],
            [
              73.930759,
              18.501709
            ],
            [
              73.930398,
              18.501762
            ],
            [
              73.930143,
              18.501797
            ],
            [
              73.929987,
              18.501821
            ],
            [
              73.929405,
              18.501919
            ],
            [
              73.929134,
              18.501954
            ],
            [
              73.92816,
              18.502252
            ],
            [
              73.927311,
              18.50251
            ],
            [
              73.927001,
              18.502604
            ],
            [
              73.926653,
              18.50267
            ],
            [
              73.926526,
              18.502694
            ],
            [
              73.926356,
              18.50275
            ],
            [
              73.926081,
              18.502838
            ],
            [
              73.925801,
              18.502893
            ],
            [
              73.924682,
              18.503193
            ],
            [
              73.924244,
              18.503309
            ],
            [
              73.923628,
              18.503497
            ],
            [
              73.922543,
              18.503827
            ],
            [
              73.921946,
              18.504002
            ],
            [
              73.921506,
              18.504106
            ],
            [
              73.921208,
              18.504178
            ],
            [
              73.921,
              18.504235
            ],
            [
              73.92041,
              18.504402
            ],
            [
              73.920116,
              18.504483
            ],
            [
              73.919669,
              18.504609
            ],
            [
              73.918226,
              18.505004
            ],
            [
              73.918052,
              18.505053
            ],
            [
              73.91701,
              18.505374
            ],
            [
              73.916959,
              18.505388
            ],
            [
              73.916798,
              18.50543
            ],
            [
              73.915804,
              18.505694
            ],
            [
              73.915283,
              18.505814
            ],
            [
              73.915983,
              18.505066
            ],
            [
              73.916387,
              18.504647
            ],
            [
              73.916847,
              18.504173
            ],
            [
              73.918086,
              18.502925
            ],
            [
              73.918994,
              18.50201
            ],
            [
              73.919404,
              18.501597
            ],
            [
              73.919605,
              18.501389
            ],
            [
              73.92004,
              18.500944
            ],
            [
              73.92013,
              18.500852
            ],
            [
              73.920945,
              18.500048
            ],
            [
              73.921168,
              18.499829
            ],
            [
              73.921488,
              18.499504
            ],
            [
              73.921927,
              18.499058
            ],
            [
              73.922789,
              18.498197
            ],
            [
              73.923949,
              18.497038
            ],
            [
              73.924934,
              18.496057
            ],
            [
              73.925811,
              18.495178
            ],
            [
              73.929355,
              18.491566
            ],
            [
              73.929706,
              18.491215
            ],
            [
              73.92996,
              18.490955
            ],
            [
              73.930413,
              18.490492
            ],
            [
              73.930431,
              18.490473
            ],
            [
              73.930849,
              18.490011
            ],
            [
              73.930742,
              18.490016
            ],
            [
              73.930165,
              18.490047
            ],
            [
              73.929369,
              18.490088
            ],
            [
              73.928425,
              18.490138
            ],
            [
              73.928092,
              18.490156
            ],
            [
              73.928081,
              18.490154
            ],
            [
              73.928181,
              18.490013
            ],
            [
              73.928265,
              18.489911
            ],
            [
              73.928296,
              18.489874
            ],
            [
              73.92836,
              18.489785
            ],
            [
              73.928404,
              18.489727
            ],
            [
              73.928525,
              18.489557
            ],
            [
              73.92862,
              18.489396
            ],
            [
              73.928625,
              18.489384
            ],
            [
              73.928701,
              18.489212
            ],
            [
              73.928694,
              18.488993
            ],
            [
              73.928577,
              18.488792
            ],
            [
              73.928488,
              18.488712
            ],
            [
              73.928386,
              18.488605
            ],
            [
              73.928225,
              18.488604
            ],
            [
              73.928158,
              18.488604
            ],
            [
              73.927263,
              18.48866
            ],
            [
              73.926891,
              18.488664
            ],
            [
              73.926619,
              18.488666
            ],
            [
              73.926215,
              18.488716
            ],
            [
              73.926199,
              18.488715
            ],
            [
              73.925669,
              18.488753
            ],
            [
              73.925382,
              18.488808
            ],
            [
              73.925025,
              18.488835
            ],
            [
              73.92475,
              18.488848
            ],
            [
              73.924205,
              18.488874
            ],
            [
              73.923723,
              18.488893
            ],
            [
              73.923342,
              18.488919
            ],
            [
              73.922888,
              18.48896
            ],
            [
              73.922281,
              18.488972
            ],
            [
              73.921847,
              18.489008
            ],
            [
              73.921448,
              18.489066
            ],
            [
              73.920889,
              18.489105
            ],
            [
              73.919984,
              18.489129
            ],
            [
              73.91917,
              18.489144
            ],
            [
              73.918255,
              18.489308
            ],
            [
              73.917608,
              18.48927
            ],
            [
              73.916925,
              18.489238
            ],
            [
              73.916737,
              18.489242
            ],
            [
              73.916469,
              18.489248
            ],
            [
              73.91631,
              18.489251
            ],
            [
              73.916043,
              18.489231
            ],
            [
              73.915641,
              18.489201
            ],
            [
              73.915028,
              18.489331
            ],
            [
              73.914399,
              18.489362
            ],
            [
              73.914164,
              18.489393
            ],
            [
              73.914005,
              18.489414
            ],
            [
              73.913362,
              18.489411
            ],
            [
              73.91263,
              18.489473
            ],
            [
              73.912582,
              18.489478
            ],
            [
              73.912544,
              18.489483
            ],
            [
              73.912239,
              18.489515
            ],
            [
              73.912333,
              18.489145
            ],
            [
              73.912362,
              18.488926
            ],
            [
              73.912388,
              18.488727
            ],
            [
              73.912366,
              18.488445
            ],
            [
              73.912348,
              18.488211
            ],
            [
              73.912326,
              18.488033
            ],
            [
              73.912286,
              18.48772
            ],
            [
              73.912246,
              18.4874
            ],
            [
              73.91224,
              18.487353
            ],
            [
              73.912226,
              18.48724
            ],
            [
              73.912198,
              18.48701
            ],
            [
              73.912253,
              18.486777
            ],
            [
              73.912373,
              18.48628
            ],
            [
              73.912432,
              18.486035
            ],
            [
              73.912179,
              18.485179
            ],
            [
              73.911934,
              18.484356
            ],
            [
              73.911875,
              18.484219
            ],
            [
              73.911457,
              18.483248
            ],
            [
              73.911106,
              18.483076
            ],
            [
              73.910957,
              18.483002
            ],
            [
              73.910745,
              18.48286
            ],
            [
              73.910581,
              18.482749
            ],
            [
              73.910458,
              18.482667
            ],
            [
              73.910276,
              18.482544
            ],
            [
              73.910231,
              18.482514
            ],
            [
              73.91002,
              18.482408
            ],
            [
              73.909789,
              18.482292
            ],
            [
              73.909707,
              18.482047
            ],
            [
              73.909523,
              18.481645
            ],
            [
              73.909415,
              18.481409
            ],
            [
              73.909294,
              18.481143
            ],
            [
              73.90917,
              18.480872
            ],
            [
              73.90894,
              18.480366
            ],
            [
              73.908467,
              18.479766
            ],
            [
              73.907789,
              18.478836
            ],
            [
              73.907676,
              18.478245
            ],
            [
              73.907612,
              18.477911
            ],
            [
              73.907607,
              18.477819
            ],
            [
              73.907877,
              18.477793
            ],
            [
              73.908071,
              18.477567
            ],
            [
              73.907846,
              18.477272
            ],
            [
              73.90769,
              18.477037
            ],
            [
              73.907498,
              18.476768
            ],
            [
              73.907327,
              18.476423
            ],
            [
              73.907176,
              18.475963
            ],
            [
              73.907074,
              18.475628
            ],
            [
              73.906882,
              18.475351
            ],
            [
              73.906695,
              18.474934
            ],
            [
              73.906533,
              18.474573
            ],
            [
              73.90646,
              18.474409
            ],
            [
              73.906264,
              18.474145
            ],
            [
              73.906215,
              18.473862
            ],
            [
              73.906169,
              18.473597
            ],
            [
              73.906114,
              18.473284
            ],
            [
              73.906081,
              18.473191
            ],
            [
              73.906075,
              18.473188
            ],
            [
              73.905863,
              18.473125
            ],
            [
              73.905686,
              18.472501
            ],
            [
              73.905521,
              18.472351
            ],
            [
              73.905439,
              18.472278
            ],
            [
              73.905379,
              18.472224
            ],
            [
              73.905262,
              18.472119
            ],
            [
              73.905035,
              18.471943
            ],
            [
              73.904909,
              18.471846
            ],
            [
              73.904886,
              18.471828
            ],
            [
              73.904862,
              18.471503
            ],
            [
              73.90483,
              18.471068
            ],
            [
              73.90482,
              18.470941
            ],
            [
              73.904818,
              18.470907
            ],
            [
              73.904708,
              18.470443
            ],
            [
              73.904646,
              18.470285
            ],
            [
              73.9046,
              18.470015
            ],
            [
              73.904589,
              18.470004
            ],
            [
              73.904533,
              18.46975
            ],
            [
              73.904531,
              18.469413
            ],
            [
              73.90452,
              18.46914
            ],
            [
              73.904455,
              18.468488
            ],
            [
              73.904451,
              18.468445
            ],
            [
              73.904396,
              18.468055
            ],
            [
              73.904325,
              18.467813
            ],
            [
              73.904048,
              18.46759
            ],
            [
              73.903833,
              18.467423
            ],
            [
              73.903316,
              18.46745
            ],
            [
              73.902886,
              18.467422
            ],
            [
              73.902691,
              18.467409
            ],
            [
              73.902589,
              18.467202
            ],
            [
              73.902473,
              18.467012
            ],
            [
              73.90241,
              18.466905
            ],
            [
              73.902368,
              18.466835
            ],
            [
              73.902292,
              18.46668
            ],
            [
              73.901934,
              18.466475
            ],
            [
              73.902124,
              18.466196
            ],
            [
              73.902214,
              18.466041
            ],
            [
              73.902254,
              18.465973
            ],
            [
              73.901973,
              18.465865
            ],
            [
              73.901679,
              18.465751
            ],
            [
              73.901389,
              18.465635
            ],
            [
              73.900966,
              18.46547
            ],
            [
              73.900745,
              18.465382
            ],
            [
              73.900648,
              18.465086
            ],
            [
              73.900628,
              18.465027
            ],
            [
              73.900461,
              18.463953
            ],
            [
              73.90033,
              18.46312
            ],
            [
              73.900192,
              18.462247
            ],
            [
              73.900094,
              18.461621
            ],
            [
              73.900011,
              18.460965
            ],
            [
              73.899949,
              18.460466
            ],
            [
              73.899911,
              18.460168
            ],
            [
              73.899889,
              18.460016
            ],
            [
              73.900146,
              18.460104
            ],
            [
              73.900335,
              18.460168
            ],
            [
              73.900505,
              18.46022
            ],
            [
              73.90086,
              18.460326
            ],
            [
              73.901245,
              18.460373
            ],
            [
              73.901661,
              18.46036
            ],
            [
              73.901731,
              18.460359
            ],
            [
              73.901799,
              18.460348
            ],
            [
              73.901904,
              18.460304
            ],
            [
              73.902002,
              18.460238
            ],
            [
              73.902058,
              18.460162
            ],
            [
              73.902103,
              18.460116
            ],
            [
              73.902171,
              18.460069
            ],
            [
              73.902305,
              18.46002
            ],
            [
              73.902352,
              18.460002
            ],
            [
              73.902492,
              18.459925
            ],
            [
              73.902509,
              18.459917
            ],
            [
              73.90265,
              18.459854
            ],
            [
              73.902708,
              18.459836
            ],
            [
              73.902834,
              18.459796
            ],
            [
              73.902936,
              18.459763
            ],
            [
              73.902958,
              18.459756
            ],
            [
              73.903016,
              18.459733
            ],
            [
              73.903151,
              18.459682
            ],
            [
              73.903261,
              18.45964
            ],
            [
              73.903401,
              18.459587
            ],
            [
              73.903574,
              18.459521
            ],
            [
              73.903757,
              18.459392
            ],
            [
              73.903942,
              18.459258
            ],
            [
              73.90398,
              18.459227
            ],
            [
              73.90402,
              18.459193
            ],
            [
              73.904169,
              18.459115
            ],
            [
              73.904304,
              18.459015
            ],
            [
              73.904413,
              18.458964
            ],
            [
              73.904477,
              18.458874
            ],
            [
              73.904504,
              18.458772
            ],
            [
              73.90454,
              18.458697
            ],
            [
              73.904572,
              18.458664
            ],
            [
              73.904589,
              18.458646
            ],
            [
              73.904647,
              18.458631
            ],
            [
              73.90468,
              18.458622
            ],
            [
              73.904772,
              18.45859
            ],
            [
              73.904833,
              18.458569
            ],
            [
              73.90487,
              18.458557
            ],
            [
              73.905264,
              18.458438
            ],
            [
              73.905753,
              18.458318
            ],
            [
              73.906021,
              18.458285
            ],
            [
              73.906363,
              18.458204
            ],
            [
              73.906571,
              18.458144
            ],
            [
              73.906772,
              18.458085
            ],
            [
              73.907197,
              18.457975
            ],
            [
              73.907469,
              18.457908
            ],
            [
              73.907546,
              18.457889
            ],
            [
              73.907684,
              18.45787
            ],
            [
              73.907973,
              18.457861
            ],
            [
              73.908189,
              18.457813
            ],
            [
              73.908275,
              18.457834
            ],
            [
              73.908288,
              18.458045
            ],
            [
              73.908313,
              18.458275
            ],
            [
              73.908317,
              18.458585
            ],
            [
              73.908353,
              18.458916
            ],
            [
              73.908374,
              18.459113
            ],
            [
              73.908381,
              18.459178
            ],
            [
              73.908442,
              18.459319
            ],
            [
              73.90841,
              18.459438
            ],
            [
              73.908306,
              18.459545
            ],
            [
              73.90816,
              18.459728
            ],
            [
              73.908092,
              18.459803
            ],
            [
              73.908005,
              18.459877
            ],
            [
              73.907892,
              18.459944
            ],
            [
              73.907734,
              18.460077
            ],
            [
              73.907612,
              18.460232
            ],
            [
              73.907469,
              18.46053
            ],
            [
              73.907433,
              18.46067
            ],
            [
              73.907253,
              18.461008
            ],
            [
              73.907068,
              18.461298
            ],
            [
              73.906828,
              18.461551
            ],
            [
              73.906675,
              18.461691
            ],
            [
              73.906451,
              18.461968
            ],
            [
              73.906284,
              18.462165
            ],
            [
              73.906119,
              18.462357
            ],
            [
              73.905935,
              18.462525
            ],
            [
              73.905832,
              18.462624
            ],
            [
              73.905666,
              18.46272
            ],
            [
              73.905589,
              18.462762
            ],
            [
              73.905524,
              18.462797
            ],
            [
              73.905393,
              18.462866
            ],
            [
              73.905237,
              18.462956
            ],
            [
              73.905006,
              18.463088
            ],
            [
              73.90486,
              18.463169
            ],
            [
              73.904765,
              18.46322
            ],
            [
              73.904529,
              18.463339
            ],
            [
              73.904355,
              18.463388
            ],
            [
              73.904222,
              18.463419
            ],
            [
              73.904264,
              18.463455
            ],
            [
              73.904572,
              18.463446
            ],
            [
              73.90514,
              18.463435
            ],
            [
              73.905812,
              18.463398
            ],
            [
              73.906645,
              18.463358
            ],
            [
              73.907383,
              18.463322
            ],
            [
              73.907782,
              18.463277
            ],
            [
              73.908051,
              18.463247
            ],
            [
              73.908266,
              18.463214
            ],
            [
              73.908516,
              18.463186
            ],
            [
              73.908857,
              18.463173
            ],
            [
              73.909173,
              18.463167
            ],
            [
              73.909568,
              18.463164
            ],
            [
              73.909773,
              18.463162
            ],
            [
              73.910077,
              18.463144
            ],
            [
              73.910433,
              18.463124
            ],
            [
              73.910702,
              18.463112
            ],
            [
              73.911078,
              18.463107
            ],
            [
              73.911437,
              18.463104
            ],
            [
              73.91155,
              18.463102
            ],
            [
              73.911726,
              18.46309
            ],
            [
              73.911924,
              18.463076
            ],
            [
              73.912048,
              18.46307
            ],
            [
              73.912473,
              18.463047
            ],
            [
              73.912835,
              18.46303
            ],
            [
              73.913183,
              18.463008
            ],
            [
              73.913389,
              18.462995
            ],
            [
              73.913881,
              18.462921
            ],
            [
              73.914106,
              18.462887
            ],
            [
              73.914225,
              18.462829
            ],
            [
              73.914412,
              18.462752
            ],
            [
              73.91469,
              18.462705
            ],
            [
              73.915372,
              18.462592
            ],
            [
              73.915861,
              18.462535
            ],
            [
              73.91606,
              18.462524
            ],
            [
              73.916319,
              18.462558
            ],
            [
              73.916719,
              18.462504
            ],
            [
              73.91704,
              18.46242
            ],
            [
              73.917263,
              18.462412
            ],
            [
              73.917786,
              18.462695
            ],
            [
              73.917946,
              18.462719
            ],
            [
              73.918453,
              18.462621
            ],
            [
              73.919169,
              18.462483
            ],
            [
              73.919377,
              18.462399
            ],
            [
              73.919454,
              18.462284
            ],
            [
              73.919586,
              18.461965
            ],
            [
              73.919634,
              18.461829
            ],
            [
              73.919781,
              18.461466
            ],
            [
              73.919896,
              18.461263
            ],
            [
              73.919966,
              18.461113
            ],
            [
              73.919986,
              18.460964
            ],
            [
              73.920011,
              18.460844
            ],
            [
              73.920041,
              18.460738
            ],
            [
              73.920239,
              18.460541
            ],
            [
              73.920389,
              18.460423
            ],
            [
              73.920544,
              18.460343
            ],
            [
              73.920661,
              18.460242
            ],
            [
              73.920796,
              18.460152
            ],
            [
              73.920976,
              18.460091
            ],
            [
              73.921227,
              18.4601
            ],
            [
              73.921532,
              18.4601
            ],
            [
              73.92187,
              18.460098
            ],
            [
              73.922139,
              18.460093
            ],
            [
              73.922366,
              18.460089
            ],
            [
              73.922672,
              18.460086
            ],
            [
              73.922981,
              18.459634
            ],
            [
              73.923232,
              18.459355
            ],
            [
              73.923556,
              18.458884
            ],
            [
              73.923587,
              18.458838
            ],
            [
              73.923757,
              18.458631
            ],
            [
              73.924179,
              18.458245
            ],
            [
              73.924416,
              18.457999
            ],
            [
              73.924565,
              18.457815
            ],
            [
              73.92475,
              18.457799
            ],
            [
              73.924849,
              18.45779
            ],
            [
              73.92511,
              18.457904
            ],
            [
              73.925229,
              18.457955
            ],
            [
              73.925493,
              18.458021
            ],
            [
              73.925711,
              18.45814
            ],
            [
              73.925925,
              18.458412
            ],
            [
              73.926093,
              18.458671
            ],
            [
              73.926215,
              18.458911
            ],
            [
              73.926371,
              18.459176
            ],
            [
              73.926561,
              18.459437
            ],
            [
              73.926664,
              18.459652
            ],
            [
              73.926889,
              18.459801
            ],
            [
              73.927214,
              18.45992
            ],
            [
              73.927432,
              18.460115
            ],
            [
              73.927525,
              18.460208
            ],
            [
              73.927646,
              18.460307
            ],
            [
              73.927729,
              18.460563
            ],
            [
              73.927749,
              18.460697
            ],
            [
              73.927844,
              18.460964
            ],
            [
              73.927921,
              18.46106
            ],
            [
              73.928036,
              18.461234
            ],
            [
              73.928179,
              18.461399
            ],
            [
              73.928381,
              18.461675
            ],
            [
              73.928567,
              18.461904
            ],
            [
              73.92873,
              18.462022
            ],
            [
              73.928887,
              18.462244
            ],
            [
              73.929094,
              18.462628
            ],
            [
              73.929307,
              18.462865
            ],
            [
              73.929522,
              18.463132
            ],
            [
              73.929775,
              18.463476
            ],
            [
              73.930044,
              18.463772
            ],
            [
              73.930314,
              18.464126
            ],
            [
              73.930488,
              18.46428
            ],
            [
              73.930563,
              18.464342
            ],
            [
              73.930629,
              18.464408
            ],
            [
              73.930859,
              18.464654
            ],
            [
              73.931093,
              18.464816
            ],
            [
              73.93138,
              18.464967
            ],
            [
              73.931699,
              18.465067
            ],
            [
              73.932094,
              18.465133
            ]
          ]
        ]
      },
      "properties": {
        "city_id": "pune",
        "ward_id": "pun-013",
        "ward_name": "Admin Ward 13 Hadapsar",
        "corporation": "Pune Municipal Corporation",
        "zone": "Admin Ward 13 Hadapsar",
        "area_sqkm": 17.76,
        "centroid": [
          73.924187,
          18.483092
        ]
      }
    },
    {
      "type": "Feature",
      "id": "pun-014",
      "geometry": {
        "type": "Polygon",
        "coordinates": [
          [
            [
              73.879587,
              18.428999
            ],
            [
              73.879666,
              18.429217
            ],
            [
              73.87969,
              18.429284
            ],
            [
              73.87973,
              18.429377
            ],
            [
              73.87976,
              18.429445
            ],
            [
              73.879798,
              18.429535
            ],
            [
              73.879822,
              18.429587
            ],
            [
              73.879861,
              18.429674
            ],
            [
              73.879906,
              18.429772
            ],
            [
              73.879932,
              18.429829
            ],
            [
              73.879958,
              18.429886
            ],
            [
              73.879995,
              18.429983
            ],
            [
              73.880048,
              18.430118
            ],
            [
              73.880071,
              18.430178
            ],
            [
              73.880219,
              18.430427
            ],
            [
              73.880403,
              18.430714
            ],
            [
              73.880613,
              18.431109
            ],
            [
              73.880661,
              18.431197
            ],
            [
              73.880761,
              18.431462
            ],
            [
              73.880878,
              18.431831
            ],
            [
              73.880927,
              18.431988
            ],
            [
              73.880949,
              18.432056
            ],
            [
              73.881132,
              18.432512
            ],
            [
              73.881191,
              18.432657
            ],
            [
              73.881355,
              18.433061
            ],
            [
              73.881395,
              18.433237
            ],
            [
              73.881441,
              18.433436
            ],
            [
              73.881507,
              18.433722
            ],
            [
              73.881537,
              18.433854
            ],
            [
              73.881599,
              18.434327
            ],
            [
              73.881651,
              18.434449
            ],
            [
              73.881654,
              18.434458
            ],
            [
              73.881648,
              18.434624
            ],
            [
              73.881643,
              18.434656
            ],
            [
              73.881592,
              18.434764
            ],
            [
              73.88158,
              18.434789
            ],
            [
              73.881644,
              18.435036
            ],
            [
              73.881696,
              18.435501
            ],
            [
              73.881699,
              18.435984
            ],
            [
              73.881717,
              18.436323
            ],
            [
              73.881751,
              18.436777
            ],
            [
              73.881758,
              18.436879
            ],
            [
              73.881767,
              18.437016
            ],
            [
              73.881652,
              18.437161
            ],
            [
              73.881406,
              18.437275
            ],
            [
              73.881183,
              18.437498
            ],
            [
              73.881177,
              18.437504
            ],
            [
              73.880896,
              18.437707
            ],
            [
              73.880544,
              18.438032
            ],
            [
              73.880402,
              18.438032
            ],
            [
              73.880008,
              18.438062
            ],
            [
              73.879421,
              18.438145
            ],
            [
              73.878449,
              18.438255
            ],
            [
              73.878354,
              18.438325
            ],
            [
              73.878327,
              18.438422
            ],
            [
              73.878302,
              18.438514
            ],
            [
              73.878237,
              18.438724
            ],
            [
              73.878108,
              18.439032
            ],
            [
              73.878027,
              18.439267
            ],
            [
              73.877978,
              18.439548
            ],
            [
              73.877992,
              18.439696
            ],
            [
              73.877974,
              18.439799
            ],
            [
              73.877936,
              18.439973
            ],
            [
              73.877796,
              18.440133
            ],
            [
              73.877689,
              18.440222
            ],
            [
              73.877681,
              18.440227
            ],
            [
              73.877569,
              18.440461
            ],
            [
              73.8774,
              18.440908
            ],
            [
              73.876869,
              18.442016
            ],
            [
              73.876421,
              18.441892
            ],
            [
              73.876305,
              18.44218
            ],
            [
              73.876245,
              18.44241
            ],
            [
              73.876052,
              18.442807
            ],
            [
              73.875931,
              18.443037
            ],
            [
              73.874834,
              18.443492
            ],
            [
              73.874667,
              18.443638
            ],
            [
              73.874533,
              18.443842
            ],
            [
              73.874524,
              18.444192
            ],
            [
              73.87446,
              18.444693
            ],
            [
              73.874282,
              18.445836
            ],
            [
              73.874198,
              18.446411
            ],
            [
              73.873966,
              18.446401
            ],
            [
              73.873889,
              18.446917
            ],
            [
              73.873867,
              18.447398
            ],
            [
              73.873763,
              18.448308
            ],
            [
              73.873685,
              18.448932
            ],
            [
              73.873553,
              18.449572
            ],
            [
              73.87347,
              18.449943
            ],
            [
              73.873289,
              18.450999
            ],
            [
              73.873132,
              18.451977
            ],
            [
              73.872966,
              18.452963
            ],
            [
              73.872899,
              18.453508
            ],
            [
              73.872832,
              18.454103
            ],
            [
              73.872826,
              18.454212
            ],
            [
              73.872774,
              18.4552
            ],
            [
              73.872772,
              18.455281
            ],
            [
              73.872784,
              18.45574
            ],
            [
              73.872717,
              18.456514
            ],
            [
              73.872663,
              18.457166
            ],
            [
              73.872605,
              18.458019
            ],
            [
              73.872569,
              18.458641
            ],
            [
              73.872087,
              18.458614
            ],
            [
              73.871047,
              18.45855
            ],
            [
              73.870376,
              18.458511
            ],
            [
              73.86946,
              18.458454
            ],
            [
              73.869432,
              18.45917
            ],
            [
              73.869428,
              18.459188
            ],
            [
              73.869263,
              18.459682
            ],
            [
              73.869256,
              18.459705
            ],
            [
              73.869182,
              18.460348
            ],
            [
              73.869119,
              18.460932
            ],
            [
              73.868601,
              18.460882
            ],
            [
              73.868323,
              18.460879
            ],
            [
              73.86789,
              18.460941
            ],
            [
              73.867509,
              18.461018
            ],
            [
              73.867393,
              18.462191
            ],
            [
              73.867276,
              18.463362
            ],
            [
              73.867295,
              18.463953
            ],
            [
              73.867338,
              18.464285
            ],
            [
              73.867686,
              18.464512
            ],
            [
              73.866606,
              18.464761
            ],
            [
              73.864805,
              18.464826
            ],
            [
              73.86464,
              18.46486
            ],
            [
              73.864597,
              18.46585
            ],
            [
              73.864589,
              18.466364
            ],
            [
              73.864556,
              18.466635
            ],
            [
              73.864529,
              18.466808
            ],
            [
              73.864512,
              18.466928
            ],
            [
              73.864465,
              18.467146
            ],
            [
              73.863708,
              18.467028
            ],
            [
              73.863717,
              18.466976
            ],
            [
              73.863086,
              18.466856
            ],
            [
              73.862755,
              18.466818
            ],
            [
              73.862749,
              18.466808
            ],
            [
              73.862752,
              18.466775
            ],
            [
              73.861417,
              18.466596
            ],
            [
              73.861309,
              18.46704
            ],
            [
              73.861169,
              18.467541
            ],
            [
              73.861063,
              18.467932
            ],
            [
              73.860946,
              18.468903
            ],
            [
              73.859673,
              18.468672
            ],
            [
              73.859068,
              18.468557
            ],
            [
              73.857719,
              18.468302
            ],
            [
              73.857716,
              18.468301
            ],
            [
              73.857714,
              18.468312
            ],
            [
              73.857627,
              18.468303
            ],
            [
              73.857589,
              18.468302
            ],
            [
              73.856206,
              18.468165
            ],
            [
              73.855695,
              18.468116
            ],
            [
              73.855007,
              18.468061
            ],
            [
              73.854724,
              18.468032
            ],
            [
              73.854307,
              18.467971
            ],
            [
              73.853838,
              18.467922
            ],
            [
              73.853624,
              18.467906
            ],
            [
              73.853542,
              18.467901
            ],
            [
              73.853402,
              18.467876
            ],
            [
              73.853322,
              18.467918
            ],
            [
              73.853118,
              18.468045
            ],
            [
              73.853097,
              18.468058
            ],
            [
              73.853024,
              18.468111
            ],
            [
              73.852924,
              18.468291
            ],
            [
              73.852795,
              18.468385
            ],
            [
              73.852839,
              18.468485
            ],
            [
              73.852918,
              18.468682
            ],
            [
              73.853044,
              18.468991
            ],
            [
              73.853205,
              18.46921
            ],
            [
              73.853404,
              18.46944
            ],
            [
              73.853553,
              18.469663
            ],
            [
              73.853779,
              18.469982
            ],
            [
              73.854006,
              18.470702
            ],
            [
              73.854204,
              18.471315
            ],
            [
              73.854295,
              18.471604
            ],
            [
              73.854407,
              18.471874
            ],
            [
              73.855019,
              18.47183
            ],
            [
              73.85525,
              18.471812
            ],
            [
              73.855564,
              18.471807
            ],
            [
              73.855833,
              18.4718
            ],
            [
              73.85604,
              18.471794
            ],
            [
              73.856065,
              18.47111
            ],
            [
              73.856896,
              18.471305
            ],
            [
              73.856717,
              18.471996
            ],
            [
              73.856469,
              18.473016
            ],
            [
              73.856389,
              18.473514
            ],
            [
              73.856355,
              18.473738
            ],
            [
              73.856321,
              18.474309
            ],
            [
              73.856311,
              18.474483
            ],
            [
              73.855699,
              18.474437
            ],
            [
              73.855153,
              18.474398
            ],
            [
              73.854971,
              18.474384
            ],
            [
              73.854466,
              18.474365
            ],
            [
              73.854028,
              18.474343
            ],
            [
              73.853694,
              18.474362
            ],
            [
              73.853484,
              18.474424
            ],
            [
              73.853199,
              18.474566
            ],
            [
              73.852828,
              18.474862
            ],
            [
              73.852196,
              18.474735
            ],
            [
              73.851778,
              18.47473
            ],
            [
              73.851354,
              18.474705
            ],
            [
              73.849975,
              18.474503
            ],
            [
              73.849805,
              18.47447
            ],
            [
              73.849334,
              18.474455
            ],
            [
              73.848884,
              18.474449
            ],
            [
              73.84821,
              18.474442
            ],
            [
              73.847325,
              18.474445
            ],
            [
              73.847004,
              18.474496
            ],
            [
              73.846529,
              18.474522
            ],
            [
              73.846087,
              18.474592
            ],
            [
              73.845623,
              18.474664
            ],
            [
              73.845291,
              18.474711
            ],
            [
              73.845125,
              18.474688
            ],
            [
              73.844836,
              18.474664
            ],
            [
              73.844508,
              18.474625
            ],
            [
              73.844381,
              18.474586
            ],
            [
              73.844227,
              18.474581
            ],
            [
              73.844057,
              18.474559
            ],
            [
              73.844026,
              18.474225
            ],
            [
              73.843981,
              18.473888
            ],
            [
              73.843927,
              18.473693
            ],
            [
              73.843899,
              18.47359
            ],
            [
              73.843876,
              18.47342
            ],
            [
              73.843831,
              18.47307
            ],
            [
              73.843782,
              18.472672
            ],
            [
              73.843754,
              18.472352
            ],
            [
              73.843725,
              18.472108
            ],
            [
              73.843779,
              18.472073
            ],
            [
              73.84401,
              18.471913
            ],
            [
              73.844071,
              18.471879
            ],
            [
              73.844091,
              18.471868
            ],
            [
              73.844272,
              18.471766
            ],
            [
              73.844209,
              18.471371
            ],
            [
              73.844194,
              18.471277
            ],
            [
              73.844178,
              18.471108
            ],
            [
              73.844154,
              18.470851
            ],
            [
              73.844147,
              18.470776
            ],
            [
              73.844127,
              18.470544
            ],
            [
              73.844176,
              18.470377
            ],
            [
              73.844231,
              18.470189
            ],
            [
              73.844255,
              18.470121
            ],
            [
              73.844318,
              18.469938
            ],
            [
              73.844552,
              18.469268
            ],
            [
              73.844728,
              18.468732
            ],
            [
              73.844748,
              18.468629
            ],
            [
              73.844828,
              18.468268
            ],
            [
              73.84513,
              18.467145
            ],
            [
              73.845461,
              18.465812
            ],
            [
              73.845581,
              18.46513
            ],
            [
              73.845023,
              18.46504
            ],
            [
              73.844601,
              18.46497
            ],
            [
              73.843352,
              18.464841
            ],
            [
              73.84201,
              18.464706
            ],
            [
              73.842039,
              18.464322
            ],
            [
              73.842119,
              18.464078
            ],
            [
              73.84221,
              18.463783
            ],
            [
              73.842227,
              18.463644
            ],
            [
              73.842119,
              18.463554
            ],
            [
              73.8421,
              18.463451
            ],
            [
              73.842107,
              18.463307
            ],
            [
              73.842272,
              18.463186
            ],
            [
              73.842323,
              18.462979
            ],
            [
              73.842367,
              18.462662
            ],
            [
              73.842329,
              18.462316
            ],
            [
              73.842311,
              18.462093
            ],
            [
              73.842279,
              18.462008
            ],
            [
              73.842186,
              18.461754
            ],
            [
              73.842094,
              18.461475
            ],
            [
              73.841999,
              18.461267
            ],
            [
              73.841818,
              18.461206
            ],
            [
              73.84165,
              18.461164
            ],
            [
              73.841578,
              18.46103
            ],
            [
              73.841465,
              18.460414
            ],
            [
              73.841432,
              18.460174
            ],
            [
              73.841372,
              18.45981
            ],
            [
              73.841355,
              18.459726
            ],
            [
              73.841322,
              18.459149
            ],
            [
              73.841296,
              18.458956
            ],
            [
              73.841272,
              18.45882
            ],
            [
              73.841262,
              18.458752
            ],
            [
              73.841239,
              18.458648
            ],
            [
              73.841206,
              18.458448
            ],
            [
              73.841197,
              18.458387
            ],
            [
              73.841108,
              18.458189
            ],
            [
              73.841044,
              18.457963
            ],
            [
              73.841019,
              18.457924
            ],
            [
              73.840955,
              18.457816
            ],
            [
              73.840867,
              18.457675
            ],
            [
              73.84082,
              18.457599
            ],
            [
              73.840793,
              18.457545
            ],
            [
              73.840702,
              18.457364
            ],
            [
              73.840678,
              18.457317
            ],
            [
              73.84056,
              18.457152
            ],
            [
              73.840507,
              18.457077
            ],
            [
              73.840472,
              18.457046
            ],
            [
              73.840444,
              18.457022
            ],
            [
              73.84035,
              18.456651
            ],
            [
              73.840182,
              18.456286
            ],
            [
              73.840056,
              18.455934
            ],
            [
              73.83988,
              18.455432
            ],
            [
              73.839769,
              18.455163
            ],
            [
              73.839586,
              18.454831
            ],
            [
              73.839544,
              18.454755
            ],
            [
              73.839346,
              18.454449
            ],
            [
              73.83909,
              18.453899
            ],
            [
              73.841012,
              18.453314
            ],
            [
              73.842151,
              18.452984
            ],
            [
              73.842852,
              18.452755
            ],
            [
              73.843006,
              18.452708
            ],
            [
              73.843242,
              18.452641
            ],
            [
              73.843115,
              18.452443
            ],
            [
              73.842929,
              18.451944
            ],
            [
              73.842349,
              18.450945
            ],
            [
              73.842219,
              18.450775
            ],
            [
              73.842038,
              18.450539
            ],
            [
              73.841721,
              18.450239
            ],
            [
              73.841587,
              18.450011
            ],
            [
              73.841535,
              18.449924
            ],
            [
              73.841468,
              18.449703
            ],
            [
              73.841255,
              18.449561
            ],
            [
              73.841254,
              18.449221
            ],
            [
              73.841065,
              18.449182
            ],
            [
              73.840764,
              18.449246
            ],
            [
              73.840475,
              18.449343
            ],
            [
              73.840147,
              18.449358
            ],
            [
              73.840002,
              18.449308
            ],
            [
              73.840025,
              18.449123
            ],
            [
              73.840277,
              18.449139
            ],
            [
              73.840465,
              18.449011
            ],
            [
              73.840633,
              18.448906
            ],
            [
              73.840757,
              18.448684
            ],
            [
              73.840731,
              18.448338
            ],
            [
              73.840741,
              18.448153
            ],
            [
              73.840719,
              18.447961
            ],
            [
              73.84072,
              18.447849
            ],
            [
              73.840928,
              18.447666
            ],
            [
              73.840978,
              18.447524
            ],
            [
              73.841048,
              18.447377
            ],
            [
              73.841096,
              18.447244
            ],
            [
              73.841097,
              18.447131
            ],
            [
              73.84108,
              18.447035
            ],
            [
              73.841122,
              18.446932
            ],
            [
              73.841225,
              18.446793
            ],
            [
              73.841231,
              18.446787
            ],
            [
              73.841366,
              18.446634
            ],
            [
              73.841409,
              18.446587
            ],
            [
              73.841488,
              18.446502
            ],
            [
              73.841593,
              18.446388
            ],
            [
              73.841688,
              18.446275
            ],
            [
              73.841863,
              18.446094
            ],
            [
              73.841945,
              18.445954
            ],
            [
              73.842049,
              18.445757
            ],
            [
              73.84209,
              18.445678
            ],
            [
              73.842117,
              18.445612
            ],
            [
              73.842236,
              18.445322
            ],
            [
              73.842252,
              18.445219
            ],
            [
              73.842253,
              18.445218
            ],
            [
              73.84227,
              18.445185
            ],
            [
              73.842297,
              18.445135
            ],
            [
              73.842311,
              18.445107
            ],
            [
              73.842396,
              18.445027
            ],
            [
              73.842657,
              18.445019
            ],
            [
              73.842802,
              18.44489
            ],
            [
              73.842994,
              18.444766
            ],
            [
              73.843059,
              18.444725
            ],
            [
              73.843203,
              18.444585
            ],
            [
              73.843312,
              18.444477
            ],
            [
              73.843422,
              18.444269
            ],
            [
              73.843412,
              18.444164
            ],
            [
              73.843405,
              18.444086
            ],
            [
              73.843371,
              18.44399
            ],
            [
              73.843497,
              18.443926
            ],
            [
              73.843488,
              18.443871
            ],
            [
              73.843458,
              18.443689
            ],
            [
              73.843444,
              18.443523
            ],
            [
              73.84344,
              18.443477
            ],
            [
              73.843348,
              18.443254
            ],
            [
              73.843264,
              18.44311
            ],
            [
              73.843267,
              18.443098
            ],
            [
              73.843298,
              18.442944
            ],
            [
              73.843273,
              18.442799
            ],
            [
              73.843273,
              18.442743
            ],
            [
              73.843273,
              18.442544
            ],
            [
              73.843283,
              18.442315
            ],
            [
              73.843299,
              18.442126
            ],
            [
              73.843324,
              18.4419
            ],
            [
              73.843445,
              18.441786
            ],
            [
              73.843624,
              18.441597
            ],
            [
              73.843749,
              18.441501
            ],
            [
              73.843917,
              18.441386
            ],
            [
              73.844033,
              18.4413
            ],
            [
              73.844183,
              18.441227
            ],
            [
              73.844323,
              18.441158
            ],
            [
              73.844517,
              18.441106
            ],
            [
              73.84472,
              18.44105
            ],
            [
              73.844936,
              18.440947
            ],
            [
              73.845049,
              18.440893
            ],
            [
              73.845256,
              18.440795
            ],
            [
              73.845336,
              18.440715
            ],
            [
              73.845413,
              18.440576
            ],
            [
              73.845538,
              18.440521
            ],
            [
              73.845656,
              18.440441
            ],
            [
              73.845665,
              18.440317
            ],
            [
              73.845656,
              18.44023
            ],
            [
              73.845631,
              18.440098
            ],
            [
              73.845682,
              18.44001
            ],
            [
              73.845774,
              18.43997
            ],
            [
              73.845856,
              18.439953
            ],
            [
              73.845892,
              18.439946
            ],
            [
              73.846003,
              18.439938
            ],
            [
              73.846069,
              18.439939
            ],
            [
              73.846212,
              18.439891
            ],
            [
              73.846405,
              18.439843
            ],
            [
              73.846425,
              18.43984
            ],
            [
              73.846456,
              18.439835
            ],
            [
              73.846535,
              18.439823
            ],
            [
              73.846595,
              18.439814
            ],
            [
              73.846625,
              18.43981
            ],
            [
              73.846749,
              18.439803
            ],
            [
              73.846773,
              18.439798
            ],
            [
              73.846832,
              18.439783
            ],
            [
              73.846914,
              18.439764
            ],
            [
              73.846918,
              18.439763
            ],
            [
              73.846985,
              18.439874
            ],
            [
              73.847011,
              18.44001
            ],
            [
              73.847094,
              18.439998
            ],
            [
              73.847268,
              18.439971
            ],
            [
              73.847373,
              18.439974
            ],
            [
              73.847485,
              18.439978
            ],
            [
              73.847556,
              18.439971
            ],
            [
              73.847611,
              18.439965
            ],
            [
              73.847737,
              18.439952
            ],
            [
              73.847805,
              18.439945
            ],
            [
              73.847773,
              18.439807
            ],
            [
              73.847771,
              18.4398
            ],
            [
              73.847763,
              18.439746
            ],
            [
              73.847759,
              18.439723
            ],
            [
              73.847759,
              18.439677
            ],
            [
              73.847759,
              18.439561
            ],
            [
              73.847754,
              18.439455
            ],
            [
              73.847751,
              18.439372
            ],
            [
              73.847772,
              18.439315
            ],
            [
              73.847935,
              18.43927
            ],
            [
              73.848035,
              18.439242
            ],
            [
              73.84822,
              18.439173
            ],
            [
              73.84827,
              18.439154
            ],
            [
              73.848387,
              18.439104
            ],
            [
              73.848455,
              18.439076
            ],
            [
              73.848654,
              18.438997
            ],
            [
              73.848739,
              18.438964
            ],
            [
              73.848841,
              18.439181
            ],
            [
              73.848932,
              18.439459
            ],
            [
              73.848716,
              18.439617
            ],
            [
              73.848602,
              18.439667
            ],
            [
              73.84838,
              18.439815
            ],
            [
              73.848176,
              18.439985
            ],
            [
              73.847898,
              18.440153
            ],
            [
              73.847959,
              18.440305
            ],
            [
              73.848083,
              18.440615
            ],
            [
              73.848048,
              18.440738
            ],
            [
              73.848049,
              18.440903
            ],
            [
              73.847852,
              18.440944
            ],
            [
              73.847712,
              18.440974
            ],
            [
              73.847652,
              18.44078
            ],
            [
              73.847486,
              18.440816
            ],
            [
              73.847355,
              18.440838
            ],
            [
              73.847172,
              18.440868
            ],
            [
              73.847209,
              18.441074
            ],
            [
              73.847236,
              18.441225
            ],
            [
              73.84731,
              18.441601
            ],
            [
              73.84786,
              18.441421
            ],
            [
              73.848359,
              18.441249
            ],
            [
              73.848448,
              18.441468
            ],
            [
              73.848453,
              18.441473
            ],
            [
              73.848593,
              18.441549
            ],
            [
              73.848682,
              18.441829
            ],
            [
              73.848515,
              18.442092
            ],
            [
              73.848373,
              18.442317
            ],
            [
              73.848504,
              18.442343
            ],
            [
              73.848366,
              18.442663
            ],
            [
              73.84849,
              18.442968
            ],
            [
              73.848666,
              18.443191
            ],
            [
              73.848832,
              18.443468
            ],
            [
              73.848857,
              18.443509
            ],
            [
              73.848973,
              18.443756
            ],
            [
              73.849137,
              18.444082
            ],
            [
              73.849217,
              18.444388
            ],
            [
              73.849419,
              18.444235
            ],
            [
              73.849629,
              18.444077
            ],
            [
              73.849769,
              18.443925
            ],
            [
              73.850037,
              18.443742
            ],
            [
              73.850211,
              18.44366
            ],
            [
              73.850345,
              18.44358
            ],
            [
              73.850457,
              18.443467
            ],
            [
              73.850537,
              18.443424
            ],
            [
              73.850655,
              18.443359
            ],
            [
              73.850688,
              18.443345
            ],
            [
              73.850834,
              18.443284
            ],
            [
              73.850881,
              18.443264
            ],
            [
              73.850987,
              18.443227
            ],
            [
              73.851049,
              18.443205
            ],
            [
              73.851088,
              18.443191
            ],
            [
              73.851093,
              18.44319
            ],
            [
              73.85112,
              18.443177
            ],
            [
              73.851286,
              18.443098
            ],
            [
              73.851371,
              18.443059
            ],
            [
              73.851695,
              18.442931
            ],
            [
              73.851854,
              18.442841
            ],
            [
              73.852028,
              18.442747
            ],
            [
              73.852103,
              18.442603
            ],
            [
              73.852175,
              18.442522
            ],
            [
              73.852207,
              18.442485
            ],
            [
              73.852265,
              18.442412
            ],
            [
              73.852382,
              18.442261
            ],
            [
              73.852506,
              18.442088
            ],
            [
              73.852596,
              18.441858
            ],
            [
              73.852705,
              18.441618
            ],
            [
              73.852804,
              18.441376
            ],
            [
              73.852855,
              18.441199
            ],
            [
              73.852885,
              18.441108
            ],
            [
              73.852981,
              18.440817
            ],
            [
              73.853021,
              18.440671
            ],
            [
              73.853038,
              18.440528
            ],
            [
              73.85305,
              18.440419
            ],
            [
              73.853081,
              18.440284
            ],
            [
              73.853097,
              18.439934
            ],
            [
              73.853154,
              18.439806
            ],
            [
              73.853261,
              18.439485
            ],
            [
              73.853287,
              18.439324
            ],
            [
              73.853348,
              18.439122
            ],
            [
              73.853345,
              18.438975
            ],
            [
              73.85333,
              18.438743
            ],
            [
              73.853337,
              18.438644
            ],
            [
              73.853347,
              18.438533
            ],
            [
              73.853338,
              18.438404
            ],
            [
              73.853343,
              18.43838
            ],
            [
              73.853404,
              18.438162
            ],
            [
              73.853405,
              18.43791
            ],
            [
              73.853412,
              18.437569
            ],
            [
              73.853477,
              18.437355
            ],
            [
              73.853498,
              18.437076
            ],
            [
              73.853538,
              18.436764
            ],
            [
              73.853601,
              18.436572
            ],
            [
              73.853704,
              18.436312
            ],
            [
              73.853801,
              18.435979
            ],
            [
              73.853974,
              18.435708
            ],
            [
              73.854015,
              18.435616
            ],
            [
              73.8541,
              18.43539
            ],
            [
              73.854109,
              18.435366
            ],
            [
              73.854125,
              18.435099
            ],
            [
              73.854201,
              18.434878
            ],
            [
              73.854404,
              18.434766
            ],
            [
              73.854599,
              18.434713
            ],
            [
              73.854779,
              18.434605
            ],
            [
              73.854942,
              18.434469
            ],
            [
              73.855042,
              18.434425
            ],
            [
              73.85528,
              18.434327
            ],
            [
              73.855474,
              18.434317
            ],
            [
              73.855572,
              18.434312
            ],
            [
              73.855823,
              18.434311
            ],
            [
              73.856393,
              18.434333
            ],
            [
              73.856723,
              18.434367
            ],
            [
              73.857031,
              18.434407
            ],
            [
              73.857159,
              18.434416
            ],
            [
              73.857203,
              18.434422
            ],
            [
              73.857557,
              18.434487
            ],
            [
              73.857723,
              18.434653
            ],
            [
              73.85805,
              18.434711
            ],
            [
              73.858381,
              18.434678
            ],
            [
              73.858676,
              18.434512
            ],
            [
              73.858945,
              18.434339
            ],
            [
              73.859243,
              18.434169
            ],
            [
              73.859458,
              18.433978
            ],
            [
              73.859633,
              18.434195
            ],
            [
              73.859803,
              18.434496
            ],
            [
              73.859804,
              18.434495
            ],
            [
              73.859882,
              18.434409
            ],
            [
              73.859935,
              18.434351
            ],
            [
              73.860133,
              18.434305
            ],
            [
              73.860173,
              18.434296
            ],
            [
              73.860218,
              18.434303
            ],
            [
              73.86027,
              18.434311
            ],
            [
              73.860443,
              18.434412
            ],
            [
              73.860594,
              18.434532
            ],
            [
              73.860751,
              18.434681
            ],
            [
              73.860849,
              18.434723
            ],
            [
              73.860937,
              18.434773
            ],
            [
              73.861006,
              18.434809
            ],
            [
              73.861048,
              18.434831
            ],
            [
              73.861071,
              18.434843
            ],
            [
              73.861156,
              18.43489
            ],
            [
              73.861247,
              18.434926
            ],
            [
              73.861262,
              18.434931
            ],
            [
              73.861356,
              18.434996
            ],
            [
              73.861392,
              18.43502
            ],
            [
              73.861475,
              18.435111
            ],
            [
              73.861476,
              18.435112
            ],
            [
              73.861477,
              18.435203
            ],
            [
              73.861468,
              18.435231
            ],
            [
              73.861454,
              18.435278
            ],
            [
              73.861379,
              18.435335
            ],
            [
              73.861327,
              18.43544
            ],
            [
              73.861208,
              18.435626
            ],
            [
              73.861175,
              18.435703
            ],
            [
              73.861174,
              18.435767
            ],
            [
              73.861172,
              18.435816
            ],
            [
              73.861126,
              18.435876
            ],
            [
              73.86107,
              18.436083
            ],
            [
              73.861175,
              18.436126
            ],
            [
              73.861318,
              18.436021
            ],
            [
              73.861402,
              18.435873
            ],
            [
              73.861404,
              18.435872
            ],
            [
              73.861656,
              18.435706
            ],
            [
              73.862171,
              18.435657
            ],
            [
              73.862412,
              18.435555
            ],
            [
              73.862801,
              18.435355
            ],
            [
              73.862904,
              18.4351
            ],
            [
              73.863192,
              18.434312
            ],
            [
              73.863194,
              18.434312
            ],
            [
              73.864151,
              18.434607
            ],
            [
              73.864153,
              18.434604
            ],
            [
              73.864305,
              18.434244
            ],
            [
              73.864501,
              18.433779
            ],
            [
              73.864611,
              18.433518
            ],
            [
              73.864616,
              18.433512
            ],
            [
              73.864665,
              18.433469
            ],
            [
              73.864748,
              18.433395
            ],
            [
              73.864765,
              18.433379
            ],
            [
              73.864789,
              18.433358
            ],
            [
              73.864854,
              18.433299
            ],
            [
              73.864877,
              18.433226
            ],
            [
              73.864923,
              18.433074
            ],
            [
              73.864969,
              18.432922
            ],
            [
              73.864997,
              18.432854
            ],
            [
              73.865068,
              18.432683
            ],
            [
              73.865101,
              18.432602
            ],
            [
              73.865177,
              18.43242
            ],
            [
              73.865226,
              18.4323
            ],
            [
              73.865228,
              18.432299
            ],
            [
              73.865273,
              18.432284
            ],
            [
              73.865324,
              18.432266
            ],
            [
              73.865331,
              18.432264
            ],
            [
              73.865348,
              18.432258
            ],
            [
              73.865408,
              18.432237
            ],
            [
              73.865445,
              18.432243
            ],
            [
              73.866379,
              18.432403
            ],
            [
              73.867029,
              18.432537
            ],
            [
              73.867606,
              18.432657
            ],
            [
              73.867499,
              18.433185
            ],
            [
              73.867423,
              18.433559
            ],
            [
              73.867455,
              18.433974
            ],
            [
              73.867505,
              18.434617
            ],
            [
              73.867718,
              18.434895
            ],
            [
              73.86785,
              18.435331
            ],
            [
              73.868049,
              18.435322
            ],
            [
              73.868324,
              18.435355
            ],
            [
              73.868395,
              18.435486
            ],
            [
              73.868535,
              18.435478
            ],
            [
              73.868539,
              18.435476
            ],
            [
              73.868706,
              18.435415
            ],
            [
              73.86891,
              18.435448
            ],
            [
              73.868946,
              18.435603
            ],
            [
              73.868968,
              18.435894
            ],
            [
              73.868978,
              18.435927
            ],
            [
              73.869018,
              18.436067
            ],
            [
              73.869091,
              18.436328
            ],
            [
              73.869127,
              18.436461
            ],
            [
              73.869142,
              18.436514
            ],
            [
              73.869235,
              18.436831
            ],
            [
              73.86926,
              18.4371
            ],
            [
              73.869426,
              18.437395
            ],
            [
              73.869565,
              18.437577
            ],
            [
              73.869568,
              18.437579
            ],
            [
              73.869847,
              18.437761
            ],
            [
              73.869953,
              18.437924
            ],
            [
              73.869955,
              18.437928
            ],
            [
              73.87006,
              18.438176
            ],
            [
              73.870087,
              18.438394
            ],
            [
              73.870038,
              18.438678
            ],
            [
              73.869733,
              18.439462
            ],
            [
              73.869734,
              18.439462
            ],
            [
              73.870417,
              18.439024
            ],
            [
              73.870731,
              18.438905
            ],
            [
              73.870953,
              18.438821
            ],
            [
              73.870956,
              18.43882
            ],
            [
              73.871144,
              18.43884
            ],
            [
              73.87147,
              18.438865
            ],
            [
              73.871718,
              18.438944
            ],
            [
              73.87186,
              18.438924
            ],
            [
              73.871923,
              18.438916
            ],
            [
              73.871991,
              18.438888
            ],
            [
              73.872079,
              18.438852
            ],
            [
              73.872181,
              18.438812
            ],
            [
              73.872254,
              18.438784
            ],
            [
              73.872365,
              18.43874
            ],
            [
              73.872645,
              18.438731
            ],
            [
              73.872916,
              18.438706
            ],
            [
              73.873259,
              18.438659
            ],
            [
              73.873335,
              18.438686
            ],
            [
              73.873683,
              18.438811
            ],
            [
              73.873825,
              18.438919
            ],
            [
              73.874191,
              18.439197
            ],
            [
              73.874539,
              18.439745
            ],
            [
              73.874741,
              18.440149
            ],
            [
              73.874856,
              18.440529
            ],
            [
              73.875186,
              18.440767
            ],
            [
              73.875562,
              18.440912
            ],
            [
              73.87572,
              18.440595
            ],
            [
              73.875867,
              18.440296
            ],
            [
              73.875867,
              18.440194
            ],
            [
              73.875867,
              18.439886
            ],
            [
              73.875942,
              18.439558
            ],
            [
              73.876173,
              18.439342
            ],
            [
              73.876394,
              18.43916
            ],
            [
              73.876472,
              18.439095
            ],
            [
              73.876888,
              18.438437
            ],
            [
              73.877129,
              18.438201
            ],
            [
              73.877281,
              18.438054
            ],
            [
              73.877601,
              18.437878
            ],
            [
              73.877616,
              18.43787
            ],
            [
              73.877816,
              18.437711
            ],
            [
              73.877867,
              18.43767
            ],
            [
              73.878041,
              18.436671
            ],
            [
              73.878304,
              18.435994
            ],
            [
              73.878318,
              18.435983
            ],
            [
              73.878654,
              18.435629
            ],
            [
              73.878675,
              18.435263
            ],
            [
              73.87868,
              18.435164
            ],
            [
              73.878682,
              18.435105
            ],
            [
              73.878619,
              18.435017
            ],
            [
              73.878589,
              18.434973
            ],
            [
              73.878545,
              18.434854
            ],
            [
              73.878526,
              18.434801
            ],
            [
              73.878424,
              18.434588
            ],
            [
              73.87844,
              18.434451
            ],
            [
              73.8784,
              18.434415
            ],
            [
              73.87839,
              18.434294
            ],
            [
              73.878392,
              18.434109
            ],
            [
              73.878374,
              18.433827
            ],
            [
              73.878361,
              18.43366
            ],
            [
              73.878365,
              18.433505
            ],
            [
              73.878355,
              18.433474
            ],
            [
              73.87838,
              18.433285
            ],
            [
              73.878407,
              18.433128
            ],
            [
              73.87841,
              18.432982
            ],
            [
              73.878354,
              18.432898
            ],
            [
              73.878312,
              18.432814
            ],
            [
              73.87829,
              18.432769
            ],
            [
              73.878262,
              18.432702
            ],
            [
              73.87825,
              18.432673
            ],
            [
              73.878242,
              18.432654
            ],
            [
              73.878282,
              18.432514
            ],
            [
              73.878295,
              18.432462
            ],
            [
              73.878308,
              18.432408
            ],
            [
              73.878341,
              18.432274
            ],
            [
              73.878369,
              18.432235
            ],
            [
              73.878382,
              18.432216
            ],
            [
              73.878504,
              18.4321
            ],
            [
              73.878619,
              18.431967
            ],
            [
              73.878672,
              18.431841
            ],
            [
              73.878705,
              18.431746
            ],
            [
              73.878735,
              18.43166
            ],
            [
              73.878748,
              18.431449
            ],
            [
              73.878805,
              18.431348
            ],
            [
              73.878798,
              18.431163
            ],
            [
              73.878795,
              18.431147
            ],
            [
              73.878776,
              18.431042
            ],
            [
              73.878735,
              18.430857
            ],
            [
              73.87881,
              18.430693
            ],
            [
              73.878839,
              18.430396
            ],
            [
              73.878845,
              18.430096
            ],
            [
              73.878884,
              18.429874
            ],
            [
              73.878982,
              18.429488
            ],
            [
              73.879055,
              18.429158
            ],
            [
              73.879006,
              18.428952
            ],
            [
              73.879065,
              18.428836
            ],
            [
              73.879206,
              18.428829
            ],
            [
              73.879311,
              18.428845
            ],
            [
              73.879501,
              18.428912
            ],
            [
              73.879587,
              18.428999
            ]
          ]
        ]
      },
      "properties": {
        "city_id": "pune",
        "ward_id": "pun-014",
        "ward_name": "Admin Ward 14 Dhankawadi",
        "corporation": "Pune Municipal Corporation",
        "zone": "Admin Ward 14 Dhankawadi",
        "area_sqkm": 11.74,
        "centroid": [
          73.858523,
          18.446191
        ]
      }
    },
    {
      "type": "Feature",
      "id": "pun-015",
      "geometry": {
        "type": "Polygon",
        "coordinates": [
          [
            [
              73.897148,
              18.530028
            ],
            [
              73.896941,
              18.529484
            ],
            [
              73.896435,
              18.528252
            ],
            [
              73.896451,
              18.528146
            ],
            [
              73.896575,
              18.527987
            ],
            [
              73.896786,
              18.527722
            ],
            [
              73.896876,
              18.52761
            ],
            [
              73.897004,
              18.527484
            ],
            [
              73.897138,
              18.527364
            ],
            [
              73.897264,
              18.527245
            ],
            [
              73.897208,
              18.527101
            ],
            [
              73.897337,
              18.527049
            ],
            [
              73.897493,
              18.526988
            ],
            [
              73.89762,
              18.526941
            ],
            [
              73.897905,
              18.526798
            ],
            [
              73.898124,
              18.526664
            ],
            [
              73.898312,
              18.526536
            ],
            [
              73.89861,
              18.526311
            ],
            [
              73.898853,
              18.526079
            ],
            [
              73.898965,
              18.525963
            ],
            [
              73.899189,
              18.525691
            ],
            [
              73.899502,
              18.52526
            ],
            [
              73.899801,
              18.524857
            ],
            [
              73.900098,
              18.52442
            ],
            [
              73.900451,
              18.523889
            ],
            [
              73.900953,
              18.523131
            ],
            [
              73.900865,
              18.522928
            ],
            [
              73.900674,
              18.522607
            ],
            [
              73.900588,
              18.522443
            ],
            [
              73.900515,
              18.522157
            ],
            [
              73.900514,
              18.521946
            ],
            [
              73.900529,
              18.521769
            ],
            [
              73.900549,
              18.521646
            ],
            [
              73.900591,
              18.521542
            ],
            [
              73.900649,
              18.521436
            ],
            [
              73.900705,
              18.521356
            ],
            [
              73.900722,
              18.521302
            ],
            [
              73.900739,
              18.521199
            ],
            [
              73.900742,
              18.521109
            ],
            [
              73.900707,
              18.521017
            ],
            [
              73.900684,
              18.520943
            ],
            [
              73.900596,
              18.520737
            ],
            [
              73.900563,
              18.520631
            ],
            [
              73.900524,
              18.520483
            ],
            [
              73.900495,
              18.520385
            ],
            [
              73.900388,
              18.520108
            ],
            [
              73.900345,
              18.519988
            ],
            [
              73.900278,
              18.519881
            ],
            [
              73.900094,
              18.519652
            ],
            [
              73.899872,
              18.51942
            ],
            [
              73.899781,
              18.519291
            ],
            [
              73.899698,
              18.519164
            ],
            [
              73.899643,
              18.519102
            ],
            [
              73.899597,
              18.519043
            ],
            [
              73.899554,
              18.518979
            ],
            [
              73.899514,
              18.518914
            ],
            [
              73.899417,
              18.518851
            ],
            [
              73.899299,
              18.518817
            ],
            [
              73.899184,
              18.518832
            ],
            [
              73.899078,
              18.518857
            ],
            [
              73.899069,
              18.518856
            ],
            [
              73.898995,
              18.518871
            ],
            [
              73.898847,
              18.518922
            ],
            [
              73.898774,
              18.51891
            ],
            [
              73.8987,
              18.518856
            ],
            [
              73.898434,
              18.518546
            ],
            [
              73.898387,
              18.518453
            ],
            [
              73.898375,
              18.518383
            ],
            [
              73.89837,
              18.518288
            ],
            [
              73.898416,
              18.518181
            ],
            [
              73.898454,
              18.518061
            ],
            [
              73.898469,
              18.517877
            ],
            [
              73.898482,
              18.517781
            ],
            [
              73.898486,
              18.517697
            ],
            [
              73.898504,
              18.517573
            ],
            [
              73.89851,
              18.517433
            ],
            [
              73.898505,
              18.517339
            ],
            [
              73.898492,
              18.517216
            ],
            [
              73.89843,
              18.516991
            ],
            [
              73.898402,
              18.516903
            ],
            [
              73.898322,
              18.516773
            ],
            [
              73.898301,
              18.516738
            ],
            [
              73.898165,
              18.516467
            ],
            [
              73.898139,
              18.5164
            ],
            [
              73.898114,
              18.516335
            ],
            [
              73.898104,
              18.516261
            ],
            [
              73.898086,
              18.516139
            ],
            [
              73.898087,
              18.516058
            ],
            [
              73.898106,
              18.51593
            ],
            [
              73.898138,
              18.515831
            ],
            [
              73.898227,
              18.515683
            ],
            [
              73.898276,
              18.515572
            ],
            [
              73.898322,
              18.515449
            ],
            [
              73.898459,
              18.515289
            ],
            [
              73.89853,
              18.515237
            ],
            [
              73.898553,
              18.515222
            ],
            [
              73.898689,
              18.515102
            ],
            [
              73.898772,
              18.515016
            ],
            [
              73.898926,
              18.514776
            ],
            [
              73.898988,
              18.51468
            ],
            [
              73.899056,
              18.514614
            ],
            [
              73.899155,
              18.514577
            ],
            [
              73.89928,
              18.514562
            ],
            [
              73.899383,
              18.51453
            ],
            [
              73.899475,
              18.51451
            ],
            [
              73.899555,
              18.514458
            ],
            [
              73.899623,
              18.514359
            ],
            [
              73.899658,
              18.514264
            ],
            [
              73.899724,
              18.514135
            ],
            [
              73.899751,
              18.514079
            ],
            [
              73.899817,
              18.513964
            ],
            [
              73.899882,
              18.513856
            ],
            [
              73.899948,
              18.51377
            ],
            [
              73.900026,
              18.513679
            ],
            [
              73.90014,
              18.513528
            ],
            [
              73.90021,
              18.513431
            ],
            [
              73.90026,
              18.51336
            ],
            [
              73.900311,
              18.513294
            ],
            [
              73.900341,
              18.513227
            ],
            [
              73.900378,
              18.51313
            ],
            [
              73.900383,
              18.512944
            ],
            [
              73.900391,
              18.512811
            ],
            [
              73.900383,
              18.512743
            ],
            [
              73.900369,
              18.512652
            ],
            [
              73.900376,
              18.512516
            ],
            [
              73.900378,
              18.512439
            ],
            [
              73.9004,
              18.512269
            ],
            [
              73.900381,
              18.51219
            ],
            [
              73.900365,
              18.512043
            ],
            [
              73.900327,
              18.511902
            ],
            [
              73.900299,
              18.511826
            ],
            [
              73.900314,
              18.511724
            ],
            [
              73.900328,
              18.511667
            ],
            [
              73.900348,
              18.51158
            ],
            [
              73.90035,
              18.511487
            ],
            [
              73.900313,
              18.511407
            ],
            [
              73.900291,
              18.511327
            ],
            [
              73.900364,
              18.511164
            ],
            [
              73.900362,
              18.511071
            ],
            [
              73.900326,
              18.510979
            ],
            [
              73.900279,
              18.510882
            ],
            [
              73.900246,
              18.510777
            ],
            [
              73.900149,
              18.510572
            ],
            [
              73.900121,
              18.510466
            ],
            [
              73.900122,
              18.510352
            ],
            [
              73.900143,
              18.510233
            ],
            [
              73.900212,
              18.510075
            ],
            [
              73.900282,
              18.509919
            ],
            [
              73.900324,
              18.509796
            ],
            [
              73.900381,
              18.509707
            ],
            [
              73.900555,
              18.509565
            ],
            [
              73.900622,
              18.509508
            ],
            [
              73.900734,
              18.509337
            ],
            [
              73.900746,
              18.509196
            ],
            [
              73.900733,
              18.509103
            ],
            [
              73.900742,
              18.508893
            ],
            [
              73.900728,
              18.508831
            ],
            [
              73.900745,
              18.508761
            ],
            [
              73.900807,
              18.50868
            ],
            [
              73.900811,
              18.508665
            ],
            [
              73.90083,
              18.508569
            ],
            [
              73.900879,
              18.50843
            ],
            [
              73.900905,
              18.508295
            ],
            [
              73.900904,
              18.508173
            ],
            [
              73.900952,
              18.507999
            ],
            [
              73.901015,
              18.507731
            ],
            [
              73.901018,
              18.507569
            ],
            [
              73.901063,
              18.50733
            ],
            [
              73.901115,
              18.507208
            ],
            [
              73.901216,
              18.507098
            ],
            [
              73.901328,
              18.507052
            ],
            [
              73.901527,
              18.507038
            ],
            [
              73.901714,
              18.507034
            ],
            [
              73.901922,
              18.507022
            ],
            [
              73.90217,
              18.506924
            ],
            [
              73.902239,
              18.506834
            ],
            [
              73.902283,
              18.506741
            ],
            [
              73.90233,
              18.50664
            ],
            [
              73.902383,
              18.506538
            ],
            [
              73.902595,
              18.506418
            ],
            [
              73.90273,
              18.50634
            ],
            [
              73.902902,
              18.506194
            ],
            [
              73.902979,
              18.506116
            ],
            [
              73.90303,
              18.506052
            ],
            [
              73.90307,
              18.505964
            ],
            [
              73.903132,
              18.505878
            ],
            [
              73.903219,
              18.50575
            ],
            [
              73.903303,
              18.505649
            ],
            [
              73.90332,
              18.50563
            ],
            [
              73.903514,
              18.505512
            ],
            [
              73.903621,
              18.505428
            ],
            [
              73.903722,
              18.505333
            ],
            [
              73.903788,
              18.505242
            ],
            [
              73.903832,
              18.505179
            ],
            [
              73.903883,
              18.505127
            ],
            [
              73.903938,
              18.505054
            ],
            [
              73.903951,
              18.50498
            ],
            [
              73.903953,
              18.504974
            ],
            [
              73.903937,
              18.504924
            ],
            [
              73.903932,
              18.504885
            ],
            [
              73.903825,
              18.504898
            ],
            [
              73.903427,
              18.504904
            ],
            [
              73.902683,
              18.504918
            ],
            [
              73.901832,
              18.504934
            ],
            [
              73.901024,
              18.504949
            ],
            [
              73.90101,
              18.504704
            ],
            [
              73.900365,
              18.50473
            ],
            [
              73.899858,
              18.504751
            ],
            [
              73.899873,
              18.504479
            ],
            [
              73.899873,
              18.504281
            ],
            [
              73.899873,
              18.504193
            ],
            [
              73.899872,
              18.504176
            ],
            [
              73.899876,
              18.504117
            ],
            [
              73.899876,
              18.504109
            ],
            [
              73.899879,
              18.504047
            ],
            [
              73.899883,
              18.503972
            ],
            [
              73.899885,
              18.503931
            ],
            [
              73.899886,
              18.503895
            ],
            [
              73.899887,
              18.50387
            ],
            [
              73.899888,
              18.503822
            ],
            [
              73.899889,
              18.503749
            ],
            [
              73.899891,
              18.503667
            ],
            [
              73.899892,
              18.503653
            ],
            [
              73.899886,
              18.503621
            ],
            [
              73.899882,
              18.503601
            ],
            [
              73.899874,
              18.503558
            ],
            [
              73.899864,
              18.503502
            ],
            [
              73.899857,
              18.503462
            ],
            [
              73.899847,
              18.503411
            ],
            [
              73.89975,
              18.50326
            ],
            [
              73.899637,
              18.503149
            ],
            [
              73.899608,
              18.503098
            ],
            [
              73.899587,
              18.503061
            ],
            [
              73.899574,
              18.503039
            ],
            [
              73.899535,
              18.502981
            ],
            [
              73.899471,
              18.502886
            ],
            [
              73.899366,
              18.502709
            ],
            [
              73.899299,
              18.502601
            ],
            [
              73.899256,
              18.502512
            ],
            [
              73.899237,
              18.502473
            ],
            [
              73.899188,
              18.502387
            ],
            [
              73.899183,
              18.502232
            ],
            [
              73.899183,
              18.502194
            ],
            [
              73.899184,
              18.502159
            ],
            [
              73.899186,
              18.502098
            ],
            [
              73.899186,
              18.502045
            ],
            [
              73.899188,
              18.501921
            ],
            [
              73.899192,
              18.501776
            ],
            [
              73.899226,
              18.501616
            ],
            [
              73.899227,
              18.501416
            ],
            [
              73.899216,
              18.501293
            ],
            [
              73.899153,
              18.501146
            ],
            [
              73.899108,
              18.501015
            ],
            [
              73.899094,
              18.500972
            ],
            [
              73.899037,
              18.500873
            ],
            [
              73.899016,
              18.500838
            ],
            [
              73.898976,
              18.50065
            ],
            [
              73.89892,
              18.5005
            ],
            [
              73.898876,
              18.500363
            ],
            [
              73.898849,
              18.500205
            ],
            [
              73.898852,
              18.500061
            ],
            [
              73.898986,
              18.499725
            ],
            [
              73.899052,
              18.499621
            ],
            [
              73.899052,
              18.49962
            ],
            [
              73.899035,
              18.499501
            ],
            [
              73.899031,
              18.499492
            ],
            [
              73.898972,
              18.499353
            ],
            [
              73.898852,
              18.499203
            ],
            [
              73.898725,
              18.499069
            ],
            [
              73.89855,
              18.498931
            ],
            [
              73.898431,
              18.498764
            ],
            [
              73.89843,
              18.498497
            ],
            [
              73.898453,
              18.4983
            ],
            [
              73.898388,
              18.498114
            ],
            [
              73.898272,
              18.497987
            ],
            [
              73.897916,
              18.497746
            ],
            [
              73.897675,
              18.497592
            ],
            [
              73.897187,
              18.497179
            ],
            [
              73.89702,
              18.497041
            ],
            [
              73.896695,
              18.496762
            ],
            [
              73.896467,
              18.496602
            ],
            [
              73.896358,
              18.496524
            ],
            [
              73.896207,
              18.496397
            ],
            [
              73.896142,
              18.496308
            ],
            [
              73.896131,
              18.496287
            ],
            [
              73.896123,
              18.496185
            ],
            [
              73.896176,
              18.495972
            ],
            [
              73.896268,
              18.495704
            ],
            [
              73.896318,
              18.495549
            ],
            [
              73.896343,
              18.495451
            ],
            [
              73.896346,
              18.495436
            ],
            [
              73.896356,
              18.495275
            ],
            [
              73.896365,
              18.495044
            ],
            [
              73.89639,
              18.49496
            ],
            [
              73.896372,
              18.494914
            ],
            [
              73.896338,
              18.494835
            ],
            [
              73.896331,
              18.494767
            ],
            [
              73.896325,
              18.494672
            ],
            [
              73.896317,
              18.494598
            ],
            [
              73.896352,
              18.494538
            ],
            [
              73.89635,
              18.494487
            ],
            [
              73.896332,
              18.494413
            ],
            [
              73.896311,
              18.494343
            ],
            [
              73.89631,
              18.494266
            ],
            [
              73.896341,
              18.494188
            ],
            [
              73.896408,
              18.494128
            ],
            [
              73.896464,
              18.494099
            ],
            [
              73.896481,
              18.494099
            ],
            [
              73.896548,
              18.494098
            ],
            [
              73.896598,
              18.494106
            ],
            [
              73.896648,
              18.494121
            ],
            [
              73.896723,
              18.494136
            ],
            [
              73.896828,
              18.494163
            ],
            [
              73.896898,
              18.494163
            ],
            [
              73.896985,
              18.494114
            ],
            [
              73.897052,
              18.494048
            ],
            [
              73.897131,
              18.493945
            ],
            [
              73.897181,
              18.493851
            ],
            [
              73.897198,
              18.493779
            ],
            [
              73.897248,
              18.493647
            ],
            [
              73.897278,
              18.493536
            ],
            [
              73.897346,
              18.493435
            ],
            [
              73.897437,
              18.493313
            ],
            [
              73.897506,
              18.493201
            ],
            [
              73.897578,
              18.493099
            ],
            [
              73.89759,
              18.49303
            ],
            [
              73.897559,
              18.492957
            ],
            [
              73.897498,
              18.492904
            ],
            [
              73.897479,
              18.492887
            ],
            [
              73.897369,
              18.492818
            ],
            [
              73.897153,
              18.492673
            ],
            [
              73.896992,
              18.492567
            ],
            [
              73.896857,
              18.492458
            ],
            [
              73.896815,
              18.492425
            ],
            [
              73.896751,
              18.49236
            ],
            [
              73.896713,
              18.492294
            ],
            [
              73.896672,
              18.492179
            ],
            [
              73.896661,
              18.492099
            ],
            [
              73.896659,
              18.491884
            ],
            [
              73.896651,
              18.491785
            ],
            [
              73.896659,
              18.491681
            ],
            [
              73.896603,
              18.491532
            ],
            [
              73.896539,
              18.49142
            ],
            [
              73.896467,
              18.491344
            ],
            [
              73.896265,
              18.491114
            ],
            [
              73.896208,
              18.49105
            ],
            [
              73.896104,
              18.490946
            ],
            [
              73.896067,
              18.490905
            ],
            [
              73.895953,
              18.490776
            ],
            [
              73.895892,
              18.490729
            ],
            [
              73.89584,
              18.49065
            ],
            [
              73.895839,
              18.490608
            ],
            [
              73.895836,
              18.490564
            ],
            [
              73.895851,
              18.490455
            ],
            [
              73.895889,
              18.490395
            ],
            [
              73.895935,
              18.490306
            ],
            [
              73.895933,
              18.490221
            ],
            [
              73.895933,
              18.490211
            ],
            [
              73.895893,
              18.49004
            ],
            [
              73.895869,
              18.489914
            ],
            [
              73.895853,
              18.489849
            ],
            [
              73.895841,
              18.489791
            ],
            [
              73.89581,
              18.489698
            ],
            [
              73.895741,
              18.489616
            ],
            [
              73.895639,
              18.489532
            ],
            [
              73.895557,
              18.489467
            ],
            [
              73.895521,
              18.489436
            ],
            [
              73.895448,
              18.489352
            ],
            [
              73.895354,
              18.489228
            ],
            [
              73.89527,
              18.489069
            ],
            [
              73.895258,
              18.489
            ],
            [
              73.895197,
              18.488833
            ],
            [
              73.895149,
              18.488699
            ],
            [
              73.895093,
              18.488552
            ],
            [
              73.895029,
              18.488363
            ],
            [
              73.894971,
              18.488252
            ],
            [
              73.894931,
              18.488177
            ],
            [
              73.8949,
              18.488179
            ],
            [
              73.894819,
              18.488185
            ],
            [
              73.894585,
              18.488247
            ],
            [
              73.894302,
              18.488269
            ],
            [
              73.894112,
              18.488276
            ],
            [
              73.893947,
              18.488269
            ],
            [
              73.893743,
              18.48826
            ],
            [
              73.893602,
              18.488229
            ],
            [
              73.893411,
              18.488161
            ],
            [
              73.893182,
              18.488099
            ],
            [
              73.892968,
              18.488044
            ],
            [
              73.892926,
              18.487999
            ],
            [
              73.892898,
              18.487144
            ],
            [
              73.892885,
              18.486708
            ],
            [
              73.892885,
              18.48605
            ],
            [
              73.892884,
              18.485788
            ],
            [
              73.892921,
              18.485051
            ],
            [
              73.892921,
              18.48438
            ],
            [
              73.892935,
              18.484152
            ],
            [
              73.89294,
              18.484027
            ],
            [
              73.892919,
              18.483641
            ],
            [
              73.892925,
              18.483434
            ],
            [
              73.892915,
              18.483285
            ],
            [
              73.892934,
              18.483133
            ],
            [
              73.89294,
              18.483008
            ],
            [
              73.892927,
              18.482876
            ],
            [
              73.892964,
              18.48278
            ],
            [
              73.892978,
              18.482645
            ],
            [
              73.892979,
              18.482577
            ],
            [
              73.892819,
              18.482618
            ],
            [
              73.892718,
              18.482641
            ],
            [
              73.892392,
              18.482702
            ],
            [
              73.892229,
              18.482726
            ],
            [
              73.892182,
              18.482733
            ],
            [
              73.891585,
              18.482816
            ],
            [
              73.891264,
              18.48284
            ],
            [
              73.891145,
              18.482836
            ],
            [
              73.891014,
              18.482845
            ],
            [
              73.89089,
              18.482826
            ],
            [
              73.890798,
              18.482722
            ],
            [
              73.890635,
              18.482626
            ],
            [
              73.890434,
              18.482865
            ],
            [
              73.890449,
              18.483038
            ],
            [
              73.890494,
              18.48324
            ],
            [
              73.8905,
              18.483252
            ],
            [
              73.890539,
              18.483355
            ],
            [
              73.890615,
              18.483456
            ],
            [
              73.890328,
              18.483978
            ],
            [
              73.889624,
              18.48618
            ],
            [
              73.889618,
              18.48618
            ],
            [
              73.88918,
              18.485927
            ],
            [
              73.888864,
              18.48574
            ],
            [
              73.888272,
              18.485401
            ],
            [
              73.887862,
              18.485192
            ],
            [
              73.887313,
              18.484915
            ],
            [
              73.886885,
              18.484704
            ],
            [
              73.886711,
              18.484644
            ],
            [
              73.886366,
              18.484527
            ],
            [
              73.885525,
              18.484317
            ],
            [
              73.885141,
              18.484232
            ],
            [
              73.884977,
              18.484196
            ],
            [
              73.884517,
              18.484095
            ],
            [
              73.884096,
              18.484021
            ],
            [
              73.883738,
              18.483959
            ],
            [
              73.882962,
              18.483823
            ],
            [
              73.882358,
              18.483717
            ],
            [
              73.881804,
              18.483619
            ],
            [
              73.881094,
              18.483418
            ],
            [
              73.880738,
              18.483319
            ],
            [
              73.880092,
              18.483115
            ],
            [
              73.87954,
              18.482956
            ],
            [
              73.879208,
              18.482863
            ],
            [
              73.878713,
              18.482703
            ],
            [
              73.878519,
              18.482623
            ],
            [
              73.878382,
              18.482521
            ],
            [
              73.878283,
              18.482407
            ],
            [
              73.878172,
              18.482328
            ],
            [
              73.878063,
              18.482267
            ],
            [
              73.878091,
              18.481322
            ],
            [
              73.878103,
              18.48092
            ],
            [
              73.877938,
              18.479951
            ],
            [
              73.877847,
              18.47942
            ],
            [
              73.877746,
              18.478832
            ],
            [
              73.877636,
              18.478183
            ],
            [
              73.877629,
              18.477459
            ],
            [
              73.877579,
              18.47711
            ],
            [
              73.877574,
              18.477077
            ],
            [
              73.87746,
              18.476301
            ],
            [
              73.877428,
              18.47608
            ],
            [
              73.877363,
              18.475638
            ],
            [
              73.877321,
              18.475352
            ],
            [
              73.877236,
              18.475249
            ],
            [
              73.877056,
              18.475035
            ],
            [
              73.876914,
              18.474876
            ],
            [
              73.876839,
              18.474632
            ],
            [
              73.876852,
              18.47442
            ],
            [
              73.876854,
              18.474416
            ],
            [
              73.876982,
              18.474231
            ],
            [
              73.877333,
              18.474121
            ],
            [
              73.877435,
              18.47347
            ],
            [
              73.877482,
              18.473161
            ],
            [
              73.877554,
              18.472489
            ],
            [
              73.877623,
              18.471833
            ],
            [
              73.876941,
              18.471874
            ],
            [
              73.87667,
              18.471839
            ],
            [
              73.876303,
              18.471876
            ],
            [
              73.876126,
              18.47191
            ],
            [
              73.875945,
              18.471947
            ],
            [
              73.875832,
              18.471974
            ],
            [
              73.875479,
              18.472054
            ],
            [
              73.875024,
              18.472117
            ],
            [
              73.875054,
              18.472005
            ],
            [
              73.875109,
              18.471767
            ],
            [
              73.87511,
              18.471671
            ],
            [
              73.875091,
              18.471496
            ],
            [
              73.875086,
              18.471326
            ],
            [
              73.875127,
              18.471249
            ],
            [
              73.875217,
              18.471151
            ],
            [
              73.875308,
              18.470895
            ],
            [
              73.875346,
              18.470787
            ],
            [
              73.875393,
              18.470656
            ],
            [
              73.875424,
              18.470568
            ],
            [
              73.875455,
              18.470484
            ],
            [
              73.875508,
              18.470339
            ],
            [
              73.875623,
              18.470022
            ],
            [
              73.875722,
              18.469752
            ],
            [
              73.875782,
              18.469586
            ],
            [
              73.875807,
              18.469517
            ],
            [
              73.875997,
              18.468995
            ],
            [
              73.876223,
              18.468219
            ],
            [
              73.876559,
              18.467073
            ],
            [
              73.876723,
              18.466478
            ],
            [
              73.876791,
              18.466245
            ],
            [
              73.87691,
              18.465834
            ],
            [
              73.876922,
              18.465813
            ],
            [
              73.877213,
              18.465347
            ],
            [
              73.877389,
              18.464974
            ],
            [
              73.877471,
              18.464791
            ],
            [
              73.877493,
              18.464538
            ],
            [
              73.877578,
              18.463752
            ],
            [
              73.877598,
              18.463216
            ],
            [
              73.877609,
              18.462987
            ],
            [
              73.877666,
              18.462181
            ],
            [
              73.877682,
              18.461758
            ],
            [
              73.877717,
              18.461367
            ],
            [
              73.877691,
              18.461134
            ],
            [
              73.875556,
              18.461169
            ],
            [
              73.874252,
              18.461169
            ],
            [
              73.872404,
              18.461152
            ],
            [
              73.871994,
              18.461117
            ],
            [
              73.870407,
              18.46101
            ],
            [
              73.869118,
              18.460926
            ],
            [
              73.869159,
              18.460571
            ],
            [
              73.869206,
              18.460161
            ],
            [
              73.869252,
              18.459751
            ],
            [
              73.86926,
              18.459685
            ],
            [
              73.869433,
              18.459179
            ],
            [
              73.869435,
              18.459175
            ],
            [
              73.869441,
              18.458984
            ],
            [
              73.869447,
              18.458811
            ],
            [
              73.86945,
              18.458718
            ],
            [
              73.869456,
              18.458535
            ],
            [
              73.869459,
              18.458457
            ],
            [
              73.869473,
              18.458457
            ],
            [
              73.869506,
              18.458458
            ],
            [
              73.869545,
              18.45846
            ],
            [
              73.869717,
              18.45847
            ],
            [
              73.869969,
              18.458482
            ],
            [
              73.870985,
              18.458548
            ],
            [
              73.872567,
              18.45864
            ],
            [
              73.872609,
              18.457955
            ],
            [
              73.872633,
              18.457577
            ],
            [
              73.872657,
              18.457227
            ],
            [
              73.872677,
              18.456982
            ],
            [
              73.872701,
              18.45673
            ],
            [
              73.872728,
              18.45642
            ],
            [
              73.872751,
              18.456144
            ],
            [
              73.872781,
              18.455743
            ],
            [
              73.872783,
              18.455719
            ],
            [
              73.872779,
              18.455549
            ],
            [
              73.872769,
              18.455182
            ],
            [
              73.872819,
              18.454346
            ],
            [
              73.872845,
              18.453993
            ],
            [
              73.872924,
              18.45332
            ],
            [
              73.872972,
              18.452912
            ],
            [
              73.873191,
              18.451631
            ],
            [
              73.873378,
              18.450433
            ],
            [
              73.873481,
              18.449897
            ],
            [
              73.873655,
              18.449085
            ],
            [
              73.873691,
              18.44892
            ],
            [
              73.873805,
              18.447965
            ],
            [
              73.873858,
              18.447449
            ],
            [
              73.873889,
              18.446953
            ],
            [
              73.873967,
              18.446399
            ],
            [
              73.874195,
              18.446411
            ],
            [
              73.874338,
              18.44546
            ],
            [
              73.874457,
              18.444733
            ],
            [
              73.874502,
              18.444381
            ],
            [
              73.874531,
              18.44406
            ],
            [
              73.874535,
              18.443843
            ],
            [
              73.874662,
              18.44364
            ],
            [
              73.874837,
              18.443491
            ],
            [
              73.875374,
              18.443268
            ],
            [
              73.875933,
              18.443036
            ],
            [
              73.876149,
              18.442611
            ],
            [
              73.876249,
              18.442399
            ],
            [
              73.876306,
              18.442174
            ],
            [
              73.876424,
              18.441892
            ],
            [
              73.87687,
              18.442018
            ],
            [
              73.877319,
              18.441078
            ],
            [
              73.877405,
              18.440894
            ],
            [
              73.877486,
              18.440679
            ],
            [
              73.877564,
              18.440473
            ],
            [
              73.877685,
              18.440224
            ],
            [
              73.877802,
              18.440129
            ],
            [
              73.877936,
              18.439975
            ],
            [
              73.877973,
              18.439809
            ],
            [
              73.877991,
              18.43969
            ],
            [
              73.877979,
              18.439543
            ],
            [
              73.877981,
              18.439526
            ],
            [
              73.878024,
              18.439284
            ],
            [
              73.87803,
              18.439255
            ],
            [
              73.878088,
              18.439087
            ],
            [
              73.878112,
              18.439018
            ],
            [
              73.878194,
              18.438823
            ],
            [
              73.878237,
              18.438725
            ],
            [
              73.878293,
              18.438546
            ],
            [
              73.878356,
              18.438322
            ],
            [
              73.878453,
              18.438252
            ],
            [
              73.879092,
              18.438183
            ],
            [
              73.879513,
              18.438132
            ],
            [
              73.87999,
              18.438061
            ],
            [
              73.880179,
              18.438049
            ],
            [
              73.880381,
              18.438032
            ],
            [
              73.880544,
              18.438032
            ],
            [
              73.880898,
              18.437707
            ],
            [
              73.881095,
              18.437564
            ],
            [
              73.881179,
              18.437503
            ],
            [
              73.881331,
              18.43735
            ],
            [
              73.881409,
              18.437273
            ],
            [
              73.881659,
              18.437157
            ],
            [
              73.881781,
              18.437261
            ],
            [
              73.881816,
              18.437288
            ],
            [
              73.882085,
              18.437558
            ],
            [
              73.882247,
              18.43782
            ],
            [
              73.882394,
              18.43803
            ],
            [
              73.88255,
              18.438291
            ],
            [
              73.882892,
              18.438538
            ],
            [
              73.883185,
              18.438874
            ],
            [
              73.883319,
              18.439103
            ],
            [
              73.883397,
              18.439215
            ],
            [
              73.883504,
              18.439379
            ],
            [
              73.883718,
              18.439535
            ],
            [
              73.883836,
              18.439958
            ],
            [
              73.88386,
              18.440125
            ],
            [
              73.883861,
              18.440262
            ],
            [
              73.883969,
              18.440441
            ],
            [
              73.884202,
              18.44078
            ],
            [
              73.884461,
              18.441236
            ],
            [
              73.884659,
              18.441516
            ],
            [
              73.884865,
              18.441254
            ],
            [
              73.885214,
              18.441002
            ],
            [
              73.885531,
              18.440691
            ],
            [
              73.885989,
              18.440766
            ],
            [
              73.88652,
              18.440881
            ],
            [
              73.886823,
              18.440948
            ],
            [
              73.88682,
              18.441136
            ],
            [
              73.886931,
              18.441159
            ],
            [
              73.887511,
              18.44122
            ],
            [
              73.887871,
              18.441251
            ],
            [
              73.888176,
              18.441318
            ],
            [
              73.888746,
              18.441386
            ],
            [
              73.889669,
              18.441444
            ],
            [
              73.890148,
              18.441501
            ],
            [
              73.890024,
              18.441768
            ],
            [
              73.890001,
              18.441791
            ],
            [
              73.889877,
              18.442059
            ],
            [
              73.889821,
              18.442335
            ],
            [
              73.889932,
              18.442536
            ],
            [
              73.890113,
              18.442794
            ],
            [
              73.890272,
              18.44303
            ],
            [
              73.890339,
              18.443351
            ],
            [
              73.890294,
              18.443639
            ],
            [
              73.890193,
              18.443886
            ],
            [
              73.890136,
              18.444145
            ],
            [
              73.890091,
              18.444367
            ],
            [
              73.890159,
              18.44457
            ],
            [
              73.890351,
              18.444741
            ],
            [
              73.890441,
              18.444944
            ],
            [
              73.890373,
              18.445115
            ],
            [
              73.890278,
              18.445202
            ],
            [
              73.890103,
              18.445361
            ],
            [
              73.890001,
              18.445543
            ],
            [
              73.889911,
              18.44581
            ],
            [
              73.890013,
              18.445821
            ],
            [
              73.890019,
              18.445816
            ],
            [
              73.890137,
              18.445735
            ],
            [
              73.890193,
              18.445511
            ],
            [
              73.89026,
              18.445361
            ],
            [
              73.890453,
              18.445224
            ],
            [
              73.890486,
              18.445201
            ],
            [
              73.890508,
              18.44519
            ],
            [
              73.890617,
              18.445016
            ],
            [
              73.890655,
              18.444955
            ],
            [
              73.890868,
              18.444938
            ],
            [
              73.891061,
              18.444923
            ],
            [
              73.891288,
              18.444949
            ],
            [
              73.891525,
              18.444976
            ],
            [
              73.891803,
              18.44503
            ],
            [
              73.892141,
              18.444893
            ],
            [
              73.892554,
              18.444717
            ],
            [
              73.892841,
              18.444581
            ],
            [
              73.893089,
              18.444218
            ],
            [
              73.893393,
              18.443864
            ],
            [
              73.893585,
              18.443726
            ],
            [
              73.893736,
              18.443349
            ],
            [
              73.893904,
              18.442862
            ],
            [
              73.894133,
              18.442325
            ],
            [
              73.894437,
              18.44224
            ],
            [
              73.89446,
              18.442228
            ],
            [
              73.894686,
              18.442068
            ],
            [
              73.89471,
              18.442057
            ],
            [
              73.895035,
              18.441865
            ],
            [
              73.895249,
              18.441898
            ],
            [
              73.895252,
              18.441896
            ],
            [
              73.895732,
              18.441738
            ],
            [
              73.895889,
              18.44166
            ],
            [
              73.896015,
              18.441598
            ],
            [
              73.896169,
              18.441452
            ],
            [
              73.896173,
              18.441449
            ],
            [
              73.896218,
              18.441245
            ],
            [
              73.896251,
              18.440978
            ],
            [
              73.896279,
              18.440815
            ],
            [
              73.896285,
              18.440776
            ],
            [
              73.896375,
              18.440552
            ],
            [
              73.896411,
              18.440479
            ],
            [
              73.896449,
              18.440403
            ],
            [
              73.896476,
              18.440348
            ],
            [
              73.896535,
              18.440246
            ],
            [
              73.896599,
              18.440136
            ],
            [
              73.896696,
              18.439977
            ],
            [
              73.896725,
              18.43993
            ],
            [
              73.896818,
              18.439958
            ],
            [
              73.896904,
              18.439984
            ],
            [
              73.897012,
              18.440017
            ],
            [
              73.897093,
              18.440041
            ],
            [
              73.897264,
              18.440097
            ],
            [
              73.897601,
              18.440206
            ],
            [
              73.89786,
              18.440291
            ],
            [
              73.898408,
              18.440425
            ],
            [
              73.898938,
              18.440564
            ],
            [
              73.899651,
              18.440688
            ],
            [
              73.899965,
              18.440746
            ],
            [
              73.900363,
              18.440822
            ],
            [
              73.900409,
              18.440961
            ],
            [
              73.900276,
              18.441286
            ],
            [
              73.900194,
              18.441507
            ],
            [
              73.899958,
              18.441784
            ],
            [
              73.89978,
              18.441886
            ],
            [
              73.899505,
              18.442307
            ],
            [
              73.899429,
              18.442412
            ],
            [
              73.899299,
              18.442591
            ],
            [
              73.899232,
              18.442721
            ],
            [
              73.899062,
              18.443167
            ],
            [
              73.899033,
              18.443449
            ],
            [
              73.898841,
              18.443619
            ],
            [
              73.898661,
              18.443724
            ],
            [
              73.898335,
              18.443913
            ],
            [
              73.898227,
              18.44411
            ],
            [
              73.898151,
              18.444266
            ],
            [
              73.898042,
              18.444489
            ],
            [
              73.898042,
              18.444729
            ],
            [
              73.898041,
              18.444758
            ],
            [
              73.897992,
              18.445221
            ],
            [
              73.897972,
              18.445453
            ],
            [
              73.89795,
              18.445708
            ],
            [
              73.89794,
              18.44608
            ],
            [
              73.89793,
              18.446557
            ],
            [
              73.897923,
              18.446745
            ],
            [
              73.897915,
              18.446928
            ],
            [
              73.897915,
              18.447223
            ],
            [
              73.897904,
              18.447701
            ],
            [
              73.897906,
              18.447815
            ],
            [
              73.897911,
              18.448084
            ],
            [
              73.89792,
              18.44818
            ],
            [
              73.897937,
              18.448374
            ],
            [
              73.897926,
              18.448726
            ],
            [
              73.897928,
              18.448796
            ],
            [
              73.897933,
              18.449075
            ],
            [
              73.89798,
              18.449229
            ],
            [
              73.898012,
              18.449431
            ],
            [
              73.898011,
              18.449861
            ],
            [
              73.897995,
              18.450143
            ],
            [
              73.897994,
              18.450244
            ],
            [
              73.897989,
              18.450674
            ],
            [
              73.897994,
              18.450899
            ],
            [
              73.898018,
              18.451238
            ],
            [
              73.898037,
              18.451477
            ],
            [
              73.898108,
              18.451856
            ],
            [
              73.898221,
              18.452381
            ],
            [
              73.898256,
              18.452638
            ],
            [
              73.898375,
              18.453425
            ],
            [
              73.898508,
              18.454146
            ],
            [
              73.898649,
              18.454499
            ],
            [
              73.898713,
              18.45467
            ],
            [
              73.898777,
              18.454843
            ],
            [
              73.898871,
              18.45505
            ],
            [
              73.89884,
              18.455298
            ],
            [
              73.89881,
              18.455791
            ],
            [
              73.898948,
              18.456335
            ],
            [
              73.899039,
              18.456805
            ],
            [
              73.899146,
              18.457083
            ],
            [
              73.899188,
              18.457332
            ],
            [
              73.899192,
              18.45736
            ],
            [
              73.899208,
              18.457838
            ],
            [
              73.899217,
              18.45788
            ],
            [
              73.899273,
              18.458127
            ],
            [
              73.8993,
              18.458246
            ],
            [
              73.899315,
              18.458681
            ],
            [
              73.899301,
              18.458976
            ],
            [
              73.899285,
              18.459336
            ],
            [
              73.899238,
              18.459916
            ],
            [
              73.899889,
              18.460016
            ],
            [
              73.899911,
              18.460167
            ],
            [
              73.899973,
              18.460654
            ],
            [
              73.900099,
              18.461652
            ],
            [
              73.900176,
              18.462142
            ],
            [
              73.900379,
              18.463439
            ],
            [
              73.900635,
              18.465053
            ],
            [
              73.900746,
              18.465382
            ],
            [
              73.902252,
              18.465974
            ],
            [
              73.902127,
              18.466196
            ],
            [
              73.90204,
              18.466323
            ],
            [
              73.901963,
              18.466434
            ],
            [
              73.901935,
              18.466475
            ],
            [
              73.90229,
              18.466678
            ],
            [
              73.902372,
              18.466844
            ],
            [
              73.902584,
              18.467194
            ],
            [
              73.902691,
              18.46741
            ],
            [
              73.903325,
              18.467449
            ],
            [
              73.903833,
              18.467423
            ],
            [
              73.904048,
              18.46759
            ],
            [
              73.904326,
              18.467815
            ],
            [
              73.904395,
              18.468044
            ],
            [
              73.904417,
              18.468201
            ],
            [
              73.904452,
              18.468453
            ],
            [
              73.90452,
              18.469146
            ],
            [
              73.904523,
              18.469217
            ],
            [
              73.904532,
              18.469427
            ],
            [
              73.904532,
              18.469748
            ],
            [
              73.904589,
              18.470005
            ],
            [
              73.904601,
              18.470018
            ],
            [
              73.904646,
              18.470287
            ],
            [
              73.904703,
              18.470429
            ],
            [
              73.904817,
              18.470904
            ],
            [
              73.904886,
              18.471827
            ],
            [
              73.905263,
              18.472119
            ],
            [
              73.905686,
              18.472499
            ],
            [
              73.905864,
              18.473126
            ],
            [
              73.906081,
              18.47319
            ],
            [
              73.906115,
              18.473288
            ],
            [
              73.906166,
              18.473582
            ],
            [
              73.906263,
              18.474144
            ],
            [
              73.906459,
              18.474405
            ],
            [
              73.906881,
              18.475348
            ],
            [
              73.907076,
              18.47563
            ],
            [
              73.90715,
              18.475877
            ],
            [
              73.90726,
              18.476216
            ],
            [
              73.907282,
              18.476286
            ],
            [
              73.907327,
              18.476422
            ],
            [
              73.907393,
              18.476556
            ],
            [
              73.907498,
              18.476767
            ],
            [
              73.907531,
              18.476815
            ],
            [
              73.907688,
              18.477032
            ],
            [
              73.907733,
              18.477101
            ],
            [
              73.907845,
              18.477271
            ],
            [
              73.908072,
              18.477565
            ],
            [
              73.907876,
              18.477794
            ],
            [
              73.907609,
              18.477821
            ],
            [
              73.907609,
              18.477892
            ],
            [
              73.907681,
              18.478267
            ],
            [
              73.907789,
              18.47883
            ],
            [
              73.908522,
              18.479842
            ],
            [
              73.908937,
              18.48036
            ],
            [
              73.909701,
              18.482028
            ],
            [
              73.909787,
              18.482288
            ],
            [
              73.910213,
              18.482501
            ],
            [
              73.910953,
              18.483001
            ],
            [
              73.911455,
              18.483253
            ],
            [
              73.911566,
              18.483501
            ],
            [
              73.911931,
              18.484346
            ],
            [
              73.912227,
              18.485335
            ],
            [
              73.912288,
              18.485549
            ],
            [
              73.912325,
              18.485673
            ],
            [
              73.912351,
              18.485764
            ],
            [
              73.912433,
              18.486034
            ],
            [
              73.91233,
              18.486458
            ],
            [
              73.912203,
              18.486989
            ],
            [
              73.912198,
              18.487005
            ],
            [
              73.912354,
              18.488264
            ],
            [
              73.912389,
              18.48869
            ],
            [
              73.912342,
              18.489121
            ],
            [
              73.912243,
              18.489511
            ],
            [
              73.912561,
              18.489482
            ],
            [
              73.913351,
              18.489409
            ],
            [
              73.914001,
              18.489414
            ],
            [
              73.914399,
              18.489361
            ],
            [
              73.914515,
              18.489354
            ],
            [
              73.915029,
              18.489332
            ],
            [
              73.91564,
              18.489201
            ],
            [
              73.916065,
              18.489231
            ],
            [
              73.916317,
              18.489249
            ],
            [
              73.916547,
              18.489248
            ],
            [
              73.916906,
              18.489235
            ],
            [
              73.91826,
              18.489307
            ],
            [
              73.919172,
              18.489143
            ],
            [
              73.919696,
              18.489133
            ],
            [
              73.920725,
              18.489111
            ],
            [
              73.921397,
              18.489072
            ],
            [
              73.92185,
              18.489006
            ],
            [
              73.922299,
              18.488969
            ],
            [
              73.922853,
              18.488962
            ],
            [
              73.923623,
              18.488899
            ],
            [
              73.924195,
              18.488873
            ],
            [
              73.925315,
              18.488816
            ],
            [
              73.925668,
              18.488753
            ],
            [
              73.926167,
              18.488716
            ],
            [
              73.926212,
              18.488716
            ],
            [
              73.926616,
              18.488665
            ],
            [
              73.927204,
              18.488662
            ],
            [
              73.927255,
              18.488661
            ],
            [
              73.927924,
              18.48862
            ],
            [
              73.928155,
              18.488603
            ],
            [
              73.928385,
              18.488605
            ],
            [
              73.928492,
              18.488716
            ],
            [
              73.928579,
              18.488792
            ],
            [
              73.928695,
              18.488991
            ],
            [
              73.928702,
              18.48921
            ],
            [
              73.928628,
              18.489381
            ],
            [
              73.928626,
              18.489393
            ],
            [
              73.928606,
              18.489425
            ],
            [
              73.928529,
              18.489554
            ],
            [
              73.928516,
              18.48957
            ],
            [
              73.928408,
              18.489721
            ],
            [
              73.92829,
              18.48988
            ],
            [
              73.928181,
              18.490013
            ],
            [
              73.928081,
              18.490156
            ],
            [
              73.930419,
              18.490034
            ],
            [
              73.930846,
              18.490011
            ],
            [
              73.930848,
              18.490011
            ],
            [
              73.930748,
              18.490122
            ],
            [
              73.930438,
              18.490466
            ],
            [
              73.93038,
              18.490526
            ],
            [
              73.930038,
              18.490877
            ],
            [
              73.929721,
              18.491197
            ],
            [
              73.929344,
              18.491577
            ],
            [
              73.92909,
              18.491837
            ],
            [
              73.928644,
              18.492307
            ],
            [
              73.92855,
              18.492404
            ],
            [
              73.927749,
              18.493207
            ],
            [
              73.926882,
              18.494088
            ],
            [
              73.926165,
              18.49482
            ],
            [
              73.925008,
              18.495979
            ],
            [
              73.924044,
              18.496943
            ],
            [
              73.922931,
              18.498055
            ],
            [
              73.922159,
              18.49883
            ],
            [
              73.920776,
              18.500211
            ],
            [
              73.920563,
              18.500426
            ],
            [
              73.920329,
              18.500655
            ],
            [
              73.920154,
              18.500828
            ],
            [
              73.919606,
              18.501388
            ],
            [
              73.919289,
              18.501714
            ],
            [
              73.918486,
              18.502521
            ],
            [
              73.916919,
              18.504102
            ],
            [
              73.916777,
              18.504246
            ],
            [
              73.916004,
              18.505047
            ],
            [
              73.915294,
              18.505802
            ],
            [
              73.915283,
              18.505814
            ],
            [
              73.913913,
              18.506132
            ],
            [
              73.913555,
              18.506216
            ],
            [
              73.912146,
              18.506295
            ],
            [
              73.910365,
              18.506392
            ],
            [
              73.909324,
              18.506449
            ],
            [
              73.908406,
              18.506499
            ],
            [
              73.90692,
              18.506568
            ],
            [
              73.906948,
              18.507122
            ],
            [
              73.90696,
              18.50738
            ],
            [
              73.906967,
              18.507519
            ],
            [
              73.907001,
              18.508246
            ],
            [
              73.907031,
              18.508868
            ],
            [
              73.907041,
              18.509085
            ],
            [
              73.907075,
              18.509787
            ],
            [
              73.907075,
              18.51013
            ],
            [
              73.907075,
              18.510457
            ],
            [
              73.907172,
              18.510554
            ],
            [
              73.907439,
              18.510824
            ],
            [
              73.907619,
              18.511206
            ],
            [
              73.907697,
              18.511574
            ],
            [
              73.90778,
              18.511965
            ],
            [
              73.907894,
              18.512399
            ],
            [
              73.908098,
              18.512658
            ],
            [
              73.908353,
              18.512877
            ],
            [
              73.908674,
              18.513182
            ],
            [
              73.90888,
              18.51334
            ],
            [
              73.909288,
              18.513658
            ],
            [
              73.909571,
              18.513872
            ],
            [
              73.909957,
              18.514162
            ],
            [
              73.910328,
              18.514468
            ],
            [
              73.91026,
              18.515223
            ],
            [
              73.910521,
              18.515667
            ],
            [
              73.910564,
              18.515926
            ],
            [
              73.91064,
              18.516383
            ],
            [
              73.91067,
              18.516486
            ],
            [
              73.910739,
              18.516719
            ],
            [
              73.91076,
              18.516793
            ],
            [
              73.910901,
              18.517384
            ],
            [
              73.910977,
              18.517592
            ],
            [
              73.911054,
              18.517799
            ],
            [
              73.91118,
              18.518105
            ],
            [
              73.911471,
              18.518409
            ],
            [
              73.911754,
              18.518634
            ],
            [
              73.912143,
              18.518844
            ],
            [
              73.91251,
              18.518976
            ],
            [
              73.912696,
              18.519005
            ],
            [
              73.913208,
              18.519026
            ],
            [
              73.913229,
              18.519734
            ],
            [
              73.912456,
              18.519745
            ],
            [
              73.909816,
              18.519784
            ],
            [
              73.909684,
              18.519894
            ],
            [
              73.909652,
              18.52152
            ],
            [
              73.909632,
              18.523992
            ],
            [
              73.909631,
              18.5277
            ],
            [
              73.909632,
              18.528989
            ],
            [
              73.908712,
              18.529127
            ],
            [
              73.908191,
              18.529196
            ],
            [
              73.907866,
              18.529234
            ],
            [
              73.906948,
              18.529337
            ],
            [
              73.906144,
              18.529482
            ],
            [
              73.903426,
              18.529813
            ],
            [
              73.901163,
              18.530088
            ],
            [
              73.900156,
              18.530207
            ],
            [
              73.899801,
              18.53026
            ],
            [
              73.898437,
              18.530451
            ],
            [
              73.897349,
              18.530566
            ],
            [
              73.897148,
              18.530028
            ]
          ]
        ]
      },
      "properties": {
        "city_id": "pune",
        "ward_id": "pun-015",
        "ward_name": "Admin Ward 15 Kondhwa Wanavdi",
        "corporation": "Pune Municipal Corporation",
        "zone": "Admin Ward 15 Kondhwa Wanavdi",
        "area_sqkm": 22.48,
        "centroid": [
          73.896593,
          18.483268
        ]
      }
    }
  ]
}